MCC,MNC,PLMN,Region,Country,ISO,Operator,Brand,PLMNCode,2G,GPRS/3G,LTE,NetworkId,NetworkName,Source
901.0,27.0,90127.0,Worldwide,Worldwide,XX,Monaco Telecom,OnMarine,AAMOM,YES,,,onmarine_worldwide,OnMarine,system
242.0,99.0,24299.0,Europe,Norway,NO,TampNet AS,TampNet AS,AAMT1,,,YES,tampnet_as_norway,TampNet AS,system
363.0,2.0,36302.0,North America and the Caribbean,Aruba,AW,Digicel Aruba,Digicel,ABWDC,YES,YES,,digicel_aruba,Digicel,system
412.0,40.0,41240.0,Asia and the Middle East,Afghanistan,AF,MTN Group Afghanistan,MTN,AFGAR,YES,YES,,mtn_afghanistan,MTN,system
412.0,1.0,41201.0,Asia and the Middle East,Afghanistan,AF,Afghan Wireless Communication Company,AWCC,AFGAW,YES,YES,YES,awcc_afghanistan,AWCC,system
412.0,50.0,41250.0,Asia and the Middle East,Afghanistan,AF,Etisalat Afghanistan,Etisalat,AFGEA,YES,YES,,etisalat_afghanistan,Etisalat,system
412.0,20.0,41220.0,Asia and the Middle East,Afghanistan,AF,Telecom Development Company Afghanistan Ltd.,Roshan,AFGTD,YES,YES,,roshan_afghanistan,Roshan,system
631.0,2.0,63102.0,Africa,Angola,AO,UNITEL S.a.r.l.,UNITEL,AGOUT,YES,YES,YES,unitel_angola,UNITEL,system
365.0,840.0,365840.0,North America and the Caribbean,Anguilla (UK),AI,Cable & Wireless,FLOW,AIACW,YES,YES,YES,flow_anguilla_(uk),FLOW,system
276.0,1.0,27601.0,Europe,Albania,AL,Telekom Albania,Telekom.al,ALBAM,YES,YES,YES,telekom.al_albania,Telekom.al,system
276.0,3.0,27603.0,Europe,Albania,AL,Albtelecom,Eagle Mobile,ALBEM,YES,YES,YES,eagle_mobile_albania,Eagle Mobile,system
276.0,4.0,27604.0,Europe,Albania,AL,Plus Communication,Plus Communication,ALBM4,YES,YES,,plus_communication_albania,Plus Communication,system
276.0,2.0,27602.0,Europe,Albania,AL,Vodafone Albania,Vodafone,ALBVF,YES,YES,YES,vodafone_albania,Vodafone,system
213.0,3.0,21303.0,Europe,Andorra,AD,Servei De Tele. DAndorra,Mobiland,ANDMA,YES,YES,YES,mobiland_andorra,Mobiland,system
362.0,69.0,36269.0,North America and the Caribbean,Former Netherlands Antilles,BQ/CW/SX,Curaçao Telecom N.V.,Digicel,ANTCT,YES,,,digicel_former_netherlands_antilles,Digicel,system
362.0,51.0,36251.0,North America and the Caribbean,Former Netherlands Antilles,BQ/CW/SX,Telcell N.V.,Telcell,ANTTC,YES,YES,YES,telcell_former_netherlands_antilles,Telcell,system
424.0,3.0,42403.0,Asia and the Middle East,United Arab Emirates,AE,Emirates Integrated Telecommunications Company,du,AREDU,YES,YES,YES,du_united_arab_emirates,du,system
424.0,2.0,42402.0,Asia and the Middle East,United Arab Emirates,AE,Emirates Telecom Corp,Etisalat,ARETC,YES,YES,YES,etisalat_united_arab_emirates,Etisalat,system
901.0,5.0,90105,,UAE,,,Thuraya,ARETH,YES,YES,0,thuraya_uae,Thuraya,system
722.0,310.0,722310.0,South and Central America,Argentina,AR,AMX Argentina S.A.,Claro,ARGCM,YES,,,claro_argentina,Claro,system
722.0,7.0,72207,,Argentina,,,Telefonica Moviles Argentina,ARGTM,YES,YES,Planned,telefonica_moviles_argentina_argentina,Telefonica Moviles Argentina,system
722.0,34.0,72234,,Argentina,,,Telecom Personal S.A,ARGTP,YES,YES,YES,telecom_personal_s.a_argentina,Telecom Personal S.A,system
283.0,1.0,28301.0,Europe,Armenia,AM,Veon Armenia CJSC,Beeline,ARM01,YES,YES,YES,beeline_armenia,Beeline,system
283.0,5.0,28305.0,Europe,Armenia,AM,K Telecom CJSC,VivaCell-MTS,ARM05,YES,YES,YES,vivacell-mts_armenia,VivaCell-MTS,system
283.0,10.0,28310.0,Europe,Armenia,AM,Ucom LLC,Ucom,ARMOR,YES,YES,YES,ucom_armenia,Ucom,system
344.0,920.0,344920.0,North America and the Caribbean,Antigua and Barbuda,AG,Cable & Wireless Caribbean Cellular (Antigua) Limited,FLOW,ATGCW,YES,YES,YES,flow_antigua_and_barbuda,FLOW,system
505.0,2.0,50502.0,Oceania,Australia,AU,Singtel Optus Proprietary Limited,Optus,AUSOP,,YES,YES,optus_australia,Optus,system
505.0,1.0,50501.0,Oceania,Australia,AU,Telstra Corporation Limited,Telstra,AUSTA,,YES,YES,telstra_australia,Telstra,system
505.0,3.0,50503.0,Oceania,Australia,AU,Vodafone Hutchison Australia Proprietary Limited,Vodafone,AUSVF,,YES,YES,vodafone_australia,Vodafone,system
232.0,5.0,23205.0,Europe,Austria,AT,Hutchison Drei Austria,3,AUTCA,YES,YES,YES,3_austria,3,system
232.0,3.0,23203.0,Europe,Austria,AT,T-Mobile Austria GmbH,Magenta,AUTMM,YES,YES,YES,magenta_austria,Magenta,system
232.0,1.0,23201.0,Europe,Austria,AT,A1 Telekom Austria,A1.net,AUTPT,YES,YES,YES,a1.net_austria,A1.net,system
400.0,1.0,40001.0,Asia and the Middle East,Azerbaijan,AZ,,Azercell,AZEAC,YES,YES,YES,azercell_azerbaijan,Azercell,system
400.0,4.0,40004.0,Asia and the Middle East,Azerbaijan,AZ,Azerfon,Nar Mobile,AZEAF,YES,YES,YES,nar_mobile_azerbaijan,Nar Mobile,system
400.0,2.0,40002.0,Asia and the Middle East,Azerbaijan,AZ,,Bakcell,AZEBC,YES,YES,YES,bakcell_azerbaijan,Bakcell,system
642.0,7.0,64207.0,Africa,Burundi,BI,LACELL SU,Smart Mobile,BDIL1,YES,YES,,smart_mobile_burundi,Smart Mobile,system
642.0,8.0,64208.0,Africa,Burundi,BI,Viettel Burundi,Lumitel,BDIVG,YES,YES,YES,lumitel_burundi,Lumitel,system
206.0,20.0,20620.0,Europe,Belgium,BE,Telenet,Base,BELKO,YES,YES,YES,base_belgium,Base,system
206.0,10.0,20610.0,Europe,Belgium,BE,Orange S.A.,Orange Belgium,BELMO,YES,YES,YES,orange_belgium_belgium,Orange Belgium,system
206.0,1.0,20601.0,Europe,Belgium,BE,Belgacom Mobile,Proximus,BELTB,YES,YES,YES,proximus_belgium,Proximus,system
206.0,5.0,20605,,Belgium,,,Sunrise Communications AG,BELTN,N.A,N.A,N.A,sunrise_communications_ag_belgium,Sunrise Communications AG,system
616.0,2.0,61602.0,Africa,Benin,BJ,Telecel Benin,Moov,BEN02,YES,YES,,moov_benin,Moov,system
616.0,7.0,61607,,Benin,,,SBIN Benin,BEN07,YES,YES,YES,sbin_benin_benin,SBIN Benin,system
616.0,4.0,61604,,Benin,,,Bell Benin Communications (BBCOM),BENBB,YES,0,0,bell_benin_communications_(bbcom)_benin,Bell Benin Communications (BBCOM),system
616.0,3.0,61603,,Benin,,,Spacetel-Benin,BENSP,YES,YES,N.A,spacetel-benin_benin,Spacetel-Benin,system
613.0,2.0,61302.0,Africa,Burkina Faso,BF,Orange Burkina Faso,Orange,BFACT,YES,YES,YES,orange_burkina_faso,Orange,system
613.0,1.0,61301,,Burkina faso,,,Onatel,BFAON,YES,YES,0,onatel_burkina_faso,Onatel,system
470.0,2.0,47002,,Bangladesh,,,Robi Axiata Limited,BGDAK,YES,YES,YES,robi_axiata_limited_bangladesh,Robi Axiata Limited,system
470.0,3.0,47003.0,Asia and the Middle East,Bangladesh,BD,Banglalink Digital Communications Ltd.,Banglalink,BGDBL,YES,YES,YES,banglalink_bangladesh,Banglalink,system
470.0,1.0,47001.0,Asia and the Middle East,Bangladesh,BD,Grameenphone Ltd.,Grameenphone,BGDGP,YES,YES,YES,grameenphone_bangladesh,Grameenphone,system
284.0,1.0,28401.0,Europe,Bulgaria,BG,A1 Bulgaria,A1,BGR01,YES,YES,YES,a1_bulgaria,A1,system
284.0,5.0,28405.0,Europe,Bulgaria,BG,Telenor (Bulgaria),Telenor,BGRCM,YES,YES,YES,telenor_bulgaria,Telenor,system
284.0,3.0,28403,,Bulgaria,,,Vivacom (Telemach) Bulgaria,BGRVA,YES,YES,YES,vivacom_(telemach)_bulgaria_bulgaria,Vivacom (Telemach) Bulgaria,system
426.0,5.0,42605.0,Asia and the Middle East,Bahrain,BH,Bahrain Telecommunications Company,Batelco,BHRB2,YES,,,batelco_bahrain,Batelco,system
426.0,1.0,42601.0,Asia and the Middle East,Bahrain,BH,Bahrain Telecommunications Company,Batelco,BHRBT,YES,YES,YES,batelco_bahrain,Batelco,system
426.0,2.0,42602.0,Asia and the Middle East,Bahrain,BH,Zain Bahrain,zain BH,BHRMV,YES,YES,YES,zain_bh_bahrain,zain BH,system
426.0,4.0,42604,,Bahrain,,,Viva Bahrain (STC),BHRST,YES,YES,YES,viva_bahrain_(stc)_bahrain,Viva Bahrain (STC),system
364.0,39.0,36439.0,North America and the Caribbean,Bahamas,BS,The Bahamas Telecommunications Company Ltd (BaTelCo),BTC,BHSBH,YES,YES,YES,btc_bahamas,BTC,system
364.0,49.0,36449.0,North America and the Caribbean,Bahamas,BS,Cable Bahamas Ltd,Aliv,BHSNC,,YES,YES,aliv_bahamas,Aliv,system
218.0,3.0,21803.0,Europe,Bosnia and Herzegovina,BA,Public Enterprise Croatian Telecom Ltd.,HT-ERONET,BIHER,YES,YES,,ht-eronet_bosnia_and_herzegovina,HT-ERONET,system
218.0,5.0,21805.0,Europe,Bosnia and Herzegovina,BA,RS Telecommunications JSC Banja Luka,m:tel BiH,BIHMS,YES,YES,,m:tel_bih_bosnia_and_herzegovina,m:tel BiH,system
218.0,90.0,21890.0,Europe,Bosnia and Herzegovina,BA,BH Telecom,BH Mobile,BIHPT,YES,YES,YES,bh_mobile_bosnia_and_herzegovina,BH Mobile,system
257.0,2.0,25702.0,Europe,Belarus,BY,Mobile TeleSystems,MTS,BLR02,YES,YES,,mts_belarus,MTS,system
257.0,4.0,25704,,Belarus,,,Life Best Belarus,BLRBT,YES,YES,Planned,life_best_belarus_belarus,Life Best Belarus,system
257.0,1.0,25701.0,Europe,Belarus,BY,A1 Belarus,A1,BLRMD,YES,YES,,a1_belarus,A1,system
702.0,67.0,70267.0,South and Central America,Belize,BZ,Belize Telemedia Limited (BTL),DigiCell,BLZ67,YES,YES,YES,digicell_belize,DigiCell,system
702.0,69.0,70269.0,South and Central America,Belize,BZ,Speednet Communications Limited,SMART,BLZSC,,YES,YES,smart_belize,SMART,system
901.0,18.0,90118.0,Worldwide,Worldwide,XX,AT&T Mobility,Cellular @Sea,BMU01,YES,YES,,cellular_@sea_worldwide,Cellular @Sea,system
736.0,1.0,73601.0,South and Central America,Bolivia,BO,Nuevatel PCS De Bolivia SA,Viva,BOLNT,YES,YES,YES,viva_bolivia,Viva,system
736.0,3.0,73603.0,South and Central America,Bolivia,BO,Telefónica Celular De Bolivia S.A,Tigo,BOLTE,YES,YES,YES,tigo_bolivia,Tigo,system
724.0,16.0,72416.0,South and Central America,Brazil,BR,Brasil Telecom GSM,Brasil Telecom GSM,BRABT,YES,YES,,brasil_telecom_gsm_brazil,Brasil Telecom GSM,system
724.0,34.0,72434.0,South and Central America,Brazil,BR,Algar Telecom S.A.,Algar Telecom,BRAC4,YES,YES,YES,algar_telecom_brazil,Algar Telecom,system
724.0,5.0,72405.0,South and Central America,Brazil,BR,Claro,Claro,BRACL,YES,YES,YES,claro_brazil,Claro,system
724.0,4.0,72404.0,South and Central America,Brazil,BR,Telecom Italia Mobile,TIM,BRACS,YES,YES,YES,tim_brazil,TIM,system
724.0,2.0,72402.0,South and Central America,Brazil,BR,Telecom Italia Mobile,TIM,BRARN,YES,YES,YES,tim_brazil,TIM,system
724.0,3.0,72403.0,South and Central America,Brazil,BR,Telecom Italia Mobile,TIM,BRASP,YES,YES,YES,tim_brazil,TIM,system
724.0,23.0,72423.0,South and Central America,Brazil,BR,Telefônica Brasil S.A.,Vivo,BRATC,YES,YES,YES,vivo_brazil,Vivo,system
724.0,31.0,72431.0,South and Central America,Brazil,BR,TNL PCS Oi,Oi,BRATM,YES,YES,YES,oi_brazil,Oi,system
724.0,10.0,72410.0,South and Central America,Brazil,BR,Telefônica Brasil S.A.,Vivo,BRAV1,YES,YES,YES,vivo_brazil,Vivo,system
724.0,6.0,72406.0,South and Central America,Brazil,BR,Telefônica Brasil S.A.,Vivo,BRAV2,YES,YES,YES,vivo_brazil,Vivo,system
724.0,11.0,72411.0,South and Central America,Brazil,BR,Telefônica Brasil S.A.,Vivo,BRAV3,YES,YES,YES,vivo_brazil,Vivo,system
342.0,600.0,342600.0,North America and the Caribbean,Barbados,BB,LIME (formerly known as Cable & Wireless),FLOW,BRBCW,YES,YES,YES,flow_barbados,FLOW,system
528.0,2.0,52802.0,Oceania,Brunei,BN,Progresif Cellular Sdn Bhd,PCSB,BRNBR,,YES,,pcsb_brunei,PCSB,system
528.0,11.0,52811.0,Oceania,Brunei,BN,Data Stream Technology Sdn Bhd,DST,BRNDS,YES,YES,YES,dst_brunei,DST,system
652.0,4.0,65204.0,Africa,Botswana,BW,Botswana Telecommunications Corporation,beMobile,BWABC,YES,YES,YES,bemobile_botswana,beMobile,system
652.0,1.0,65201.0,Africa,Botswana,BW,Mascom Wireless (Pty) Limited,Mascom,BWAGA,YES,YES,YES,mascom_botswana,Mascom,system
652.0,2.0,65202,,Botswana,,,Orange Botswana,BWAVC,YES,YES,YES,orange_botswana_botswana,Orange Botswana,system
,,<NA><NA>,,Centrafrique,,,Telecel Centrafrique ,CAF02,,,,telecel_centrafrique__centrafrique,Telecel Centrafrique ,system
623.0,3.0,62303.0,Africa,Central African Republic,CF,Orange RCA,Orange,CAF03,YES,YES,,orange_central_african_republic,Orange,system
302.0,610.0,302610.0,North America and the Caribbean,Canada,CA,Bell Mobility,Bell Mobility,CANBM,,YES,YES,bell_mobility_canada,Bell Mobility,system
302.0,720.0,302720.0,North America and the Caribbean,Canada,CA,Rogers Communications,Rogers Wireless,CANRW,YES,YES,YES,rogers_wireless_canada,Rogers Wireless,system
302.0,780.0,302780.0,North America and the Caribbean,Canada,CA,SaskTel Mobility,SaskTel,CANST,,YES,YES,sasktel_canada,SaskTel,system
302.0,220.0,302220.0,North America and the Caribbean,Canada,CA,Telus Mobility,"Telus Mobility, Koodo Mobile, Public Mobile",CANTS,,YES,YES,"telus_mobility,_koodo_mobile,_public_mobile_canada","Telus Mobility, Koodo Mobile, Public Mobile",system
302.0,500.0,302500.0,North America and the Caribbean,Canada,CA,Videotron,Videotron,CANVT,,YES,YES,videotron_canada,Videotron,system
228.0,1.0,22801.0,Europe,Switzerland,CH,Swisscom AG,Swisscom,CHEC1,YES,YES,YES,swisscom_switzerland,Swisscom,system
228.0,2.0,22802.0,Europe,Switzerland,CH,Sunrise Communications AG,Sunrise,CHEDX,YES,YES,YES,sunrise_switzerland,Sunrise,system
901.0,15.0,90115,,Switzerland,,,SITA OnAir Switzerland,CHEOA,YES,YES,0,sita_onair_switzerland_switzerland,SITA OnAir Switzerland,system
228.0,3.0,22803.0,Europe,Switzerland,CH,Salt Mobile SA,Salt,CHEOR,YES,YES,YES,salt_switzerland,Salt,system
730.0,1.0,73001.0,South and Central America,Chile,CL,Entel Telefonía Móvil S.A.,entel,CHLMV,YES,YES,YES,entel_chile,entel,system
730.0,3.0,73003.0,South and Central America,Chile,CL,Claro Chile S.A.,CLARO CL,CHLSM,YES,YES,YES,claro_cl_chile,CLARO CL,system
730.0,2.0,73002.0,South and Central America,Chile,CL,Telefónica Móvil de Chile,movistar,CHLTM,YES,YES,YES,movistar_chile,movistar,system
460.0,2.0,46002.0,Asia and the Middle East,China,CN,China Mobile,China Mobile,CHNCM,YES,,YES,china_mobile_china,China Mobile,system
460.0,0.0,46000.0,Asia and the Middle East,China,CN,China Mobile,China Mobile,CHNCT,YES,,YES,china_mobile_china,China Mobile,system
460.0,1.0,46001.0,Asia and the Middle East,China,CN,China Unicom,China Unicom,CHNCU,YES,YES,YES,china_unicom_china,China Unicom,system
460.0,7.0,46007.0,Asia and the Middle East,China,CN,China Mobile,China Mobile,CHNTD,YES,,YES,china_mobile_china,China Mobile,system
612.0,2.0,61202.0,Africa,Ivory Coast,CI,Atlantique Cellulaire,Moov,CIV02,YES,YES,YES,moov_ivory_coast,Moov,system
612.0,3.0,61203,,Côte d'Ivoire,,,Orange,CIV03,YES,YES,YES,orange_côte_d'ivoire,Orange,system
612.0,5.0,61205.0,Africa,Ivory Coast,CI,Loteny Telecom,MTN,CIVTL,YES,YES,YES,mtn_ivory_coast,MTN,system
624.0,2.0,62402,,Cameroun,,,Orange,CMR02,YES,YES,YES,orange_cameroun,Orange,system
624.0,1.0,62401.0,Africa,Cameroon,CM,Mobile Telephone Network Cameroon Ltd,MTN Cameroon,CMRMT,YES,YES,YES,mtn_cameroon_cameroon,MTN Cameroon,system
624.0,4.0,62404.0,Africa,Cameroon,CM,Viettel Cameroun,Nexttel,CMRVG,YES,YES,,nexttel_cameroon,Nexttel,system
630.0,90.0,63090.0,Africa,Democratic Republic of the Congo,CD,Africell RDC sprl,Africell,CODAC,YES,,,africell_democratic_republic_of_the_congo,Africell,system
630.0,2.0,63002.0,Africa,Democratic Republic of the Congo,CD,Airtel sprl,Airtel,CODCT,YES,YES,,airtel_democratic_republic_of_the_congo,Airtel,system
630.0,86.0,63086.0,Africa,Democratic Republic of the Congo,CD,Orange RDC sarl,Orange RDC,CODOR,YES,YES,YES,orange_rdc_democratic_republic_of_the_congo,Orange RDC,system
630.0,89.0,63089.0,Africa,Democratic Republic of the Congo,CD,Orange RDC sarl,Orange RDC,CODSA,YES,YES,,orange_rdc_democratic_republic_of_the_congo,Orange RDC,system
630.0,1.0,63001.0,Africa,Democratic Republic of the Congo,CD,Vodacom Congo RDC sprl,Vodacom,CODVC,YES,YES,YES,vodacom_democratic_republic_of_the_congo,Vodacom,system
629.0,1.0,62901.0,Africa,Congo,CG,Celtel Congo,Airtel,COGCT,YES,YES,YES,airtel_congo,Airtel,system
732.0,101.0,732101.0,South and Central America,Colombia,CO,COMCEL S.A.,Claro,COLCM,YES,YES,YES,claro_colombia,Claro,system
732.0,111.0,732111.0,South and Central America,Colombia,CO,Colombia Móvil S.A. ESP,Tigo,COLCO,YES,YES,YES,tigo_colombia,Tigo,system
732.0,123.0,732123.0,South and Central America,Colombia,CO,Colombia Telecomunicaciones S.A. ESP,movistar,COLTM,YES,YES,YES,movistar_colombia,movistar,system
654.0,1.0,65401.0,Africa,Comoros,KM,Comores Telecom,HURI,COMHR,YES,YES,,huri_comoros,HURI,system
654.0,2.0,65402.0,Africa,Comoros,KM,Telecom Malagasy (Telma),TELCO SA,COMTM,YES,YES,YES,telco_sa_comoros,TELCO SA,system
625.0,1.0,62501.0,Africa,Cape Verde,CV,"CVMóvel, S.A.",CVMOVEL,CPVCV,YES,YES,YES,cvmovel_cape_verde,CVMOVEL,system
625.0,2.0,62502.0,Africa,Cape Verde,CV,"UNITEL T+ TELECOMUNICACÕES, S.A.",T+,CPVTM,YES,YES,,t+_cape_verde,T+,system
712.0,3.0,71203.0,South and Central America,Costa Rica,CR,Claro CR Telecomunicaciones (Aló),Claro,CRICL,YES,YES,YES,claro_costa_rica,Claro,system
712.0,1.0,71201.0,South and Central America,Costa Rica,CR,Instituto Costarricense de Electricidad,Kölbi ICE,CRICR,YES,YES,YES,kölbi_ice_costa_rica,Kölbi ICE,system
712.0,4.0,71204.0,South and Central America,Costa Rica,CR,Telefónica Móviles Costa Rica,movistar,CRITC,YES,YES,YES,movistar_costa_rica,movistar,system
368.0,1.0,36801.0,North America and the Caribbean,Cuba,CU,"Empresa de Telecomunicaciones de Cuba, SA",CUBACEL,CUB01,YES,YES,,cubacel_cuba,CUBACEL,system
346.0,140.0,346140.0,North America and the Caribbean,Cayman Islands (UK),KY,Cable & Wireless (Cayman Islands) Limited,FLOW,CYMCW,YES,YES,YES,flow_cayman_islands_(uk),FLOW,system
280.0,1.0,28001.0,Europe,Cyprus,CY,Cyprus Telecommunications Authority,Cytamobile-Vodafone,CYPCT,YES,YES,YES,cytamobile-vodafone_cyprus,Cytamobile-Vodafone,system
280.0,20.0,28020.0,Europe,Cyprus,CY,PrimeTel PLC,PrimeTel,CYPPT,,YES,YES,primetel_cyprus,PrimeTel,system
280.0,10.0,28010.0,Europe,Cyprus,CY,Monaco Telecom,Epic,CYPSC,YES,YES,YES,epic_cyprus,Epic,system
230.0,3.0,23003.0,Europe,Czech Republic,CZ,Vodafone Czech Republic,Vodafone,CZECM,YES,YES,YES,vodafone_czech_republic,Vodafone,system
230.0,2.0,23002.0,Europe,Czech Republic,CZ,O2 Czech Republic,O2,CZEET,YES,YES,YES,o2_czech_republic,O2,system
230.0,1.0,23001.0,Europe,Czech Republic,CZ,T-Mobile Czech Republic,T-Mobile,CZERM,YES,YES,YES,t-mobile_czech_republic,T-Mobile,system
262.0,1.0,26201.0,Europe,Germany,DE,Telekom Deutschland GmbH,Telekom,DEUD1,YES,YES,YES,telekom_germany,Telekom,system
262.0,2.0,26202.0,Europe,Germany,DE,Vodafone D2 GmbH,Vodafone,DEUD2,YES,YES,YES,vodafone_germany,Vodafone,system
262.0,7.0,26207.0,Europe,Germany,DE,Telefónica Germany GmbH & Co. oHG,O2,DEUE2,YES,YES,YES,o2_germany,O2,system
638.0,1.0,63801.0,Africa,Djibouti,DJ,Djibouti Telecom SA,Evatis,DJIDJ,YES,YES,YES,evatis_djibouti,Evatis,system
366.0,110.0,366110.0,North America and the Caribbean,Dominica,DM,Cable &  Wireless,FLOW,DMACW,YES,YES,YES,flow_dominica,FLOW,system
238.0,2.0,23802.0,Europe,Denmark,DK,Telenor Denmark,Telenor,DNKDM,YES,YES,YES,telenor_denmark,Telenor,system
238.0,6.0,23806.0,Europe,Denmark,DK,Hi3G Denmark ApS,3,DNKHU,,YES,YES,3_denmark,3,system
238.0,20.0,23820.0,Europe,Denmark,DK,Telia,Telia,DNKIA,YES,YES,YES,telia_denmark,Telia,system
238.0,1.0,23801.0,Europe,Denmark,DK,TDC A/S,TDC,DNKTD,YES,YES,YES,tdc_denmark,TDC,system
370.0,2.0,37002.0,North America and the Caribbean,Dominican Republic,DO,Compañía Dominicana de Teléfonos,Claro,DOMCL,YES,YES,YES,claro_dominican_republic,Claro,system
603.0,1.0,60301.0,Africa,Algeria,DZ,Algérie Télécom,Mobilis,DZAA1,YES,YES,YES,mobilis_algeria,Mobilis,system
603.0,2.0,60302.0,Africa,Algeria,DZ,Optimum Telecom Algérie Spa,Djezzy,DZAOT,YES,YES,YES,djezzy_algeria,Djezzy,system
603.0,3.0,60303.0,Africa,Algeria,DZ,Wataniya Telecom Algérie,Ooredoo,DZAWT,YES,YES,YES,ooredoo_algeria,Ooredoo,system
740.0,2.0,74002.0,South and Central America,Ecuador,EC,Corporación Nacional de Telecomunicaciones (CNT EP),CNT Mobile,ECUAL,YES,YES,YES,cnt_mobile_ecuador,CNT Mobile,system
740.0,0.0,74000.0,South and Central America,Ecuador,EC,Otecel S.A.,Movistar,ECUOT,YES,YES,YES,movistar_ecuador,Movistar,system
740.0,1.0,74001.0,South and Central America,Ecuador,EC,CONECEL S.A.,Claro,ECUPG,YES,YES,YES,claro_ecuador,Claro,system
602.0,1.0,60201.0,Africa,Egypt,EG,Orange Egypt,Orange,EGYAR,YES,YES,YES,orange_egypt,Orange,system
602.0,3.0,60203.0,Africa,Egypt,EG,Etisalat Egypt,Etisalat,EGYEM,YES,YES,YES,etisalat_egypt,Etisalat,system
602.0,2.0,60202.0,Africa,Egypt,EG,Vodafone Egypt,Vodafone,EGYMS,YES,YES,YES,vodafone_egypt,Vodafone,system
214.0,1.0,21401.0,Europe,Spain,ES,Vodafone Spain,Vodafone,ESPAT,YES,YES,YES,vodafone_spain,Vodafone,system
214.0,22.0,21422,,Spain,,,DIGI,ESPDI,N.A,N.A,N.A,digi_spain,DIGI,system
214.0,3.0,21403.0,Europe,Spain,ES,Orange Espagne S.A.U,Orange,ESPRT,YES,YES,YES,orange_spain,Orange,system
214.0,7.0,21407.0,Europe,Spain,ES,Telefónica Móviles España,Movistar,ESPTE,YES,YES,YES,movistar_spain,Movistar,system
214.0,4.0,21404.0,Europe,Spain,ES,Xfera Moviles SA,Yoigo,ESPXF,,,YES,yoigo_spain,Yoigo,system
248.0,1.0,24801.0,Europe,Estonia,EE,Telia Eesti,Telia,ESTEM,YES,YES,YES,telia_estonia,Telia,system
248.0,3.0,24803.0,Europe,Estonia,EE,Tele2 Eesti,Tele2,ESTRB,YES,YES,YES,tele2_estonia,Tele2,system
248.0,2.0,24802.0,Europe,Estonia,EE,Elisa Eesti,Elisa,ESTRE,YES,YES,YES,elisa_estonia,Elisa,system
636.0,1.0,63601.0,Africa,Ethiopia,ET,Ethio Telecom,MTN,ETH01,YES,YES,YES,mtn_ethiopia,MTN,system
636.0,2.0,63602,,Ethiopia,,,Safaricom Ethiopia,ETH02,YES,YES,Planned,safaricom_ethiopia_ethiopia,Safaricom Ethiopia,system
244.0,12.0,24412.0,Europe,Finland,FI,DNA Oy,DNA,FIN2G,YES,YES,YES,dna_finland,DNA,system
244.0,14.0,24414.0,Europe,Finland,FI,Ålands Telekommunikation Ab,Ålcom,FINAM,YES,YES,YES,ålcom_finland,Ålcom,system
244.0,5.0,24405.0,Europe,Finland,FI,Elisa Oyj,Elisa,FINRL,YES,YES,YES,elisa_finland,Elisa,system
244.0,3.0,24403.0,Europe,Finland,FI,DNA Oy,DNA,FINTA,YES,,,dna_finland,DNA,system
244.0,91.0,24491.0,Europe,Finland,FI,Telia Finland Oyj,Telia,FINTF,YES,YES,YES,telia_finland,Telia,system
542.0,2.0,54202.0,Oceania,Fiji,FJ,Digicel Fiji,Digicel,FJIDP,YES,YES,YES,digicel_fiji,Digicel,system
208.0,1.0,20801.0,Europe,France,FR,Orange S.A.,Orange,FRAF1,YES,YES,YES,orange_france,Orange,system
208.0,10.0,20810.0,Europe,France,FR,Altice,SFR,FRAF2,YES,YES,YES,sfr_france,SFR,system
208.0,20.0,20820.0,Europe,France,FR,Bouygues Telecom,Bouygues,FRAF3,YES,YES,YES,bouygues_france,Bouygues,system
340.0,20.0,34020.0,North America and the Caribbean,French Antilles (France),BL/GF/GP/MF/MQ,DIGICEL Antilles Française Guyane,Digicel,FRAF4,YES,YES,,digicel_french_antilles_(france),Digicel,system
208.0,15.0,20815.0,Europe,France,FR,Iliad,Free Mobile,FRAFM,,YES,YES,free_mobile_france,Free Mobile,system
547.0,20.0,54720.0,Oceania,French Polynesia (France),PF,Onati S.A.S.,Vini,FRATK,YES,YES,YES,vini_french_polynesia_(france),Vini,system
288.0,1.0,28801.0,Europe,Faroe Islands,FO,Faroese Telecom,Faroese Telecom,FROFT,YES,YES,YES,faroese_telecom_faroe_islands,Faroese Telecom,system
288.0,2.0,28802.0,Europe,Faroe Islands,FO,Vodafone Faroe Islands,Hey,FROKA,YES,YES,YES,hey_faroe_islands,Hey,system
628.0,1.0,62801.0,Africa,Gabon,GA,Gabon Telecom S.A.,Libertis,GAB01,YES,YES,YES,libertis_gabon,Libertis,system
628.0,4.0,62804.0,Africa,Gabon,GA,USAN Gabon S.A.,Azur,GABAZ,YES,,,azur_gabon,Azur,system
628.0,3.0,62803.0,Africa,Gabon,GA,Airtel Gabon S.A.,Airtel,GABCT,YES,YES,YES,airtel_gabon,Airtel,system
628.0,2.0,62802.0,Africa,Gabon,GA,Gabon Telecom S.A.,Moov,GABTL,YES,YES,YES,moov_gabon,Moov,system
234.0,10.0,23410.0,Europe,United Kingdom,GB,Telefónica Europe,O2 (UK),GBRCN,YES,YES,YES,o2_(uk)_united_kingdom,O2 (UK),system
234.0,55.0,23455,,UK,,,SURE Ltd,GBRGT,YES,YES,YES,sure_ltd_uk,SURE Ltd,system
234.0,20.0,23420.0,Europe,United Kingdom,GB,Hutchison 3G UK Ltd,3,GBRHU,,YES,YES,3_united_kingdom,3,system
234.0,50.0,23450.0,Europe,Guernsey (UK),GG,JT Group Limited,JT,GBRJT,YES,YES,YES,jt_guernsey_(uk),JT,system
234.0,50.0,23450.0,Europe,Jersey (UK),JE,JT Group Limited,JT,GBRJT,YES,YES,YES,jt_jersey_(uk),JT,system
234.0,50.0,23450.0,Europe,United Kingdom,GB,JT Group Limited,JT,GBRJT,YES,YES,YES,jt_united_kingdom,JT,system
234.0,30.0,23430.0,Europe,United Kingdom,GB,EE,T-Mobile UK,GBRME,YES,YES,YES,t-mobile_uk_united_kingdom,T-Mobile UK,system
234.0,58.0,23458.0,Europe,Isle of Man (UK),IM,Manx Telecom,Pronto GSM,GBRMT,YES,YES,YES,pronto_gsm_isle_of_man_(uk),Pronto GSM,system
234.0,58.0,23458.0,Europe,United Kingdom,GB,Manx Telecom,Pronto GSM,GBRMT,YES,YES,YES,pronto_gsm_united_kingdom,Pronto GSM,system
234.0,33.0,23433.0,Europe,United Kingdom,GB,EE,Orange,GBROR,YES,YES,YES,orange_united_kingdom,Orange,system
234.0,15.0,23415.0,Europe,United Kingdom,GB,Vodafone,Vodafone UK,GBRVF,YES,YES,YES,vodafone_uk_united_kingdom,Vodafone UK,system
282.0,1.0,28201.0,Europe,Georgia,GE,Silknet,Geocell,GEOGC,YES,YES,YES,geocell_georgia,Geocell,system
282.0,4.0,28204.0,Europe,Georgia,GE,Mobitel,Beeline,GEOMT,YES,YES,YES,beeline_georgia,Beeline,system
620.0,7.0,62007.0,Africa,Ghana,GH,Globacom Group,Globacom,GHAGM,YES,YES,,globacom_ghana,Globacom,system
620.0,2.0,62002.0,Africa,Ghana,GH,Vodafone Group,Vodafone,GHAGT,YES,YES,YES,vodafone_ghana,Vodafone,system
620.0,3.0,62003.0,Africa,Ghana,GH,Millicom Ghana,AirtelTigo,GHAMT,YES,YES,,airteltigo_ghana,AirtelTigo,system
620.0,1.0,62001.0,Africa,Ghana,GH,MTN Group,MTN,GHASC,YES,YES,YES,mtn_ghana,MTN,system
,,<NA><NA>,,Ghana,,,MTN Ghana (Scancom),GHASC ,,,,mtn_ghana_(scancom)_ghana,MTN Ghana (Scancom),system
620.0,6.0,62006.0,Africa,Ghana,GH,Airtel,AirtelTigo,GHAZN,YES,YES,,airteltigo_ghana,AirtelTigo,system
266.0,1.0,26601.0,Europe,Gibraltar (UK),GI,Gibtelecom,GibTel,GIBGT,YES,YES,YES,gibtel_gibraltar_(uk),GibTel,system
611.0,4.0,61104.0,Africa,Guinea,GN,Areeba Guinea,MTN,GINAG,YES,YES,,mtn_guinea,MTN,system
611.0,1.0,61101.0,Africa,Guinea,GN,Orange S.A.,Orange,GINGS,YES,,YES,orange_guinea,Orange,system
340.0,1.0,34001.0,North America and the Caribbean,French Antilles (France),BL/GF/GP/MF/MQ,Orange Caraïbe Mobiles,Orange,GLP01,YES,YES,YES,orange_french_antilles_(france),Orange,system
340.0,8.0,34008,,Caraibes,,,Dauphin Telecom (Amigo GSM),GLPDT,YES,YES,YES,dauphin_telecom_(amigo_gsm)_caraibes,Dauphin Telecom (Amigo GSM),system
607.0,2.0,60702.0,Africa,Gambia,GM,Africell,Africell,GMBAC,YES,YES,YES,africell_gambia,Africell,system
607.0,4.0,60704.0,Africa,Gambia,GM,QCell Gambia,QCell,GMBQC,YES,YES,YES,qcell_gambia,QCell,system
632.0,3.0,63203,,Guinee Bissau,,,Orange Bissau,GNB03,YES,YES,YES,orange_bissau_guinee_bissau,Orange Bissau,system
632.0,2.0,63202.0,Africa,Guinea-Bissau,GW,Spacetel Guiné-Bissau S.A.,MTN Areeba,GNBSB,YES,YES,,mtn_areeba_guinea-bissau,MTN Areeba,system
627.0,3.0,62703.0,Africa,Equatorial Guinea,GQ,Green Com S.A.,Muni,GNQHT,YES,YES,,muni_equatorial_guinea,Muni,system
202.0,1.0,20201.0,Europe,Greece,GR,COSMOTE - Mobile Telecommunications S.A.,Cosmote,GRCCO,YES,YES,YES,cosmote_greece,Cosmote,system
202.0,5.0,20205.0,Europe,Greece,GR,Vodafone Greece,Vodafone,GRCPF,YES,YES,YES,vodafone_greece,Vodafone,system
202.0,10.0,20210.0,Europe,Greece,GR,Wind Hellas Telecommunications S.A.,Wind,GRCSH,YES,YES,YES,wind_greece,Wind,system
352.0,110.0,352110.0,North America and the Caribbean,Grenada,GD,Cable & Wireless Grenada Ltd.,FLOW,GRDCW,YES,,YES,flow_grenada,FLOW,system
290.0,1.0,29001.0,Europe,Greenland,GL,TELE Greenland A/S,TELE Greenland A/S,GRLTG,YES,YES,YES,tele_greenland_a/s_greenland,TELE Greenland A/S,system
704.0,2.0,70402,,Guatemala,,,Comunicaciones Celulares S.A.,GTMCM,YES,YES,0,comunicaciones_celulares_s.a._guatemala,Comunicaciones Celulares S.A.,system
704.0,1.0,70401.0,South and Central America,Guatemala,GT,"Telecomunicaciones de Guatemala, S.A.",Claro,GTMSC,YES,YES,YES,claro_guatemala,Claro,system
704.0,3.0,70403.0,South and Central America,Guatemala,GT,Telefónica Móviles Guatemala (Telefónica),movistar,GTMTG,YES,YES,YES,movistar_guatemala,movistar,system
310.0,370.0,310370.0,North America and the Caribbean,Guam (USA),GU,NTT DoCoMo Pacific,Docomo,GUMDP,YES,YES,YES,docomo_guam_(usa),Docomo,system
310.0,370.0,310370.0,North America and the Caribbean,Northern Mariana Islands (USA),MP,NTT DoCoMo Pacific,Docomo,GUMDP,YES,YES,YES,docomo_northern_mariana_islands_(usa),Docomo,system
310.0,370.0,310370.0,North America and the Caribbean,United States of America,US,NTT DoCoMo Pacific,Docomo,GUMDP,YES,YES,YES,docomo_united_states_of_america,Docomo,system
738.0,1.0,73801.0,South and Central America,Guyana,GY,U-Mobile (Cellular) Inc.,Digicel,GUYUM,YES,YES,,digicel_guyana,Digicel,system
454.0,3.0,45403.0,Asia and the Middle East,Hong Kong,HK,Hutchison Telecom,3,HKGH3,,YES,YES,3_hong_kong,3,system
454.0,4.0,45404.0,Asia and the Middle East,Hong Kong,HK,Hutchison Telecom,3 (2G),HKGHT,YES,,,3_(2g)_hong_kong,3 (2G),system
454.0,19.0,45419.0,Asia and the Middle East,Hong Kong,HK,PCCW-HKT,PCCW Mobile (3G),HKGM3,,YES,,pccw_mobile_(3g)_hong_kong,PCCW Mobile (3G),system
454.0,16.0,45416.0,Asia and the Middle East,Hong Kong,HK,PCCW,PCCW Mobile (2G),HKGMC,YES,,,pccw_mobile_(2g)_hong_kong,PCCW Mobile (2G),system
454.0,10.0,45410.0,Asia and the Middle East,Hong Kong,HK,CSL Limited,New World Mobility,HKGNW,YES,,,new_world_mobility_hong_kong,New World Mobility,system
454.0,12.0,45412.0,Asia and the Middle East,Hong Kong,HK,China Mobile Hong Kong Company Limited,CMCC HK,HKGPP,YES,,YES,cmcc_hk_hong_kong,CMCC HK,system
454.0,6.0,45406.0,Asia and the Middle East,Hong Kong,HK,SmarTone Mobile Communications Limited,SmarTone,HKGSM,YES,YES,YES,smartone_hong_kong,SmarTone,system
454.0,0.0,45400.0,Asia and the Middle East,Hong Kong,HK,CSL Limited,1O1O / One2Free / New World Mobility / SUNMobile,HKGTC,YES,YES,YES,1o1o_/_one2free_/_new_world_mobility_/_sunmobile_hong_kong,1O1O / One2Free / New World Mobility / SUNMobile,system
708.0,2.0,70802,,Honduras,,,"Telefónica Celular, S.A. (CELTEL)  ",HND02,YES,YES,YES,"telefónica_celular,_s.a._(celtel)___honduras","Telefónica Celular, S.A. (CELTEL)  ",system
708.0,40.0,708040.0,South and Central America,Honduras,HN,Digicel de Honduras,Digicel,HNDDC,YES,,,digicel_honduras,Digicel,system
708.0,1.0,708001.0,South and Central America,Honduras,HN,Servicios de Comunicaciones de Honduras S.A. de C.V.,Claro,HNDME,YES,YES,YES,claro_honduras,Claro,system
219.0,1.0,21901.0,Europe,Croatia,HR,T-Hrvatski Telekom,T-Mobile,HRVCN,YES,YES,YES,t-mobile_croatia,T-Mobile,system
219.0,2.0,21902.0,Europe,Croatia,HR,Tele2,Tele2,HRVT2,YES,YES,YES,tele2_croatia,Tele2,system
219.0,10.0,21910.0,Europe,Croatia,HR,A1 Hrvatska,A1,HRVVI,YES,YES,YES,a1_croatia,A1,system
372.0,1.0,37201.0,North America and the Caribbean,Haiti,HT,Communication Cellulaire d'Haiti S.A.,Voila,HTICL,YES,,,voila_haiti,Voila,system
372.0,3.0,37203.0,North America and the Caribbean,Haiti,HT,NATCOM S.A.,Natcom,HTIVT,YES,,YES,natcom_haiti,Natcom,system
216.0,1.0,21601.0,Europe,Hungary,HU,Telenor Magyarország Zrt.,Telenor Hungary,HUNH1,YES,YES,YES,telenor_hungary_hungary,Telenor Hungary,system
216.0,30.0,21630.0,Europe,Hungary,HU,Magyar Telekom Plc,T-Mobile,HUNH2,YES,YES,YES,t-mobile_hungary,T-Mobile,system
216.0,70.0,21670.0,Europe,Hungary,HU,Vodafone Magyarország Zrt.,Vodafone,HUNVR,YES,YES,YES,vodafone_hungary,Vodafone,system
510.0,89.0,51089.0,Oceania,Indonesia,ID,PT Hutchison CP Telecommunications,3,IDN89,YES,YES,YES,3_indonesia,3,system
510.0,11.0,51011.0,Oceania,Indonesia,ID,PT XL Axiata Tbk,XL,IDNEX,YES,YES,YES,xl_indonesia,XL,system
510.0,21.0,51021.0,Oceania,Indonesia,ID,PT Indonesian Satellite Corporation Tbk (INDOSAT),IM3,IDNIM,YES,,,im3_indonesia,IM3,system
510.0,8.0,51008.0,Oceania,Indonesia,ID,PT Natrindo Telepon Seluler,AXIS,IDNLT,YES,YES,,axis_indonesia,AXIS,system
510.0,1.0,51001.0,Oceania,Indonesia,ID,PT Indonesian Satellite Corporation Tbk (INDOSAT),Indosat Ooredoo,IDNSL,YES,YES,YES,indosat_ooredoo_indonesia,Indosat Ooredoo,system
510.0,10.0,51010.0,Oceania,Indonesia,ID,PT Telekomunikasi Selular,Telkomsel,IDNTS,YES,YES,YES,telkomsel_indonesia,Telkomsel,system
404.0,35.0,40435.0,Asia and the Middle East,India,IN,Himachal Pradesh,Aircel,IND02,YES,,,aircel_india,Aircel,system
404.0,17.0,40417.0,Asia and the Middle East,India,IN,West Bengal,AIRCEL,IND03,YES,,,aircel_india,AIRCEL,system
404.0,25.0,40425.0,Asia and the Middle East,India,IN,Bihar,AIRCEL,IND04,YES,,,aircel_india,AIRCEL,system
404.0,28.0,40428.0,Asia and the Middle East,India,IN,Orissa,AIRCEL,IND05,YES,,,aircel_india,AIRCEL,system
404.0,29.0,40429.0,Asia and the Middle East,India,IN,Assam,AIRCEL,IND06,YES,,,aircel_india,AIRCEL,system
404.0,7.0,40407.0,Asia and the Middle East,India,IN,Andhra Pradesh and Telangana,IDEA,IND07,YES,,,idea_india,IDEA,system
404.0,91.0,40491.0,Asia and the Middle East,India,IN,Kolkata,AIRCEL,IND09,YES,,,aircel_india,AIRCEL,system
405.0,54.0,40554.0,Asia and the Middle East,India,IN,Uttar Pradesh (East),AirTel,IND10,YES,,,airtel_india,AirTel,system
405.0,53.0,40553.0,Asia and the Middle East,India,IN,Orissa,AirTel,IND11,YES,,,airtel_india,AirTel,system
405.0,52.0,40552.0,Asia and the Middle East,India,IN,Bihar & Jharkhand,AirTel,IND12,YES,,,airtel_india,AirTel,system
405.0,51.0,40551.0,Asia and the Middle East,India,IN,West Bengal,AirTel,IND14,YES,,,airtel_india,AirTel,system
405.0,56.0,40556.0,Asia and the Middle East,India,IN,Assam,AirTel,IND15,YES,,,airtel_india,AirTel,system
404.0,16.0,40416.0,Asia and the Middle East,India,IN,North East,Airtel,IND16,YES,,,airtel_india,Airtel,system
405.0,810.0,405810.0,Asia and the Middle East,India,IN,Uttar Pradesh (East),AIRCEL,IND17,YES,,,aircel_india,AIRCEL,system
405.0,811.0,405811.0,Asia and the Middle East,India,IN,Uttar Pradesh (West),AIRCEL,IND18,YES,,,aircel_india,AIRCEL,system
405.0,800.0,405800.0,Asia and the Middle East,India,IN,Delhi & NCR,AIRCEL,IND19,YES,,,aircel_india,AIRCEL,system
405.0,809.0,405809.0,Asia and the Middle East,India,IN,Kerala,AIRCEL,IND20,YES,,,aircel_india,AIRCEL,system
405.0,805.0,405805.0,Asia and the Middle East,India,IN,Mumbai,AIRCEL,IND21,YES,,,aircel_india,AIRCEL,system
405.0,803.0,405803.0,Asia and the Middle East,India,IN,Karnataka,AIRCEL,IND22,YES,,,aircel_india,AIRCEL,system
405.0,801.0,405801.0,Asia and the Middle East,India,IN,Andhra Pradesh and Telangana,AIRCEL,IND23,YES,,,aircel_india,AIRCEL,system
405.0,804.0,405804.0,Asia and the Middle East,India,IN,Maharashtra & Goa,AIRCEL,IND24,YES,,,aircel_india,AIRCEL,system
405.0,812.0,405812.0,Asia and the Middle East,India,IN,Punjab,AIRCEL,IND25,YES,,,aircel_india,AIRCEL,system
405.0,806.0,405806.0,Asia and the Middle East,India,IN,Rajasthan,AIRCEL,IND26,YES,,,aircel_india,AIRCEL,system
405.0,808.0,405808.0,Asia and the Middle East,India,IN,Madhya Pradesh,AIRCEL,IND27,YES,,,aircel_india,AIRCEL,system
405.0,802.0,405802.0,Asia and the Middle East,India,IN,Gujarat,AIRCEL,IND28,YES,,,aircel_india,AIRCEL,system
405.0,807.0,405807.0,Asia and the Middle East,India,IN,Haryana,AIRCEL,IND29,YES,,,aircel_india,AIRCEL,system
404.0,92.0,40492.0,Asia and the Middle East,India,IN,Mumbai,AirTel,INDA1,YES,YES,,airtel_india,AirTel,system
404.0,90.0,40490.0,Asia and the Middle East,India,IN,Maharashtra,AirTel,INDA2,YES,,,airtel_india,AirTel,system
404.0,96.0,40496.0,Asia and the Middle East,India,IN,Haryana,AirTel,INDA5,YES,,,airtel_india,AirTel,system
404.0,95.0,40495.0,Asia and the Middle East,India,IN,Kerala,AirTel,INDA7,YES,,,airtel_india,AirTel,system
404.0,93.0,40493.0,Asia and the Middle East,India,IN,Madhya Pradesh,AirTel,INDA8,YES,,,airtel_india,AirTel,system
404.0,2.0,40402.0,Asia and the Middle East,India,IN,Punjab,AirTel,INDA9,YES,,,airtel_india,AirTel,system
404.0,42.0,40442.0,Asia and the Middle East,India,IN,Tamil Nadu,Aircel,INDAC,YES,,,aircel_india,Aircel,system
404.0,10.0,40410.0,Asia and the Middle East,India,IN,Delhi & NCR,AirTel,INDAT,YES,,,airtel_india,AirTel,system
404.0,24.0,40424.0,Asia and the Middle East,India,IN,Gujarat,IDEA,INDBI,YES,,,idea_india,IDEA,system
404.0,46.0,40446.0,Asia and the Middle East,India,IN,Kerala,Vodafone India,INDBK,YES,,,vodafone_india_india,Vodafone India,system
404.0,3.0,40403.0,Asia and the Middle East,India,IN,Himachal Pradesh,AirTel,INDBL,YES,,,airtel_india,AirTel,system
404.0,27.0,40427.0,Asia and the Middle East,India,IN,Maharashtra & Goa,Vodafone India,INDBM,YES,,,vodafone_india_india,Vodafone India,system
404.0,22.0,40422.0,Asia and the Middle East,India,IN,Maharashtra & Goa,IDEA,INDBO,YES,,,idea_india,IDEA,system
404.0,43.0,40443.0,Asia and the Middle East,India,IN,Tamil Nadu,Vodafone India,INDBT,YES,,,vodafone_india_india,Vodafone India,system
404.0,30.0,40430.0,Asia and the Middle East,India,IN,Kolkata,Vodafone India,INDCC,YES,,,vodafone_india_india,Vodafone India,system
404.0,68.0,40468.0,Asia and the Middle East,India,IN,Delhi & NCR,DOLPHIN,INDDL,YES,YES,,dolphin_india,DOLPHIN,system
404.0,11.0,40411.0,Asia and the Middle East,India,IN,Delhi & NCR,Vodafone India,INDE1,YES,,,vodafone_india_india,Vodafone India,system
404.0,12.0,40412.0,Asia and the Middle East,India,IN,Haryana,IDEA,INDEH,YES,,,idea_india,IDEA,system
404.0,19.0,40419.0,Asia and the Middle East,India,IN,Kerala,IDEA,INDEK,YES,,,idea_india,IDEA,system
404.0,56.0,40456.0,Asia and the Middle East,India,IN,Uttar Pradesh (West),IDEA,INDEU,YES,,,idea_india,IDEA,system
404.0,5.0,40405.0,Asia and the Middle East,India,IN,Gujarat,Vodafone India,INDF1,YES,,,vodafone_india_india,Vodafone India,system
404.0,20.0,40420.0,Asia and the Middle East,India,IN,Mumbai,Vodafone India,INDHM,YES,YES,,vodafone_india_india,Vodafone India,system
405.0,70.0,40570.0,Asia and the Middle East,India,IN,Bihar & Jharkhand,IDEA,INDIB,YES,,,idea_india,IDEA,system
404.0,4.0,40404.0,Asia and the Middle East,India,IN,Delhi & NCR,IDEA,INDID,YES,,,idea_india,IDEA,system
405.0,848.0,405848.0,Asia and the Middle East,India,IN,Kolkata,IDEA,INDIK,YES,,,idea_india,IDEA,system
405.0,799.0,405799.0,Asia and the Middle East,India,IN,Mumbai,IDEA,INDIM,YES,,,idea_india,IDEA,system
405.0,850.0,405850.0,Asia and the Middle East,India,IN,Orissa,IDEA,INDIO,YES,,,idea_india,IDEA,system
405.0,852.0,405852.0,Asia and the Middle East,India,IN,Tamil Nadu,IDEA,INDIT,YES,,,idea_india,IDEA,system
405.0,853.0,405853.0,Asia and the Middle East,India,IN,West Bengal,IDEA,INDIW,YES,,,idea_india,IDEA,system
405.0,840.0,405840.0,Asia and the Middle East,India,IN,West Bengal,Jio,INDJ1,,,YES,jio_india,Jio,system
405.0,854.0,405854.0,Asia and the Middle East,India,IN,Andhra Pradesh,Jio,INDJ2,,,YES,jio_india,Jio,system
405.0,855.0,405855.0,Asia and the Middle East,India,IN,Assam,Jio,INDJ3,,,YES,jio_india,Jio,system
405.0,856.0,405856.0,Asia and the Middle East,India,IN,Bihar,Jio,INDJ4,,,YES,jio_india,Jio,system
405.0,857.0,405857.0,Asia and the Middle East,India,IN,Gujarat,Jio,INDJ5,,,YES,jio_india,Jio,system
405.0,858.0,405858.0,Asia and the Middle East,India,IN,Haryana,Jio,INDJ6,,,YES,jio_india,Jio,system
405.0,859.0,405859.0,Asia and the Middle East,India,IN,Himachal Pradesh,Jio,INDJ7,,,YES,jio_india,Jio,system
404.0,45.0,40445.0,Asia and the Middle East,India,IN,Karnataka,Airtel,INDJ8,YES,,YES,airtel_india,Airtel,system
405.0,861.0,405861.0,Asia and the Middle East,India,IN,Karnataka,Jio,INDJ9,,,YES,jio_india,Jio,system
404.0,49.0,40449.0,Asia and the Middle East,India,IN,Andhra Pradesh and Telangana,Airtel,INDJH,YES,,,airtel_india,Airtel,system
405.0,862.0,405862.0,Asia and the Middle East,India,IN,Kerala,Jio,INDJL,,,YES,jio_india,Jio,system
405.0,863.0,405863.0,Asia and the Middle East,India,IN,Madhya Pradesh,Jio,INDJM,,,YES,jio_india,Jio,system
405.0,864.0,405864.0,Asia and the Middle East,India,IN,Maharashtra,Jio,INDJN,,,YES,jio_india,Jio,system
405.0,865.0,405865.0,Asia and the Middle East,India,IN,North East,Jio,INDJO,,,YES,jio_india,Jio,system
405.0,866.0,405866.0,Asia and the Middle East,India,IN,Orissa,Jio,INDJP,,,YES,jio_india,Jio,system
405.0,867.0,405867.0,Asia and the Middle East,India,IN,Punjab,Jio,INDJQ,,,YES,jio_india,Jio,system
405.0,868.0,405868.0,Asia and the Middle East,India,IN,Rajasthan,Jio,INDJR,,,YES,jio_india,Jio,system
405.0,869.0,405869.0,Asia and the Middle East,India,IN,Tamil Nadu (incl. Chennai),Jio,INDJS,,,YES,jio_india,Jio,system
405.0,870.0,405870.0,Asia and the Middle East,India,IN,Uttar Pradesh (West),Jio,INDJT,,,YES,jio_india,Jio,system
405.0,871.0,405871.0,Asia and the Middle East,India,IN,Uttar Pradesh (East),Jio,INDJU,,,YES,jio_india,Jio,system
405.0,872.0,405872.0,Asia and the Middle East,India,IN,Delhi,Jio,INDJV,,,YES,jio_india,Jio,system
405.0,873.0,405873.0,Asia and the Middle East,India,IN,Kolkata,Jio,INDJW,,,YES,jio_india,Jio,system
405.0,874.0,405874.0,Asia and the Middle East,India,IN,Mumbai,Jio,INDJX,,,YES,jio_india,Jio,system
404.0,69.0,40469.0,Asia and the Middle East,India,IN,Mumbai,DOLPHIN,INDMB,YES,YES,,dolphin_india,DOLPHIN,system
404.0,78.0,40478.0,Asia and the Middle East,India,IN,Madhya Pradesh & Chattishgarh,IDEA,INDMP,YES,YES,,idea_india,IDEA,system
404.0,31.0,40431.0,Asia and the Middle East,India,IN,Kolkata,AirTel,INDMT,YES,,,airtel_india,AirTel,system
404.0,41.0,40441.0,Asia and the Middle East,India,IN,Chennai,Aircel,INDRC,YES,,,aircel_india,Aircel,system
404.0,67.0,40467.0,Asia and the Middle East,India,IN,Madhya Pradesh & Chhattisgarh,Reliance,INDRM,YES,YES,,reliance_india,Reliance,system
404.0,44.0,40444.0,Asia and the Middle East,India,IN,Karnataka,IDEA,INDSK,YES,,YES,idea_india,IDEA,system
404.0,14.0,40414.0,Asia and the Middle East,India,IN,Punjab,IDEA,INDSP,YES,,,idea_india,IDEA,system
405.0,25.0,405025.0,Asia and the Middle East,India,IN,Andhra Pradesh and Telangana,TATA DOCOMO,INDT0,YES,YES,,tata_docomo_india,TATA DOCOMO,system
405.0,34.0,405034.0,Asia and the Middle East,India,IN,Karnataka,TATA DOCOMO,INDT1,YES,YES,,tata_docomo_india,TATA DOCOMO,system
405.0,44.0,405044.0,Asia and the Middle East,India,IN,Tamil Nadu including Chennai,TATA DOCOMO,INDT2,YES,,,tata_docomo_india,TATA DOCOMO,system
405.0,35.0,405035.0,Asia and the Middle East,India,IN,Kerala,TATA DOCOMO,INDT3,YES,YES,,tata_docomo_india,TATA DOCOMO,system
405.0,32.0,405032.0,Asia and the Middle East,India,IN,Himachal Pradesh,TATA DOCOMO,INDT4,YES,YES,,tata_docomo_india,TATA DOCOMO,system
405.0,38.0,405038.0,Asia and the Middle East,India,IN,Madhya Pradesh,TATA DOCOMO,INDT5,YES,YES,,tata_docomo_india,TATA DOCOMO,system
405.0,37.0,405037.0,Asia and the Middle East,India,IN,Maharashtra & Goa,TATA DOCOMO,INDT6,YES,YES,,tata_docomo_india,TATA DOCOMO,system
405.0,45.0,405045.0,Asia and the Middle East,India,IN,Uttar Pradesh (E),TATA DOCOMO,INDT7,YES,,,tata_docomo_india,TATA DOCOMO,system
405.0,46.0,405046.0,Asia and the Middle East,India,IN,Uttar Pradesh (W) & Uttarakhand,TATA DOCOMO,INDT8,YES,YES,,tata_docomo_india,TATA DOCOMO,system
405.0,47.0,405047.0,Asia and the Middle East,India,IN,West Bengal,TATA DOCOMO,INDT9,YES,,,tata_docomo_india,TATA DOCOMO,system
405.0,27.0,405027.0,Asia and the Middle East,India,IN,Bihar/Jharkhand,TATA DOCOMO,INDTB,YES,,,tata_docomo_india,TATA DOCOMO,system
405.0,29.0,405029.0,Asia and the Middle East,India,IN,Delhi,TATA DOCOMO,INDTD,YES,,,tata_docomo_india,TATA DOCOMO,system
405.0,30.0,405030.0,Asia and the Middle East,India,IN,Gujarat,TATA DOCOMO,INDTG,YES,YES,,tata_docomo_india,TATA DOCOMO,system
405.0,31.0,405031.0,Asia and the Middle East,India,IN,Haryana,TATA DOCOMO,INDTH,YES,YES,,tata_docomo_india,TATA DOCOMO,system
405.0,36.0,405036.0,Asia and the Middle East,India,IN,Kolkata,TATA DOCOMO,INDTK,YES,,,tata_docomo_india,TATA DOCOMO,system
405.0,39.0,405039.0,Asia and the Middle East,India,IN,Mumbai,TATA DOCOMO,INDTM,YES,,,tata_docomo_india,TATA DOCOMO,system
405.0,41.0,405041.0,Asia and the Middle East,India,IN,Orissa,TATA DOCOMO,INDTO,YES,,,tata_docomo_india,TATA DOCOMO,system
405.0,42.0,405042.0,Asia and the Middle East,India,IN,Punjab,TATA DOCOMO,INDTP,YES,YES,,tata_docomo_india,TATA DOCOMO,system
405.0,43.0,405043.0,Asia and the Middle East,India,IN,Rajasthan,TATA DOCOMO,INDTR,YES,YES,,tata_docomo_india,TATA DOCOMO,system
404.0,74.0,40474.0,Asia and the Middle East,India,IN,West Bengal,cellone,INDWB,YES,YES,,cellone_india,cellone,system
272.0,2.0,27202.0,Europe,Ireland,IE,Hutchison 3G Ireland limited,3,IRLDF,YES,YES,,3_ireland,3,system
272.0,1.0,27201.0,Europe,Ireland,IE,Vodafone Ireland,Vodafone,IRLEC,YES,YES,YES,vodafone_ireland,Vodafone,system
272.0,5.0,27205.0,Europe,Ireland,IE,Hutchison 3G Ireland limited,3,IRLH3,,YES,YES,3_ireland,3,system
272.0,3.0,27203.0,Europe,Ireland,IE,Eir Group plc,Eir,IRLME,YES,YES,YES,eir_ireland,Eir,system
432.0,11.0,43211.0,Asia and the Middle East,Iran,IR,Mobile Communications Company of Iran (MCI),IR-TCI (Hamrah-e-Avval),IRN11,YES,YES,YES,ir-tci_(hamrah-e-avval)_iran,IR-TCI (Hamrah-e-Avval),system
432.0,35.0,43235.0,Asia and the Middle East,Iran,IR,MTN Irancell Telecommunications Services Company,MTN Irancell,IRNMI,YES,YES,YES,mtn_irancell_iran,MTN Irancell,system
432.0,20.0,43220.0,Asia and the Middle East,Iran,IR,Social Security Investment Co.,Rightel,IRNTT,,YES,YES,rightel_iran,Rightel,system
418.0,5.0,41805.0,Asia and the Middle East,Iraq,IQ,Asia Cell Telecommunications Company,Asia Cell,IRQAC,YES,,,asia_cell_iraq,Asia Cell,system
274.0,11.0,27411.0,Europe,Iceland,IS,Nova ehf,Nova,ISLNO,,YES,YES,nova_iceland,Nova,system
274.0,1.0,27401.0,Europe,Iceland,IS,Iceland Telecom,Síminn,ISLPS,YES,YES,YES,síminn_iceland,Síminn,system
274.0,2.0,27402.0,Europe,Iceland,IS,Og fjarskipti hf,Vodafone,ISLTL,YES,YES,YES,vodafone_iceland,Vodafone,system
274.0,4.0,27404.0,Europe,Iceland,IS,IMC Island ehf,Viking,ISLVW,YES,,,viking_iceland,Viking,system
425.0,1.0,42501.0,Asia and the Middle East,Israel,IL,Partner Communications Company Ltd.,Partner,ISR01,YES,YES,YES,partner_israel,Partner,system
425.0,2.0,42502.0,Asia and the Middle East,Israel,IL,Cellcom Israel Ltd.,Cellcom,ISRCL,YES,YES,YES,cellcom_israel,Cellcom,system
425.0,7.0,42507.0,Asia and the Middle East,Israel,IL,Hot Mobile Ltd.,Hot Mobile,ISRMS,,YES,YES,hot_mobile_israel,Hot Mobile,system
425.0,3.0,42503.0,Asia and the Middle East,Israel,IL,Pelephone Communications Ltd.,Pelephone,ISRPL,,YES,YES,pelephone_israel,Pelephone,system
222.0,50.0,22250.0,Europe,Italy,IT,Iliad Italia,Iliad,ITAFM,,YES,YES,iliad_italy,Iliad,system
901.0,26.0,90126.0,Worldwide,Worldwide,XX,Telecom Italia Mobile,TIM@sea,ITAGT,YES,,,tim@sea_worldwide,TIM@sea,system
222.0,99.0,22299.0,Europe,Italy,IT,Wind Tre,3 Italia,ITAH3,,YES,YES,3_italia_italy,3 Italia,system
222.0,10.0,22210.0,Europe,Italy,IT,Vodafone Italia S.p.A.,Vodafone,ITAOM,YES,YES,YES,vodafone_italy,Vodafone,system
222.0,1.0,22201.0,Europe,Italy,IT,Telecom Italia S.p.A,TIM,ITASI,YES,YES,YES,tim_italy,TIM,system
222.0,88.0,22288.0,Europe,Italy,IT,Wind Tre,Wind,ITAWI,YES,YES,YES,wind_italy,Wind,system
338.0,180.0,338180.0,North America and the Caribbean,Jamaica,JM,Cable & Wireless Communications,FLOW,JAMCW,YES,YES,YES,flow_jamaica,FLOW,system
338.0,50.0,338050.0,North America and the Caribbean,Bermuda,BM,,Digicel Bermuda,JAMDC,YES,YES,YES,digicel_bermuda_bermuda,Digicel Bermuda,system
338.0,50.0,338050.0,North America and the Caribbean,Saint Lucia,LC,Digicel,Digicel,JAMDC,YES,,YES,digicel_saint_lucia,Digicel,system
338.0,50.0,338050.0,North America and the Caribbean,Jamaica,JM,Digicel (Jamaica) Limited,Digicel,JAMDC,YES,YES,YES,digicel_jamaica,Digicel,system
338.0,50.0,338050.0,North America and the Caribbean,Turks and Caicos Islands,TC,Digicel (Turks & Caicos) Limited,Digicel,JAMDC,YES,,YES,digicel_turks_and_caicos_islands,Digicel,system
416.0,1.0,41601.0,Asia and the Middle East,Jordan,JO,Jordan Mobile Telephone Services,zain JO,JORFL,YES,,YES,zain_jo_jordan,zain JO,system
416.0,77.0,41677.0,Asia and the Middle East,Jordan,JO,Petra Jordanian Mobile Telecommunications Company (MobileCom),Orange,JORMC,YES,,YES,orange_jordan,Orange,system
416.0,3.0,41603.0,Asia and the Middle East,Jordan,JO,Umniah Mobile Company,Umniah,JORUM,YES,,YES,umniah_jordan,Umniah,system
440.0,10.0,44010.0,Asia and the Middle East,Japan,JP,"NTT DoCoMo, Inc.",NTT docomo,JPNDO,,YES,YES,ntt_docomo_japan,NTT docomo,system
440.0,20.0,44020.0,Asia and the Middle East,Japan,JP,SoftBank Corp.,SoftBank,JPNJP,,YES,YES,softbank_japan,SoftBank,system
440.0,51.0,44051.0,Asia and the Middle East,Japan,JP,KDDI Corporation,au,JPNKI,,YES,YES,au_japan,au,system
221.0,2.0,22102.0,Europe,Kosovo,XK,IPKO,IPKO,K0001,YES,YES,YES,ipko_kosovo,IPKO,system
401.0,77.0,40177.0,Asia and the Middle East,Kazakhstan,KZ,MTS,Tele2.kz,KAZ77,YES,YES,,tele2.kz_kazakhstan,Tele2.kz,system
401.0,1.0,40101.0,Asia and the Middle East,Kazakhstan,KZ,KaR-Tel LLP,Beeline,KAZKT,YES,,YES,beeline_kazakhstan,Beeline,system
401.0,2.0,40102.0,Asia and the Middle East,Kazakhstan,KZ,Kcell JSC,Kcell,KAZKZ,YES,,YES,kcell_kazakhstan,Kcell,system
639.0,5.0,63905.0,Africa,Kenya,KE,Essar Telecom Kenya,yu,KENEC,YES,,,yu_kenya,yu,system
639.0,3.0,63903.0,Africa,Kenya,KE,Bharti Airtel,Airtel,KENKC,YES,YES,YES,airtel_kenya,Airtel,system
639.0,2.0,63902.0,Africa,Kenya,KE,Safaricom Limited,Safaricom,KENSA,YES,YES,YES,safaricom_kenya,Safaricom,system
639.0,7.0,63907.0,Africa,Kenya,KE,Telkom Kenya,Telkom,KENTK,YES,YES,YES,telkom_kenya,Telkom,system
437.0,1.0,43701.0,Asia and the Middle East,Kyrgyzstan,KG,Sky Mobile LLC,Beeline,KGZ01,YES,YES,YES,beeline_kyrgyzstan,Beeline,system
456.0,4.0,45604.0,Asia and the Middle East,Cambodia,KH,Cambodia Advance Communications Co. Ltd,qb,KHMCC,YES,YES,,qb_cambodia,qb,system
456.0,1.0,45601.0,Asia and the Middle East,Cambodia,KH,CamGSM / The Royal Group,Cellcard,KHMGM,YES,YES,YES,cellcard_cambodia,Cellcard,system
456.0,8.0,45608.0,Asia and the Middle East,Cambodia,KH,Viettel,Metfone,KHMVC,YES,YES,YES,metfone_cambodia,Metfone,system
545.0,1.0,54501.0,Oceania,Kiribati,KI,Amalgamated Telecom Holdings Kiribati Limited,Kiribati - ATH,KIRKL,,YES,YES,kiribati_-_ath_kiribati,Kiribati - ATH,system
356.0,110.0,356110.0,North America and the Caribbean,Saint Kitts and Nevis,KN,Cable & Wireless St. Kitts & Nevis Ltd,FLOW,KNACW,YES,,YES,flow_saint_kitts_and_nevis,FLOW,system
450.0,8.0,45008.0,Asia and the Middle East,South Korea,KR,KT,olleh,KORKF,,YES,YES,olleh_south_korea,olleh,system
450.0,6.0,45006.0,Asia and the Middle East,South Korea,KR,LG Telecom,LG U+,KORLU,,YES,YES,lg_u+_south_korea,LG U+,system
450.0,5.0,45005.0,Asia and the Middle East,South Korea,KR,SK Telecom,SKTelecom,KORSK,,YES,YES,sktelecom_south_korea,SKTelecom,system
419.0,4.0,41904.0,Asia and the Middle East,Kuwait,KW,Saudi Telecom Company,STC,KWTKT,YES,YES,YES,stc_kuwait,STC,system
419.0,2.0,41902.0,Asia and the Middle East,Kuwait,KW,Zain Kuwait,zain KW,KWTMT,YES,YES,YES,zain_kw_kuwait,zain KW,system
419.0,3.0,41903.0,Asia and the Middle East,Kuwait,KW,National Mobile Telecommunications,K.S.C Ooredoo,KWTNM,YES,YES,YES,k.s.c_ooredoo_kuwait,K.S.C Ooredoo,system
457.0,3.0,45703.0,Asia and the Middle East,Laos,LA,"Star Telecom Co., Ltd",Unitel,LAOAS,YES,YES,YES,unitel_laos,Unitel,system
457.0,2.0,45702.0,Asia and the Middle East,Laos,LA,Enterprise of Telecommunications Lao,ETL,LAOET,YES,YES,,etl_laos,ETL,system
457.0,1.0,45701.0,Asia and the Middle East,Laos,LA,Lao Telecom,LaoTel,LAOTC,YES,YES,YES,laotel_laos,LaoTel,system
457.0,8.0,45708.0,Asia and the Middle East,Laos,LA,VimpelCom Lao Ltd,Beeline,LAOTL,YES,YES,,beeline_laos,Beeline,system
415.0,1.0,41501.0,Asia and the Middle East,Lebanon,LB,MIC 1,Alfa,LBNFL,YES,YES,YES,alfa_lebanon,Alfa,system
415.0,3.0,41503.0,Asia and the Middle East,Lebanon,LB,MIC 2,Touch,LBNLC,YES,YES,YES,touch_lebanon,Touch,system
618.0,7.0,61807,,Liberia,,,Orange (Cellcom) Liberia ,LBR07,YES,YES,YES,orange_(cellcom)_liberia__liberia,Orange (Cellcom) Liberia ,system
618.0,1.0,61801,,Liberia,,,Lonestar Communications Corporation,LBRLC,YES,YES,0,lonestar_communications_corporation_liberia,Lonestar Communications Corporation,system
606.0,1.0,60601.0,Africa,Libya,LY,Al-Madar Al-Jadeed,Madar,LBY01,YES,YES,YES,madar_libya,Madar,system
606.0,0.0,60600,,Libya,,,Libyana,LBYLM,YES,YES,0,libyana_libya,Libyana,system
358.0,110.0,358110.0,North America and the Caribbean,Saint Lucia,LC,Cable &  Wireless,FLOW,LCACW,YES,,YES,flow_saint_lucia,FLOW,system
295.0,5.0,29505.0,Europe,Liechtenstein,LI,Telecom Liechtenstein AG,FL1,LIEMK,YES,YES,YES,fl1_liechtenstein,FL1,system
295.0,77.0,29577.0,Europe,Liechtenstein,LI,Alpcom AG,Alpmobil,LIETG,YES,,,alpmobil_liechtenstein,Alpmobil,system
295.0,2.0,29502.0,Europe,Liechtenstein,LI,Salt Liechtenstein AG,7acht,LIEVE,YES,YES,YES,7acht_liechtenstein,7acht,system
413.0,1.0,41301.0,Asia and the Middle East,Sri Lanka,LK,Mobitel (Pvt) Ltd,Mobitel,LKA71,YES,YES,YES,mobitel_sri_lanka,Mobitel,system
413.0,3.0,41303.0,Asia and the Middle East,Sri Lanka,LK,Etisalat Lanka (Pvt) Ltd,Etisalat,LKACT,YES,YES,,etisalat_sri_lanka,Etisalat,system
413.0,2.0,41302.0,Asia and the Middle East,Sri Lanka,LK,Dialog Axiata PLC,Dialog,LKADG,YES,YES,YES,dialog_sri_lanka,Dialog,system
413.0,8.0,41308.0,Asia and the Middle East,Sri Lanka,LK,Hutchison Telecommunications Lanka (Pvt) Ltd,Hutch,LKAHT,YES,YES,YES,hutch_sri_lanka,Hutch,system
651.0,2.0,65102.0,Africa,Lesotho,LS,Econet Ezi-cel,Econet Telecom,LSOET,YES,YES,YES,econet_telecom_lesotho,Econet Telecom,system
651.0,1.0,65101.0,Africa,Lesotho,LS,Vodacom Lesotho (Pty) Ltd,Vodacom,LSOVL,YES,YES,YES,vodacom_lesotho,Vodacom,system
246.0,3.0,24603.0,Europe,Lithuania,LT,"UAB Tele2 (Tele2 AB, Sweden)",Tele2,LTU03,YES,YES,YES,tele2_lithuania,Tele2,system
246.0,2.0,24602.0,Europe,Lithuania,LT,UAB Bitė Lietuva,BITĖ,LTUMT,YES,YES,YES,bitė_lithuania,BITĖ,system
246.0,1.0,24601.0,Europe,Lithuania,LT,Telia Lietuva,Telia,LTUOM,YES,YES,YES,telia_lithuania,Telia,system
270.0,1.0,27001.0,Europe,Luxembourg,LU,POST Luxembourg,POST,LUXPT,YES,YES,YES,post_luxembourg,POST,system
270.0,77.0,27077.0,Europe,Luxembourg,LU,Tango SA,Tango,LUXTG,YES,YES,YES,tango_luxembourg,Tango,system
270.0,99.0,27099.0,Europe,Luxembourg,LU,Orange S.A.,Orange,LUXVM,YES,YES,YES,orange_luxembourg,Orange,system
247.0,2.0,24702.0,Europe,Latvia,LV,Tele2,Tele2,LVABC,YES,YES,YES,tele2_latvia,Tele2,system
247.0,5.0,24705,,Latvia,,,SIA Bite Mobile,LVABT,YES,YES,YES,sia_bite_mobile_latvia,SIA Bite Mobile,system
247.0,1.0,24701.0,Europe,Latvia,LV,Latvian Mobile Telephone,LMT,LVALM,YES,YES,YES,lmt_latvia,LMT,system
455.0,1.0,45501.0,Asia and the Middle East,Macau (China),MO,"Companhia de Telecomunicações de Macau, S.A.R.L.",CTM,MACCT,,,YES,ctm_macau_(china),CTM,system
455.0,3.0,45503.0,Asia and the Middle East,Macau (China),MO,"Hutchison Telephone (Macau), Limitada",3,MACHT,YES,,,3_macau_(china),3,system
455.0,0.0,45500.0,Asia and the Middle East,Macau (China),MO,"Smartone – Comunicações Móveis, S.A.",SmarTone,MACSM,,YES,YES,smartone_macau_(china),SmarTone,system
604.0,1.0,60401.0,Africa,Morocco,MA,Ittissalat Al-Maghrib (Maroc Telecom),IAM,MARM1,YES,YES,YES,iam_morocco,IAM,system
604.0,2.0,60402.0,Africa,Morocco,MA,Wana Corporate,INWI,MARM3,YES,,,inwi_morocco,INWI,system
604.0,0.0,60400.0,Africa,Morocco,MA,Médi Télécom,Orange Morocco,MARMT,YES,YES,YES,orange_morocco_morocco,Orange Morocco,system
212.0,10.0,21210.0,Europe,Monaco,MC,Monaco Telecom,Office des Telephones,MCOM2,YES,YES,YES,office_des_telephones_monaco,Office des Telephones,system
259.0,2.0,25902.0,Europe,Moldova,MD,,Moldcell,MDAMC,YES,YES,YES,moldcell_moldova,Moldcell,system
259.0,5.0,25905,,Moldova,,,Moldetelecom,MDAUN,YES,YES,YES,moldetelecom_moldova,Moldetelecom,system
259.0,1.0,25901.0,Europe,Moldova,MD,Orange Moldova,Orange,MDAVX,YES,YES,YES,orange_moldova,Orange,system
646.0,2.0,64602,,Madagascar,,,Orange,MDGAN,YES,YES,YES,orange_madagascar,Orange,system
646.0,1.0,64601.0,Africa,Madagascar,MG,Bharti Airtel,Airtel,MDGCO,YES,YES,YES,airtel_madagascar,Airtel,system
646.0,4.0,64604.0,Africa,Madagascar,MG,Telma Mobile S.A.,Telma,MDGTM,YES,YES,YES,telma_madagascar,Telma,system
472.0,1.0,47201.0,Asia and the Middle East,Maldives,MV,Dhivehi Raajjeyge Gulhun,Dhiraagu,MDV01,YES,YES,YES,dhiraagu_maldives,Dhiraagu,system
472.0,2.0,47202.0,Asia and the Middle East,Maldives,MV,Wataniya Telecom Maldives,Ooredoo,MDVWM,YES,YES,YES,ooredoo_maldives,Ooredoo,system
334.0,140.0,334140.0,North America and the Caribbean,Mexico,MX,Altán Redes S.A.P.I. de C.V.,Altan Redes,MEXAL,,,YES,altan_redes_mexico,Altan Redes,system
334.0,50.0,334050.0,North America and the Caribbean,Mexico,MX,AT&T Mexico,AT&T / Unefon,MEXIU,YES,YES,YES,at&t_/_unefon_mexico,AT&T / Unefon,system
334.0,30.0,33430,,Mexico,,,Pegaso (Movistar) Mexico,MEXMS,YES,YES,YES,pegaso_(movistar)_mexico_mexico,Pegaso (Movistar) Mexico,system
334.0,90.0,334090.0,North America and the Caribbean,Mexico,MX,AT&T Mexico,AT&T,MEXN3,,YES,YES,at&t_mexico,AT&T,system
334.0,20.0,334020.0,North America and the Caribbean,Mexico,MX,América Móvil,Telcel,MEXTL,YES,YES,YES,telcel_mexico,Telcel,system
294.0,1.0,29401,,Macedonia  ,,,Makedonski Telekom (T-Mobile),MKDMM,YES,YES,0,makedonski_telekom_(t-mobile)_macedonia__,Makedonski Telekom (T-Mobile),system
294.0,3.0,29403.0,Europe,North Macedonia,MK,ONE.VIP DOO,vip,MKDNO,YES,YES,YES,vip_north_macedonia,vip,system
610.0,1.0,61001,,Mali,,,MOOV Malitel,MLI01,YES,Arrêté,YES,moov_malitel_mali,MOOV Malitel,system
610.0,2.0,61002.0,Africa,Mali,ML,Orange Mali SA,Orange,MLI02,YES,YES,YES,orange_mali,Orange,system
278.0,21.0,27821.0,Europe,Malta,MT,Mobile Communications Limited,GO,MLTGO,YES,YES,YES,go_malta,GO,system
901.0,19.0,90119.0,Worldwide,Worldwide,XX,Vodafone Malta Maritime,Vodafone Malta Maritime,MLTMA,YES,YES,,vodafone_malta_maritime_worldwide,Vodafone Malta Maritime,system
278.0,77.0,27877,,Malta,,,Melita Mobile LTD,MLTMM,YES,YES,YES,melita_mobile_ltd_malta,Melita Mobile LTD,system
278.0,1.0,27801.0,Europe,Malta,MT,Vodafone Malta,Vodafone,MLTTL,YES,YES,YES,vodafone_malta,Vodafone,system
414.0,5.0,41405.0,Asia and the Middle East,Myanmar,MM,Ooredoo Myanmar,Ooredoo,MMROM,,YES,YES,ooredoo_myanmar,Ooredoo,system
414.0,1.0,41401.0,Asia and the Middle East,Myanmar,MM,Myanmar Posts and Telecommunications,MPT,MMRPT,YES,YES,YES,mpt_myanmar,MPT,system
414.0,6.0,41406.0,Asia and the Middle East,Myanmar,MM,Telenor Myanmar,Telenor,MMRTN,YES,YES,YES,telenor_myanmar,Telenor,system
297.0,3.0,29703.0,Europe,Montenegro,ME,MTEL CG,m:tel CG,MNEMT,YES,YES,,m:tel_cg_montenegro,m:tel CG,system
297.0,1.0,29701.0,Europe,Montenegro,ME,Telenor Montenegro,Telenor,MNEPM,YES,YES,YES,telenor_montenegro,Telenor,system
297.0,2.0,29702,,Montenegro,,,Crnogorski Telekom a.d. Podgorica ,MNETM,YES,YES,0,crnogorski_telekom_a.d._podgorica__montenegro,Crnogorski Telekom a.d. Podgorica ,system
428.0,99.0,42899.0,Asia and the Middle East,Mongolia,MN,Mobicom Corporation,Mobicom,MNGMC,YES,YES,YES,mobicom_mongolia,Mobicom,system
428.0,88.0,42888.0,Asia and the Middle East,Mongolia,MN,Unitel LLC,Unitel,MNGMN,YES,YES,YES,unitel_mongolia,Unitel,system
643.0,1.0,64301.0,Africa,Mozambique,MZ,Mocambique Celular S.A.,mCel,MOZ01,YES,YES,,mcel_mozambique,mCel,system
643.0,4.0,64304.0,Africa,Mozambique,MZ,"Vodacom Mozambique, S.A.",Vodacom,MOZVC,YES,YES,YES,vodacom_mozambique,Vodacom,system
643.0,3.0,64303.0,Africa,Mozambique,MZ,"Movitel, SA",Movitel,MOZVG,YES,YES,YES,movitel_mozambique,Movitel,system
609.0,1.0,60901.0,Africa,Mauritania,MR,Mattel,Mattel,MRTMT,YES,,,mattel_mauritania,Mattel,system
354.0,860.0,354860.0,North America and the Caribbean,Montserrat (UK),MS,Cable & Wireless,FLOW,MSRCW,YES,,,flow_montserrat_(uk),FLOW,system
617.0,1.0,61701.0,Africa,Mauritius,MU,Cellplus Mobile Communications Ltd.,my.t,MUSCP,YES,YES,YES,my.t_mauritius,my.t,system
617.0,10.0,61710.0,Africa,Mauritius,MU,Emtel Ltd.,Emtel,MUSEM,YES,YES,YES,emtel_mauritius,Emtel,system
617.0,3.0,61703.0,Africa,Mauritius,MU,Mahanagar Telephone Mauritius Limited (MTML),CHILI,MUSMT,YES,YES,YES,chili_mauritius,CHILI,system
650.0,1.0,65001.0,Africa,Malawi,MW,Telecom Network Malawi,TNM,MWICP,YES,YES,YES,tnm_malawi,TNM,system
650.0,10.0,65010.0,Africa,Malawi,MW,Airtel Malawi Limited,Airtel,MWICT,YES,YES,YES,airtel_malawi,Airtel,system
502.0,12.0,50212.0,Oceania,Malaysia,MY,Maxis Communications Berhad,Maxis,MYSBC,YES,YES,YES,maxis_malaysia,Maxis,system
502.0,19.0,50219.0,Oceania,Malaysia,MY,Celcom Axiata Berhad,Celcom,MYSCC,YES,YES,YES,celcom_malaysia,Celcom,system
502.0,18.0,50218.0,Oceania,Malaysia,MY,U Mobile Sdn Bhd,U Mobile,MYSMI,,YES,YES,u_mobile_malaysia,U Mobile,system
502.0,13.0,50213.0,Oceania,Malaysia,MY,Celcom Axiata Berhad,Celcom,MYSMR,YES,YES,YES,celcom_malaysia,Celcom,system
502.0,16.0,50216.0,Oceania,Malaysia,MY,DiGi Telecommunications,DiGi,MYSMT,YES,YES,YES,digi_malaysia,DiGi,system
649.0,1.0,64901.0,Africa,Namibia,,MTC Namibia,MTC,NAM01,YES,YES,YES,mtc_namibia,MTC,system
649.0,3.0,64903.0,Africa,Namibia,,Telecom Namibia,TN Mobile,NAM03,YES,YES,YES,tn_mobile_namibia,TN Mobile,system
546.0,1.0,54601.0,Oceania,New Caledonia (France),NC,OPT New Caledonia,Mobilis,NCLPT,YES,YES,YES,mobilis_new_caledonia_(france),Mobilis,system
614.0,2.0,61402.0,Africa,Niger,NE,Bharti Airtel Limited,Airtel,NERCT,YES,,YES,airtel_niger,Airtel,system
614.0,4.0,61404.0,Africa,Niger,NE,Orange Niger,Orange,NEROR,YES,,,orange_niger,Orange,system
614.0,3.0,61403,,Niger,,,Telecel Niger ,NERTL,YES,YES,0,telecel_niger__niger,Telecel Niger ,system
621.0,60.0,62160.0,Africa,Nigeria,NG,Emerging Markets Telecommunication Services Ltd.,9mobile,NGAEM,YES,YES,YES,9mobile_nigeria,9mobile,system
621.0,20.0,62120.0,Africa,Nigeria,NG,Bharti Airtel Limited,Airtel,NGAET,YES,YES,YES,airtel_nigeria,Airtel,system
621.0,50.0,62150.0,Africa,Nigeria,NG,Globacom Ltd,Glo,NGAGM,YES,YES,YES,glo_nigeria,Glo,system
621.0,30.0,62130.0,Africa,Nigeria,NG,MTN Nigeria Communications Limited,MTN,NGAMN,YES,YES,YES,mtn_nigeria,MTN,system
621.0,40.0,62140.0,Africa,Nigeria,NG,Nigerian Mobile Telecommunications Limited,Ntel,NGANT,,,YES,ntel_nigeria,Ntel,system
710.0,21.0,71021.0,South and Central America,Nicaragua,NI,"Empresa Nicaragüense de Telecomunicaciones, S.A. (ENITEL) (América Móvil)",Claro,NICEN,YES,YES,YES,claro_nicaragua,Claro,system
710.0,73.0,71073.0,South and Central America,Nicaragua,NI,Servicios de Comunicaciones S.A.,Claro,NICSC,YES,YES,,claro_nicaragua,Claro,system
204.0,20.0,20420.0,Europe,Netherlands,NL,Odido,Odido,NLDDT,YES,YES,YES,odido_netherlands,Odido,system
204.0,4.0,20404.0,Europe,Netherlands,NL,Vodafone Libertel B.V.,Vodafone,NLDLT,YES,,YES,vodafone_netherlands,Vodafone,system
204.0,16.0,20416.0,Europe,Netherlands,NL,Odido,Odido,NLDPN,YES,YES,YES,odido_netherlands,Odido,system
204.0,8.0,20408.0,Europe,Netherlands,NL,KPN Mobile The Netherlands B.V.,KPN,NLDPT,YES,YES,YES,kpn_netherlands,KPN,system
901.0,14.0,90114.0,Worldwide,Worldwide,XX,AeroMobile AS,AeroMobile,NORAM,YES,,,aeromobile_worldwide,AeroMobile,system
901.0,12.0,90112.0,Worldwide,Worldwide,XX,Telenor Maritime AS,Telenor,NORMC,YES,,YES,telenor_worldwide,Telenor,system
242.0,2.0,24202,,Norway,,,Netcom Norway,NORNC,YES,Arrêté,YES,netcom_norway_norway,Netcom Norway,system
242.0,5.0,24205.0,Europe,Norway,NO,Telia Norge AS,Telia,NORNN,YES,YES,,telia_norway,Telia,system
242.0,1.0,24201.0,Europe,Norway,NO,Telenor Norge AS,Telenor,NORTM,YES,YES,YES,telenor_norway,Telenor,system
429.0,2.0,42902.0,Asia and the Middle East,Nepal,NP,Ncell Pvt. Ltd.,Ncell,NPLM2,YES,YES,YES,ncell_nepal,Ncell,system
429.0,1.0,42901.0,Asia and the Middle East,Nepal,NP,Nepal Telecom (NDCL),Namaste / NT Mobile / Sky Phone,NPLNM,YES,YES,YES,namaste_/_nt_mobile_/_sky_phone_nepal,Namaste / NT Mobile / Sky Phone,system
530.0,1.0,53001.0,Oceania,New Zealand,NZ,Vodafone New Zealand,Vodafone,NZLBS,YES,YES,YES,vodafone_new_zealand,Vodafone,system
530.0,24.0,53024.0,Oceania,New Zealand,NZ,2degrees,2degrees,NZLNH,,YES,YES,2degrees_new_zealand,2degrees,system
530.0,5.0,53005.0,Oceania,New Zealand,NZ,Spark New Zealand,Spark,NZLTM,,YES,YES,spark_new_zealand,Spark,system
422.0,2.0,42202.0,Asia and the Middle East,Oman,OM,Oman Telecommunications Company,Omantel,OMNGT,YES,YES,YES,omantel_oman,Omantel,system
422.0,3.0,42203.0,Asia and the Middle East,Oman,OM,Omani Qatari Telecommunications Company SAOC,ooredoo,OMNNT,YES,YES,YES,ooredoo_oman,ooredoo,system
410.0,1.0,41001.0,Asia and the Middle East,Pakistan,PK,Mobilink-PMCL,Jazz,PAKMK,YES,YES,YES,jazz_pakistan,Jazz,system
410.0,4.0,41004,,Pakistan,,,CMPak Limited,PAKPL,YES,YES,YES,cmpak_limited_pakistan,CMPak Limited,system
410.0,6.0,41006.0,Asia and the Middle East,Pakistan,PK,Telenor Pakistan,Telenor,PAKTP,YES,YES,YES,telenor_pakistan,Telenor,system
410.0,3.0,41003.0,Asia and the Middle East,Pakistan,PK,Pakistan Telecommunication Mobile Ltd,Ufone,PAKUF,YES,YES,YES,ufone_pakistan,Ufone,system
410.0,7.0,41007.0,Asia and the Middle East,Pakistan,PK,WaridTel,Jazz,PAKWA,YES,YES,YES,jazz_pakistan,Jazz,system
714.0,3.0,71403.0,South and Central America,Panama,PA,América Móvil,Claro,PANCL,YES,YES,YES,claro_panama,Claro,system
714.0,1.0,71401.0,South and Central America,Panama,PA,Cable & Wireless Panama S.A.,Cable & Wireless,PANCW,YES,YES,YES,cable_&_wireless_panama,Cable & Wireless,system
714.0,4.0,71404.0,South and Central America,Panama,PA,Digicel Group,Digicel,PANDC,YES,YES,YES,digicel_panama,Digicel,system
714.0,20.0,714020.0,South and Central America,Panama,PA,Telefónica Móviles de Panama S.A,movistar,PANMS,YES,,YES,movistar_panama,movistar,system
716.0,6.0,71606.0,South and Central America,Peru,PE,Telefónica del Perú S.A.A.,Movistar,PERMO,YES,YES,YES,movistar_peru,Movistar,system
716.0,17.0,71617,,Peru,,,Entel Perú S.A.,PERN3,YES,YES,YES,entel_perú_s.a._peru,Entel Perú S.A.,system
716.0,10.0,71610.0,South and Central America,Peru,PE,América Móvil Perú,Claro,PERTM,YES,YES,YES,claro_peru,Claro,system
716.0,15.0,71615.0,South and Central America,Peru,PE,Viettel Peru S.A.C.,Bitel,PERVG,YES,YES,YES,bitel_peru,Bitel,system
515.0,5.0,51505.0,Oceania,Philippines,PH,Digital Telecommunications Philippines,Sun Cellular,PHLDG,YES,YES,,sun_cellular_philippines,Sun Cellular,system
515.0,2.0,51502.0,Oceania,Philippines,PH,Globe Telecom,Globe,PHLGT,YES,YES,YES,globe_philippines,Globe,system
515.0,3.0,51503.0,Oceania,Philippines,PH,PLDT via Smart Communications,SMART,PHLSR,YES,YES,YES,smart_philippines,SMART,system
537.0,3.0,53703.0,Oceania,Papua New Guinea,PG,Digicel PNG,Digicel,PNGDP,YES,YES,YES,digicel_papua_new_guinea,Digicel,system
537.0,1.0,53701.0,Oceania,Papua New Guinea,PG,Bemobile Limited,bmobile,PNGPM,YES,YES,,bmobile_papua_new_guinea,bmobile,system
260.0,2.0,26002.0,Europe,Poland,PL,T-Mobile Polska S.A.,T-Mobile,POL02,YES,YES,YES,t-mobile_poland,T-Mobile,system
260.0,3.0,26003.0,Europe,Poland,PL,Polska Telefonia Komórkowa Centertel Sp. z o.o.,Orange,POL03,YES,YES,YES,orange_poland,Orange,system
260.0,1.0,26001.0,Europe,Poland,PL,Polkomtel Sp. z o.o.,Plus,POLKM,YES,YES,YES,plus_poland,Plus,system
260.0,6.0,26006.0,Europe,Poland,PL,P4 Sp. z o.o.,Play,POLP4,YES,YES,YES,play_poland,Play,system
330.0,110.0,330110.0,North America and the Caribbean,Puerto Rico,PR,América Móvil,Claro Puerto Rico,PRICL,YES,YES,YES,claro_puerto_rico_puerto_rico,Claro Puerto Rico,system
268.0,3.0,26803.0,Europe,Portugal,PT,NOS Comunicações,NOS,PRTOP,YES,YES,YES,nos_portugal,NOS,system
268.0,1.0,26801.0,Europe,Portugal,PT,Vodafone Portugal,Vodafone,PRTTL,YES,YES,YES,vodafone_portugal,Vodafone,system
268.0,6.0,26806.0,Europe,Portugal,PT,Telecomunicações Móveis Nacionais,MEO,PRTTM,YES,YES,YES,meo_portugal,MEO,system
744.0,2.0,74402.0,South and Central America,Paraguay,PY,AMX Paraguay S.A.,Claro,PRYHT,YES,YES,YES,claro_paraguay,Claro,system
744.0,5.0,74405.0,South and Central America,Paraguay,PY,Núcleo S.A. (TIM),Personal,PRYNP,YES,YES,YES,personal_paraguay,Personal,system
744.0,4.0,74404.0,South and Central America,Paraguay,PY,Telefónica Celular Del Paraguay S.A. (Telecel),Tigo,PRYTC,YES,YES,YES,tigo_paraguay,Tigo,system
744.0,1.0,74401.0,South and Central America,Paraguay,PY,Hola Paraguay S.A.,VOX,PRYVX,YES,YES,YES,vox_paraguay,VOX,system
425.0,5.0,42505.0,Asia and the Middle East,Israel,IL,Palestine Cellular Communications Ltd.,Jawwal,PSEJE,YES,,,jawwal_israel,Jawwal,system
425.0,5.0,42505.0,Asia and the Middle East,Palestine,PS,"Palestine Cellular Communications, Ltd.",Jawwal,PSEJE,YES,,,jawwal_palestine,Jawwal,system
547.0,15.0,54715,,French Polynesia,,,Pacific Mobile Telecom,PYFVF,YES,YES,YES,pacific_mobile_telecom_french_polynesia,Pacific Mobile Telecom,system
427.0,2.0,42702.0,Asia and the Middle East,Qatar,QA,Vodafone Qatar,Vodafone,QATB1,YES,YES,YES,vodafone_qatar,Vodafone,system
427.0,1.0,42701.0,Asia and the Middle East,Qatar,QA,ooredoo,ooredoo,QATQT,YES,YES,YES,ooredoo_qatar,ooredoo,system
226.0,5.0,22605,,Romania,,,DIGI,ROM05,YES,YES,0,digi_romania,DIGI,system
226.0,3.0,22603.0,Europe,Romania,RO,Telekom Romania,Telekom,ROMCS,YES,,YES,telekom_romania,Telekom,system
226.0,1.0,22601.0,Europe,Romania,RO,Vodafone România,Vodafone,ROMMF,YES,YES,YES,vodafone_romania,Vodafone,system
226.0,10.0,22610.0,Europe,Romania,RO,Orange România,Orange,ROMMR,YES,YES,YES,orange_romania,Orange,system
250.0,1.0,25001.0,Europe,Russian Federation,RU,Mobile TeleSystems,MTS,RUS01,YES,YES,YES,mts_russian_federation,MTS,system
250.0,27.0,25027,,Russia,,,Tvoi Mobil'nye Tekhnologii LLC (TMT) Russia,RUS27,YES,Arrêté,YES,tvoi_mobil'nye_tekhnologii_llc_(tmt)_russia_russia,Tvoi Mobil'nye Tekhnologii LLC (TMT) Russia,system
250.0,99.0,25099.0,Europe,Russian Federation,RU,OJSC Vimpel-Communications,Beeline,RUSBD,YES,YES,YES,beeline_russian_federation,Beeline,system
250.0,35.0,25035.0,Europe,Russian Federation,RU,EKATERINBURG-2000,MOTIV,RUSEC,YES,,YES,motiv_russian_federation,MOTIV,system
250.0,2.0,25002.0,Europe,Russian Federation,RU,MegaFon PJSC,MegaFon,RUSNW,YES,YES,YES,megafon_russian_federation,MegaFon,system
250.0,20.0,25020.0,Europe,Russian Federation,RU,Tele2,Tele2,RUST2,YES,YES,YES,tele2_russian_federation,Tele2,system
635.0,14.0,63514.0,Africa,Rwanda,RW,Airtel RWANDA,Airtel,RWAAR,YES,YES,,airtel_rwanda,Airtel,system
635.0,10.0,63510.0,Africa,Rwanda,RW,MTN Rwandacell SARL,MTN,RWAMN,YES,YES,,mtn_rwanda,MTN,system
635.0,13.0,63513.0,Africa,Rwanda,RW,Airtel RWANDA,Airtel,RWATG,YES,YES,,airtel_rwanda,Airtel,system
420.0,1.0,42001.0,Asia and the Middle East,Saudi Arabia,SA,Saudi Telecom Company,Al Jawal (STC ),SAUAJ,YES,YES,YES,al_jawal_(stc_)_saudi_arabia,Al Jawal (STC ),system
420.0,3.0,42003.0,Asia and the Middle East,Saudi Arabia,SA,Etihad Etisalat Company,Mobily,SAUET,YES,YES,YES,mobily_saudi_arabia,Mobily,system
420.0,4.0,42004.0,Asia and the Middle East,Saudi Arabia,SA,Zain Saudi Arabia,Zain SA,SAUZN,YES,YES,YES,zain_sa_saudi_arabia,Zain SA,system
634.0,2.0,63402.0,Africa,Sudan,SD,MTN Sudan,MTN,SDNBT,YES,YES,,mtn_sudan,MTN,system
608.0,1.0,60801,,Senegal,,,Orange Senegal,SENAZ,YES,YES,YES,orange_senegal_senegal,Orange Senegal,system
608.0,3.0,60803.0,Africa,Senegal,SN,Sudatel,Expresso,SENEX,YES,YES,,expresso_senegal,Expresso,system
608.0,2.0,60802.0,Africa,Senegal,SN,Millicom International Cellular S.A.,Tigo,SENSG,YES,YES,YES,tigo_senegal,Tigo,system
525.0,3.0,52503.0,Oceania,Singapore,SG,M1 Limited,M1,SGPM1,,YES,YES,m1_singapore,M1,system
525.0,2.0,52502.0,Oceania,Singapore,SG,Singapore Telecom,SingTel-G18,SGPML,YES,,,singtel-g18_singapore,SingTel-G18,system
525.0,5.0,52505.0,Oceania,Singapore,SG,StarHub Mobile,StarHub,SGPSH,,YES,YES,starhub_singapore,StarHub,system
525.0,1.0,52501.0,Oceania,Singapore,SG,Singapore Telecom,SingTel,SGPST,,YES,YES,singtel_singapore,SingTel,system
619.0,5.0,61905.0,Africa,Sierra Leone,SL,Lintel Sierra Leone Limited,Africell,SLEAC,YES,,,africell_sierra_leone,Africell,system
619.0,1.0,61901.0,Africa,Sierra Leone,SL,Orange SL Limited,Orange,SLECT,YES,YES,YES,orange_sierra_leone,Orange,system
706.0,2.0,70602.0,South and Central America,El Salvador,SV,"Digicel, S.A. de C.V.",Digicel,SLVDC,YES,YES,,digicel_el_salvador,Digicel,system
706.0,3.0,70603.0,South and Central America,El Salvador,SV,Telemovil El Salvador S.A.,Tigo,SLVTM,YES,YES,YES,tigo_el_salvador,Tigo,system
706.0,1.0,70601.0,South and Central America,El Salvador,SV,"CTE Telecom Personal, S.A. de C.V.",Claro,SLVTP,YES,YES,,claro_el_salvador,Claro,system
706.0,4.0,70604.0,South and Central America,El Salvador,SV,Telefónica Móviles El Salvador,movistar,SLVTS,YES,YES,YES,movistar_el_salvador,movistar,system
637.0,1.0,63701.0,Africa,Somalia,SO,Telesom,Telesom,SOM01,YES,YES,YES,telesom_somalia,Telesom,system
220.0,5.0,22005.0,Europe,Serbia,RS,VIP Mobile,VIP,SRBNO,YES,YES,YES,vip_serbia,VIP,system
659.0,2.0,65902.0,Africa,South Sudan,SS,MTN South Sudan,MTN,SSDMN,YES,YES,,mtn_south_sudan,MTN,system
659.0,6.0,65906.0,Africa,South Sudan,SS,Zain South Sudan,Zain,SSDZS,YES,,,zain_south_sudan,Zain,system
626.0,1.0,62601.0,Africa,Sao Tome and Principe,ST,Companhia Santomese de Telecomunicaçôe,CSTmovel,STPST,YES,YES,,cstmovel_sao_tome_and_principe,CSTmovel,system
634.0,1.0,63401.0,Africa,Sudan,SD,Zain Group - Sudan,Zain SD,SUDMO,YES,YES,YES,zain_sd_sudan,Zain SD,system
746.0,3.0,74603.0,South and Central America,Suriname,SR,Digicel Group Limited,Digicel,SURDC,YES,YES,,digicel_suriname,Digicel,system
746.0,2.0,74602.0,South and Central America,Suriname,SR,Telecommunications Company Suriname (Telesur),Telesur,SURTG,YES,YES,YES,telesur_suriname,Telesur,system
231.0,2.0,23102.0,Europe,Slovakia,SK,Slovak Telekom,Telekom,SVKET,YES,YES,YES,telekom_slovakia,Telekom,system
231.0,1.0,23101.0,Europe,Slovakia,SK,Orange Slovensko,Orange,SVKGT,YES,YES,YES,orange_slovakia,Orange,system
231.0,6.0,23106.0,Europe,Slovakia,SK,O2 Slovakia,O2,SVKO2,YES,YES,YES,o2_slovakia,O2,system
293.0,41.0,29341.0,Europe,Slovenia,SI,Telekom Slovenije,Mobitel,SVNMT,YES,YES,YES,mobitel_slovenia,Mobitel,system
293.0,40.0,29340.0,Europe,Slovenia,SI,A1 Slovenija,A1,SVNSM,YES,YES,YES,a1_slovenia,A1,system
293.0,70.0,29370,,Slovenia,,,Telemach Tusmobil d.o.o.,SVNVG,YES,YES,YES,telemach_tusmobil_d.o.o._slovenia,Telemach Tusmobil d.o.o.,system
240.0,42.0,24042,,Sweden,,,Telenor Sweden,SWECN,N.A,N.A,N.A,telenor_sweden_sweden,Telenor Sweden,system
240.0,8.0,24008.0,Europe,Sweden,SE,Telenor Sverige AB,Telenor,SWEEP,YES,,,telenor_sweden,Telenor,system
240.0,2.0,24002.0,Europe,Sweden,SE,HI3G Access AB,3,SWEHU,,YES,YES,3_sweden,3,system
240.0,7.0,24007.0,Europe,Sweden,SE,Tele2 Sverige AB,Tele2,SWEIQ,,YES,YES,tele2_sweden,Tele2,system
240.0,10.0,24010,,Sweden,,,Tele2 Sweden,SWESM,0,0,0,tele2_sweden_sweden,Tele2 Sweden,system
240.0,6.0,24006,,Sweden,,,Telenor Sweden,SWETG,N.A,N.A,N.A,telenor_sweden_sweden,Telenor Sweden,system
240.0,1.0,24001.0,Europe,Sweden,SE,Telia Sverige AB,Telia,SWETR,YES,YES,YES,telia_sweden,Telia,system
653.0,10.0,65310.0,Africa,Swaziland,SZ,Swazi MTN Limited,Swazi MTN,SWZMN,YES,,YES,swazi_mtn_swaziland,Swazi MTN,system
633.0,10.0,63310.0,Africa,Seychelles,SC,Telecom Seychelles Ltd,Airtel,SYCAT,YES,YES,YES,airtel_seychelles,Airtel,system
633.0,1.0,63301.0,Africa,Seychelles,SC,Cable & Wireless Seychelles,Cable & Wireless,SYCCW,YES,YES,,cable_&_wireless_seychelles,Cable & Wireless,system
417.0,2.0,41702.0,Asia and the Middle East,Syria,SY,MTN Syria,MTN,SYRSP,YES,YES,YES,mtn_syria,MTN,system
376.0,350.0,376350.0,North America and the Caribbean,Turks and Caicos Islands,TC,Cable & Wireless West Indies Ltd (Turks & Caicos),FLOW,TCACW,YES,YES,YES,flow_turks_and_caicos_islands,FLOW,system
622.0,1.0,62201.0,Africa,Chad,TD,Bharti Airtel SA,Airtel,TCDCT,YES,YES,YES,airtel_chad,Airtel,system
622.0,3.0,62203.0,Africa,Chad,TD,Millicom,Tigo,TCDML,YES,YES,YES,tigo_chad,Tigo,system
615.0,1.0,61501.0,Africa,Togo,TG,Togo Telecom,Togo Cell,TGOTC,YES,,YES,togo_cell_togo,Togo Cell,system
615.0,3.0,61503.0,Africa,Togo,TG,Moov Togo,Moov,TGOTL,YES,,YES,moov_togo,Moov,system
520.0,4.0,52004.0,Oceania,Thailand,TH,True Move H Universal Communication Company Ltd.,TrueMove H,THACA,,YES,YES,truemove_h_thailand,TrueMove H,system
520.0,99.0,52099.0,Oceania,Thailand,TH,True Corporation,TrueMove,THACO,YES,,,truemove_thailand,TrueMove,system
520.0,0.0,52000.0,Oceania,Thailand,TH,CAT Telecom,TrueMove H / my by CAT,THACT,,YES,,truemove_h_/_my_by_cat_thailand,TrueMove H / my by CAT,system
520.0,5.0,52005.0,Oceania,Thailand,TH,DTAC TriNet Company Ltd.,dtac TriNet / LINE,THADT,,YES,YES,dtac_trinet_/_line_thailand,dtac TriNet / LINE,system
520.0,3.0,52003.0,Oceania,Thailand,TH,Advanced Wireless Network Company Ltd.,AIS,THAWN,,YES,YES,ais_thailand,AIS,system
520.0,18.0,52018.0,Oceania,Thailand,TH,Total Access Communications Public Company Ltd.,dtac,THAWP,YES,,,dtac_thailand,dtac,system
436.0,5.0,43605.0,Asia and the Middle East,Tajikistan,TJ,Tacom,ZET-Mobile,TJK91,YES,YES,YES,zet-mobile_tajikistan,ZET-Mobile,system
514.0,3.0,51403.0,Oceania,East Timor,TL,Viettel Timor-Leste,Telemor,TLSVG,YES,YES,YES,telemor_east_timor,Telemor,system
539.0,88.0,53988.0,Oceania,Tonga,TO,Digicel (Tonga) Limited,Digicel,TONDP,YES,,YES,digicel_tonga,Digicel,system
374.0,130.0,374130.0,North America and the Caribbean,Trinidad and Tobago,TT,Digicel (Trinidad & Tobago) Limited,Digicel,TTODL,YES,YES,YES,digicel_trinidad_and_tobago,Digicel,system
605.0,1.0,60501.0,Africa,Tunisia,TN,Orange Tunisie,Orange,TUNOR,YES,YES,YES,orange_tunisia,Orange,system
605.0,3.0,60503.0,Africa,Tunisia,TN,ooredoo Tunisiana,OOREDOO TN,TUNTA,YES,YES,YES,ooredoo_tn_tunisia,OOREDOO TN,system
605.0,2.0,60502.0,Africa,Tunisia,TN,Tunisie Telecom,Tunicell,TUNTT,YES,YES,YES,tunicell_tunisia,Tunicell,system
286.0,4.0,28604.0,Europe,Turkey,TR,Aycell,Aycell,TURAC,YES,,,aycell_turkey,Aycell,system
286.0,3.0,28603.0,Europe,Turkey,TR,Türk Telekom,Türk Telekom,TURIS,YES,YES,YES,türk_telekom_turkey,Türk Telekom,system
286.0,1.0,28601.0,Europe,Turkey,TR,Turkcell Iletisim Hizmetleri A.S.,Turkcell,TURTC,YES,YES,YES,turkcell_turkey,Turkcell,system
286.0,2.0,28602.0,Europe,Turkey,TR,Vodafone Turkey,Vodafone,TURTS,YES,YES,YES,vodafone_turkey,Vodafone,system
466.0,1.0,46601.0,Asia and the Middle East,Taiwan,TW,Far EasTone Telecommunications Co Ltd,FarEasTone,TWNFE,,YES,YES,fareastone_taiwan,FarEasTone,system
466.0,92.0,46692.0,Asia and the Middle East,Taiwan,TW,Chunghwa Telecom,Chunghwa,TWNLD,,YES,YES,chunghwa_taiwan,Chunghwa,system
466.0,97.0,46697.0,Asia and the Middle East,Taiwan,TW,Taiwan Mobile Co. Ltd,Taiwan Mobile,TWNPC,,YES,YES,taiwan_mobile_taiwan,Taiwan Mobile,system
466.0,89.0,46689.0,Asia and the Middle East,Taiwan,TW,Taiwan Star Telecom,T Star,TWNTG,,YES,YES,t_star_taiwan,T Star,system
640.0,5.0,64005.0,Africa,Tanzania,TZ,Bharti Airtel,Airtel,TZACT,YES,YES,YES,airtel_tanzania,Airtel,system
640.0,2.0,64002.0,Africa,Tanzania,TZ,MIC Tanzania Limited,tiGO,TZAMB,YES,YES,YES,tigo_tanzania,tiGO,system
640.0,4.0,64004.0,Africa,Tanzania,TZ,Vodacom Tanzania Limited,Vodacom,TZAVC,YES,YES,YES,vodacom_tanzania,Vodacom,system
640.0,9.0,64009.0,Africa,Tanzania,TZ,Viettel Tanzania Limited,Halotel,TZAVG,YES,YES,,halotel_tanzania,Halotel,system
640.0,8.0,64008.0,Africa,Tanzania,TZ,Benson Informatics Limited,Smart,TZAYA,,,YES,smart_tanzania,Smart,system
640.0,3.0,64003.0,Africa,Tanzania,TZ,Zanzibar Telecom Ltd,Zantel,TZAZN,YES,YES,YES,zantel_tanzania,Zantel,system
641.0,1.0,64101.0,Africa,Uganda,UG,Bharti Airtel,Airtel,UGACE,YES,YES,,airtel_uganda,Airtel,system
641.0,10.0,64110.0,Africa,Uganda,UG,MTN Uganda,MTN,UGAMN,YES,YES,YES,mtn_uganda,MTN,system
641.0,14.0,64114.0,Africa,Uganda,UG,Africell Uganda,Africell,UGAOR,YES,YES,YES,africell_uganda,Africell,system
641.0,18.0,64118.0,Africa,Uganda,UG,Suretelecom Uganda Ltd.,Smart,UGASU,YES,YES,,smart_uganda,Smart,system
641.0,11.0,64111.0,Africa,Uganda,UG,Uganda Telecom Ltd.,Uganda Telecom,UGATL,YES,YES,,uganda_telecom_uganda,Uganda Telecom,system
641.0,22.0,64122.0,Africa,Uganda,UG,Bharti Airtel,Airtel,UGAWT,YES,YES,,airtel_uganda,Airtel,system
255.0,6.0,25506.0,Europe,Ukraine,UA,lifecell LLC,lifecell,UKRAS,YES,YES,YES,lifecell_ukraine,lifecell,system
255.0,3.0,25503.0,Europe,Ukraine,UA,"PRJSC ""Kyivstar""",Kyivstar,UKRKS,YES,YES,YES,kyivstar_ukraine,Kyivstar,system
255.0,2.0,25502.0,Europe,Ukraine,UA,"PRJSC ""Kyivstar""",Kyivstar,UKRRS,YES,YES,YES,kyivstar_ukraine,Kyivstar,system
255.0,1.0,25501.0,Europe,Ukraine,UA,"PRJSC ""VF Ukraine""",Vodafone,UKRUM,YES,YES,YES,vodafone_ukraine,Vodafone,system
255.0,7.0,25507.0,Europe,Ukraine,UA,Trimob LLC,3Mob; Lycamobile,UKRUT,,YES,,3mob;_lycamobile_ukraine,3Mob; Lycamobile,system
748.0,10.0,74810.0,South and Central America,Uruguay,UY,AM Wireless Uruguay S.A.,Claro,URYAM,YES,YES,YES,claro_uruguay,Claro,system
748.0,7.0,74807.0,South and Central America,Uruguay,UY,Telefónica Móviles Uruguay,Movistar,URYTM,YES,YES,YES,movistar_uruguay,Movistar,system
310.0,420.0,310420.0,North America and the Caribbean,United States of America,US,Cincinnati Bell Wireless,Cincinnati Bell,USACB,YES,YES,,cincinnati_bell_united_states_of_america,Cincinnati Bell,system
311.0,320.0,311320.0,North America and the Caribbean,United States of America,US,Commnet Wireless,Choice Wireless,USACD,YES,YES,,choice_wireless_united_states_of_america,Choice Wireless,system
310.0,410.0,310410.0,North America and the Caribbean,United States of America,US,AT&T Mobility,AT&T,USACG,YES,YES,,at&t_united_states_of_america,AT&T,system
310.0,450.0,310450.0,North America and the Caribbean,United States of America,US,Viaero Wireless,Viaero,USACI,YES,YES,,viaero_united_states_of_america,Viaero,system
311.0,40.0,311040.0,North America and the Caribbean,United States of America,US,Commnet Wireless,Choice Wireless,USACO,YES,YES,,choice_wireless_united_states_of_america,Choice Wireless,system
310.0,690.0,310690.0,North America and the Caribbean,United States of America,US,"Limitless Mobile, LLC",Limitless Mobile,USACW,YES,,YES,limitless_mobile_united_states_of_america,Limitless Mobile,system
311.0,370.0,311370.0,North America and the Caribbean,United States of America,US,General Communication Inc.,GCI Wireless,USAGC,,,YES,gci_wireless_united_states_of_america,GCI Wireless,system
310.0,110.0,310110.0,North America and the Caribbean,Northern Mariana Islands (USA),MP,PTI Pacifica Inc.,IT&E Wireless,USAGU,YES,,YES,it&e_wireless_northern_mariana_islands_(usa),IT&E Wireless,system
310.0,110.0,310110.0,North America and the Caribbean,United States of America,US,PTI Pacifica Inc.,IT&E Wireless,USAGU,YES,,YES,it&e_wireless_united_states_of_america,IT&E Wireless,system
311.0,30.0,311030.0,North America and the Caribbean,United States of America,US,Americell PA 3 Partnership,Indigo Wireless,USAIN,YES,YES,,indigo_wireless_united_states_of_america,Indigo Wireless,system
311.0,530.0,311530,,USA,,,NewCore Wireless ,USANW,YES,YES,0,newcore_wireless__usa,NewCore Wireless ,system
311.0,170.0,311170.0,North America and the Caribbean,United States of America,US,Tampnet,Tampnet,USAPE,YES,,YES,tampnet_united_states_of_america,Tampnet,system
310.0,490.0,310490,,USA,,,T-Mobile USA,USASC,YES,Arrêté,YES,t-mobile_usa_usa,T-Mobile USA,system
310.0,120.0,310120.0,North America and the Caribbean,United States of America,US,Sprint Corporation,Sprint,USASP,,YES,YES,sprint_united_states_of_america,Sprint,system
311.0,580.0,311580.0,North America and the Caribbean,United States of America,US,U.S. Cellular,U.S. Cellular,USAUD,,,YES,u.s._cellular_united_states_of_america,U.S. Cellular,system
310.0,20.0,310020.0,North America and the Caribbean,United States of America,US,Union Telephone Company,Union Wireless,USAUN,YES,YES,,union_wireless_united_states_of_america,Union Wireless,system
311.0,480.0,311480.0,North America and the Caribbean,United States of America,US,Verizon Wireless,Verizon,USAVZ,,,YES,verizon_united_states_of_america,Verizon,system
310.0,260.0,310260.0,North America and the Caribbean,United States of America,US,T-Mobile USA,T-Mobile,USAW6,YES,YES,YES,t-mobile_united_states_of_america,T-Mobile,system
434.0,5.0,43405.0,Asia and the Middle East,Uzbekistan,UZ,Coscom,Ucell,UZB05,YES,YES,YES,ucell_uzbekistan,Ucell,system
434.0,4.0,43404.0,Asia and the Middle East,Uzbekistan,UZ,Unitel LLC,Beeline,UZBDU,YES,YES,YES,beeline_uzbekistan,Beeline,system
360.0,110.0,360110.0,North America and the Caribbean,Saint Vincent and the Grenadines,VC,Cable & Wireless (St. Vincent & the Grenadines) Ltd,FLOW,VCTCW,YES,,,flow_saint_vincent_and_the_grenadines,FLOW,system
734.0,4.0,73404.0,South and Central America,Venezuela,VE,Telefónica Móviles Venezuela,movistar,VENMS,YES,YES,YES,movistar_venezuela,movistar,system
348.0,570.0,348570.0,North America and the Caribbean,British Virgin Islands (UK),VG,Caribbean Cellular Telephone,CCT Boatphone,VGBCC,YES,YES,YES,cct_boatphone_british_virgin_islands_(uk),CCT Boatphone,system
348.0,170.0,348170.0,North America and the Caribbean,British Virgin Islands (UK),VG,Cable & Wireless,FLOW,VGBCW,YES,YES,YES,flow_british_virgin_islands_(uk),FLOW,system
348.0,770.0,348770.0,North America and the Caribbean,British Virgin Islands (UK),VG,Digicel (BVI) Limited,Digicel,VGBDC,YES,YES,YES,digicel_british_virgin_islands_(uk),Digicel,system
452.0,7.0,45207,,Vietnam,,,GTEL Mobile Joint Stock Company (GTEL Mobile),VNMBL,YES,Arrêté,0,gtel_mobile_joint_stock_company_(gtel_mobile)_vietnam,GTEL Mobile Joint Stock Company (GTEL Mobile),system
452.0,1.0,45201.0,Asia and the Middle East,Vietnam,VN,Vietnam Mobile Telecom Services Company,MobiFone,VNMMO,YES,YES,,mobifone_vietnam,MobiFone,system
452.0,2.0,45202.0,Asia and the Middle East,Vietnam,VN,Vietnam Telecom Services Company,Vinaphone,VNMVI,YES,YES,YES,vinaphone_vietnam,Vinaphone,system
452.0,5.0,45205.0,Asia and the Middle East,Vietnam,VN,Hanoi Telecom,Vietnamobile,VNMVM,YES,YES,,vietnamobile_vietnam,Vietnamobile,system
452.0,4.0,45204.0,Asia and the Middle East,Vietnam,VN,Viettel Telecom,Viettel Mobile,VNMVT,YES,YES,YES,viettel_mobile_vietnam,Viettel Mobile,system
541.0,5.0,54105.0,Oceania,Vanuatu,VU,Digicel Vanuatu Ltd,Digicel,VUTDP,YES,YES,YES,digicel_vanuatu,Digicel,system
421.0,1.0,42101.0,Asia and the Middle East,Yemen,YE,,SabaFon,YEMSA,YES,,,sabafon_yemen,SabaFon,system
220.0,1.0,22001.0,Europe,Serbia,RS,Telenor Serbia,Telenor,YUGMT,YES,YES,YES,telenor_serbia,Telenor,system
220.0,3.0,22003,,Serbia,,,Telekom Srbija a.d.,YUGTS,YES,YES,YES,telekom_srbija_a.d._serbia,Telekom Srbija a.d.,system
655.0,7.0,65507.0,Africa,South Africa,ZA,Cell C (Pty) Ltd,Cell C,ZAFCC,YES,YES,YES,cell_c_south_africa,Cell C,system
655.0,2.0,65502.0,Africa,South Africa,ZA,Telkom SA SOC Ltd,Telkom,ZAFJT,YES,YES,YES,telkom_south_africa,Telkom,system
655.0,10.0,65510.0,Africa,South Africa,ZA,MTN Group,MTN,ZAFMN,YES,YES,YES,mtn_south_africa,MTN,system
655.0,2.0,65502,,South Africa,,,Telkom South Africa ,ZAFTM,YES,YES,YES,telkom_south_africa__south_africa,Telkom South Africa ,system
655.0,1.0,65501.0,Africa,South Africa,ZA,Vodacom,Vodacom,ZAFVC,YES,YES,YES,vodacom_south_africa,Vodacom,system
645.0,2.0,64502,,Zambia,,,MTN (Zambia) Ltd,ZMB02,YES,YES,0,mtn_(zambia)_ltd_zambia,MTN (Zambia) Ltd,system
645.0,1.0,64501.0,Africa,Zambia,ZM,Bharti Airtel,Airtel,ZMBCE,YES,YES,YES,airtel_zambia,Airtel,system
645.0,3.0,64503.0,Africa,Zambia,ZM,Zambia Telecommunications Company Ltd,ZAMTEL,ZMBCZ,YES,YES,YES,zamtel_zambia,ZAMTEL,system
648.0,4.0,64804.0,Africa,Zimbabwe,ZW,Econet Wireless,Econet,ZWEET,YES,YES,YES,econet_zimbabwe,Econet,system
648.0,3.0,64803.0,Africa,Zimbabwe,ZW,Telecel Zimbabwe (PVT) Ltd,Telecel,ZWEN3,YES,,,telecel_zimbabwe,Telecel,system
632.0,3.0,63203.0,Africa,Guinea-Bissau,GW,,Orange,,YES,YES,YES,orange_guinea-bissau,Orange,system
418.0,8.0,41808.0,Asia and the Middle East,Iraq,IQ,,SanaTel,,YES,,,sanatel_iraq,SanaTel,system
222.0,77.0,22277.0,Europe,Italy,IT,,IPSE 2000,,,YES,,ipse_2000_italy,IPSE 2000,system
401.0,8.0,40108.0,Asia and the Middle East,Kazakhstan,KZ,,Kazakhtelecom,,,YES,,kazakhtelecom_kazakhstan,Kazakhtelecom,system
250.0,12.0,25012.0,Europe,Russian Federation,RU,,Akos,,YES,,,akos_russian_federation,Akos,system
250.0,18.0,25018.0,Europe,Russian Federation,RU,,Osnova Telecom,,,,YES,osnova_telecom_russian_federation,Osnova Telecom,system
360.0,100.0,360100.0,North America and the Caribbean,Saint Vincent and the Grenadines,VC,,Cingular Wireless,,YES,,,cingular_wireless_saint_vincent_and_the_grenadines,Cingular Wireless,system
310.0,660.0,310660.0,North America and the Caribbean,United States of America,US,,T-Mobile,,YES,,,t-mobile_united_states_of_america,T-Mobile,system
240.0,4.0,24004.0,Europe,Sweden,SE,3G Infrastructure Services AB,SWEDEN,,,YES,,sweden_sweden,SWEDEN,system
228.0,50.0,22850.0,Europe,Switzerland,CH,3G Mobile AG,3G Mobile AG,,,YES,,3g_mobile_ag_switzerland,3G Mobile AG,system
240.0,16.0,24016.0,Europe,Sweden,SE,42 Telecom AB,42 Telecom AB,,YES,,,42_telecom_ab_sweden,42 Telecom AB,system
313.0,100.0,313100.0,North America and the Caribbean,United States of America,US,700 MHz Public Safety Broadband,FirstNet,,,,YES,firstnet_united_states_of_america,FirstNet,system
313.0,110.0,313110.0,North America and the Caribbean,United States of America,US,700 MHz Public Safety Broadband,FirstNet,,,,YES,firstnet_united_states_of_america,FirstNet,system
289.0,88.0,28988.0,Europe,Abkhazia,GE,A-Mobile LLSC,A-Mobile,,YES,YES,YES,a-mobile_abkhazia,A-Mobile,system
302.0,420.0,302420.0,North America and the Caribbean,Canada,CA,A.B.C. Allen Business Communications Ltd.,ABC,,,,YES,abc_canada,ABC,system
312.0,500.0,312500.0,North America and the Caribbean,United States of America,US,AB Spectrum LLC,AB Spectrum LLC,,,,YES,ab_spectrum_llc_united_states_of_america,AB Spectrum LLC,system
650.0,2.0,65002.0,Africa,Malawi,MW,Access Communications Ltd,Access,,YES,,YES,access_malawi,Access,system
541.0,0.0,54100.0,Oceania,Vanuatu,VU,ACeS International (AIL),AIL,,YES,,,ail_vanuatu,AIL,system
312.0,70.0,312070.0,North America and the Caribbean,United States of America,US,Adams Networks Inc,Adams Networks Inc,,,,YES,adams_networks_inc_united_states_of_america,Adams Networks Inc,system
748.0,1.0,74801.0,South and Central America,Uruguay,UY,Administración Nacional de Telecomunicaciones,Antel,,YES,YES,YES,antel_uruguay,Antel,system
214.0,51.0,21451.0,Europe,Spain,ES,Administrador de Infraestructuras Ferroviarias,ADIF,,YES,,,adif_spain,ADIF,system
520.0,1.0,52001.0,Oceania,Thailand,TH,Advanced Info Service,AIS,,YES,YES,,ais_thailand,AIS,system
310.0,880.0,310880.0,North America and the Caribbean,United States of America,US,"Advantage Cellular Systems, Inc.",DTC Wireless,,,,YES,dtc_wireless_united_states_of_america,DTC Wireless,system
260.0,15.0,26015.0,Europe,Poland,PL,Aero 2 Sp. z o.o.,Aero2,,,,YES,aero2_poland,Aero2,system
260.0,16.0,26016.0,Europe,Poland,PL,Aero 2 Sp. z o.o.,Aero2,,,,YES,aero2_poland,Aero2,system
260.0,17.0,26017.0,Europe,Poland,PL,Aero 2 Sp. z o.o.,Aero2,,,YES,YES,aero2_poland,Aero2,system
412.0,80.0,41280.0,Asia and the Middle East,Afghanistan,AF,Afghan Telecom,Salaam,,YES,YES,,salaam_afghanistan,Salaam,system
412.0,88.0,41288.0,Asia and the Middle East,Afghanistan,AF,Afghan Telecom,Salaam,,YES,YES,,salaam_afghanistan,Salaam,system
641.0,6.0,64106.0,Africa,Uganda,UG,Afrimax Uganda,Vodafone,,,,YES,vodafone_uganda,Vodafone,system
310.0,630.0,310630.0,North America and the Caribbean,United States of America,US,Agri-Valley Communications,miSpot,,,,YES,mispot_united_states_of_america,miSpot,system
612.0,7.0,61207.0,Africa,Ivory Coast,CI,Aircomm,café,,YES,,,café_ivory_coast,café,system
214.0,34.0,21434.0,Europe,Spain,ES,"Aire Networks del Mediterráneo, S.L.U.","Aire Networks del Mediterráneo, S.L.U.",,,,YES,"aire_networks_del_mediterráneo,_s.l.u._spain","Aire Networks del Mediterráneo, S.L.U.",system
310.0,190.0,310190.0,North America and the Caribbean,United States of America,US,Alaska Communications,GCI,,YES,,,gci_united_states_of_america,GCI,system
437.0,5.0,43705.0,Asia and the Middle East,Kyrgyzstan,KG,Alfa Telecom CJSC,MegaCom,,YES,YES,YES,megacom_kyrgyzstan,MegaCom,system
724.0,32.0,72432.0,South and Central America,Brazil,BR,Algar Telecom S.A.,Algar Telecom,,YES,YES,YES,algar_telecom_brazil,Algar Telecom,system
724.0,33.0,72433.0,South and Central America,Brazil,BR,Algar Telecom S.A.,Algar Telecom,,YES,YES,YES,algar_telecom_brazil,Algar Telecom,system
603.0,7.0,60307.0,Africa,Algeria,DZ,Algérie Télécom,AT,,YES,,,at_algeria,AT,system
603.0,9.0,60309.0,Africa,Algeria,DZ,Algérie Télécom,AT,,,,YES,at_algeria,AT,system
610.0,3.0,61003.0,Africa,Mali,ML,Alpha Telecommunication Mali S.A.,Telecel,,YES,YES,,telecel_mali,Telecel,system
214.0,2.0,21402.0,Europe,Spain,ES,Alta Tecnologia en Comunicacions SL,Altecom/Fibracat,,,,YES,altecom/fibracat_spain,Altecom/Fibracat,system
401.0,7.0,40107.0,Asia and the Middle East,Kazakhstan,KZ,Altel,Altel,,YES,YES,YES,altel_kazakhstan,Altel,system
208.0,9.0,20809.0,Europe,France,FR,Altice,SFR,,YES,YES,YES,sfr_france,SFR,system
208.0,11.0,20811.0,Europe,France,FR,Altice,SFR,,,YES,,sfr_france,SFR,system
208.0,13.0,20813.0,Europe,France,FR,Altice,SFR,,YES,YES,,sfr_france,SFR,system
370.0,1.0,37001.0,North America and the Caribbean,Dominican Republic,DO,Altice Group,Altice,,YES,YES,YES,altice_dominican_republic,Altice,system
370.0,3.0,37003.0,North America and the Caribbean,Dominican Republic,DO,Altice Group,Altice,,YES,,,altice_dominican_republic,Altice,system
438.0,2.0,43802.0,Asia and the Middle East,Turkmenistan,TM,Altyn Asyr,TM-Cell,,YES,YES,YES,tm-cell_turkmenistan,TM-Cell,system
545.0,9.0,54509.0,Oceania,Kiribati,KI,Amalgamated Telecom Holdings Kiribati Limited,Kiribati - Frigate Net,,YES,,,kiribati_-_frigate_net_kiribati,Kiribati - Frigate Net,system
414.0,20.0,41420.0,Asia and the Middle East,Myanmar,MM,"Amara Communication Co., Ltd",ACS,,,,YES,acs_myanmar,ACS,system
414.0,21.0,41421.0,Asia and the Middle East,Myanmar,MM,"Amara Communication Co., Ltd",ACS,,,,YES,acs_myanmar,ACS,system
466.0,12.0,46612.0,Asia and the Middle East,Taiwan,TW,Ambit Microsystems,Ambit Microsystems,,,,YES,ambit_microsystems_taiwan,Ambit Microsystems,system
302.0,300.0,302300.0,North America and the Caribbean,Canada,CA,Ambra Solutions,ECOTEL,,,,YES,ecotel_canada,ECOTEL,system
302.0,310.0,302310.0,North America and the Caribbean,Canada,CA,Ambra Solutions,ECOTEL,,,,YES,ecotel_canada,ECOTEL,system
311.0,780.0,311780.0,North America and the Caribbean,American Samoa (USA),AS,American Samoa Telecommunications,ASTCA,,,,YES,astca_american_samoa_(usa),ASTCA,system
311.0,780.0,311780.0,North America and the Caribbean,United States of America,US,American Samoa Telecommunications Authority,ASTCA,,,,YES,astca_united_states_of_america,ASTCA,system
722.0,320.0,722320.0,South and Central America,Argentina,AR,AMX Argentina S.A.,Claro,,YES,YES,YES,claro_argentina,Claro,system
722.0,330.0,722330.0,South and Central America,Argentina,AR,AMX Argentina S.A.,Claro,,YES,YES,YES,claro_argentina,Claro,system
404.0,79.0,40479.0,Asia and the Middle East,India,IN,Andaman Nicobar,cellone,,YES,YES,,cellone_india,cellone,system
404.0,13.0,40413.0,Asia and the Middle East,India,IN,Andhra Pradesh and Telangana,Vodafone India,,YES,,,vodafone_india_india,Vodafone India,system
404.0,73.0,40473.0,Asia and the Middle East,India,IN,Andhra Pradesh and Telangana,cellone,,YES,YES,,cellone_india,cellone,system
405.0,1.0,40501.0,Asia and the Middle East,India,IN,Andhra Pradesh and Telangana,Reliance,,YES,,,reliance_india,Reliance,system
405.0,819.0,405819.0,Asia and the Middle East,India,IN,Andhra Pradesh and Telangana,Uninor,,YES,,,uninor_india,Uninor,system
405.0,908.0,405908.0,Asia and the Middle East,India,IN,Andhra Pradesh and Telangana,IDEA,,YES,,,idea_india,IDEA,system
405.0,912.0,405912.0,Asia and the Middle East,India,IN,Andhra Pradesh and Telangana,Etisalat DB(cheers),,YES,,,etisalat_db(cheers)_india,Etisalat DB(cheers),system
603.0,21.0,60321.0,Africa,Algeria,DZ,Anesrif,ANESRIF,,YES,,,anesrif_algeria,ANESRIF,system
344.0,30.0,344030.0,North America and the Caribbean,Antigua and Barbuda,AG,Antigua Public Utilities Authority,APUA,,YES,,,apua_antigua_and_barbuda,APUA,system
344.0,50.0,344050.0,North America and the Caribbean,Antigua and Barbuda,AG,Antigua Wireless Ventures Limited,Digicel,,YES,YES,YES,digicel_antigua_and_barbuda,Digicel,system
362.0,76.0,36276.0,North America and the Caribbean,Former Netherlands Antilles,BQ/CW/SX,Antiliano Por N.V.,Digicel,,YES,YES,YES,digicel_former_netherlands_antilles,Digicel,system
289.0,67.0,28967.0,Europe,Abkhazia,GE,Aquafon JSC,Aquafon,,YES,YES,YES,aquafon_abkhazia,Aquafon,system
310.0,710.0,310710.0,North America and the Caribbean,United States of America,US,Arctic Slope Telephone Association Cooperative,ASTAC,,,YES,YES,astac_united_states_of_america,ASTAC,system
232.0,92.0,23292.0,Europe,Austria,AT,ArgoNET GmbH,ArgoNET,,,,YES,argonet_austria,ArgoNET,system
418.0,0.0,41800.0,Asia and the Middle East,Iraq,IQ,Asia Cell Telecommunications Company,Asia Cell,,YES,,,asia_cell_iraq,Asia Cell,system
466.0,5.0,46605.0,Asia and the Middle East,Taiwan,TW,Asia Pacific Telecom,APTG,,,,YES,aptg_taiwan,APTG,system
404.0,9.0,40409.0,Asia and the Middle East,India,IN,Assam,Reliance,,YES,,,reliance_india,Reliance,system
404.0,38.0,40438.0,Asia and the Middle East,India,IN,Assam,cellone,,YES,YES,,cellone_india,cellone,system
405.0,26.0,405026.0,Asia and the Middle East,India,IN,Assam,TATA DOCOMO,,YES,,,tata_docomo_india,TATA DOCOMO,system
405.0,751.0,405751.0,Asia and the Middle East,India,IN,Assam,Vodafone India,,YES,,,vodafone_india_india,Vodafone India,system
405.0,824.0,405824.0,Asia and the Middle East,India,IN,Assam,Videocon Datacom,,YES,,,videocon_datacom_india,Videocon Datacom,system
405.0,845.0,405845.0,Asia and the Middle East,India,IN,Assam,IDEA,,YES,,,idea_india,IDEA,system
405.0,875.0,405875.0,Asia and the Middle East,India,IN,Assam,Uninor,,YES,,,uninor_india,Uninor,system
405.0,881.0,405881.0,Asia and the Middle East,India,IN,Assam,S Tel,,YES,,,s_tel_india,S Tel,system
208.0,92.0,20892.0,Europe,France,FR,Association Plate-forme Télécom,Com4Innov,,,,YES,com4innov_france,Com4Innov,system
438.0,3.0,43803.0,Asia and the Middle East,Turkmenistan,TM,AŞTU,AGTS CDMA,,YES,,,agts_cdma_turkmenistan,AGTS CDMA,system
334.0,40.0,334040.0,North America and the Caribbean,Mexico,MX,AT&T Mexico,Unefon,,,YES,,unefon_mexico,Unefon,system
310.0,16.0,310016.0,North America and the Caribbean,United States of America,US,AT&T Mobility,AT&T,,,YES,,at&t_united_states_of_america,AT&T,system
310.0,30.0,310030.0,North America and the Caribbean,United States of America,US,AT&T Mobility,AT&T,,YES,,,at&t_united_states_of_america,AT&T,system
310.0,70.0,310070.0,North America and the Caribbean,United States of America,US,AT&T Mobility,AT&T,,YES,,,at&t_united_states_of_america,AT&T,system
310.0,80.0,310080.0,North America and the Caribbean,United States of America,US,AT&T Mobility,AT&T,,YES,,,at&t_united_states_of_america,AT&T,system
310.0,90.0,310090.0,North America and the Caribbean,United States of America,US,AT&T Mobility,AT&T,,YES,,,at&t_united_states_of_america,AT&T,system
310.0,150.0,310150.0,North America and the Caribbean,United States of America,US,AT&T Mobility,AT&T,,YES,YES,,at&t_united_states_of_america,AT&T,system
310.0,170.0,310170.0,North America and the Caribbean,United States of America,US,AT&T Mobility,AT&T,,YES,,,at&t_united_states_of_america,AT&T,system
310.0,280.0,310280.0,North America and the Caribbean,United States of America,US,AT&T Mobility,AT&T,,YES,,,at&t_united_states_of_america,AT&T,system
310.0,380.0,310380.0,North America and the Caribbean,United States of America,US,AT&T Mobility,AT&T,,YES,YES,,at&t_united_states_of_america,AT&T,system
310.0,560.0,310560.0,North America and the Caribbean,United States of America,US,AT&T Mobility,AT&T,,YES,,,at&t_united_states_of_america,AT&T,system
310.0,680.0,310680.0,North America and the Caribbean,United States of America,US,AT&T Mobility,AT&T,,YES,,,at&t_united_states_of_america,AT&T,system
310.0,950.0,310950.0,North America and the Caribbean,United States of America,US,AT&T Mobility,AT&T,,YES,,,at&t_united_states_of_america,AT&T,system
311.0,70.0,311070.0,North America and the Caribbean,United States of America,US,AT&T Mobility,AT&T,,YES,,,at&t_united_states_of_america,AT&T,system
311.0,90.0,311090.0,North America and the Caribbean,United States of America,US,AT&T Mobility,AT&T,,YES,,,at&t_united_states_of_america,AT&T,system
311.0,180.0,311180.0,North America and the Caribbean,United States of America,US,AT&T Mobility,AT&T,,YES,YES,,at&t_united_states_of_america,AT&T,system
614.0,3.0,61403.0,Africa,Niger,NE,Atlantique Telecom (subsidiary of Etisalat),Moov,,YES,,,moov_niger,Moov,system
623.0,1.0,62301.0,Africa,Central African Republic,CF,Atlantique Telecom Centrafrique SA,Moov,,YES,,,moov_central_african_republic,Moov,system
732.0,130.0,732130.0,South and Central America,Colombia,CO,Avantel S.A.S,AVANTEL,,,YES,YES,avantel_colombia,AVANTEL,system
470.0,2.0,47002.0,Asia and the Middle East,Bangladesh,BD,Axiata Bangladesh Ltd.,Robi,,YES,YES,YES,robi_bangladesh,Robi,system
901.0,36.0,90136.0,Worldwide,Worldwide,XX,Azerfon,Azerfon,,YES,,,azerfon_worldwide,Azerfon,system
623.0,4.0,62304.0,Africa,Central African Republic,CF,Azur RCA,Azur,,YES,YES,,azur_central_african_republic,Azur,system
402.0,11.0,40211.0,Asia and the Middle East,Bhutan,BT,B-Mobile / Bhutan Telecom Ltd.,B-Mobile,,YES,YES,YES,b-mobile_bhutan,B-Mobile,system
436.0,4.0,43604.0,Asia and the Middle East,Tajikistan,TJ,Babilon-Mobile,Babilon-M,,YES,YES,YES,babilon-m_tajikistan,Babilon-M,system
436.0,10.0,43610.0,Asia and the Middle East,Tajikistan,TJ,Babilon-T,Babilon-T,,,,YES,babilon-t_tajikistan,Babilon-T,system
238.0,23.0,23823.0,Europe,Denmark,DK,Banedanmark,GSM-R DK,,YES,,,gsm-r_dk_denmark,GSM-R DK,system
470.0,9.0,47009.0,Asia and the Middle East,Bangladesh,BD,Bangladesh Internet Exchange Limited (BIEL),ollo,,,,YES,ollo_bangladesh,ollo,system
470.0,10.0,47010.0,Asia and the Middle East,Bangladesh,BD,Banglalion Communications Ltd.,Banglalion,,,,YES,banglalion_bangladesh,Banglalion,system
250.0,12.0,25012.0,Europe,Russian Federation,RU,Baykal Westcom / New Telephone Company / Far Eastern Cellular,Baykalwestcom,,YES,YES,,baykalwestcom_russian_federation,Baykalwestcom,system
302.0,652.0,302652.0,North America and the Caribbean,Canada,CA,BC Tel Mobility (Telus),BC Tel Mobility (Telus),,,YES,,bc_tel_mobility_(telus)_canada,BC Tel Mobility (Telus),system
901.0,13.0,90113.0,Worldwide,Worldwide,XX,BebbiCell AG,GSM.AQ,,YES,,,gsm.aq_worldwide,GSM.AQ,system
250.0,28.0,25028.0,Europe,Russian Federation,RU,Beeline,Beeline,,YES,,,beeline_russian_federation,Beeline,system
257.0,4.0,25704.0,Europe,Belarus,BY,Belarusian Telecommunications Network,life:),,YES,YES,,life:)_belarus,life:),system
257.0,3.0,25703.0,Europe,Belarus,BY,BelCel,DIALLOG,,YES,,,diallog_belarus,DIALLOG,system
616.0,4.0,61604.0,Africa,Benin,BJ,Bell Benin Communications,BBCOM,,YES,,,bbcom_benin,BBCOM,system
302.0,640.0,302640.0,North America and the Caribbean,Canada,CA,Bell Mobility,Bell,,YES,,,bell_canada,Bell,system
302.0,690.0,302690.0,North America and the Caribbean,Canada,CA,Bell Mobility,Bell,,,YES,,bell_canada,Bell,system
302.0,655.0,302655.0,North America and the Caribbean,Canada,CA,Bell MTS,MTS,,YES,,,mts_canada,MTS,system
302.0,660.0,302660.0,North America and the Caribbean,Canada,CA,Bell MTS,MTS,,,YES,YES,mts_canada,MTS,system
732.0,102.0,732102.0,South and Central America,Colombia,CO,Bellsouth Colombia,Bellsouth Colombia,,YES,,,bellsouth_colombia_colombia,Bellsouth Colombia,system
257.0,6.0,25706.0,Europe,Belarus,BY,Belorussian Cloud Technologies,beCloud,,,,YES,becloud_belarus,beCloud,system
311.0,570.0,311570.0,North America and the Caribbean,United States of America,US,Bend Cable Communications LLC,BendBroadband,,,YES,YES,bendbroadband_united_states_of_america,BendBroadband,system
616.0,1.0,61601.0,Africa,Benin,BJ,Benin Telecoms Mobile,Libercom,,YES,,YES,libercom_benin,Libercom,system
350.0,0.0,35000.0,North America and the Caribbean,Bermuda,BM,Bermuda Digital Communications Ltd.,One,,YES,YES,YES,one_bermuda,One,system
470.0,7.0,47007.0,Asia and the Middle East,Bangladesh,BD,Bharti Airtel Bangladesh Ltd.,Airtel,,YES,YES,,airtel_bangladesh,Airtel,system
413.0,5.0,41305.0,Asia and the Middle East,Sri Lanka,LK,Bharti Airtel Lanka (Pvt) Ltd,Airtel,,YES,YES,,airtel_sri_lanka,Airtel,system
311.0,970.0,311970.0,North America and the Caribbean,United States of America,US,"Big River Broadband, LLC",Big River Broadband,,,,YES,big_river_broadband_united_states_of_america,Big River Broadband,system
404.0,75.0,40475.0,Asia and the Middle East,India,IN,Bihar,cellone,,YES,YES,,cellone_india,cellone,system
405.0,3.0,40503.0,Asia and the Middle East,India,IN,Bihar,Reliance,,YES,,,reliance_india,Reliance,system
404.0,36.0,40436.0,Asia and the Middle East,India,IN,Bihar & Jharkhand,Reliance,,YES,,,reliance_india,Reliance,system
405.0,752.0,405752.0,Asia and the Middle East,India,IN,Bihar & Jharkhand,Vodafone India,,YES,,,vodafone_india_india,Vodafone India,system
247.0,5.0,24705.0,Europe,Latvia,LV,Bite Latvija,Bite,,YES,YES,YES,bite_latvia,Bite,system
647.0,1.0,64701.0,Africa,French Indian Ocean Territories (France),YT/RE,BJT Partners,Maoré Mobile,,YES,,YES,maoré_mobile_french_indian_ocean_territories_(france),Maoré Mobile,system
222.0,98.0,22298.0,Europe,Italy,IT,BLU S.p.A.,BLU,,YES,,,blu_italy,BLU,system
620.0,10.0,62010.0,Africa,Ghana,GH,Blu Telecommunications,Blu,,,,YES,blu_ghana,Blu,system
311.0,800.0,311800.0,North America and the Caribbean,United States of America,US,Bluegrass Cellular LLC,Bluegrass Cellular LLC,,,,YES,bluegrass_cellular_llc_united_states_of_america,Bluegrass Cellular LLC,system
311.0,810.0,311810.0,North America and the Caribbean,United States of America,US,Bluegrass Cellular LLC,Bluegrass Cellular LLC,,,,YES,bluegrass_cellular_llc_united_states_of_america,Bluegrass Cellular LLC,system
544.0,11.0,54411.0,Oceania,American Samoa (USA),AS,Bluesky,Bluesky,,YES,YES,YES,bluesky_american_samoa_(usa),Bluesky,system
549.0,27.0,54927.0,Oceania,Samoa,WS,Bluesky Samoa Ltd,Bluesky,,YES,,YES,bluesky_samoa,Bluesky,system
234.0,73.0,23473.0,Europe,United Kingdom,GB,Bluewave Communications Ltd,Bluewave Communications Ltd,,,,YES,bluewave_communications_ltd_united_kingdom,Bluewave Communications Ltd,system
234.0,73.0,23473.0,Europe,Isle of Man (UK),IM,Bluewave Communications Ltd.,Bluewave Communications Ltd.,,,,YES,bluewave_communications_ltd._isle_of_man_(uk),Bluewave Communications Ltd.,system
540.0,2.0,54002.0,Oceania,Solomon Islands,SB,BMobile (SI) Ltd,BeMobile,,YES,YES,,bemobile_solomon_islands,BeMobile,system
208.0,21.0,20821.0,Europe,France,FR,Bouygues Telecom,Bouygues,,YES,YES,,bouygues_france,Bouygues,system
208.0,88.0,20888.0,Europe,France,FR,Bouygues Telecom,Bouygues,,YES,,,bouygues_france,Bouygues,system
302.0,270.0,302270.0,North America and the Caribbean,Canada,CA,Bragg Communications,EastLink,,,YES,YES,eastlink_canada,EastLink,system
312.0,810.0,312810.0,North America and the Caribbean,United States of America,US,Bristol Bay Telephone Cooperative,BBCP,,YES,,YES,bbcp_united_states_of_america,BBCP,system
234.0,0.0,23400.0,Europe,United Kingdom,GB,BT Group,BT,,YES,YES,,bt_united_kingdom,BT,system
234.0,76.0,23476.0,Europe,United Kingdom,GB,BT Group,BT,,YES,,,bt_united_kingdom,BT,system
284.0,3.0,28403.0,Europe,Bulgaria,BG,BTC,Vivacom,,YES,YES,YES,vivacom_bulgaria,Vivacom,system
312.0,570.0,312570.0,North America and the Caribbean,United States of America,US,"Buffalo-Lake Erie Wireless Systems Co., LLC",Blue Wireless,,YES,,YES,blue_wireless_united_states_of_america,Blue Wireless,system
311.0,330.0,311330.0,North America and the Caribbean,United States of America,US,Bug Tussel Wireless LLC,Bug Tussel Wireless,,YES,,YES,bug_tussel_wireless_united_states_of_america,Bug Tussel Wireless,system
284.0,11.0,28411.0,Europe,Bulgaria,BG,Bulsatcom,Bulsatcom,,,,YES,bulsatcom_bulgaria,Bulsatcom,system
620.0,14.0,62014.0,Africa,Ghana,GH,BusyInternet,busy,,,,YES,busy_ghana,busy,system
434.0,1.0,43401.0,Asia and the Middle East,Uzbekistan,UZ,Buztel,Buztel,,YES,,,buztel_uzbekistan,Buztel,system
310.0,900.0,310900.0,North America and the Caribbean,United States of America,US,Cable & Communications Corporation,Mid-Rivers Wireless,,,YES,,mid-rivers_wireless_united_states_of_america,Mid-Rivers Wireless,system
376.0,352.0,376352.0,North America and the Caribbean,Turks and Caicos Islands,TC,Cable & Wireless West Indies Ltd (Turks & Caicos),FLOW,,,YES,,flow_turks_and_caicos_islands,FLOW,system
226.0,19.0,22619.0,Europe,Romania,RO,Căile Ferate Române,CFR,,YES,,,cfr_romania,CFR,system
313.0,300.0,313300.0,North America and the Caribbean,United States of America,US,"Cambio WiFi of Delmarva, LLC","Cambio WiFi of Delmarva, LLC",,,,YES,"cambio_wifi_of_delmarva,_llc_united_states_of_america","Cambio WiFi of Delmarva, LLC",system
456.0,3.0,45603.0,Asia and the Middle East,Cambodia,KH,Cambodia Advance Communications Co. Ltd,qb,,YES,YES,,qb_cambodia,qb,system
624.0,3.0,62403.0,Africa,Cameroon,CM,Camtel,Camtel,,YES,,YES,camtel_cameroon,Camtel,system
634.0,5.0,63405.0,Africa,Sudan,SD,Canar Telecom,canar,,,YES,,canar_sudan,canar,system
621.0,0.0,62100.0,Africa,Nigeria,NG,Capcom,Capcom,,,,YES,capcom_nigeria,Capcom,system
204.0,25.0,20425.0,Europe,Netherlands,NL,CapX B.V.,CapX B.V.,,YES,,,capx_b.v._netherlands,CapX B.V.,system
310.0,130.0,310130.0,North America and the Caribbean,United States of America,US,Carolina West Wireless,Carolina West Wireless,,,YES,,carolina_west_wireless_united_states_of_america,Carolina West Wireless,system
312.0,470.0,312470.0,North America and the Caribbean,United States of America,US,Carolina West Wireless,Carolina West Wireless,,,,YES,carolina_west_wireless_united_states_of_america,Carolina West Wireless,system
520.0,2.0,52002.0,Oceania,Thailand,TH,CAT Telecom,CAT CDMA,,YES,,,cat_cdma_thailand,CAT CDMA,system
400.0,3.0,40003.0,Asia and the Middle East,Azerbaijan,AZ,CATEL,FONEX,,YES,,,fonex_azerbaijan,FONEX,system
611.0,5.0,61105.0,Africa,Guinea,GN,Cellcom,Cellcom,,YES,YES,,cellcom_guinea,Cellcom,system
312.0,270.0,312270.0,North America and the Caribbean,United States of America,US,Cellular Network Partnership,Pioneer Cellular,,,,YES,pioneer_cellular_united_states_of_america,Pioneer Cellular,system
312.0,280.0,312280.0,North America and the Caribbean,United States of America,US,Cellular Network Partnership,Pioneer Cellular,,,,YES,pioneer_cellular_united_states_of_america,Pioneer Cellular,system
311.0,230.0,311230.0,North America and the Caribbean,United States of America,US,Cellular South Inc.,C Spire Wireless,,YES,,YES,c_spire_wireless_united_states_of_america,C Spire Wireless,system
708.0,2.0,708002.0,South and Central America,Honduras,HN,Celtel,Tigo,,YES,YES,YES,tigo_honduras,Tigo,system
312.0,260.0,312260.0,North America and the Caribbean,United States of America,US,Central LTE Holdings,NewCore,,,,YES,newcore_united_states_of_america,NewCore,system
250.0,38.0,25038.0,Europe,Russian Federation,RU,Central Telecommunication Company,Tambov GSM,,YES,,,tambov_gsm_russian_federation,Tambov GSM,system
505.0,23.0,50523.0,Oceania,Australia,AU,Challenge Networks Pty Ltd,Challenge Networks Pty Ltd,,,,YES,challenge_networks_pty_ltd_australia,Challenge Networks Pty Ltd,system
262.0,42.0,26242.0,Europe,Germany,DE,Chaos Computer Club,CCC Event,,YES,,,ccc_event_germany,CCC Event,system
311.0,10.0,311010.0,North America and the Caribbean,United States of America,US,Chariton Valley Communications,Chariton Valley,,,YES,,chariton_valley_united_states_of_america,Chariton Valley,system
312.0,220.0,312220.0,North America and the Caribbean,United States of America,US,"Chariton Valley Communications Corporation, Inc.",Chariton Valley,,,,YES,chariton_valley_united_states_of_america,Chariton Valley,system
404.0,64.0,40464.0,Asia and the Middle East,India,IN,Chennai,cellone,,YES,YES,,cellone_india,cellone,system
404.0,84.0,40484.0,Asia and the Middle East,India,IN,Chennai,Vodafone India,,YES,,,vodafone_india_india,Vodafone India,system
405.0,28.0,405028.0,Asia and the Middle East,India,IN,Chennai,TATA DOCOMO,,YES,,,tata_docomo_india,TATA DOCOMO,system
405.0,4.0,40504.0,Asia and the Middle East,India,IN,Chennai,Reliance,,YES,,,reliance_india,Reliance,system
467.0,5.0,46705.0,Asia and the Middle East,North Korea,KP,Cheo Technology Jv Company,Koryolink,,,YES,,koryolink_north_korea,Koryolink,system
467.0,6.0,46706.0,Asia and the Middle East,North Korea,KP,Cheo Technology Jv Company,Koryolink,,,YES,,koryolink_north_korea,Koryolink,system
410.0,4.0,41004.0,Asia and the Middle East,Pakistan,PK,China Mobile,Zong,,YES,YES,YES,zong_pakistan,Zong,system
460.0,3.0,46003.0,Asia and the Middle East,China,CN,China Telecom,China Telecom,,,YES,YES,china_telecom_china,China Telecom,system
460.0,5.0,46005.0,Asia and the Middle East,China,CN,China Telecom,China Telecom,,,YES,YES,china_telecom_china,China Telecom,system
455.0,2.0,45502.0,Asia and the Middle East,Macau (China),MO,China Telecom (Macau) Company Limited,China Telecom,,YES,,,china_telecom_macau_(china),China Telecom,system
455.0,7.0,45507.0,Asia and the Middle East,Macau (China),MO,China Telecom (Macau) Limitada,China Telecom,,,,YES,china_telecom_macau_(china),China Telecom,system
460.0,20.0,46020.0,Asia and the Middle East,China,CN,China Tietong,China Tietong,,YES,,,china_tietong_china,China Tietong,system
460.0,6.0,46006.0,Asia and the Middle East,China,CN,China Unicom,China Unicom,,YES,YES,,china_unicom_china,China Unicom,system
609.0,2.0,60902.0,Africa,Mauritania,MR,Chinguitel,Chinguitel,,YES,YES,,chinguitel_mauritania,Chinguitel,system
315.0,10.0,315010.0,North America and the Caribbean,United States of America,US,Citizens Broadband Radio Service,CBRS,,,,YES,cbrs_united_states_of_america,CBRS,system
250.0,6.0,25006.0,Europe,Russian Federation,RU,CJSC Saratov System of Cellular Communications,Skylink,,,YES,,skylink_russian_federation,Skylink,system
312.0,310.0,312310.0,North America and the Caribbean,United States of America,US,"Clear Stream Communications, LLC","Clear Stream Communications, LLC",,,,YES,"clear_stream_communications,_llc_united_states_of_america","Clear Stream Communications, LLC",system
234.0,18.0,23418.0,Europe,Isle of Man (UK),IM,Cloud 9 Mobile Communications PLC,Cloud 9 Mobile,,YES,YES,,cloud_9_mobile_isle_of_man_(uk),Cloud 9 Mobile,system
732.0,103.0,732103.0,South and Central America,Colombia,CO,Colombia Móvil S.A. ESP,Tigo,,YES,YES,YES,tigo_colombia,Tigo,system
607.0,3.0,60703.0,Africa,Gambia,GM,Comium,Comium,,YES,,,comium_gambia,Comium,system
619.0,4.0,61904.0,Africa,Sierra Leone,SL,Comium (Sierra Leone) Ltd.,Comium,,YES,,,comium_sierra_leone,Comium,system
612.0,4.0,61204.0,Africa,Ivory Coast,CI,Comium Ivory Coast Inc,KoZ,,YES,,,koz_ivory_coast,KoZ,system
312.0,370.0,312370.0,North America and the Caribbean,United States of America,US,Commnet Wireless,Choice Wireless,,,,YES,choice_wireless_united_states_of_america,Choice Wireless,system
311.0,550.0,311550.0,North America and the Caribbean,United States of America,US,Commnet Wireless LLC,Choice Wireless,,YES,YES,,choice_wireless_united_states_of_america,Choice Wireless,system
505.0,61.0,50561.0,Oceania,Australia,AU,Commtel Network Solutions Pty Ltd,CommTel NS,,,,YES,commtel_ns_australia,CommTel NS,system
455.0,4.0,45504.0,Asia and the Middle East,Macau (China),MO,"Companhia de Telecomunicações de Macau, S.A.R.L.",CTM,,,YES,,ctm_macau_(china),CTM,system
214.0,28.0,21428.0,Europe,Spain,ES,"Consorcio de Telecomunicaciones Avanzadas, S.A.",Murcia4G,,,,YES,murcia4g_spain,Murcia4G,system
744.0,6.0,74406.0,South and Central America,Paraguay,PY,Copaco S.A.,Copaco,,YES,,YES,copaco_paraguay,Copaco,system
312.0,380.0,312380.0,North America and the Caribbean,United States of America,US,Copper Valley Wireless,Copper Valley Wireless,,,,YES,copper_valley_wireless_united_states_of_america,Copper Valley Wireless,system
311.0,240.0,311240.0,North America and the Caribbean,United States of America,US,Cordova Wireless,Cordova Wireless,,YES,YES,,cordova_wireless_united_states_of_america,Cordova Wireless,system
734.0,1.0,73401.0,South and Central America,Venezuela,VE,Corporacion Digitel C.A.,Digitel,,YES,,,digitel_venezuela,Digitel,system
734.0,2.0,73402.0,South and Central America,Venezuela,VE,Corporacion Digitel C.A.,Digitel GSM,,YES,YES,YES,digitel_gsm_venezuela,Digitel GSM,system
202.0,2.0,20202.0,Europe,Greece,GR,COSMOTE - Mobile Telecommunications S.A.,Cosmote,,YES,YES,YES,cosmote_greece,Cosmote,system
312.0,60.0,312060.0,North America and the Caribbean,United States of America,US,CoverageCo,CoverageCo,,YES,,,coverageco_united_states_of_america,CoverageCo,system
310.0,700.0,310700.0,North America and the Caribbean,United States of America,US,Cross Valiant Cellular Partnership,Bigfoot Cellular,,YES,,,bigfoot_cellular_united_states_of_america,Bigfoot Cellular,system
312.0,30.0,312030.0,North America and the Caribbean,United States of America,US,Cross Wireless,Bravado Wireless,,,,YES,bravado_wireless_united_states_of_america,Bravado Wireless,system
250.0,8.0,25008.0,Europe,Russian Federation,RU,"CS ""VainahTelecom""",Vainah Telecom,,YES,,YES,vainah_telecom_russian_federation,Vainah Telecom,system
454.0,2.0,45402.0,Asia and the Middle East,Hong Kong,HK,CSL Limited,CSL Limited,,YES,,,csl_limited_hong_kong,CSL Limited,system
454.0,18.0,45418.0,Asia and the Middle East,Hong Kong,HK,CSL Limited,CSL Limited,,YES,,,csl_limited_hong_kong,CSL Limited,system
266.0,6.0,26606.0,Europe,Gibraltar (UK),GI,CTS Gibraltar,CTS Mobile,,,YES,,cts_mobile_gibraltar_(uk),CTS Mobile,system
362.0,68.0,36268.0,North America and the Caribbean,Former Netherlands Antilles,BQ/CW/SX,Curaçao Telecom N.V.,Digicel,,,YES,YES,digicel_former_netherlands_antilles,Digicel,system
312.0,40.0,312040.0,North America and the Caribbean,United States of America,US,Custer Telephone Co-op (CTCI),Custer Telephone Co-op (CTCI),,,,YES,custer_telephone_co-op_(ctci)_united_states_of_america,Custer Telephone Co-op (CTCI),system
432.0,12.0,43212.0,Asia and the Middle East,Iran,IR,Dadeh Dostar asr Novin p.j.s. co & Information Technology Company of Iran,Avacell(HiWEB),,,,YES,avacell(hiweb)_iran,Avacell(HiWEB),system
619.0,40.0,61940.0,Africa,Sierra Leone,SL,Datatel (SL) Ltd.,Datatel (SL) Ltd.,,YES,,,datatel_(sl)_ltd._sierra_leone,Datatel (SL) Ltd.,system
340.0,8.0,34008.0,North America and the Caribbean,French Antilles (France),BL/GF/GP/MF/MQ,Dauphin Telecom,Dauphin,,YES,YES,YES,dauphin_french_antilles_(france),Dauphin,system
262.0,10.0,26210.0,Europe,Germany,DE,DB Netz AG,DB Netz AG,,YES,,,db_netz_ag_germany,DB Netz AG,system
262.0,60.0,26260.0,Europe,Germany,DE,DB Telematik,DB Telematik,,YES,,,db_telematik_germany,DB Telematik,system
405.0,909.0,405909.0,Asia and the Middle East,India,IN,Delhi,IDEA,,YES,,,idea_india,IDEA,system
405.0,5.0,40505.0,Asia and the Middle East,India,IN,Delhi & NCR,Reliance,,YES,,,reliance_india,Reliance,system
405.0,844.0,405844.0,Asia and the Middle East,India,IN,Delhi & NCR,Uninor,,YES,,,uninor_india,Uninor,system
405.0,913.0,405913.0,Asia and the Middle East,India,IN,Delhi & NCR,Etisalat DB(cheers),,YES,,,etisalat_db(cheers)_india,Etisalat DB(cheers),system
206.0,25.0,20625.0,Europe,Belgium,BE,Dense Air Belgium SPRL,Dense Air Belgium SPRL,,,,YES,dense_air_belgium_sprl_belgium,Dense Air Belgium SPRL,system
413.0,11.0,41311.0,Asia and the Middle East,Sri Lanka,LK,Dialog Broadband Networks (Pvt) Ltd,Dialog,,YES,,YES,dialog_sri_lanka,Dialog,system
216.0,3.0,21603.0,Europe,Hungary,HU,DIGI Telecommunication Ltd.,DIGI,,,,YES,digi_hungary,DIGI,system
365.0,10.0,365010.0,North America and the Caribbean,Anguilla (UK),AI,Digicel,Digicel,,YES,YES,YES,digicel_anguilla_(uk),Digicel,system
342.0,750.0,342750.0,North America and the Caribbean,Barbados,BB,Digicel (Barbados) Limited,Digicel,,YES,YES,YES,digicel_barbados,Digicel,system
536.0,2.0,53602.0,Oceania,Nauru,NR,Digicel (Nauru) Corporation,Digicel,,YES,YES,YES,digicel_nauru,Digicel,system
360.0,50.0,360050.0,North America and the Caribbean,Saint Vincent and the Grenadines,VC,Digicel (St. Vincent and the Grenadines) Limited,Digicel,,YES,,YES,digicel_saint_vincent_and_the_grenadines,Digicel,system
346.0,50.0,346050.0,North America and the Caribbean,Cayman Islands (UK),KY,Digicel Cayman Ltd.,Digicel,,YES,YES,YES,digicel_cayman_islands_(uk),Digicel,system
352.0,30.0,352030.0,North America and the Caribbean,Grenada,GD,Digicel Grenada Ltd.,Digicel,,YES,YES,YES,digicel_grenada,Digicel,system
366.0,20.0,366020.0,North America and the Caribbean,Dominica,DM,Digicel Group Limited,Digicel,,YES,YES,YES,digicel_dominica,Digicel,system
746.0,4.0,74604.0,South and Central America,Suriname,SR,Digicel Group Limited,Digicel,,YES,YES,,digicel_suriname,Digicel,system
549.0,1.0,54901.0,Oceania,Samoa,WS,Digicel Pacific Ltd.,Digicel,,YES,YES,YES,digicel_samoa,Digicel,system
520.0,23.0,52023.0,Oceania,Thailand,TH,Digital Phone Company Ltd.,AIS GSM 1800,,YES,,,ais_gsm_1800_thailand,AIS GSM 1800,system
732.0,176.0,732176.0,South and Central America,Colombia,CO,DirecTV Colombia Ltda,DirecTV Colombia Ltda,,,,YES,directv_colombia_ltda_colombia,DirecTV Colombia Ltda,system
244.0,13.0,24413.0,Europe,Finland,FI,DNA Oy,DNA,,YES,,,dna_finland,DNA,system
250.0,10.0,25010.0,Europe,Russian Federation,RU,Dontelekom,DTC,,YES,,,dtc_russian_federation,DTC,system
640.0,6.0,64006.0,Africa,Tanzania,TZ,Dovetel Limited,Sasatel (Dovetel),,YES,,,sasatel_(dovetel)_tanzania,Sasatel (Dovetel),system
362.0,95.0,36295.0,North America and the Caribbean,Former Netherlands Antilles,BQ/CW/SX,E.O.C.G. Wireless,MIO,,,YES,,mio_former_netherlands_antilles,MIO,system
362.0,54.0,36254.0,North America and the Caribbean,Former Netherlands Antilles,BQ/CW/SX,East Caribbean Cellular,ECC,,YES,,,ecc_former_netherlands_antilles,ECC,system
310.0,750.0,310750.0,North America and the Caribbean,United States of America,US,"East Kentucky Network, LLC",Appalachian Wireless,,,YES,,appalachian_wireless_united_states_of_america,Appalachian Wireless,system
312.0,120.0,312120.0,North America and the Caribbean,United States of America,US,"East Kentucky Network, LLC",Appalachian Wireless,,,,YES,appalachian_wireless_united_states_of_america,Appalachian Wireless,system
312.0,130.0,312130.0,North America and the Caribbean,United States of America,US,"East Kentucky Network, LLC",Appalachian Wireless,,,,YES,appalachian_wireless_united_states_of_america,Appalachian Wireless,system
266.0,9.0,26609.0,Europe,Gibraltar (UK),GI,Eazitelecom,Shine,,YES,YES,,shine_gibraltar_(uk),Shine,system
642.0,1.0,64201.0,Africa,Burundi,BI,Econet Wireless Burundi PLC,econet Leo,,YES,YES,YES,econet_leo_burundi,econet Leo,system
642.0,82.0,64282.0,Africa,Burundi,BI,Econet Wireless Burundi PLC,econet Leo,,YES,YES,,econet_leo_burundi,econet Leo,system
234.0,31.0,23431.0,Europe,United Kingdom,GB,EE,T-Mobile UK,,YES,YES,YES,t-mobile_uk_united_kingdom,T-Mobile UK,system
234.0,32.0,23432.0,Europe,United Kingdom,GB,EE,T-Mobile UK,,YES,YES,YES,t-mobile_uk_united_kingdom,T-Mobile UK,system
234.0,34.0,23434.0,Europe,United Kingdom,GB,EE,Orange,,YES,YES,YES,orange_united_kingdom,Orange,system
272.0,7.0,27207.0,Europe,Ireland,IE,Eir Group plc,Eir,,YES,YES,,eir_ireland,Eir,system
310.0,610.0,310610.0,North America and the Caribbean,United States of America,US,Elkhart Telephone Co.,Epic PCS,,YES,,,epic_pcs_united_states_of_america,Epic PCS,system
732.0,187.0,732187.0,South and Central America,Colombia,CO,Empresa de Telecomunicaciones de Bogotá S.A. ESP,eTb,,,,YES,etb_colombia,eTb,system
708.0,30.0,708030.0,South and Central America,Honduras,HN,Empresa Hondureña de Telecomunicaciones,Hondutel,,YES,YES,,hondutel_honduras,Hondutel,system
732.0,99.0,732099.0,South and Central America,Colombia,CO,Empresas Municipales de Cali,EMCALI,,YES,,,emcali_colombia,EMCALI,system
311.0,950.0,311950.0,North America and the Caribbean,United States of America,US,Enhanced Telecommmunications Corp.,ETC,,YES,,YES,etc_united_states_of_america,ETC,system
716.0,17.0,71617.0,South and Central America,Peru,PE,Entel Perú S.A.,Entel,,,YES,YES,entel_peru,Entel,system
736.0,2.0,73602.0,South and Central America,Bolivia,BO,Entel SA,Entel,,YES,YES,YES,entel_bolivia,Entel,system
730.0,10.0,73010.0,South and Central America,Chile,CL,Entel Telefonía Móvil S.A.,entel,,YES,YES,,entel_chile,entel,system
657.0,1.0,65701.0,Africa,Eritrea,ER,Eritrea Telecommunications Services Corporation,Eritel,,YES,,,eritel_eritrea,Eritel,system
432.0,1.0,43201.0,Asia and the Middle East,Iran,IR,Ertebatat Iran,Uname,,,,YES,uname_iran,Uname,system
432.0,40.0,43240.0,Asia and the Middle East,Iran,IR,Ertebatat Mobinnet,Mobinnet,,,,YES,mobinnet_iran,Mobinnet,system
362.0,31.0,36231.0,North America and the Caribbean,Former Netherlands Antilles,BQ/CW/SX,Eutel N.V.,Eutel N.V.,,YES,,,eutel_n.v._former_netherlands_antilles,Eutel N.V.,system
259.0,4.0,25904.0,Europe,Moldova,MD,Eventis Telecom,Eventis,,YES,,,eventis_moldova,Eventis,system
452.0,6.0,45206.0,Asia and the Middle East,Vietnam,VN,EVN Telecom,EVNTelecom,,,YES,,evntelecom_vietnam,EVNTelecom,system
310.0,990.0,310990.0,North America and the Caribbean,United States of America,US,Evolve Cellular Inc.,Evolve Broadband,,,,YES,evolve_broadband_united_states_of_america,Evolve Broadband,system
466.0,2.0,46602.0,Asia and the Middle East,Taiwan,TW,Far EasTone Telecommunications Co Ltd,FarEasTone,,YES,,,fareastone_taiwan,FarEasTone,system
466.0,3.0,46603.0,Asia and the Middle East,Taiwan,TW,Far EasTone Telecommunications Co Ltd,FarEasTone,,,YES,,fareastone_taiwan,FarEasTone,system
466.0,6.0,46606.0,Asia and the Middle East,Taiwan,TW,Far EasTone Telecommunications Co Ltd,FarEasTone,,YES,,,fareastone_taiwan,FarEasTone,system
466.0,88.0,46688.0,Asia and the Middle East,Taiwan,TW,Far EasTone Telecommunications Co Ltd,FarEasTone,,YES,,,fareastone_taiwan,FarEasTone,system
310.0,311.0,310311.0,North America and the Caribbean,United States of America,US,Farmers Wireless,Farmers Wireless,,YES,,,farmers_wireless_united_states_of_america,Farmers Wireless,system
432.0,93.0,43293.0,Asia and the Middle East,Iran,IR,Farzanegan Pars,Farzanegan Pars,,YES,,,farzanegan_pars_iran,Farzanegan Pars,system
302.0,350.0,302350.0,North America and the Caribbean,Canada,CA,FIRST Networks Operations,FIRST,,YES,,,first_canada,FIRST,system
312.0,900.0,312900.0,North America and the Caribbean,United States of America,US,"Flat West Wireless, LLC",ClearTalk,,YES,,YES,cleartalk_united_states_of_america,ClearTalk,system
312.0,860.0,312860.0,North America and the Caribbean,United States of America,US,"Flat Wireless, LLC",ClearTalk,,YES,,YES,cleartalk_united_states_of_america,ClearTalk,system
234.0,4.0,23404.0,Europe,United Kingdom,GB,FMS Solutions Ltd,FMS Solutions Ltd,,YES,,,fms_solutions_ltd_united_kingdom,FMS Solutions Ltd,system
550.0,1.0,55001.0,Oceania,Federated States of Micronesia,FM,FSMTC,FSMTC,,YES,,YES,fsmtc_federated_states_of_micronesia,FSMTC,system
312.0,390.0,312390.0,North America and the Caribbean,United States of America,US,FTC Communications LLC,FTC Wireless,,,YES,YES,ftc_wireless_united_states_of_america,FTC Wireless,system
312.0,50.0,312050.0,North America and the Caribbean,United States of America,US,Fuego Wireless,Fuego Wireless,,,,YES,fuego_wireless_united_states_of_america,Fuego Wireless,system
428.0,98.0,42898.0,Asia and the Middle East,Mongolia,MN,G-Mobile LLC,G-Mobile,,,YES,,g-mobile_mongolia,G-Mobile,system
734.0,3.0,73403.0,South and Central America,Venezuela,VE,Galaxy Entertainment de Venezuela C.A.,DirecTV,,,,YES,directv_venezuela,DirecTV,system
607.0,1.0,60701.0,Africa,Gambia,GM,Gamcel,Gamcel,,YES,YES,,gamcel_gambia,Gamcel,system
607.0,5.0,60705.0,Africa,Gambia,GM,Gamtel-Ecowan,Gamtel-Ecowan,,,,YES,gamtel-ecowan_gambia,Gamtel-Ecowan,system
310.0,430.0,310430.0,North America and the Caribbean,United States of America,US,GCI Communications Corp.,GCI,,YES,YES,,gci_united_states_of_america,GCI,system
659.0,3.0,65903.0,Africa,South Sudan,SS,Gemtel,Gemtel,,YES,,,gemtel_south_sudan,Gemtel,system
627.0,1.0,62701.0,Africa,Equatorial Guinea,GQ,GETESA,Orange GQ,,YES,,,orange_gq_equatorial_guinea,Orange GQ,system
616.0,5.0,61605.0,Africa,Benin,BJ,Glo Communication Benin,Glo,,YES,,,glo_benin,Glo,system
308.0,2.0,30802.0,North America and the Caribbean,Saint Pierre and Miquelon (France),PM,GLOBALTEL,GLOBALTEL,,YES,,YES,globaltel_saint_pierre_and_miquelon_(france),GLOBALTEL,system
515.0,1.0,51501.0,Oceania,Philippines,PH,Globe Telecom via Innove Communications,Islacom,,YES,,,islacom_philippines,Islacom,system
901.0,35.0,90135.0,Worldwide,Worldwide,XX,Globecomm Network Services,Globecomm Network Services,,YES,,,globecomm_network_services_worldwide,Globecomm Network Services,system
425.0,8.0,42508.0,Asia and the Middle East,Israel,IL,Golan Telecom Ltd.,Golan Telecom,,,YES,YES,golan_telecom_israel,Golan Telecom,system
637.0,30.0,63730.0,Africa,Somalia,SO,Golis Telecom Somalia,Golis,,YES,,,golis_somalia,Golis,system
312.0,710.0,312710.0,North America and the Caribbean,United States of America,US,Great North Woods Wireless LLC,Great North Woods Wireless LLC,,,,YES,great_north_woods_wireless_llc_united_states_of_america,Great North Woods Wireless LLC,system
311.0,680.0,311680.0,North America and the Caribbean,United States of America,US,GreenFly LLC,GreenFly LLC,,YES,,,greenfly_llc_united_states_of_america,GreenFly LLC,system
262.0,14.0,26214.0,Europe,Germany,DE,Group 3G UMTS,Group 3G UMTS,,,YES,,group_3g_umts_germany,Group 3G UMTS,system
452.0,7.0,45207.0,Asia and the Middle East,Vietnam,VN,GTEL Mobile JSC,Gmobile,,YES,,,gmobile_vietnam,Gmobile,system
234.0,3.0,23403.0,Europe,Guernsey (UK),GG,Guernsey Airtel Ltd,Airtel-Vodafone,,YES,YES,YES,airtel-vodafone_guernsey_(uk),Airtel-Vodafone,system
632.0,1.0,63201.0,Africa,Guinea-Bissau,GW,Guinétel S.A.,Guinetel,,YES,,,guinetel_guinea-bissau,Guinetel,system
632.0,7.0,63207.0,Africa,Guinea-Bissau,GW,Guinétel S.A.,Guinetel,,YES,,,guinetel_guinea-bissau,Guinetel,system
404.0,57.0,40457.0,Asia and the Middle East,India,IN,Gujarat,cellone,,YES,YES,,cellone_india,cellone,system
405.0,6.0,40506.0,Asia and the Middle East,India,IN,Gujarat,Reliance,,YES,,,reliance_india,Reliance,system
405.0,827.0,405827.0,Asia and the Middle East,India,IN,Gujarat,Videocon Datacom,,YES,,,videocon_datacom_india,Videocon Datacom,system
405.0,914.0,405914.0,Asia and the Middle East,India,IN,Gujarat,Etisalat DB(cheers),,YES,,,etisalat_db(cheers)_india,Etisalat DB(cheers),system
313.0,290.0,313290.0,North America and the Caribbean,United States of America,US,Gulf Coast Broadband LLC,Gulf Coast Broadband LLC,,,,YES,gulf_coast_broadband_llc_united_states_of_america,Gulf Coast Broadband LLC,system
646.0,5.0,64605.0,Africa,Madagascar,MG,Gulfsat Madagascar S.A.,BIP / blueline,,,,YES,bip_/_blueline_madagascar,BIP / blueline,system
738.0,2.0,738002.0,South and Central America,Guyana,GY,Guyana Telephone & Telegraph Co.,GT&T Cellink Plus,,YES,YES,YES,gt&t_cellink_plus_guyana,GT&T Cellink Plus,system
274.0,5.0,27405.0,Europe,Iceland,IS,Halló Frjáls fjarskipti hf.,Halló Frjáls fjarskipti hf.,,YES,,,halló_frjáls_fjarskipti_hf._iceland,Halló Frjáls fjarskipti hf.,system
404.0,1.0,40401.0,Asia and the Middle East,India,IN,Haryana,Vodafone India,,YES,,,vodafone_india_india,Vodafone India,system
404.0,34.0,40434.0,Asia and the Middle East,India,IN,Haryana,cellone,,YES,YES,,cellone_india,cellone,system
405.0,7.0,40507.0,Asia and the Middle East,India,IN,Haryana,Reliance,,YES,,,reliance_india,Reliance,system
405.0,910.0,405910.0,Asia and the Middle East,India,IN,Haryana,IDEA,,YES,,,idea_india,IDEA,system
606.0,6.0,60606.0,Africa,Libya,LY,Hatef Libya,Hatef Libya,,,YES,,hatef_libya_libya,Hatef Libya,system
208.0,19.0,20819.0,Europe,France,FR,Haute-Garonne numérique,Haute-Garonne numérique,,,,YES,haute-garonne_numérique_france,Haute-Garonne numérique,system
234.0,14.0,23414.0,Europe,United Kingdom,GB,Hay Systems Ltd,Hay Systems Ltd,,YES,,,hay_systems_ltd_united_kingdom,Hay Systems Ltd,system
310.0,540.0,310540.0,North America and the Caribbean,United States of America,US,Hilliary Communications,Phoenix,,YES,,,phoenix_united_states_of_america,Phoenix,system
404.0,18.0,40418.0,Asia and the Middle East,India,IN,Himachal Pradesh,Reliance,,YES,,,reliance_india,Reliance,system
404.0,51.0,40451.0,Asia and the Middle East,India,IN,Himachal Pradesh,cellone,,YES,YES,,cellone_india,cellone,system
405.0,8.0,40508.0,Asia and the Middle East,India,IN,Himachal Pradesh,Reliance,,YES,,,reliance_india,Reliance,system
405.0,754.0,405754.0,Asia and the Middle East,India,IN,Himachal Pradesh,Vodafone India,,YES,,,vodafone_india_india,Vodafone India,system
637.0,50.0,63750.0,Africa,Somalia,SO,Hormuud Telecom Somalia Inc,Hormuud,,YES,YES,,hormuud_somalia,Hormuud,system
637.0,67.0,63767.0,Africa,Somalia,SO,HTG Group Somalia,Horntel Group,,YES,YES,,horntel_group_somalia,Horntel Group,system
232.0,10.0,23210.0,Europe,Austria,AT,Hutchison Drei Austria,3,,,YES,YES,3_austria,3,system
454.0,5.0,45405.0,Asia and the Middle East,Hong Kong,HK,Hutchison Telecom,3 (CDMA),,YES,,,3_(cdma)_hong_kong,3 (CDMA),system
454.0,14.0,45414.0,Asia and the Middle East,Hong Kong,HK,Hutchison Telecom,Hutchison Telecom,,YES,,,hutchison_telecom_hong_kong,Hutchison Telecom,system
722.0,350.0,722350.0,South and Central America,Argentina,AR,Hutchison Telecommunications Argentina S.A.,PORT-HABLE,,YES,,,port-hable_argentina,PORT-HABLE,system
413.0,9.0,41309.0,Asia and the Middle East,Sri Lanka,LK,Hutchison Telecommunications Lanka (Pvt) Ltd,Hutch,,YES,YES,YES,hutch_sri_lanka,Hutch,system
455.0,5.0,45505.0,Asia and the Middle East,Macau (China),MO,"Hutchison Telephone (Macau), Limitada",3,,,YES,YES,3_macau_(china),3,system
242.0,14.0,24214.0,Europe,Norway,NO,ICE Communication Norge AS,ice,,YES,YES,YES,ice_norway,ice,system
238.0,15.0,23815.0,Europe,Denmark,DK,Ice Danmark ApS,Net 1,,,,YES,net_1_denmark,Net 1,system
242.0,6.0,24206.0,Europe,Norway,NO,ICE Norge AS,ice,,,,YES,ice_norway,ice,system
302.0,620.0,302620.0,North America and the Caribbean,Canada,CA,ICE Wireless,ICE Wireless,,YES,YES,YES,ice_wireless_canada,ICE Wireless,system
274.0,7.0,27407.0,Europe,Iceland,IS,IceCell ehf,IceCell,,YES,,,icecell_iceland,IceCell,system
274.0,8.0,27408.0,Europe,Iceland,IS,Iceland Telecom,On-waves,,YES,,,on-waves_iceland,On-waves,system
226.0,15.0,22615.0,Europe,Romania,RO,Idilis,Idilis,,,,YES,idilis_romania,Idilis,system
208.0,16.0,20816.0,Europe,France,FR,Iliad,Free Mobile,,,YES,YES,free_mobile_france,Free Mobile,system
311.0,340.0,311340.0,North America and the Caribbean,United States of America,US,Illinois Valley Cellular,Illinois Valley Cellular,,,YES,YES,illinois_valley_cellular_united_states_of_america,Illinois Valley Cellular,system
313.0,250.0,313250.0,North America and the Caribbean,United States of America,US,Imperial County Office of Education,Imperial County Office of Education,,,,YES,imperial_county_office_of_education_united_states_of_america,Imperial County Office of Education,system
228.0,7.0,22807.0,Europe,Switzerland,CH,IN&Phone SA,IN&Phone,,YES,,,in&phone_switzerland,IN&Phone,system
250.0,19.0,25019.0,Europe,Russian Federation,RU,INDIGO,INDIGO,,YES,,,indigo_russian_federation,INDIGO,system
436.0,12.0,43612.0,Asia and the Middle East,Tajikistan,TJ,Indigo,Tcell,,,YES,,tcell_tajikistan,Tcell,system
436.0,2.0,43602.0,Asia and the Middle East,Tajikistan,TJ,Indigo Tajikistan,Tcell,,YES,YES,YES,tcell_tajikistan,Tcell,system
206.0,2.0,20602.0,Europe,Belgium,BE,Infrabel,Infrabel,,YES,,,infrabel_belgium,Infrabel,system
268.0,12.0,26812.0,Europe,Portugal,PT,"Infraestruturas de Portugal, S.A.","Infraestruturas de Portugal, S.A.",,YES,,,"infraestruturas_de_portugal,_s.a._portugal","Infraestruturas de Portugal, S.A.",system
312.0,20.0,312020.0,North America and the Caribbean,United States of America,US,"Infrastructure Networks, LLC","Infrastructure Networks, LLC",,,,YES,"infrastructure_networks,_llc_united_states_of_america","Infrastructure Networks, LLC",system
310.0,580.0,310580.0,North America and the Caribbean,United States of America,US,Inland Cellular Telephone Company,Inland Cellular Telephone Company,,,YES,,inland_cellular_telephone_company_united_states_of_america,Inland Cellular Telephone Company,system
262.0,19.0,26219.0,Europe,Germany,DE,Inquam Deutschland,Inquam Deutschland,,YES,,,inquam_deutschland_germany,Inquam Deutschland,system
712.0,2.0,71202.0,South and Central America,Costa Rica,CR,Instituto Costarricense de Electricidad,Kölbi ICE,,YES,YES,YES,kölbi_ice_costa_rica,Kölbi ICE,system
621.0,22.0,62122.0,Africa,Nigeria,NG,InterC Network Ltd.,InterC,,,,YES,interc_nigeria,InterC,system
611.0,3.0,61103.0,Africa,Guinea,GN,INTERCEL Guinée,Telecel Guinee,,YES,,,telecel_guinee_guinea,Telecel Guinee,system
255.0,0.0,25500.0,Europe,Moldova,MD,Interdnestrcom,IDC,,YES,,,idc_moldova,IDC,system
259.0,15.0,25915.0,Europe,Moldova,MD,Interdnestrcom,IDC,,,,YES,idc_moldova,IDC,system
619.0,9.0,61909.0,Africa,Sierra Leone,SL,InterGroup Telecom SL,Smart Mobile,,YES,YES,,smart_mobile_sierra_leone,Smart Mobile,system
250.0,61.0,25061.0,Europe,Russian Federation,RU,Intertelecom,Intertelecom,,YES,,,intertelecom_russian_federation,Intertelecom,system
255.0,4.0,25504.0,Europe,Ukraine,UA,Intertelecom LLC,Intertelecom,,YES,,,intertelecom_ukraine,Intertelecom,system
255.0,23.0,25523.0,Europe,Ukraine,UA,Intertelecom LLC,CDMA Ukraine,,YES,,,cdma_ukraine_ukraine,CDMA Ukraine,system
290.0,2.0,29002.0,Europe,Greenland,GL,inu:it a/s,Nuuk TV,,,,YES,nuuk_tv_greenland,Nuuk TV,system
312.0,170.0,312170.0,North America and the Caribbean,United States of America,US,Iowa RSA No. 2 LP,Chat Mobility,,,,YES,chat_mobility_united_states_of_america,Chat Mobility,system
310.0,770.0,310770.0,North America and the Caribbean,United States of America,US,Iowa Wireless Services,iWireless,,YES,YES,YES,iwireless_united_states_of_america,iWireless,system
432.0,93.0,43293.0,Asia and the Middle East,Iran,IR,Iraphone,Iraphone,,YES,,,iraphone_iran,Iraphone,system
432.0,90.0,43290.0,Asia and the Middle East,Iran,IR,IRAPHONE GHESHM of Iran,Iraphone,,YES,,,iraphone_iran,Iraphone,system
310.0,300.0,310300.0,North America and the Caribbean,United States of America,US,"iSmart Mobile, LLC",Big Sky Mobile,,YES,,,big_sky_mobile_united_states_of_america,Big Sky Mobile,system
425.0,25.0,42525.0,Asia and the Middle East,Israel,IL,Israel Ministry of Defense,IMOD,,,,YES,imod_israel,IMOD,system
310.0,32.0,310032.0,North America and the Caribbean,Guam (USA),GU,"IT&E Overseas, Inc",IT&E Wireless,,YES,,YES,it&e_wireless_guam_(usa),IT&E Wireless,system
310.0,32.0,310032.0,North America and the Caribbean,United States of America,US,"IT&E Overseas, Inc",IT&E Wireless,,YES,,YES,it&e_wireless_united_states_of_america,IT&E Wireless,system
418.0,62.0,41862.0,Asia and the Middle East,Iraq,IQ,Itisaluna Wireless CO.,Itisaluna,,YES,,,itisaluna_iraq,Itisaluna,system
639.0,10.0,63910.0,Africa,Kenya,KE,Jamii Telecommunications Limited,Faiba 4G,,,,YES,faiba_4g_kenya,Faiba 4G,system
404.0,37.0,40437.0,Asia and the Middle East,India,IN,Jammu & Kashmir,Aircel,,YES,YES,,aircel_india,Aircel,system
404.0,62.0,40462.0,Asia and the Middle East,India,IN,Jammu & Kashmir,cellone,,YES,YES,,cellone_india,cellone,system
405.0,33.0,405033.0,Asia and the Middle East,India,IN,Jammu & Kashmir,TATA DOCOMO,,YES,,,tata_docomo_india,TATA DOCOMO,system
405.0,9.0,40509.0,Asia and the Middle East,India,IN,Jammu & Kashmir,Reliance,,YES,YES,,reliance_india,Reliance,system
405.0,55.0,40555.0,Asia and the Middle East,India,IN,Jammu & Kashmir,Airtel,,YES,,,airtel_india,Airtel,system
405.0,750.0,405750.0,Asia and the Middle East,India,IN,Jammu & Kashmir,Vodafone India,,YES,,,vodafone_india_india,Vodafone India,system
405.0,846.0,405846.0,Asia and the Middle East,India,IN,Jammu & Kashmir,IDEA,,YES,,,idea_india,IDEA,system
405.0,860.0,405860.0,Asia and the Middle East,India,IN,Jammu & Kashmir,Jio,,,,YES,jio_india,Jio,system
242.0,20.0,24220.0,Europe,Norway,NO,Jernbaneverket AS,Jernbaneverket AS,,YES,,,jernbaneverket_as_norway,Jernbaneverket AS,system
242.0,21.0,24221.0,Europe,Norway,NO,Jernbaneverket AS,Jernbaneverket AS,,YES,,,jernbaneverket_as_norway,Jernbaneverket AS,system
234.0,3.0,23403.0,Europe,Jersey (UK),JE,Jersey Airtel Limited,Airtel-Vodafone,,YES,YES,YES,airtel-vodafone_jersey_(uk),Airtel-Vodafone,system
234.0,3.0,23403.0,Europe,United Kingdom,GB,Jersey Airtel Ltd,Airtel-Vodafone,,YES,YES,YES,airtel-vodafone_united_kingdom,Airtel-Vodafone,system
250.0,17.0,25017.0,Europe,Russian Federation,RU,JSC Uralsvyazinform,Utel,,YES,,,utel_russian_federation,Utel,system
901.0,17.0,90117.0,Worldwide,Worldwide,XX,JT Group Limited,Navitas,,YES,,,navitas_worldwide,Navitas,system
436.0,1.0,43601.0,Asia and the Middle East,Tajikistan,TJ,JV Somoncom,Tcell,,YES,YES,YES,tcell_tajikistan,Tcell,system
250.0,32.0,25032.0,Europe,Russian Federation,RU,K-Telecom,Win Mobile,,YES,YES,YES,win_mobile_russian_federation,Win Mobile,system
310.0,870.0,310870.0,North America and the Caribbean,United States of America,US,Kaplan Telephone Company,PACE,,YES,,,pace_united_states_of_america,PACE,system
283.0,4.0,28304.0,Europe,Armenia,AM,Karabakh Telecom,Karabakh Telecom,,YES,YES,,karabakh_telecom_armenia,Karabakh Telecom,system
404.0,86.0,40486.0,Asia and the Middle East,India,IN,Karnataka,Vodafone India,,YES,YES,YES,vodafone_india_india,Vodafone India,system
405.0,10.0,40510.0,Asia and the Middle East,India,IN,Karnataka,Reliance,,YES,,,reliance_india,Reliance,system
405.0,820.0,405820.0,Asia and the Middle East,India,IN,Karnataka,Uninor,,YES,,,uninor_india,Uninor,system
405.0,847.0,405847.0,Asia and the Middle East,India,IN,Karnataka,IDEA,,YES,,,idea_india,IDEA,system
404.0,71.0,40471.0,Asia and the Middle East,India,IN,Karnataka (Bangalore),cellone,,YES,YES,,cellone_india,cellone,system
620.0,4.0,62004.0,Africa,Ghana,GH,Kasapa / Hutchison Telecom,Expresso,,,YES,,expresso_ghana,Expresso,system
440.0,50.0,44050.0,Asia and the Middle East,Japan,JP,KDDI Corporation,au,,,YES,YES,au_japan,au,system
440.0,52.0,44052.0,Asia and the Middle East,Japan,JP,KDDI Corporation,au,,,YES,YES,au_japan,au,system
440.0,53.0,44053.0,Asia and the Middle East,Japan,JP,KDDI Corporation,au,,,YES,YES,au_japan,au,system
440.0,54.0,44054.0,Asia and the Middle East,Japan,JP,KDDI Corporation,au,,,YES,YES,au_japan,au,system
440.0,70.0,44070.0,Asia and the Middle East,Japan,JP,KDDI Corporation,au,,,YES,YES,au_japan,au,system
440.0,71.0,44071.0,Asia and the Middle East,Japan,JP,KDDI Corporation,au,,,YES,YES,au_japan,au,system
440.0,72.0,44072.0,Asia and the Middle East,Japan,JP,KDDI Corporation,au,,,YES,YES,au_japan,au,system
440.0,73.0,44073.0,Asia and the Middle East,Japan,JP,KDDI Corporation,au,,,YES,YES,au_japan,au,system
440.0,74.0,44074.0,Asia and the Middle East,Japan,JP,KDDI Corporation,au,,,YES,YES,au_japan,au,system
440.0,75.0,44075.0,Asia and the Middle East,Japan,JP,KDDI Corporation,au,,,YES,YES,au_japan,au,system
440.0,76.0,44076.0,Asia and the Middle East,Japan,JP,KDDI Corporation,au,,,YES,YES,au_japan,au,system
302.0,380.0,302380.0,North America and the Caribbean,Canada,CA,Keewaytinook Okimakanak Mobile,Keewaytinook Mobile,,,YES,,keewaytinook_mobile_canada,Keewaytinook Mobile,system
302.0,530.0,302530.0,North America and the Caribbean,Canada,CA,Keewaytinook Okimakanak Mobile,Keewaytinook Mobile,,YES,,,keewaytinook_mobile_canada,Keewaytinook Mobile,system
404.0,72.0,40472.0,Asia and the Middle East,India,IN,Kerala,cellone,,YES,YES,,cellone_india,cellone,system
405.0,11.0,40511.0,Asia and the Middle East,India,IN,Kerala,Reliance,,YES,,,reliance_india,Reliance,system
405.0,821.0,405821.0,Asia and the Middle East,India,IN,Kerala,Uninor,,YES,,,uninor_india,Uninor,system
405.0,917.0,405917.0,Asia and the Middle East,India,IN,Kerala,Etisalat DB(cheers),,YES,,,etisalat_db(cheers)_india,Etisalat DB(cheers),system
312.0,460.0,312460.0,North America and the Caribbean,United States of America,US,Ketchikan Public Utilities (KPU),Ketchikan Public Utilities (KPU),,,,YES,ketchikan_public_utilities_(kpu)_united_states_of_america,Ketchikan Public Utilities (KPU),system
250.0,9.0,25009.0,Europe,Russian Federation,RU,Khabarovsky Cellular Phone,Skylink,,,YES,,skylink_russian_federation,Skylink,system
313.0,280.0,313280.0,North America and the Caribbean,United States of America,US,"King Street Wireless, LP","King Street Wireless, LP",,,,YES,"king_street_wireless,_lp_united_states_of_america","King Street Wireless, LP",system
404.0,81.0,40481.0,Asia and the Middle East,India,IN,Kolkata,cellone,,YES,YES,,cellone_india,cellone,system
404.0,83.0,40483.0,Asia and the Middle East,India,IN,Kolkata,Reliance,,YES,,,reliance_india,Reliance,system
405.0,12.0,40512.0,Asia and the Middle East,India,IN,Kolkata,Reliance,,YES,,,reliance_india,Reliance,system
405.0,822.0,405822.0,Asia and the Middle East,India,IN,Kolkata,Uninor,,YES,,,uninor_india,Uninor,system
204.0,67.0,20467.0,Europe,Netherlands,NL,Koning en Hartman B.V.,Koning en Hartman B.V.,,YES,,,koning_en_hartman_b.v._netherlands,Koning en Hartman B.V.,system
467.0,193.0,467193.0,Asia and the Middle East,North Korea,KP,Korea Posts and Telecommunications Corporation,SunNet,,YES,,,sunnet_north_korea,SunNet,system
204.0,10.0,20410.0,Europe,Netherlands,NL,KPN B.V.,KPN,,YES,YES,YES,kpn_netherlands,KPN,system
250.0,34.0,25034.0,Europe,Russian Federation,RU,Krymtelekom,Krymtelekom,,YES,YES,,krymtelekom_russian_federation,Krymtelekom,system
250.0,60.0,25060.0,Europe,Russian Federation,RU,KTK Telecom,Volna mobile,,YES,YES,YES,volna_mobile_russian_federation,Volna mobile,system
250.0,13.0,25013.0,Europe,Russian Federation,RU,Kuban GSM,KUGSM,,YES,,,kugsm_russian_federation,KUGSM,system
614.0,1.0,61401.0,Africa,Niger,NE,La Société Sahélienne de Télécommunications (SahelCom),SahelCom,,YES,,,sahelcom_niger,SahelCom,system
413.0,4.0,41304.0,Asia and the Middle East,Sri Lanka,LK,Lanka Bell Ltd,Lanka Bell,,YES,,YES,lanka_bell_sri_lanka,Lanka Bell,system
466.0,11.0,46611.0,Asia and the Middle East,Taiwan,TW,LDTA/Chunghwa Telecom,Chunghwa LDM,,YES,,,chunghwa_ldm_taiwan,Chunghwa LDM,system
311.0,310.0,311310.0,North America and the Caribbean,United States of America,US,Leaco Rural Telephone Company Inc.,NMobile,,,YES,,nmobile_united_states_of_america,NMobile,system
618.0,20.0,61820.0,Africa,Liberia,LR,Liberia Telecommunications Corporation,LIBTELCO,,,YES,,libtelco_liberia,LIBTELCO,system
606.0,3.0,60603.0,Africa,Libya,LY,Libya Telecom & Technology (LTT),Libya Phone,,,,YES,libya_phone_libya,Libya Phone,system
606.0,0.0,60600.0,Africa,Libya,LY,Libyana,Libyana,,YES,YES,YES,libyana_libya,Libyana,system
246.0,5.0,24605.0,Europe,Lithuania,LT,Lietuvos geležinkeliai (Lithuanian Railways),LitRail,,YES,,,litrail_lithuania,LitRail,system
246.0,8.0,24608.0,Europe,Lithuania,LT,Lietuvos radijo ir televizijos centras,MEZON,,,,YES,mezon_lithuania,MEZON,system
311.0,510.0,311510.0,North America and the Caribbean,United States of America,US,Ligado Networks,Ligado Networks,,,,YES,ligado_networks_united_states_of_america,Ligado Networks,system
311.0,130.0,311130.0,North America and the Caribbean,United States of America,US,Lightsquared L.P.,Lightsquared L.P.,,,,YES,lightsquared_l.p._united_states_of_america,Lightsquared L.P.,system
311.0,160.0,311160.0,North America and the Caribbean,United States of America,US,Lightsquared L.P.,Lightsquared L.P.,,,,YES,lightsquared_l.p._united_states_of_america,Lightsquared L.P.,system
311.0,520.0,311520.0,North America and the Caribbean,United States of America,US,Lightsquared L.P.,Lightsquared L.P.,,,,YES,lightsquared_l.p._united_states_of_america,Lightsquared L.P.,system
244.0,17.0,24417.0,Europe,Finland,FI,Liikennevirasto,Liikennevirasto,,YES,,,liikennevirasto_finland,Liikennevirasto,system
310.0,340.0,310340.0,North America and the Caribbean,United States of America,US,"Limitless Mobile, LLC",Limitless Mobile,,YES,,,limitless_mobile_united_states_of_america,Limitless Mobile,system
222.0,38.0,22238.0,Europe,Italy,IT,Linkem S.p.A.,LINKEM,,,,YES,linkem_italy,LINKEM,system
619.0,3.0,61903.0,Africa,Sierra Leone,SL,Lintel Sierra Leone Limited,Africell,,YES,,,africell_sierra_leone,Africell,system
618.0,1.0,61801.0,Africa,Liberia,LR,Lonestar Communications Corporation,Lonestar Cell MTN,,YES,YES,,lonestar_cell_mtn_liberia,Lonestar Cell MTN,system
302.0,560.0,302560.0,North America and the Caribbean,Canada,CA,Lynx Mobility,Lynx Mobility,,YES,,,lynx_mobility_canada,Lynx Mobility,system
350.0,2.0,35002.0,North America and the Caribbean,Bermuda,BM,M3 Wireless,Mobility,,YES,YES,,mobility_bermuda,Mobility,system
405.0,14.0,40514.0,Asia and the Middle East,India,IN,Madhya Pradesh,Reliance,,YES,,,reliance_india,Reliance,system
405.0,834.0,405834.0,Asia and the Middle East,India,IN,Madhya Pradesh,Videocon Datacom,,YES,,,videocon_datacom_india,Videocon Datacom,system
404.0,58.0,40458.0,Asia and the Middle East,India,IN,Madhya Pradesh & Chhattisgarh,cellone,,YES,YES,,cellone_india,cellone,system
405.0,756.0,405756.0,Asia and the Middle East,India,IN,Madhya Pradesh & Chhattisgarh,Vodafone India,,YES,,,vodafone_india_india,Vodafone India,system
282.0,2.0,28202.0,Europe,Georgia,GE,MagtiCom,Magti,,YES,YES,YES,magti_georgia,Magti,system
282.0,3.0,28203.0,Europe,Georgia,GE,MagtiCom,MagtiFix,,YES,,,magtifix_georgia,MagtiFix,system
216.0,99.0,21699.0,Europe,Hungary,HU,Magyar Államvasutak,MAV GSM-R,,YES,,,mav_gsm-r_hungary,MAV GSM-R,system
617.0,2.0,61702.0,Africa,Mauritius,MU,Mahanagar Telephone Mauritius Limited (MTML),MOKOZE / AZU,,,YES,,mokoze_/_azu_mauritius,MOKOZE / AZU,system
405.0,911.0,405911.0,Asia and the Middle East,India,IN,Maharashtra,IDEA,,YES,,,idea_india,IDEA,system
405.0,929.0,405929.0,Asia and the Middle East,India,IN,Maharashtra,Uninor,,YES,,,uninor_india,Uninor,system
404.0,66.0,40466.0,Asia and the Middle East,India,IN,Maharashtra & Goa,cellone,,YES,YES,,cellone_india,cellone,system
405.0,13.0,40513.0,Asia and the Middle East,India,IN,Maharashtra & Goa,Reliance,,YES,,,reliance_india,Reliance,system
311.0,720.0,311720.0,North America and the Caribbean,United States of America,US,MainePCS LLC,MainePCS LLC,,YES,,,mainepcs_llc_united_states_of_america,MainePCS LLC,system
294.0,1.0,29401.0,Europe,North Macedonia,MK,Makedonski Telekom,Telekom.mk,,YES,YES,YES,telekom.mk_north_macedonia,Telekom.mk,system
610.0,1.0,61001.0,Africa,Mali,ML,Malitel SA,Malitel,,YES,YES,YES,malitel_mali,Malitel,system
547.0,10.0,54710.0,Oceania,French Polynesia (France),PF,Mara Telecom,Mara Telecom,,YES,,,mara_telecom_french_polynesia_(france),Mara Telecom,system
425.0,9.0,42509.0,Asia and the Middle East,Israel,IL,Marathon 018 Xphone Ltd.,We4G,,,,YES,we4g_israel,We4G,system
234.0,28.0,23428.0,Europe,Jersey (UK),JE,Marathon Telecom Limited,Marathon Telecom Limited,,,YES,,marathon_telecom_limited_jersey_(uk),Marathon Telecom Limited,system
551.0,1.0,55101.0,Oceania,Marshall Islands,MH,Marshall Islands National Telecommunications Authority (MINTA),Marshall Islands National Telecommunications Authority (MINTA),,YES,,YES,marshall_islands_national_telecommunications_authority_(minta)_marshall_islands,Marshall Islands National Telecommunications Authority (MINTA),system
312.0,340.0,312340.0,North America and the Caribbean,United States of America,US,"Matanuska Telephone Association, Inc.",MTA,,,,YES,mta_united_states_of_america,MTA,system
609.0,10.0,60910.0,Africa,Mauritania,MR,Mauritel Mobiles,Mauritel,,YES,,,mauritel_mauritania,Mauritel,system
502.0,17.0,50217.0,Oceania,Malaysia,MY,Maxis Communications Berhad,Maxis,,YES,YES,YES,maxis_malaysia,Maxis,system
502.0,10.0,50210.0,Oceania,Malaysia,MY,"Maxis, DiGi, Celcom, XOX","Maxis, DiGi, Celcom, XOX",,YES,YES,YES,"maxis,_digi,_celcom,_xox_malaysia","Maxis, DiGi, Celcom, XOX",system
302.0,701.0,302701.0,North America and the Caribbean,Canada,CA,MB Tel Mobility,MB Tel Mobility,,,YES,,mb_tel_mobility_canada,MB Tel Mobility,system
633.0,2.0,63302.0,Africa,Seychelles,SC,Mediatech International,Mediatech,,YES,,,mediatech_seychelles,Mediatech,system
901.0,32.0,90132.0,Worldwide,Worldwide,XX,MegaFon,Sky High,,YES,,,sky_high_worldwide,Sky High,system
250.0,14.0,25014.0,Europe,Russian Federation,RU,MegaFon OJSC,MegaFon,,YES,YES,YES,megafon_russian_federation,MegaFon,system
278.0,77.0,27877.0,Europe,Malta,MT,Melita,Melita,,,YES,YES,melita_malta,Melita,system
312.0,400.0,312400.0,North America and the Caribbean,United States of America,US,Mid-Rivers Telephone Cooperative,Mid-Rivers Wireless,,,,YES,mid-rivers_wireless_united_states_of_america,Mid-Rivers Wireless,system
311.0,0.0,311000.0,North America and the Caribbean,United States of America,US,Mid-Tex Cellular Ltd.,West Central Wireless,,,YES,,west_central_wireless_united_states_of_america,West Central Wireless,system
704.0,2.0,70402.0,South and Central America,Guatemala,GT,Millicom / Local partners,Tigo,,YES,YES,YES,tigo_guatemala,Tigo,system
427.0,6.0,42706.0,Asia and the Middle East,Qatar,QA,Ministry of Interior,Ministry of Interior,,,,YES,ministry_of_interior_qatar,Ministry of Interior,system
311.0,20.0,311020.0,North America and the Caribbean,United States of America,US,Missouri RSA 5 Partnership,Chariton Valley,,YES,,,chariton_valley_united_states_of_america,Chariton Valley,system
262.0,13.0,26213.0,Europe,Germany,DE,Mobilcom Multimedia,Mobilcom Multimedia,,,YES,,mobilcom_multimedia_germany,Mobilcom Multimedia,system
432.0,19.0,43219.0,Asia and the Middle East,Iran,IR,Mobile Telecommunications Company of Esfahan,Espadan (JV-PJS),,YES,,,espadan_(jv-pjs)_iran,Espadan (JV-PJS),system
466.0,93.0,46693.0,Asia and the Middle East,Taiwan,TW,Mobitai Communications,MobiTai,,YES,,,mobitai_taiwan,MobiTai,system
418.0,45.0,41845.0,Asia and the Middle East,Iraq,IQ,Mobitel Co. Ltd.,Mobitel,,,YES,,mobitel_iraq,Mobitel,system
259.0,3.0,25903.0,Europe,Moldova,MD,Moldtelecom,Unité,,YES,,,unité_moldova,Unité,system
259.0,5.0,25905.0,Europe,Moldova,MD,Moldtelecom,Unité,,,YES,YES,unité_moldova,Unité,system
259.0,99.0,25999.0,Europe,Moldova,MD,Moldtelecom,Unité,,,YES,,unité_moldova,Unité,system
311.0,500.0,311500.0,North America and the Caribbean,United States of America,US,Mosaic Telecom,Mosaic Telecom,,,YES,YES,mosaic_telecom_united_states_of_america,Mosaic Telecom,system
631.0,4.0,63104.0,Africa,Angola,AO,MOVICEL Telecommunications S.A.,MOVICEL,,YES,YES,YES,movicel_angola,MOVICEL,system
302.0,702.0,302702.0,North America and the Caribbean,Canada,CA,MT&T Mobility (Aliant),MT&T Mobility (Aliant),,,YES,,mt&t_mobility_(aliant)_canada,MT&T Mobility (Aliant),system
629.0,10.0,62910.0,Africa,Congo,CG,MTN CONGO S.A,Libertis Telecom,,YES,YES,YES,libertis_telecom_congo,Libertis Telecom,system
645.0,2.0,64502.0,Africa,Zambia,ZM,MTN Group,MTN,,YES,YES,YES,mtn_zambia,MTN,system
649.0,6.0,64906.0,Africa,Namibia,,MTN Namibia,MTN Namibia,,,,YES,mtn_namibia_namibia,MTN Namibia,system
438.0,1.0,43801.0,Asia and the Middle East,Turkmenistan,TM,MTS Turkmenistan,MTS,,YES,YES,,mts_turkmenistan,MTS,system
902.0,1.0,90201.0,Worldwide,Worldwide,XX,MulteFire Allicance,MulteFire Allicance,,,,YES,multefire_allicance_worldwide,MulteFire Allicance,system
404.0,21.0,40421.0,Asia and the Middle East,India,IN,Mumbai,Loop Mobile,,YES,,,loop_mobile_india,Loop Mobile,system
405.0,15.0,40515.0,Asia and the Middle East,India,IN,Mumbai,Reliance,,YES,YES,,reliance_india,Reliance,system
216.0,2.0,21602.0,Europe,Hungary,HU,MVM Net Ltd.,MVM Net Ltd.,,,,YES,mvm_net_ltd._hungary,MVM Net Ltd.,system
414.0,3.0,41403.0,Asia and the Middle East,Myanmar,MM,Myanmar Economic Corporation,CDMA800,,YES,,,cdma800_myanmar,CDMA800,system
414.0,9.0,41409.0,Asia and the Middle East,Myanmar,MM,"Myanmar National Tele & Communication Co., Ltd",Mytel,,YES,YES,YES,mytel_myanmar,Mytel,system
400.0,6.0,40006.0,Asia and the Middle East,Azerbaijan,AZ,Nakhtel LLC,Naxtel,,YES,,YES,naxtel_azerbaijan,Naxtel,system
262.0,92.0,26292.0,Europe,Germany,DE,Nash Technologies,Nash Technologies,,YES,YES,,nash_technologies_germany,Nash Technologies,system
505.0,62.0,50562.0,Oceania,Australia,AU,National Broadband Network Co.,NBN,,,,YES,nbn_australia,NBN,system
505.0,68.0,50568.0,Oceania,Australia,AU,National Broadband Network Co.,NBN,,,,YES,nbn_australia,NBN,system
637.0,10.0,63710.0,Africa,Somalia,SO,NationLink Telecom,Nationlink,,YES,,,nationlink_somalia,Nationlink,system
637.0,60.0,63760.0,Africa,Somalia,SO,Nationlink Telecom,Nationlink,,YES,,,nationlink_somalia,Nationlink,system
634.0,9.0,63409.0,Africa,Sudan,SD,NEC,khartoum INC,,YES,YES,,khartoum_inc_sudan,khartoum INC,system
312.0,330.0,312330.0,North America and the Caribbean,United States of America,US,"Nemont Communications, Inc.",Nemont,,,,YES,nemont_united_states_of_america,Nemont,system
655.0,13.0,65513.0,Africa,South Africa,ZA,Neotel Pty Ltd,Neotel,,YES,,,neotel_south_africa,Neotel,system
655.0,14.0,65514.0,Africa,South Africa,ZA,Neotel Pty Ltd,Neotel,,,,YES,neotel_south_africa,Neotel,system
310.0,290.0,310290.0,North America and the Caribbean,United States of America,US,NEP Cellcorp Inc.,nep,,YES,,,nep_united_states_of_america,nep,system
648.0,1.0,64801.0,Africa,Zimbabwe,ZW,Net*One Cellular (Pvt) Ltd,Net*One,,YES,,YES,net*one_zimbabwe,Net*One,system
240.0,24.0,24024.0,Europe,Sweden,SE,Net4Mobility HB,Sweden 2G,,YES,,YES,sweden_2g_sweden,Sweden 2G,system
240.0,3.0,24003.0,Europe,Sweden,SE,Netett Sverige AB,Net 1,,,,YES,net_1_sweden,Net 1,system
607.0,6.0,60706.0,Africa,Gambia,GM,NETPAGE,NETPAGE,,,,YES,netpage_gambia,NETPAGE,system
302.0,790.0,302790.0,North America and the Caribbean,Canada,CA,NetSet Communications,NetSet Communications,,,,YES,netset_communications_canada,NetSet Communications,system
659.0,4.0,65904.0,Africa,South Sudan,SS,Network of the World (NOW),Vivacell,,YES,,,vivacell_south_sudan,Vivacell,system
235.0,95.0,23595.0,Europe,United Kingdom,GB,Network Rail Infrastructure Limited,Network Rail Infrastructure Limited,,YES,,,network_rail_infrastructure_limited_united_kingdom,Network Rail Infrastructure Limited,system
234.0,12.0,23412.0,Europe,United Kingdom,GB,Network Rail Infrastructure Ltd,Railtrack,,YES,,,railtrack_united_kingdom,Railtrack,system
234.0,13.0,23413.0,Europe,United Kingdom,GB,Network Rail Infrastructure Ltd,Railtrack,,YES,,,railtrack_united_kingdom,Railtrack,system
310.0,100.0,310100.0,North America and the Caribbean,United States of America,US,New Mexico RSA 4 East LP,Plateau Wireless,,YES,YES,,plateau_wireless_united_states_of_america,Plateau Wireless,system
302.0,703.0,302703.0,North America and the Caribbean,Canada,CA,New Tel Mobility (Aliant),New Tel Mobility (Aliant),,,YES,,new_tel_mobility_(aliant)_canada,New Tel Mobility (Aliant),system
310.0,600.0,310600.0,North America and the Caribbean,United States of America,US,NewCell Inc.,Cellcom,,,YES,,cellcom_united_states_of_america,Cellcom,system
311.0,530.0,311530.0,North America and the Caribbean,United States of America,US,NewCore Wireless LLC,NewCore,,,,YES,newcore_united_states_of_america,NewCore,system
311.0,100.0,311100.0,North America and the Caribbean,United States of America,US,Nex-Tech Wireless,Nex-Tech Wireless,,,YES,,nex-tech_wireless_united_states_of_america,Nex-Tech Wireless,system
312.0,420.0,312420.0,North America and the Caribbean,United States of America,US,Nex-Tech Wireless,Nex-Tech Wireless,,,,YES,nex-tech_wireless_united_states_of_america,Nex-Tech Wireless,system
724.0,39.0,72439.0,South and Central America,Brazil,BR,"NII Holdings, Inc.",Nextel,,,YES,YES,nextel_brazil,Nextel,system
250.0,3.0,25003.0,Europe,Russian Federation,RU,Nizhegorodskaya Cellular Communications,NCC,,YES,,,ncc_russian_federation,NCC,system
244.0,7.0,24407.0,Europe,Finland,FI,Nokia Solutions and Networks Oy,Nokia,,YES,YES,YES,nokia_finland,Nokia,system
244.0,8.0,24408.0,Europe,Finland,FI,Nokia Solutions and Networks Oy,Nokia,,YES,YES,,nokia_finland,Nokia,system
244.0,9.0,24409.0,Europe,Finland,FI,Nokia Solutions and Networks Oy,Nokia Solutions and Networks Oy,,YES,,,nokia_solutions_and_networks_oy_finland,Nokia Solutions and Networks Oy,system
230.0,6.0,23006.0,Europe,Czech Republic,CZ,Nordic Telecom 5G a.s.,Nordic Telecom 5G a.s.,,,,YES,nordic_telecom_5g_a.s._czech_republic,Nordic Telecom 5G a.s.,system
230.0,4.0,23004.0,Europe,Czech Republic,CZ,Nordic Telecom s.r.o.,Nordic Telecom s.r.o.,,,,YES,nordic_telecom_s.r.o._czech_republic,Nordic Telecom s.r.o.,system
260.0,11.0,26011.0,Europe,Poland,PL,Nordisk Polska Sp. z o.o.,Nordisk Polska,,,YES,,nordisk_polska_poland,Nordisk Polska,system
505.0,10.0,50510.0,Oceania,Australia,AU,Norfolk Telecom,Norfolk Is.,,YES,,,norfolk_is._australia,Norfolk Is.,system
505.0,10.0,50510.0,Oceania,Norfolk Island,NF,Norfolk Telecom,Norfolk Telecom,,YES,,YES,norfolk_telecom_norfolk_island,Norfolk Telecom,system
404.0,50.0,40450.0,Asia and the Middle East,India,IN,North East,Reliance,,YES,,,reliance_india,Reliance,system
404.0,77.0,40477.0,Asia and the Middle East,India,IN,North East,cellone,,YES,YES,,cellone_india,cellone,system
405.0,755.0,405755.0,Asia and the Middle East,India,IN,North East,Vodafone India,,YES,,,vodafone_india_india,Vodafone India,system
405.0,849.0,405849.0,Asia and the Middle East,India,IN,North East,IDEA,,YES,,,idea_india,IDEA,system
312.0,590.0,312590.0,North America and the Caribbean,United States of America,US,Northern Michigan University,NMU,,,,YES,nmu_united_states_of_america,NMU,system
312.0,150.0,312150.0,North America and the Caribbean,United States of America,US,Northwest Missouri Cellular LP,NorthwestCell,,,,YES,northwestcell_united_states_of_america,NorthwestCell,system
618.0,4.0,61804.0,Africa,Liberia,LR,Novafone Inc.,Novafone,,YES,YES,,novafone_liberia,Novafone,system
730.0,9.0,73009.0,South and Central America,Chile,CL,Novator Partners,WOM,,,YES,YES,wom_chile,WOM,system
311.0,840.0,311840.0,North America and the Caribbean,United States of America,US,Nsight,Cellcom,,,,YES,cellcom_united_states_of_america,Cellcom,system
311.0,850.0,311850.0,North America and the Caribbean,United States of America,US,Nsight,Cellcom,,,,YES,cellcom_united_states_of_america,Cellcom,system
312.0,610.0,312610.0,North America and the Caribbean,United States of America,US,"nTelos Licenses, Inc.",nTelos,,,,YES,ntelos_united_states_of_america,nTelos,system
312.0,660.0,312660.0,North America and the Caribbean,United States of America,US,nTelos Wireless,nTelos,,,,YES,ntelos_united_states_of_america,nTelos,system
437.0,9.0,43709.0,Asia and the Middle East,Kyrgyzstan,KG,NurTelecom LLC,O!,,YES,YES,YES,o!_kyrgyzstan,O!,system
232.0,91.0,23291.0,Europe,Austria,AT,ÖBB,GSM-R A,,YES,,,gsm-r_a_austria,GSM-R A,system
338.0,70.0,338070.0,North America and the Caribbean,Jamaica,JM,Oceanic Digital Jamaica Limited,Claro,,YES,YES,,claro_jamaica,Claro,system
415.0,5.0,41505.0,Asia and the Middle East,Lebanon,LB,Ogero Telecom,Ogero Mobile,,YES,,,ogero_mobile_lebanon,Ogero Mobile,system
440.0,78.0,44078.0,Asia and the Middle East,Japan,JP,Okinawa Cellular Telephone,au,,,YES,,au_japan,au,system
635.0,17.0,63517.0,Africa,Rwanda,RW,Olleh Rwanda Networks,Olleh,,,,YES,olleh_rwanda,Olleh,system
901.0,15.0,90115.0,Worldwide,Worldwide,XX,OnAir Switzerland Sarl,OnAir,,YES,,,onair_worldwide,OnAir,system
613.0,1.0,61301.0,Africa,Burkina Faso,BF,Onatel,Telmob,,YES,YES,YES,telmob_burkina_faso,Telmob,system
642.0,3.0,64203.0,Africa,Burundi,BI,Onatel,Onatel,,YES,,,onatel_burundi,Onatel,system
505.0,99.0,50599.0,Oceania,Australia,AU,One.Tel,One.Tel,,YES,,,one.tel_australia,One.Tel,system
505.0,8.0,50508.0,Oceania,Australia,AU,One.Tel Limited,One.Tel,,YES,,,one.tel_australia,One.Tel,system
294.0,2.0,29402.0,Europe,North Macedonia,MK,ONE.VIP DOO,vip,,YES,YES,YES,vip_north_macedonia,vip,system
268.0,5.0,26805.0,Europe,Portugal,PT,"Oniway - Inforcomunicaçôes, S.A.","Oniway - Inforcomunicaçôes, S.A.",,,YES,,"oniway_-_inforcomunicaçôes,_s.a._portugal","Oniway - Inforcomunicaçôes, S.A.",system
434.0,9.0,43409.0,Asia and the Middle East,Uzbekistan,UZ,OOO «Super iMAX»,EVO,,,,YES,evo_uzbekistan,EVO,system
505.0,17.0,50517.0,Oceania,Australia,AU,Optus,Optus,,,,YES,optus_australia,Optus,system
612.0,3.0,61203.0,Africa,Ivory Coast,CI,Orange,Orange,,YES,YES,YES,orange_ivory_coast,Orange,system
652.0,2.0,65202.0,Africa,Botswana,BW,Orange (Botswana) Pty Limited,Orange,,YES,YES,YES,orange_botswana,Orange,system
624.0,2.0,62402.0,Africa,Cameroon,CM,Orange Cameroun S.A.,Orange,,YES,YES,YES,orange_cameroon,Orange,system
647.0,0.0,64700.0,Africa,French Indian Ocean Territories (France),YT/RE,Orange La Réunion,Orange,,YES,YES,YES,orange_french_indian_ocean_territories_(france),Orange,system
618.0,7.0,61807.0,Africa,Liberia,LR,Orange Liberia,Orange LBR,,YES,YES,YES,orange_lbr_liberia,Orange LBR,system
646.0,2.0,64602.0,Africa,Madagascar,MG,Orange Madagascar S.A.,Orange,,YES,YES,YES,orange_madagascar,Orange,system
901.0,31.0,90131.0,Worldwide,Worldwide,XX,Orange S.A.,Orange,,YES,,,orange_worldwide,Orange,system
208.0,2.0,20802.0,Europe,France,FR,Orange S.A.,Orange,,YES,YES,,orange_france,Orange,system
231.0,5.0,23105.0,Europe,Slovakia,SK,Orange Slovensko,Orange,,YES,YES,,orange_slovakia,Orange,system
612.0,6.0,61206.0,Africa,Ivory Coast,CI,Oricel,GreenN,,YES,,,greenn_ivory_coast,GreenN,system
220.0,7.0,22007.0,Europe,Serbia,RS,Orion Telekom,Orion Telekom,,YES,,,orion_telekom_serbia,Orion Telekom,system
404.0,52.0,40452.0,Asia and the Middle East,India,IN,Orissa,Reliance,,YES,,,reliance_india,Reliance,system
404.0,76.0,40476.0,Asia and the Middle East,India,IN,Orissa,cellone,,YES,YES,,cellone_india,cellone,system
405.0,17.0,40517.0,Asia and the Middle East,India,IN,Orissa,Reliance,,YES,,,reliance_india,Reliance,system
405.0,753.0,405753.0,Asia and the Middle East,India,IN,Orissa,Vodafone India,,YES,,,vodafone_india_india,Vodafone India,system
202.0,4.0,20204.0,Europe,Greece,GR,OSE,OSE,,YES,,,ose_greece,OSE,system
311.0,560.0,311560.0,North America and the Caribbean,United States of America,US,"OTZ Communications, Inc.",OTZ Cellular,,YES,,,otz_cellular_united_states_of_america,OTZ Cellular,system
540.0,1.0,54001.0,Oceania,Solomon Islands,SB,Our Telekom,BREEZE,,YES,YES,YES,breeze_solomon_islands,BREEZE,system
340.0,2.0,34002.0,North America and the Caribbean,French Antilles (France),BL/GF/GP/MF/MQ,Outremer Telecom,SFR Caraïbe,,YES,YES,YES,sfr_caraïbe_french_antilles_(france),SFR Caraïbe,system
342.0,800.0,342800.0,North America and the Caribbean,Barbados,BB,Ozone Wireless Inc.,Ozone,,,,YES,ozone_barbados,Ozone,system
260.0,98.0,26098.0,Europe,Poland,PL,P4 Sp. z o.o.,Play,,,,YES,play_poland,Play,system
470.0,5.0,47005.0,Asia and the Middle East,Bangladesh,BD,Pacific Bangladesh Telecom Limited,Citycell,,YES,,,citycell_bangladesh,Citycell,system
547.0,15.0,54715.0,Oceania,French Polynesia (France),PF,Pacific Mobile Telecom,Vodafone,,YES,YES,,vodafone_french_polynesia_(france),Vodafone,system
313.0,320.0,313320.0,North America and the Caribbean,United States of America,US,Paladin Wireless,Paladin Wireless,,,,YES,paladin_wireless_united_states_of_america,Paladin Wireless,system
552.0,2.0,55202.0,Oceania,Palau,PW,Palau Equipment Company Inc.,PT Waves,,YES,,,pt_waves_palau,PT Waves,system
552.0,99.0,55299.0,Oceania,Palau,PW,Palau Mobile Communications Inc.,PMCI,,,,YES,pmci_palau,PMCI,system
552.0,80.0,55280.0,Oceania,Palau,PW,Palau Mobile Corporation,Palau Mobile,,YES,,,palau_mobile_palau,Palau Mobile,system
552.0,1.0,55201.0,Oceania,Palau,PW,Palau National Communications Corp.,PNCC,,YES,YES,YES,pncc_palau,PNCC,system
311.0,450.0,311450.0,North America and the Caribbean,United States of America,US,Panhandle Telecommunication Systems Inc.,PTCI,,YES,,YES,ptci_united_states_of_america,PTCI,system
649.0,4.0,64904.0,Africa,Namibia,,Paratus Telecommunications (Pty),Paratus Telecommunications (Pty),,,,YES,paratus_telecommunications_(pty)_namibia,Paratus Telecommunications (Pty),system
425.0,10.0,42510.0,Asia and the Middle East,Israel,IL,Partner Communications Company Ltd.,Partner,,YES,YES,YES,partner_israel,Partner,system
454.0,20.0,45420.0,Asia and the Middle East,Hong Kong,HK,PCCW-HKT,PCCW Mobile (4G),,,,YES,pccw_mobile_(4g)_hong_kong,PCCW Mobile (4G),system
454.0,29.0,45429.0,Asia and the Middle East,Hong Kong,HK,PCCW-HKT,PCCW Mobile (CDMA),,YES,,,pccw_mobile_(cdma)_hong_kong,PCCW Mobile (CDMA),system
425.0,28.0,42528.0,Asia and the Middle East,Israel,IL,PHI Networks,PHI Networks,,,,YES,phi_networks_israel,PHI Networks,system
255.0,99.0,25599.0,Europe,Ukraine,UA,Phoenix,Phoenix,,,,YES,phoenix_ukraine,Phoenix,system
311.0,670.0,311670.0,North America and the Caribbean,United States of America,US,Pine Belt Cellular Inc.,Pine Belt Wireless,,YES,,YES,pine_belt_wireless_united_states_of_america,Pine Belt Wireless,system
311.0,80.0,311080.0,North America and the Caribbean,United States of America,US,Pine Telephone Company,Pine Cellular,,YES,,YES,pine_cellular_united_states_of_america,Pine Cellular,system
310.0,790.0,310790.0,North America and the Caribbean,United States of America,US,PinPoint Communications Inc.,BLAZE,,YES,YES,YES,blaze_united_states_of_america,BLAZE,system
311.0,290.0,311290.0,North America and the Caribbean,United States of America,US,PinPoint Communications Inc.,BLAZE,,YES,YES,YES,blaze_united_states_of_america,BLAZE,system
260.0,35.0,26035.0,Europe,Poland,PL,PKP Polskie Linie Kolejowe S.A.,PKP Polskie Linie Kolejowe S.A.,,YES,,,pkp_polskie_linie_kolejowe_s.a._poland,PKP Polskie Linie Kolejowe S.A.,system
515.0,18.0,51518.0,Oceania,Philippines,PH,PLDT via Smart's Connectivity Unlimited Resources Enterprise,Cure,,YES,YES,,cure_philippines,Cure,system
230.0,5.0,23005.0,Europe,Czech Republic,CZ,PODA a.s.,PODA a.s.,,,,YES,poda_a.s._czech_republic,PODA a.s.,system
260.0,5.0,26005.0,Europe,Poland,PL,Polska Telefonia Komórkowa Centertel Sp. z o.o.,Orange,,,YES,,orange_poland,Orange,system
330.0,0.0,330000.0,North America and the Caribbean,Puerto Rico,PR,PR Wireless,Open Mobile,,YES,,,open_mobile_puerto_rico,Open Mobile,system
330.0,120.0,330120.0,North America and the Caribbean,Puerto Rico,PR,PR Wireless,Open Mobile,,,,YES,open_mobile_puerto_rico,Open Mobile,system
255.0,5.0,25505.0,Europe,Ukraine,UA,"PRJSC ""Kyivstar""",Kyivstar,,YES,,,kyivstar_ukraine,Kyivstar,system
255.0,21.0,25521.0,Europe,Ukraine,UA,"PRJSC ""Telesystems of Ukraine""",PEOPLEnet,,YES,,,peoplenet_ukraine,PEOPLEnet,system
255.0,25.0,25525.0,Europe,Ukraine,UA,"PRJSC ""Telesystems of Ukraine""",NEWTONE,,YES,,,newtone_ukraine,NEWTONE,system
248.0,6.0,24806.0,Europe,Estonia,EE,Progroup Holding,Progroup Holding,,,YES,,progroup_holding_estonia,Progroup Holding,system
204.0,21.0,20421.0,Europe,Netherlands,NL,ProRail B.V.,ProRail B.V.,,YES,,,prorail_b.v._netherlands,ProRail B.V.,system
311.0,540.0,311540.0,North America and the Caribbean,United States of America,US,Proximiti Mobility Inc.,Proximiti Mobility Inc.,,YES,,,proximiti_mobility_inc._united_states_of_america,Proximiti Mobility Inc.,system
311.0,730.0,311730.0,North America and the Caribbean,United States of America,US,Proximiti Mobility Inc.,Proximiti Mobility Inc.,,YES,,,proximiti_mobility_inc._united_states_of_america,Proximiti Mobility Inc.,system
510.0,99.0,51099.0,Oceania,Indonesia,ID,PT Bakrie Telecom,Esia,,YES,,,esia_indonesia,Esia,system
510.0,78.0,51078.0,Oceania,Indonesia,ID,PT Berca Hardayaperkasa,Hinet,,,,YES,hinet_indonesia,Hinet,system
510.0,3.0,51003.0,Oceania,Indonesia,ID,PT Indosat Tbk,StarOne,,YES,,,starone_indonesia,StarOne,system
510.0,88.0,51088.0,Oceania,Indonesia,ID,PT Internux,BOLT! 4G LTE,,,,YES,bolt!_4g_lte_indonesia,BOLT! 4G LTE,system
510.0,28.0,51028.0,Oceania,Indonesia,ID,PT Mobile-8 Telecom,Fren/Hepi,,,,YES,fren/hepi_indonesia,Fren/Hepi,system
510.0,27.0,51027.0,Oceania,Indonesia,ID,PT Sampoerna Telekomunikasi Indonesia,Net 1,,,,YES,net_1_indonesia,Net 1,system
510.0,9.0,51009.0,Oceania,Indonesia,ID,PT Smartfren Telecom,Smartfren,,,,YES,smartfren_indonesia,Smartfren,system
514.0,1.0,51401.0,Oceania,East Timor,TL,PT Telekomunikasi Indonesia International,Telkomcel,,YES,YES,YES,telkomcel_east_timor,Telkomcel,system
510.0,7.0,51007.0,Oceania,Indonesia,ID,PT Telkom,TelkomFlexi,,YES,,,telkomflexi_indonesia,TelkomFlexi,system
510.0,20.0,51020.0,Oceania,Indonesia,ID,PT Telkom Indonesia Tbk,TELKOMMobile,,YES,,,telkommobile_indonesia,TELKOMMobile,system
410.0,2.0,41002.0,Asia and the Middle East,Pakistan,PK,PTCL,3G EVO / CharJi 4G,,,YES,YES,3g_evo_/_charji_4g_pakistan,3G EVO / CharJi 4G,system
310.0,500.0,310500.0,North America and the Caribbean,United States of America,US,Public Service Cellular Inc.,Alltel,,,YES,,alltel_united_states_of_america,Alltel,system
404.0,53.0,40453.0,Asia and the Middle East,India,IN,Punjab,cellone,,YES,YES,,cellone_india,cellone,system
405.0,18.0,40518.0,Asia and the Middle East,India,IN,Punjab,Reliance,,YES,,,reliance_india,Reliance,system
405.0,851.0,405851.0,Asia and the Middle East,India,IN,Punjab,IDEA,,YES,,,idea_india,IDEA,system
738.0,3.0,738003.0,South and Central America,Guyana,GY,Quark Communications Inc.,Quark Communications Inc.,,,,YES,quark_communications_inc._guyana,Quark Communications Inc.,system
505.0,21.0,50521.0,Oceania,Australia,AU,Queensland Rail Limited,Queensland Rail Limited,,YES,,,queensland_rail_limited_australia,Queensland Rail Limited,system
505.0,13.0,50513.0,Oceania,Australia,AU,"Railcorp, Transport for New South Wales",RailCorp,,YES,,,railcorp_australia,RailCorp,system
404.0,59.0,40459.0,Asia and the Middle East,India,IN,Rajasthan,cellone,,YES,YES,,cellone_india,cellone,system
404.0,60.0,40460.0,Asia and the Middle East,India,IN,Rajasthan,Vodafone India,,YES,,,vodafone_india_india,Vodafone India,system
405.0,19.0,40519.0,Asia and the Middle East,India,IN,Rajasthan,Reliance,,YES,,,reliance_india,Reliance,system
226.0,5.0,22605.0,Europe,Romania,RO,RCS&RDS,Digi.Mobil,,,YES,YES,digi.mobil_romania,Digi.Mobil,system
312.0,780.0,312780.0,North America and the Caribbean,United States of America,US,Redzone Wireless,Redzone Wireless,,,,YES,redzone_wireless_united_states_of_america,Redzone Wireless,system
208.0,96.0,20896.0,Europe,France,FR,Région Bourgogne-Franche-Comté,Région Bourgogne-Franche-Comté,,,,YES,région_bourgogne-franche-comté_france,Région Bourgogne-Franche-Comté,system
222.0,30.0,22230.0,Europe,Italy,IT,Rete Ferroviaria Italiana,RFI,,YES,,,rfi_italy,RFI,system
302.0,320.0,302320.0,North America and the Caribbean,Canada,CA,Rogers Communications,Rogers Wireless,,,YES,,rogers_wireless_canada,Rogers Wireless,system
250.0,39.0,25039.0,Europe,Russian Federation,RU,ROSTELECOM,Rostelecom,,YES,YES,YES,rostelecom_russian_federation,Rostelecom,system
520.0,9.0,52009.0,Oceania,Thailand,TH,Royal Thai Police,Royal Thai Police,,,,YES,royal_thai_police_thailand,Royal Thai Police,system
312.0,160.0,312160.0,North America and the Caribbean,United States of America,US,RSA1 Limited Partnership,Chat Mobility,,,,YES,chat_mobility_united_states_of_america,Chat Mobility,system
312.0,320.0,312320.0,North America and the Caribbean,United States of America,US,RTC Communications LLC,RTC Communications LLC,,,,YES,rtc_communications_llc_united_states_of_america,RTC Communications LLC,system
434.0,6.0,43406.0,Asia and the Middle East,Uzbekistan,UZ,RUBICON WIRELESS COMMUNICATION,Perfectum Mobile,,,YES,,perfectum_mobile_uzbekistan,Perfectum Mobile,system
640.0,1.0,64001.0,Africa,Tanzania,TZ,Rural NetCo Limited,Rural NetCo Limited,,,YES,,rural_netco_limited_tanzania,Rural NetCo Limited,system
635.0,12.0,63512.0,Africa,Rwanda,RW,Rwandatel S.A.,Rwandatel,,YES,,,rwandatel_rwanda,Rwandatel,system
452.0,3.0,45203.0,Asia and the Middle East,Vietnam,VN,S-Telecom,S-Fone,,,YES,,s-fone_vietnam,S-Fone,system
646.0,3.0,64603.0,Africa,Madagascar,MG,Sacel Madagascar S.A.,Sacel,,YES,,,sacel_madagascar,Sacel,system
311.0,350.0,311350.0,North America and the Caribbean,United States of America,US,"Sagebrush Cellular, Inc.",Nemont,,,YES,,nemont_united_states_of_america,Nemont,system
437.0,10.0,43710.0,Asia and the Middle East,Kyrgyzstan,KG,Saima Telecom,Saima Telecom,,,,YES,saima_telecom_kyrgyzstan,Saima Telecom,system
292.0,1.0,29201.0,Europe,San Marino,SM,San Marino Telecom,PRIMA,,YES,YES,,prima_san_marino,PRIMA,system
302.0,680.0,302680.0,North America and the Caribbean,Canada,CA,SaskTel Mobility,SaskTel,,,,YES,sasktel_canada,SaskTel,system
244.0,15.0,24415.0,Europe,Finland,FI,Satakunnan ammattikorkeakoulu Oy,SAMK,,YES,,,samk_finland,SAMK,system
420.0,21.0,42021.0,Asia and the Middle East,Saudi Arabia,SA,Saudi Railways GSM,RGSM,,YES,,,rgsm_saudi_arabia,RGSM,system
228.0,6.0,22806.0,Europe,Switzerland,CH,SBB AG,SBB-CFF-FFS,,YES,,,sbb-cff-ffs_switzerland,SBB-CFF-FFS,system
410.0,5.0,41005.0,Asia and the Middle East,Pakistan,PK,SCO Mobile Ltd,SCO Mobile,,YES,,,sco_mobile_pakistan,SCO Mobile,system
410.0,8.0,41008.0,Asia and the Middle East,Pakistan,PK,SCO Mobile Ltd,SCO Mobile,,YES,,,sco_mobile_pakistan,SCO Mobile,system
456.0,11.0,45611.0,Asia and the Middle East,Cambodia,KH,SEATEL Cambodia,SEATEL,,,,YES,seatel_cambodia,SEATEL,system
724.0,15.0,72415.0,South and Central America,Brazil,BR,Sercomtel Celular,Sercomtel,,YES,YES,,sercomtel_brazil,Sercomtel,system
543.0,1.0,54301.0,Oceania,Wallis and Futuna,WF,Service des Postes et Télécommunications des Îles Wallis et Futuna (SPT),Manuia,,,YES,YES,manuia_wallis_and_futuna,Manuia,system
363.0,1.0,36301.0,North America and the Caribbean,Aruba,AW,Servicio di Telecomunicacion di Aruba,SETAR,,YES,YES,YES,setar_aruba,SETAR,system
250.0,33.0,25033.0,Europe,Russian Federation,RU,Sevtelekom,Sevmobile,,YES,YES,,sevmobile_russian_federation,Sevmobile,system
302.0,880.0,302880.0,North America and the Caribbean,Canada,CA,"Shared Telus, Bell, and SaskTel",Bell / Telus / SaskTel,,,YES,,bell_/_telus_/_sasktel_canada,Bell / Telus / SaskTel,system
302.0,490.0,302490.0,North America and the Caribbean,Canada,CA,Shaw Communications,Freedom Mobile,,,YES,YES,freedom_mobile_canada,Freedom Mobile,system
450.0,3.0,45003.0,Asia and the Middle East,South Korea,KR,"Shinsegi Telecom, Inc.",Power 017,,,YES,,power_017_south_korea,Power 017,system
311.0,910.0,311910.0,North America and the Caribbean,United States of America,US,SI Wireless LLC,MobileNation,,YES,,YES,mobilenation_united_states_of_america,MobileNation,system
250.0,4.0,25004.0,Europe,Russian Federation,RU,Sibchallenge,Sibchallenge,,YES,,,sibchallenge_russian_federation,Sibchallenge,system
262.0,76.0,26276.0,Europe,Germany,DE,Siemens AG,Siemens AG,,YES,,,siemens_ag_germany,Siemens AG,system
619.0,6.0,61906.0,Africa,Sierra Leone,SL,Sierra Leone Telephony,SierraTel,,YES,,YES,sierratel_sierra_leone,SierraTel,system
282.0,5.0,28205.0,Europe,Georgia,GE,Silknet,S1,,YES,,,s1_georgia,S1,system
282.0,8.0,28208.0,Europe,Georgia,GE,Silknet,Silk LTE,,,,YES,silk_lte_georgia,Silk LTE,system
312.0,430.0,312430.0,North America and the Caribbean,United States of America,US,Silver Star Communications,Silver Star Communications,,YES,,YES,silver_star_communications_united_states_of_america,Silver Star Communications,system
428.0,91.0,42891.0,Asia and the Middle East,Mongolia,MN,Skytel LLC,Skytel,,,YES,,skytel_mongolia,Skytel,system
231.0,4.0,23104.0,Europe,Slovakia,SK,Slovak Telekom,Telekom,,YES,YES,,telekom_slovakia,Telekom,system
456.0,2.0,45602.0,Asia and the Middle East,Cambodia,KH,Smart Axiata Co. Ltd,Smart,,YES,YES,YES,smart_cambodia,Smart,system
456.0,5.0,45605.0,Asia and the Middle East,Cambodia,KH,Smart Axiata Co. Ltd,Smart,,YES,YES,YES,smart_cambodia,Smart,system
456.0,6.0,45606.0,Asia and the Middle East,Cambodia,KH,Smart Axiata Co. Ltd,Smart,,YES,YES,YES,smart_cambodia,Smart,system
429.0,4.0,42904.0,Asia and the Middle East,Nepal,NP,Smart Telecom Pvt. Ltd. (STPL),SmartCell,,YES,,YES,smartcell_nepal,SmartCell,system
455.0,6.0,45506.0,Asia and the Middle East,Macau (China),MO,"Smartone – Comunicações Móveis, S.A.",SmarTone,,,YES,,smartone_macau_(china),SmarTone,system
454.0,15.0,45415.0,Asia and the Middle East,Hong Kong,HK,SmarTone Mobile Communications Limited,SmarTone Mobile Communications Limited,,YES,,,smartone_mobile_communications_limited_hong_kong,SmarTone Mobile Communications Limited,system
454.0,17.0,45417.0,Asia and the Middle East,Hong Kong,HK,SmarTone Mobile Communications Limited,SmarTone Mobile Communications Limited,,YES,,,smartone_mobile_communications_limited_hong_kong,SmarTone Mobile Communications Limited,system
250.0,15.0,25015.0,Europe,Russian Federation,RU,"SMARTS Ufa, SMARTS Uljanovsk",SMARTS,,YES,,,smarts_russian_federation,SMARTS,system
621.0,27.0,62127.0,Africa,Nigeria,NG,Smile Communications Nigeria,Smile,,,,YES,smile_nigeria,Smile,system
641.0,33.0,64133.0,Africa,Uganda,UG,Smile Communications Uganda Limited,Smile,,,,YES,smile_uganda,Smile,system
640.0,11.0,64011.0,Africa,Tanzania,TZ,Smile Telecoms Holdings Ltd.,SmileCom,,,,YES,smilecom_tanzania,SmileCom,system
310.0,320.0,310320.0,North America and the Caribbean,United States of America,US,"Smith Bagley, Inc.",Cellular One,,YES,YES,,cellular_one_united_states_of_america,Cellular One,system
208.0,14.0,20814.0,Europe,France,FR,SNCF Réseau,SNCF Réseau,,YES,,,sncf_réseau_france,SNCF Réseau,system
432.0,21.0,43221.0,Asia and the Middle East,Iran,IR,Social Security Investment Co.,Rightel,,,YES,YES,rightel_iran,Rightel,system
270.0,71.0,27071.0,Europe,Luxembourg,LU,Société Nationale des Chemins de Fer Luxembourgeois,CFL,,YES,,,cfl_luxembourg,CFL,system
647.0,10.0,64710.0,Africa,French Indian Ocean Territories (France),YT/RE,Société Réunionnaise du Radiotéléphone,SFR Réunion,,YES,YES,YES,sfr_réunion_french_indian_ocean_territories_(france),SFR Réunion,system
440.0,0.0,44000.0,Asia and the Middle East,Japan,JP,SoftBank Corp.,Y!Mobile,,,YES,,y!mobile_japan,Y!Mobile,system
440.0,21.0,44021.0,Asia and the Middle East,Japan,JP,SoftBank Corp.,SoftBank,,,YES,YES,softbank_japan,SoftBank,system
441.0,1.0,44101.0,Asia and the Middle East,Japan,JP,SoftBank Corp.,SoftBank,,,YES,YES,softbank_japan,SoftBank,system
637.0,4.0,63704.0,Africa,Somalia,SO,Somafone FZLLC,Somafone,,YES,,,somafone_somalia,Somafone,system
637.0,20.0,63720.0,Africa,Somalia,SO,SOMNET,SOMNET,,YES,YES,YES,somnet_somalia,SOMNET,system
637.0,71.0,63771.0,Africa,Somalia,SO,Somtel,Somtel,,YES,YES,YES,somtel_somalia,Somtel,system
608.0,1.0,60801.0,Africa,Senegal,SN,Sonatel,Orange,,YES,YES,YES,orange_senegal,Orange,system
250.0,91.0,25091.0,Europe,Russian Federation,RU,Sonic Duo CJSC,Sonic Duo,,YES,,,sonic_duo_russian_federation,Sonic Duo,system
611.0,2.0,61102.0,Africa,Guinea,GN,Sotelgui Lagui,Sotelgui,,YES,,,sotelgui_guinea,Sotelgui,system
622.0,2.0,62202.0,Africa,Chad,TD,SotelTchad,Tawali,,,YES,,tawali_chad,Tawali,system
622.0,7.0,62207.0,Africa,Chad,TD,SotelTchad,Salam,,YES,,,salam_chad,Salam,system
312.0,80.0,312080.0,North America and the Caribbean,United States of America,US,South Georgia Regional Information Technology Authority,SyncSouth,,,YES,,syncsouth_united_states_of_america,SyncSouth,system
312.0,720.0,312720.0,North America and the Caribbean,United States of America,US,Southern Communications Services,Southern LINC,,,,YES,southern_linc_united_states_of_america,Southern LINC,system
616.0,3.0,61603.0,Africa,Benin,BJ,Spacetel Benin,MTN,,YES,YES,YES,mtn_benin,MTN,system
421.0,2.0,42102.0,Asia and the Middle East,Yemen,YE,Spacetel Yemen,MTN,,YES,,,mtn_yemen,MTN,system
621.0,24.0,62124.0,Africa,Nigeria,NG,Spectranet,Spectranet,,,,YES,spectranet_nigeria,Spectranet,system
702.0,99.0,70299.0,South and Central America,Belize,BZ,Speednet Communications Limited,SMART,,,YES,,smart_belize,SMART,system
230.0,98.0,23098.0,Europe,Czech Republic,CZ,"Správa železniční dopravní cesty, s.o.","Správa železniční dopravní cesty, s.o.",,YES,,,"správa_železniční_dopravní_cesty,_s.o._czech_republic","Správa železniční dopravní cesty, s.o.",system
311.0,490.0,311490.0,North America and the Caribbean,United States of America,US,Sprint Corporation,Sprint,,,,YES,sprint_united_states_of_america,Sprint,system
413.0,12.0,41312.0,Asia and the Middle East,Sri Lanka,LK,Sri Lanka Telecom PLC,SLT,,,,YES,slt_sri_lanka,SLT,system
302.0,480.0,302480.0,North America and the Caribbean,Canada,CA,SSi Connexions,Qiniq,,YES,,YES,qiniq_canada,Qiniq,system
308.0,1.0,30801.0,North America and the Caribbean,Saint Pierre and Miquelon (France),PM,St. Pierre-et-Miquelon Télécom,Ameris,,YES,,,ameris_saint_pierre_and_miquelon_(france),Ameris,system
311.0,640.0,311640.0,North America and the Caribbean,United States of America,US,Standing Rock Telecommunications,Rock Wireless,,,,YES,rock_wireless_united_states_of_america,Rock Wireless,system
302.0,550.0,302550.0,North America and the Caribbean,Canada,CA,Star Solutions International Inc.,Star Solutions International Inc.,,,,YES,star_solutions_international_inc._canada,Star Solutions International Inc.,system
426.0,4.0,42604.0,Asia and the Middle East,Bahrain,BH,STC Bahrain,STC,,YES,YES,YES,stc_bahrain,STC,system
311.0,360.0,311360.0,North America and the Caribbean,United States of America,US,Stelera Wireless,Stelera Wireless,,,YES,,stelera_wireless_united_states_of_america,Stelera Wireless,system
634.0,7.0,63407.0,Africa,Sudan,SD,Sudatel Group,Sudani One,,YES,YES,YES,sudani_one_sudan,Sudani One,system
630.0,5.0,63005.0,Africa,Democratic Republic of the Congo,CD,Supercell SPRL,Supercell,,YES,,,supercell_democratic_republic_of_the_congo,Supercell,system
995.0,1.0,99501.0,Worldwide,British Indian Ocean Territory (UK),IO,Sure (Diego Garcia) Ltd,FonePlus,,YES,,,foneplus_british_indian_ocean_territory_(uk),FonePlus,system
234.0,55.0,23455.0,Europe,Guernsey (UK),GG,Sure (Guernsey) Limited,Sure Mobile,,YES,YES,YES,sure_mobile_guernsey_(uk),Sure Mobile,system
234.0,55.0,23455.0,Europe,United Kingdom,GB,Sure (Guernsey) Limited,Sure Mobile,,YES,YES,YES,sure_mobile_united_kingdom,Sure Mobile,system
234.0,55.0,23455.0,Europe,Jersey (UK),JE,Sure (Jersey) Limited,Sure Mobile,,YES,YES,YES,sure_mobile_jersey_(uk),Sure Mobile,system
234.0,36.0,23436.0,Europe,Isle of Man (UK),IM,Sure Isle of Man Ltd.,Sure Mobile,,YES,,YES,sure_mobile_isle_of_man_(uk),Sure Mobile,system
234.0,36.0,23436.0,Europe,United Kingdom,GB,Sure Isle of Man Ltd.,Sure Mobile,,YES,,YES,sure_mobile_united_kingdom,Sure Mobile,system
750.0,1.0,750001.0,South and Central America,Falkland Islands (UK),FK,Sure South Atlantic Ltd.,Sure,,YES,,YES,sure_falkland_islands_(uk),Sure,system
658.0,1.0,65801.0,Africa,"Saint Helena, Ascension and Tristan da Cunha",SH,Sure South Atlantic Ltd.,Sure,,YES,,YES,"sure_saint_helena,_ascension_and_tristan_da_cunha",Sure,system
620.0,8.0,62008.0,Africa,Ghana,GH,Surfline Communications Ltd,Surfline,,,,YES,surfline_ghana,Surfline,system
240.0,5.0,24005.0,Europe,Sweden,SE,Svenska UMTS-Nät AB,Sweden 3G,,,YES,,sweden_3g_sweden,Sweden 3G,system
231.0,3.0,23103.0,Europe,Slovakia,SK,"SWAN Mobile, a.s.",4ka,,,,YES,4ka_slovakia,4ka,system
653.0,2.0,65302.0,Africa,Swaziland,SZ,Swazi Mobile Limited,Swazi Mobile Limited,,,,YES,swazi_mobile_limited_swaziland,Swazi Mobile Limited,system
621.0,26.0,62126.0,Africa,Nigeria,NG,Swift,Swift,,,,YES,swift_nigeria,Swift,system
295.0,1.0,29501.0,Europe,Liechtenstein,LI,Swisscom Schweiz AG,Swisscom,,YES,,YES,swisscom_liechtenstein,Swisscom,system
338.0,40.0,338040.0,North America and the Caribbean,Jamaica,JM,Symbiote Investment Limited,Caricel,,,,YES,caricel_jamaica,Caricel,system
208.0,23.0,20823.0,Europe,France,FR,Syndicat mixte ouvert Charente Numérique,Syndicat mixte ouvert Charente Numérique,,,,YES,syndicat_mixte_ouvert_charente_numérique_france,Syndicat mixte ouvert Charente Numérique,system
417.0,1.0,41701.0,Asia and the Middle East,Syria,SY,Syriatel Mobile Telecom,Syriatel,,YES,YES,YES,syriatel_syria,Syriatel,system
311.0,930.0,311930.0,North America and the Caribbean,United States of America,US,Syringa Wireless,Syringa Wireless,,,,YES,syringa_wireless_united_states_of_america,Syringa Wireless,system
293.0,10.0,29310.0,Europe,Slovenia,SI,"SŽ - Infrastruktura, d.o.o.","SŽ - Infrastruktura, d.o.o.",,YES,,,"sž_-_infrastruktura,_d.o.o._slovenia","SŽ - Infrastruktura, d.o.o.",system
293.0,64.0,29364.0,Europe,Slovenia,SI,T-2 d.o.o.,T-2,,,YES,,t-2_slovenia,T-2,system
310.0,200.0,310200.0,North America and the Caribbean,United States of America,US,T-Mobile,T-Mobile,,YES,,,t-mobile_united_states_of_america,T-Mobile,system
310.0,210.0,310210.0,North America and the Caribbean,United States of America,US,T-Mobile,T-Mobile,,YES,,,t-mobile_united_states_of_america,T-Mobile,system
310.0,220.0,310220.0,North America and the Caribbean,United States of America,US,T-Mobile,T-Mobile,,YES,,,t-mobile_united_states_of_america,T-Mobile,system
310.0,230.0,310230.0,North America and the Caribbean,United States of America,US,T-Mobile,T-Mobile,,YES,,,t-mobile_united_states_of_america,T-Mobile,system
310.0,240.0,310240.0,North America and the Caribbean,United States of America,US,T-Mobile,T-Mobile,,YES,,,t-mobile_united_states_of_america,T-Mobile,system
310.0,250.0,310250.0,North America and the Caribbean,United States of America,US,T-Mobile,T-Mobile,,YES,,,t-mobile_united_states_of_america,T-Mobile,system
310.0,270.0,310270.0,North America and the Caribbean,United States of America,US,T-Mobile,T-Mobile,,YES,,,t-mobile_united_states_of_america,T-Mobile,system
310.0,310.0,310310.0,North America and the Caribbean,United States of America,US,T-Mobile,T-Mobile,,YES,,,t-mobile_united_states_of_america,T-Mobile,system
310.0,490.0,310490.0,North America and the Caribbean,United States of America,US,T-Mobile,T-Mobile,,YES,,,t-mobile_united_states_of_america,T-Mobile,system
310.0,800.0,310800.0,North America and the Caribbean,United States of America,US,T-Mobile,T-Mobile,,YES,,,t-mobile_united_states_of_america,T-Mobile,system
297.0,2.0,29702.0,Europe,Montenegro,ME,T-Mobile Montenegro LLC,T-Mobile,,YES,YES,YES,t-mobile_montenegro,T-Mobile,system
220.0,4.0,22004.0,Europe,Serbia,RS,T-Mobile Montenegro LLC,T-Mobile,,YES,,,t-mobile_serbia,T-Mobile,system
260.0,34.0,26034.0,Europe,Poland,PL,T-Mobile Polska S.A.,NetWorkS!,,,,YES,networks!_poland,NetWorkS!,system
310.0,160.0,310160.0,North America and the Caribbean,United States of America,US,T-Mobile US,T-Mobile,,YES,,,t-mobile_united_states_of_america,T-Mobile,system
466.0,90.0,46690.0,Asia and the Middle East,Taiwan,TW,Taiwan Star Telecom,T Star,,,,YES,t_star_taiwan,T Star,system
404.0,80.0,40480.0,Asia and the Middle East,India,IN,Tamil Nadu,cellone,,YES,YES,,cellone_india,cellone,system
405.0,20.0,40520.0,Asia and the Middle East,India,IN,Tamil Nadu,Reliance,,YES,,,reliance_india,Reliance,system
641.0,4.0,64104.0,Africa,Uganda,UG,Tangerine Uganda Limited,Tangerine Uganda Limited,,,,YES,tangerine_uganda_limited_uganda,Tangerine Uganda Limited,system
640.0,7.0,64007.0,Africa,Tanzania,TZ,Tanzania Telecommunication Company LTD (TTCL),TTCL Mobile,,YES,YES,YES,ttcl_mobile_tanzania,TTCL Mobile,system
402.0,77.0,40277.0,Asia and the Middle East,Bhutan,BT,Tashi InfoComm Limited,TashiCell,,YES,YES,YES,tashicell_bhutan,TashiCell,system
250.0,27.0,25027.0,Europe,Russian Federation,RU,Tattelecom,Letai,,YES,,YES,letai_russian_federation,Letai,system
250.0,54.0,25054.0,Europe,Russian Federation,RU,Tattelecom,TTK,,,,YES,ttk_russian_federation,TTK,system
432.0,32.0,43232.0,Asia and the Middle East,Iran,IR,TCI of Iran and Iran Mobin,Taliya,,YES,,,taliya_iran,Taliya,system
432.0,99.0,43299.0,Asia and the Middle East,Iran,IR,TCI of Iran and Rightel,TCI (GSM WLL),,YES,,,tci_(gsm_wll)_iran,TCI (GSM WLL),system
311.0,740.0,311740.0,North America and the Caribbean,United States of America,US,Telalaska Cellular,Telalaska Cellular,,YES,,YES,telalaska_cellular_united_states_of_america,Telalaska Cellular,system
647.0,3.0,64703.0,Africa,French Indian Ocean Territories (France),YT/RE,Telco OI,Free,,YES,YES,YES,free_french_indian_ocean_territories_(france),Free,system
637.0,82.0,63782.0,Africa,Somalia,SO,Telcom Somalia,Telcom,,YES,YES,YES,telcom_somalia,Telcom,system
228.0,8.0,22808.0,Europe,Switzerland,CH,TelCommunication Services AG,Tele4u,,YES,,,tele4u_switzerland,Tele4u,system
204.0,2.0,20402.0,Europe,Netherlands,NL,Tele2 Nederland B.V.,Tele2,,,,YES,tele2_netherlands,Tele2,system
623.0,2.0,62302.0,Africa,Central African Republic,CF,Telecel Centrafrique,TC,,YES,YES,,tc_central_african_republic,TC,system
613.0,3.0,61303.0,Africa,Burkina Faso,BF,Telecel Faso SA,Telecel Faso,,YES,,,telecel_faso_burkina_faso,Telecel Faso,system
548.0,1.0,54801.0,Oceania,Cook Islands (Pacific Ocean),CK,Telecom Cook Islands,Bluesky,,YES,YES,YES,bluesky_cook_islands_(pacific_ocean),Bluesky,system
602.0,4.0,60204.0,Africa,Egypt,EG,Telecom Egypt,WE,,,,YES,we_egypt,WE,system
542.0,3.0,54203.0,Oceania,Fiji,FJ,Telecom Fiji Ltd,TFL,,,YES,YES,tfl_fiji,TFL,system
418.0,40.0,41840.0,Asia and the Middle East,Iraq,IQ,Telecom Ltd,Korek,,YES,,,korek_iraq,Korek,system
649.0,2.0,64902.0,Africa,Namibia,,Telecom Namibia,switch,,,YES,,switch_namibia,switch,system
530.0,2.0,53002.0,Oceania,New Zealand,NZ,Telecom New Zealand,Telecom,,,YES,,telecom_new_zealand,Telecom,system
555.0,1.0,55501.0,Oceania,Niue,NU,Telecom Niue,Telecom Niue,,YES,,YES,telecom_niue_niue,Telecom Niue,system
221.0,1.0,22101.0,Europe,Kosovo,XK,Telecom of Kosovo J.S.C.,Vala,,YES,YES,YES,vala_kosovo,Vala,system
722.0,341.0,722341.0,South and Central America,Argentina,AR,Telecom Personal S.A.,Personal,,YES,YES,YES,personal_argentina,Personal,system
541.0,1.0,54101.0,Oceania,Vanuatu,VU,Telecom Vanuatu Ltd,SMILE,,YES,,YES,smile_vanuatu,SMILE,system
432.0,14.0,43214.0,Asia and the Middle East,Iran,IR,Telecommunication Kish Company,TKC/KFZO,,YES,,,tkc/kfzo_iran,TKC/KFZO,system
350.0,1.0,35001.0,North America and the Caribbean,Bermuda,BM,Telecommunications (Bermuda & West Indies) Ltd,Digicel Bermuda,,YES,,,digicel_bermuda_bermuda,Digicel Bermuda,system
746.0,5.0,74605.0,South and Central America,Suriname,SR,Telecommunications Company Suriname (Telesur),Telesur,,YES,,,telesur_suriname,Telesur,system
734.0,6.0,73406.0,South and Central America,Venezuela,VE,Telecomunicaciones Movilnet,Movilnet,,YES,YES,YES,movilnet_venezuela,Movilnet,system
362.0,78.0,36278.0,North America and the Caribbean,Former Netherlands Antilles,BQ/CW/SX,Telefonia Bonairiano N.V.,Telbo,,,YES,YES,telbo_former_netherlands_antilles,Telbo,system
710.0,30.0,71030.0,South and Central America,Nicaragua,NI,"Telefonía Celular de Nicaragua, S.A. (Telefónica, S.A.)",movistar,,YES,YES,YES,movistar_nicaragua,movistar,system
234.0,2.0,23402.0,Europe,United Kingdom,GB,Telefónica Europe,O2 (UK),,YES,YES,YES,o2_(uk)_united_kingdom,O2 (UK),system
234.0,11.0,23411.0,Europe,United Kingdom,GB,Telefónica Europe,O2 (UK),,YES,YES,YES,o2_(uk)_united_kingdom,O2 (UK),system
262.0,3.0,26203.0,Europe,Germany,DE,Telefónica Germany GmbH & Co. oHG,O2,,YES,YES,YES,o2_germany,O2,system
262.0,5.0,26205.0,Europe,Germany,DE,Telefónica Germany GmbH & Co. oHG,O2,,YES,YES,,o2_germany,O2,system
262.0,8.0,26208.0,Europe,Germany,DE,Telefónica Germany GmbH & Co. oHG,O2,,YES,YES,,o2_germany,O2,system
262.0,11.0,26211.0,Europe,Germany,DE,Telefónica Germany GmbH & Co. oHG,O2,,YES,YES,,o2_germany,O2,system
262.0,77.0,26277.0,Europe,Germany,DE,Telefónica Germany GmbH & Co. oHG,O2,,YES,,,o2_germany,O2,system
722.0,10.0,722010.0,South and Central America,Argentina,AR,Telefónica Móviles Argentina S.A.,Movistar,,YES,YES,YES,movistar_argentina,Movistar,system
722.0,70.0,722070.0,South and Central America,Argentina,AR,Telefónica Móviles Argentina S.A.,Movistar,,YES,,,movistar_argentina,Movistar,system
714.0,2.0,71402.0,South and Central America,Panama,PA,"Telefónica Moviles Panama S.A, Bell South Corp. (BSC)",movistar,,YES,YES,YES,movistar_panama,movistar,system
310.0,140.0,310140.0,North America and the Caribbean,Guam (USA),GU,"Teleguam Holdings, LLC",GTA Wireless,,YES,YES,YES,gta_wireless_guam_(usa),GTA Wireless,system
310.0,140.0,310140.0,North America and the Caribbean,United States of America,US,"Teleguam Holdings, LLC",GTA Wireless,,YES,YES,YES,gta_wireless_united_states_of_america,GTA Wireless,system
247.0,3.0,24703.0,Europe,Latvia,LV,Telekom Baltija,TRIATEL,,YES,,,triatel_latvia,TRIATEL,system
262.0,6.0,26206.0,Europe,Germany,DE,Telekom Deutschland GmbH,Telekom,,YES,YES,YES,telekom_germany,Telekom,system
502.0,1.0,50201.0,Oceania,Malaysia,MY,Telekom Malaysia Bhd,ATUR 450,,,YES,,atur_450_malaysia,ATUR 450,system
502.0,11.0,50211.0,Oceania,Malaysia,MY,Telekom Malaysia Bhd,TM Homeline,,,YES,YES,tm_homeline_malaysia,TM Homeline,system
226.0,2.0,22602.0,Europe,Romania,RO,Telekom Romania,Clicknet Mobile,,YES,,,clicknet_mobile_romania,Clicknet Mobile,system
226.0,4.0,22604.0,Europe,Romania,RO,Telekom Romania,Cosmote/Zapp,,YES,,,cosmote/zapp_romania,Cosmote/Zapp,system
226.0,6.0,22606.0,Europe,Romania,RO,Telekom Romania,Telekom/Zapp,,,YES,,telekom/zapp_romania,Telekom/Zapp,system
220.0,3.0,22003.0,Europe,Serbia,RS,Telekom Srbija,mts,,YES,YES,YES,mts_serbia,mts,system
238.0,77.0,23877.0,Europe,Denmark,DK,Telenor Denmark,Telenor,,YES,,,telenor_denmark,Telenor,system
220.0,2.0,22002.0,Europe,Serbia,RS,Telenor Montenegro,Telenor,,YES,YES,,telenor_serbia,Telenor,system
240.0,6.0,24006.0,Europe,Sweden,SE,Telenor Sverige AB,Telenor,,,YES,,telenor_sweden,Telenor,system
432.0,70.0,43270.0,Asia and the Middle East,Iran,IR,Telephone Communications Company of Iran,MTCE,,YES,,,mtce_iran,MTCE,system
432.0,71.0,43271.0,Asia and the Middle East,Iran,IR,Telephone Communications Company of Iran,KOOHE NOOR,,YES,,,koohe_noor_iran,KOOHE NOOR,system
620.0,16.0,62016.0,Africa,Ghana,GH,Telesol,Telesol,,,,YES,telesol_ghana,Telesol,system
235.0,88.0,23588.0,Europe,United Kingdom,GB,Telet Research (N.I.) Limited,Telet Research (N.I.) Limited,,,,YES,telet_research_(n.i.)_limited_united_kingdom,Telet Research (N.I.) Limited,system
470.0,4.0,47004.0,Asia and the Middle East,Bangladesh,BD,Teletalk Bangladesh Limited,TeleTalk,,YES,YES,YES,teletalk_bangladesh,TeleTalk,system
554.0,1.0,55401.0,Oceania,Tokelau,TK,Teletok,Teletok,,,,YES,teletok_tokelau,Teletok,system
248.0,7.0,24807.0,Europe,Estonia,EE,Televõrgu AS,Kou,,,YES,,kou_estonia,Kou,system
234.0,19.0,23419.0,Europe,United Kingdom,GB,Teleware plc,Private Mobile Networks PMN,,YES,,,private_mobile_networks_pmn_united_kingdom,Private Mobile Networks PMN,system
244.0,36.0,24436.0,Europe,Finland,FI,Telia Finland Oyj / Suomen Yhteisverkko Oy,Telia / DNA,,YES,YES,YES,telia_/_dna_finland,Telia / DNA,system
242.0,2.0,24202.0,Europe,Norway,NO,Telia Norge AS,Telia,,YES,YES,YES,telia_norway,Telia,system
537.0,2.0,53702.0,Oceania,Papua New Guinea,PG,Telikom PNG Ltd.,citifon,,,YES,YES,citifon_papua_new_guinea,citifon,system
530.0,4.0,53004.0,Oceania,New Zealand,NZ,TelstraClear New Zealand,Vodafone,,,YES,,vodafone_new_zealand,Vodafone,system
302.0,361.0,302361.0,North America and the Caribbean,Canada,CA,Telus Mobility,Telus,,YES,,,telus_canada,Telus,system
302.0,653.0,302653.0,North America and the Caribbean,Canada,CA,Telus Mobility,Telus,,YES,,,telus_canada,Telus,system
302.0,657.0,302657.0,North America and the Caribbean,Canada,CA,Telus Mobility,Telus,,YES,,,telus_canada,Telus,system
312.0,110.0,312110.0,North America and the Caribbean,United States of America,US,Texas Energy Network LLC,Texas Energy Network LLC,,,,YES,texas_energy_network_llc_united_states_of_america,Texas Energy Network LLC,system
310.0,980.0,310980.0,North America and the Caribbean,United States of America,US,Texas RSA 7B3,Peoples Telephone,,YES,,YES,peoples_telephone_united_states_of_america,Peoples Telephone,system
456.0,18.0,45618.0,Asia and the Middle East,Cambodia,KH,The Royal Group,Cellcard,,YES,YES,,cellcard_cambodia,Cellcard,system
311.0,50.0,311050.0,North America and the Caribbean,United States of America,US,Thumb Cellular LP,Thumb Cellular LP,,,YES,,thumb_cellular_lp_united_states_of_america,Thumb Cellular LP,system
311.0,830.0,311830.0,North America and the Caribbean,United States of America,US,Thumb Cellular LP,Thumb Cellular LP,,,,YES,thumb_cellular_lp_united_states_of_america,Thumb Cellular LP,system
302.0,650.0,302650.0,North America and the Caribbean,Canada,CA,Thunder Bay Telephone,TBaytel,,,YES,YES,tbaytel_canada,TBaytel,system
284.0,13.0,28413.0,Europe,Bulgaria,BG,Ti.com JSC,Ти.ком,,,,YES,ти.ком_bulgaria,Ти.ком,system
514.0,2.0,51402.0,Oceania,East Timor,TL,Timor Telecom,TT,,YES,YES,YES,tt_east_timor,TT,system
222.0,47.0,22247.0,Europe,Italy,IT,Tiscali S.p.A.,Tiscali,,,,YES,tiscali_italy,Tiscali,system
302.0,770.0,302770.0,North America and the Caribbean,Canada,CA,TNW Wireless Inc.,TNW Wireless,,,YES,,tnw_wireless_canada,TNW Wireless,system
539.0,1.0,53901.0,Oceania,Tonga,TO,Tonga Communications Corporation,U-Call,,YES,YES,YES,u-call_tonga,U-Call,system
520.0,15.0,52015.0,Oceania,Thailand,TH,TOT Public Company Limited,AIS-T / TOT Mobile,,,YES,,ais-t_/_tot_mobile_thailand,AIS-T / TOT Mobile,system
520.0,47.0,52047.0,Oceania,Thailand,TH,TOT Public Company Limited,dtac-T / LINE / TOT Mobile,,,,YES,dtac-t_/_line_/_tot_mobile_thailand,dtac-T / LINE / TOT Mobile,system
525.0,10.0,52510.0,Oceania,Singapore,SG,TPG Telecom Pte Ltd,TPG Telecom Pte Ltd,,,,YES,tpg_telecom_pte_ltd_singapore,TPG Telecom Pte Ltd,system
240.0,21.0,24021.0,Europe,Sweden,SE,Trafikverket ICT,MobiSir,,YES,,,mobisir_sweden,MobiSir,system
466.0,99.0,46699.0,Asia and the Middle East,Taiwan,TW,TransAsia Telecoms,TransAsia,,YES,,,transasia_taiwan,TransAsia,system
312.0,350.0,312350.0,North America and the Caribbean,United States of America,US,Triangle Communication System Inc.,Triangle Communication System Inc.,,,,YES,triangle_communication_system_inc._united_states_of_america,Triangle Communication System Inc.,system
370.0,4.0,37004.0,North America and the Caribbean,Dominican Republic,DO,"Trilogy Dominicana, S.A.",Viva,,YES,,,viva_dominican_republic,Viva,system
374.0,12.0,37412.0,North America and the Caribbean,Trinidad and Tobago,TT,TSTT,bmobile,,YES,YES,YES,bmobile_trinidad_and_tobago,bmobile,system
436.0,3.0,43603.0,Asia and the Middle East,Tajikistan,TJ,TT Mobile,MegaFon,,YES,YES,YES,megafon_tajikistan,MegaFon,system
238.0,66.0,23866.0,Europe,Denmark,DK,TT-Netværket P/S,TT-Netværket P/S,,YES,YES,YES,tt-netværket_p/s_denmark,TT-Netværket P/S,system
293.0,70.0,29370.0,Europe,Slovenia,SI,Tušmobil d.o.o.,Telemach,,YES,YES,YES,telemach_slovenia,Telemach,system
553.0,1.0,55301.0,Oceania,Tuvalu,TV,Tuvalu Telecom,TTC,,,YES,YES,ttc_tuvalu,TTC,system
310.0,570.0,310570.0,North America and the Caribbean,United States of America,US,"TX-10, LLC and Central Louisiana Cellular, LLC (MTPCS)",Cellular One,,YES,,YES,cellular_one_united_states_of_america,Cellular One,system
310.0,390.0,310390.0,North America and the Caribbean,United States of America,US,"TX-11 Acquisition, LLC",Cellular One of East Texas,,YES,,YES,cellular_one_of_east_texas_united_states_of_america,Cellular One of East Texas,system
310.0,66.0,310066.0,North America and the Caribbean,United States of America,US,U.S. Cellular,U.S. Cellular,,YES,,,u.s._cellular_united_states_of_america,U.S. Cellular,system
311.0,860.0,311860.0,North America and the Caribbean,United States of America,US,Uintah Basin Electronic Telecommunications,STRATA,,,,YES,strata_united_states_of_america,STRATA,system
234.0,51.0,23451.0,Europe,United Kingdom,GB,UK Broadband Limited,Relish,,,,YES,relish_united_kingdom,Relish,system
244.0,35.0,24435.0,Europe,Finland,FI,Ukkoverkot Oy,Ukko Mobile,,,,YES,ukko_mobile_finland,Ukko Mobile,system
334.0,150.0,334150.0,North America and the Caribbean,Mexico,MX,"Ultravisión, S.A. de C.V.",Ultranet,,,,YES,ultranet_mexico,Ultranet,system
732.0,20.0,732020.0,South and Central America,Colombia,CO,Une EPM Telecomunicaciones S.A. E.S.P.,Tigo,,,,YES,tigo_colombia,Tigo,system
372.0,2.0,37202.0,North America and the Caribbean,Haiti,HT,Unigestion Holding S.A.,Digicel,,YES,,,digicel_haiti,Digicel,system
429.0,3.0,42903.0,Asia and the Middle East,Nepal,NP,United Telecom Limited,UTL,,,YES,,utl_nepal,UTL,system
362.0,59.0,36259.0,North America and the Caribbean,Former Netherlands Antilles,BQ/CW/SX,United Telecommunication Service N.V. (UTS),Chippie,,YES,,,chippie_former_netherlands_antilles,Chippie,system
362.0,60.0,36260.0,North America and the Caribbean,Former Netherlands Antilles,BQ/CW/SX,United Telecommunication Service N.V. (UTS),Chippie,,,YES,YES,chippie_former_netherlands_antilles,Chippie,system
362.0,91.0,36291.0,North America and the Caribbean,Former Netherlands Antilles,BQ/CW/SX,United Telecommunication Service N.V. (UTS),Chippie,,YES,YES,YES,chippie_former_netherlands_antilles,Chippie,system
311.0,650.0,311650.0,North America and the Caribbean,United States of America,US,United Wireless,United Wireless,,YES,,YES,united_wireless_united_states_of_america,United Wireless,system
637.0,57.0,63757.0,Africa,Somalia,SO,UNITEL S.a.r.l.,UNITEL,,YES,,,unitel_somalia,UNITEL,system
626.0,2.0,62602.0,Africa,Sao Tome and Principe,ST,Unitel Sao Tome and Principe,Unitel STP,,YES,YES,,unitel_stp_sao_tome_and_principe,Unitel STP,system
434.0,7.0,43407.0,Asia and the Middle East,Uzbekistan,UZ,Universal Mobile Systems,UMS,,YES,YES,YES,ums_uzbekistan,UMS,system
404.0,48.0,40448.0,Asia and the Middle East,India,IN,Unknown,Dishnet Wireless,,YES,,,dishnet_wireless_india,Dishnet Wireless,system
440.0,1.0,44001.0,Asia and the Middle East,Japan,JP,UQ Communications Inc.,UQ WiMAX,,,,YES,uq_wimax_japan,UQ WiMAX,system
441.0,10.0,44110.0,Asia and the Middle East,Japan,JP,UQ Communications Inc.,UQ WiMAX,,,,YES,uq_wimax_japan,UQ WiMAX,system
204.0,66.0,20466.0,Europe,Netherlands,NL,Utility Connect B.V.,Utility Connect B.V.,,YES,,,utility_connect_b.v._netherlands,Utility Connect B.V.,system
340.0,3.0,34003.0,North America and the Caribbean,French Antilles (France),BL/GF/GP/MF/MQ,UTS Caraïbe,Chippie,,YES,YES,YES,chippie_french_antilles_(france),Chippie,system
404.0,15.0,40415.0,Asia and the Middle East,India,IN,Uttar Pradesh (East),Vodafone India,,YES,,,vodafone_india_india,Vodafone India,system
404.0,55.0,40455.0,Asia and the Middle East,India,IN,Uttar Pradesh (East),cellone,,YES,,,cellone_india,cellone,system
405.0,21.0,40521.0,Asia and the Middle East,India,IN,Uttar Pradesh (East),Reliance,,YES,,,reliance_india,Reliance,system
404.0,54.0,40454.0,Asia and the Middle East,India,IN,Uttar Pradesh (West),cellone,,YES,,,cellone_india,cellone,system
405.0,22.0,40522.0,Asia and the Middle East,India,IN,Uttar Pradesh (West),Reliance,,YES,,,reliance_india,Reliance,system
405.0,66.0,40566.0,Asia and the Middle East,India,IN,Uttar Pradesh (West),Vodafone India,,YES,,,vodafone_india_india,Vodafone India,system
405.0,818.0,405818.0,Asia and the Middle East,India,IN,Uttar Pradesh (West),Uninor,,YES,,,uninor_india,Uninor,system
434.0,3.0,43403.0,Asia and the Middle East,Uzbekistan,UZ,Uzbektelekom,UzMobile,,,YES,,uzmobile_uzbekistan,UzMobile,system
434.0,8.0,43408.0,Asia and the Middle East,Uzbekistan,UZ,Uzbektelekom,UzMobile,,YES,YES,YES,uzmobile_uzbekistan,UzMobile,system
434.0,2.0,43402.0,Asia and the Middle East,Uzbekistan,UZ,Uzmacom,Uzmacom,,YES,,,uzmacom_uzbekistan,Uzmacom,system
250.0,22.0,25022.0,Europe,Russian Federation,RU,Vainakh Telecom,Vainakh Telecom,,,,YES,vainakh_telecom_russian_federation,Vainakh Telecom,system
313.0,230.0,313230.0,North America and the Caribbean,United States of America,US,Velocity Communications Inc.,Velocity Communications Inc.,,,,YES,velocity_communications_inc._united_states_of_america,Velocity Communications Inc.,system
310.0,5.0,310005.0,North America and the Caribbean,United States of America,US,Verizon Wireless,Verizon,,,YES,,verizon_united_states_of_america,Verizon,system
310.0,12.0,310012.0,North America and the Caribbean,United States of America,US,Verizon Wireless,Verizon,,,,YES,verizon_united_states_of_america,Verizon,system
310.0,590.0,310590.0,North America and the Caribbean,United States of America,US,Verizon Wireless,Verizon Wireless,,YES,,,verizon_wireless_united_states_of_america,Verizon Wireless,system
310.0,890.0,310890.0,North America and the Caribbean,United States of America,US,Verizon Wireless,Verizon Wireless,,YES,,,verizon_wireless_united_states_of_america,Verizon Wireless,system
310.0,910.0,310910.0,North America and the Caribbean,United States of America,US,Verizon Wireless,Verizon Wireless,,YES,,,verizon_wireless_united_states_of_america,Verizon Wireless,system
311.0,12.0,311012.0,North America and the Caribbean,United States of America,US,Verizon Wireless,Verizon,,,YES,,verizon_united_states_of_america,Verizon,system
311.0,481.0,311481.0,North America and the Caribbean,United States of America,US,Verizon Wireless,Verizon,,,,YES,verizon_united_states_of_america,Verizon,system
311.0,482.0,311482.0,North America and the Caribbean,United States of America,US,Verizon Wireless,Verizon,,,,YES,verizon_united_states_of_america,Verizon,system
311.0,483.0,311483.0,North America and the Caribbean,United States of America,US,Verizon Wireless,Verizon,,,,YES,verizon_united_states_of_america,Verizon,system
311.0,484.0,311484.0,North America and the Caribbean,United States of America,US,Verizon Wireless,Verizon,,,,YES,verizon_united_states_of_america,Verizon,system
311.0,485.0,311485.0,North America and the Caribbean,United States of America,US,Verizon Wireless,Verizon,,,,YES,verizon_united_states_of_america,Verizon,system
311.0,486.0,311486.0,North America and the Caribbean,United States of America,US,Verizon Wireless,Verizon,,,,YES,verizon_united_states_of_america,Verizon,system
311.0,487.0,311487.0,North America and the Caribbean,United States of America,US,Verizon Wireless,Verizon,,,,YES,verizon_united_states_of_america,Verizon,system
311.0,488.0,311488.0,North America and the Caribbean,United States of America,US,Verizon Wireless,Verizon,,,,YES,verizon_united_states_of_america,Verizon,system
311.0,489.0,311489.0,North America and the Caribbean,United States of America,US,Verizon Wireless,Verizon,,,,YES,verizon_united_states_of_america,Verizon,system
310.0,740.0,310740.0,North America and the Caribbean,United States of America,US,Viaero Wireless,Viaero,,,,YES,viaero_united_states_of_america,Viaero,system
505.0,16.0,50516.0,Oceania,Australia,AU,Victorian Rail Track,VicTrack,,YES,,,victrack_australia,VicTrack,system
302.0,510.0,302510.0,North America and the Caribbean,Canada,CA,Videotron,Videotron,,,YES,YES,videotron_canada,Videotron,system
456.0,9.0,45609.0,Asia and the Middle East,Cambodia,KH,Viettel,Metfone,,YES,,,metfone_cambodia,Metfone,system
621.0,25.0,62125.0,Africa,Nigeria,NG,Visafone Communications Ltd.,Visafone,,,YES,,visafone_nigeria,Visafone,system
311.0,470.0,311470.0,North America and the Caribbean,United States of America,US,Vitelcom Cellular Inc.,Viya,,YES,,YES,viya_united_states_of_america,Viya,system
547.0,5.0,54705.0,Oceania,French Polynesia (France),PF,VITI,Ora,,,,YES,ora_french_polynesia_(france),Ora,system
234.0,7.0,23407.0,Europe,United Kingdom,GB,Vodafone,Vodafone UK,,YES,,,vodafone_uk_united_kingdom,Vodafone UK,system
230.0,99.0,23099.0,Europe,Czech Republic,CZ,Vodafone Czech Republic,Vodafone,,YES,,,vodafone_czech_republic,Vodafone,system
262.0,4.0,26204.0,Europe,Germany,DE,Vodafone D2 GmbH,Vodafone,,YES,YES,,vodafone_germany,Vodafone,system
262.0,9.0,26209.0,Europe,Germany,DE,Vodafone D2 GmbH,Vodafone,,YES,YES,YES,vodafone_germany,Vodafone,system
542.0,1.0,54201.0,Oceania,Fiji,FJ,Vodafone Fiji,Vodafone,,YES,YES,YES,vodafone_fiji,Vodafone,system
505.0,6.0,50506.0,Oceania,Australia,AU,Vodafone Hutchison Australia Proprietary Limited,3,,,YES,,3_australia,3,system
505.0,12.0,50512.0,Oceania,Australia,AU,Vodafone Hutchison Australia Proprietary Limited,3,,,YES,,3_australia,3,system
204.0,3.0,20403.0,Europe,Netherlands,NL,Voiceworks B.V.,Voiceworks,,YES,,,voiceworks_netherlands,Voiceworks,system
250.0,811.0,250811.0,Europe,Russian Federation,RU,Votek Mobile,Votek Mobile,,YES,,,votek_mobile_russian_federation,Votek Mobile,system
642.0,2.0,64202.0,Africa,Burundi,BI,VTEL MEA,Tempo,,YES,,,tempo_burundi,Tempo,system
311.0,990.0,311990.0,North America and the Caribbean,United States of America,US,VTel Wireless,VTel Wireless,,,,YES,vtel_wireless_united_states_of_america,VTel Wireless,system
604.0,5.0,60405.0,Africa,Morocco,MA,Wana Corporate,INWI,,YES,YES,YES,inwi_morocco,INWI,system
541.0,7.0,54107.0,Oceania,Vanuatu,VU,WanTok Vanuatu Ltd,WanTok,,,,YES,wantok_vanuatu,WanTok,system
629.0,7.0,62907.0,Africa,Congo,CG,Warid Telecom,Airtel,,YES,,,airtel_congo,Airtel,system
412.0,55.0,41255.0,Asia and the Middle East,Afghanistan,AF,WASEL Afghanistan,WASEL,,YES,,,wasel_afghanistan,WASEL,system
425.0,6.0,42506.0,Asia and the Middle East,Israel,IL,Wataniya Palestine Ltd. (Ooredoo),Wataniya Mobile,,YES,,,wataniya_mobile_israel,Wataniya Mobile,system
425.0,6.0,42506.0,Asia and the Middle East,Palestine,PS,Wataniya Palestine Mobile Telecommunications Company,Wataniya,,YES,,,wataniya_palestine,Wataniya,system
310.0,400.0,310400.0,North America and the Caribbean,Guam (USA),GU,Wave Runner LLC,iConnect,,YES,YES,YES,iconnect_guam_(usa),iConnect,system
310.0,400.0,310400.0,North America and the Caribbean,United States of America,US,Wave Runner LLC,iConnect,,YES,YES,YES,iconnect_united_states_of_america,iConnect,system
502.0,153.0,502153.0,Oceania,Malaysia,MY,Webe Digital Sdn Bhd,unifi,,,,YES,unifi_malaysia,unifi,system
404.0,85.0,40485.0,Asia and the Middle East,India,IN,West Bengal,Reliance,,YES,,,reliance_india,Reliance,system
405.0,23.0,40523.0,Asia and the Middle East,India,IN,West Bengal,Reliance,,YES,,,reliance_india,Reliance,system
405.0,880.0,405880.0,Asia and the Middle East,India,IN,West Bengal,Uninor,,YES,,,uninor_india,Uninor,system
310.0,180.0,310180.0,North America and the Caribbean,United States of America,US,West Central Wireless,West Central,,YES,YES,,west_central_united_states_of_america,West Central,system
362.0,33.0,36233.0,North America and the Caribbean,Former Netherlands Antilles,BQ/CW/SX,WICC N.V.,WICC N.V.,,YES,,,wicc_n.v._former_netherlands_antilles,WICC N.V.,system
302.0,940.0,302940.0,North America and the Caribbean,Canada,CA,Wightman Telecom,Wightman Mobility,,,YES,,wightman_mobility_canada,Wightman Mobility,system
311.0,150.0,311150.0,North America and the Caribbean,United States of America,US,Wilkes Cellular,Wilkes Cellular,,YES,,,wilkes_cellular_united_states_of_america,Wilkes Cellular,system
730.0,99.0,73099.0,South and Central America,Chile,CL,WILL Telefonía,Will,,YES,YES,,will_chile,Will,system
202.0,9.0,20209.0,Europe,Greece,GR,Wind Hellas Telecommunications S.A.,Wind,,YES,YES,YES,wind_greece,Wind,system
370.0,5.0,37005.0,North America and the Caribbean,Dominican Republic,DO,"WIND Telecom, S.A",Wind,,,,YES,wind_dominican_republic,Wind,system
901.0,21.0,90121.0,Worldwide,Worldwide,XX,Wins Limited,Wins Limited,,YES,,,wins_limited_worldwide,Wins Limited,system
655.0,19.0,65519.0,Africa,South Africa,ZA,Wireless Business Solutions (Pty) Ltd,Rain,,,,YES,rain_south_africa,Rain,system
440.0,5.0,44005.0,Asia and the Middle East,Japan,JP,Wireless City Planning Inc.,Wireless City Planning Inc.,,,,YES,wireless_city_planning_inc._japan,Wireless City Planning Inc.,system
240.0,20.0,24020.0,Europe,Sweden,SE,Wireless Maingate Messaging Services AB,Wireless Maingate Messaging Services AB,,YES,,,wireless_maingate_messaging_services_ab_sweden,Wireless Maingate Messaging Services AB,system
310.0,330.0,310330.0,North America and the Caribbean,United States of America,US,"Wireless Partners, LLC","Wireless Partners, LLC",,,,YES,"wireless_partners,_llc_united_states_of_america","Wireless Partners, LLC",system
312.0,700.0,312700.0,North America and the Caribbean,United States of America,US,"Wireless Partners, LLC","Wireless Partners, LLC",,,,YES,"wireless_partners,_llc_united_states_of_america","Wireless Partners, LLC",system
356.0,50.0,356050.0,North America and the Caribbean,Saint Kitts and Nevis,KN,Wireless Ventures (St Kitts-Nevis) Limited,Digicel,,YES,,YES,digicel_saint_kitts_and_nevis,Digicel,system
530.0,3.0,53003.0,Oceania,New Zealand,NZ,Woosh Wireless,Woosh,,,YES,,woosh_new_zealand,Woosh,system
312.0,510.0,312510.0,North America and the Caribbean,United States of America,US,WUE Inc.,WUE Inc.,,,,YES,wue_inc._united_states_of_america,WUE Inc.,system
214.0,29.0,21429.0,Europe,Spain,ES,Xfera Moviles S.A.U.,Xfera Moviles S.A.U.,,,,YES,xfera_moviles_s.a.u._spain,Xfera Moviles S.A.U.,system
302.0,130.0,302130.0,North America and the Caribbean,Canada,CA,Xplornet Communications,Xplornet,,,,YES,xplornet_canada,Xplornet,system
302.0,131.0,302131.0,North America and the Caribbean,Canada,CA,Xplornet Communications,Xplornet,,,,YES,xplornet_canada,Xplornet,system
421.0,4.0,42104.0,Asia and the Middle East,Yemen,YE,Y,HiTS-UNITEL,,YES,,,hits-unitel_yemen,HiTS-UNITEL,system
421.0,3.0,42103.0,Asia and the Middle East,Yemen,YE,Yemen Mobile,Yemen Mobile,,,YES,,yemen_mobile_yemen,Yemen Mobile,system
250.0,5.0,25005.0,Europe,Russian Federation,RU,Yeniseytelecom,ETK,,YES,YES,,etk_russian_federation,ETK,system
612.0,18.0,61218.0,Africa,Ivory Coast,CI,YooMee,YooMee,,,,YES,yoomee_ivory_coast,YooMee,system
630.0,88.0,63088.0,Africa,Democratic Republic of the Congo,CD,Yozma Timeturns sprl,YTT,,YES,,,ytt_democratic_republic_of_the_congo,YTT,system
502.0,152.0,502152.0,Oceania,Malaysia,MY,YTL Communications Sdn Bhd,Yes,,,,YES,yes_malaysia,Yes,system
418.0,20.0,41820.0,Asia and the Middle East,Iraq,IQ,Zain Iraq,Zain,,YES,,,zain_iraq,Zain,system
418.0,30.0,41830.0,Asia and the Middle East,Iraq,IQ,Zain Iraq,Zain,,YES,,,zain_iraq,Zain,system
250.0,7.0,25007.0,Europe,Russian Federation,RU,Zao SMARTS,SMARTS,,YES,,,smarts_russian_federation,SMARTS,system
268.0,21.0,26821.0,Europe,Portugal,PT,Zapp Portugal,Zapp,,,YES,,zapp_portugal,Zapp,system
231.0,99.0,23199.0,Europe,Slovakia,SK,Železnice Slovenskej Republiky,ŽSR,,YES,,,žsr_slovakia,ŽSR,system
647.0,4.0,64704.0,Africa,French Indian Ocean Territories (France),YT/RE,Zeop mobile,Zeop,,,,YES,zeop_french_indian_ocean_territories_(france),Zeop,system
204.0,15.0,20415.0,Europe,Netherlands,NL,Ziggo B.V.,Ziggo,,,,YES,ziggo_netherlands,Ziggo,system
284.0,7.0,28407.0,Europe,Bulgaria,BG,НАЦИОНАЛНА КОМПАНИЯ ЖЕЛЕЗОПЪТНА ИНФРАСТРУКТУРА,НКЖИ,,YES,,,нкжи_bulgaria,НКЖИ,system
