country,carrier_name,CC,NDC,prefix
Abkhazia,,7,940,7940
Abkhazia,,995,44,99544
Afghanistan,Etisalet,93,,93
Afghanistan,TDC afgh,93,20,9320
Afghanistan,Etisalet,93,50,9350
Afghanistan,AWCC,93,70,9370
Afghanistan,AWCC,93,71,9371
Afghanistan,Roshan,93,72,9372
Afghanistan,Etisalat,93,73,9373
Afghanistan,SALAAM,93,74,9374
Afghanistan,Afghan Telecom,93,75,9375
Afghanistan,MTN,93,76,9376
Afghanistan,MTN,93,77,9377
Afghanistan,Etisalat,93,78,9378
Afghanistan,Roshan,93,79,9379
Albania,ALBtelecom,355,,355
Albania,Telekom Alb,355,01,35501
Albania,ALBtelecom,355,03,35503
Albania,Plus Albania,355,04,35504
Albania,PLUS Communication,355,66,35566
Albania,Plus Albania,355,662,355662
Albania,Plus Albania,355,663,355663
Albania,Plus Albania,355,664,355664
Albania,Plus Albania,355,665,355665
Albania,Plus Albania,355,666,355666
Albania,Plus Albania,355,667,355667
Albania,Plus Albania,355,668,355668
Albania,Plus Albania,355,669,355669
Albania,ALBtelecom,355,67,35567
Albania,AMC,355,68,35568
Albania,Vodafone,355,69,35569
Algeria,Djezzy,213,,213
Algeria,Djezzy,213,02,21302
Algeria,Ooredoo,213,5,2135
Algeria,Mobilis,213,6,2136
Algeria,Ooredoo,213,7,2137
Algeria,Djezzy,213,70,21370
American Samoa,Bluesky,1,110,1110
American Samoa,,1,684,1684
Andorra,AndorraTelec,376,03,37603
Andorra,,376,3,3763
Andorra,AndorraTelec,376,5,3765
Andorra,AndorraTelec,376,6,3766
Angola,unitel,244,,244
Angola,unitel,244,02,24402
Angola,Africell,244,05,24405
Angola,MOVICEL - CDMA,244,91,24491
Angola,UNITEL - GSM,244,92,24492
Angola,UNITEL - GSM,244,93,24493
Angola,unitel,244,94,24494
Angola,Africell,244,95,24495
Anguilla,CWWI,1,,1
Anguilla,CWWI,1,26447,126447
Anguilla,,1,264772,1264772
Anguilla,CWWI,1,840,1840
Antigua And Barbuda,CWWI,1,,1
Antigua And Barbuda,,1,2687,12687
Antigua And Barbuda,CWWI,1,26876,126876
Antigua And Barbuda,CWWI,1,920,1920
AntillesNDL,Setel,599,3181,5993181
AntillesNDL,Setel,599,3184,5993184
AntillesNDL,Setel,599,3185,5993185
AntillesNDL,Setel,599,4165,5994165
AntillesNDL,Setel,599,4166,5994166
AntillesNDL,Setel,599,4167,5994167
AntillesNDL,Setel,599,553,599553
AntillesNDL,Setel,599,554,599554
AntillesNDL,Setel,599,580,599580
AntillesNDL,Setel,599,581,599581
AntillesNDL,Setel,599,584,599584
AntillesNDL,Setel,599,585,599585
AntillesNDL,Setel,599,586,599586
AntillesNDL,Setel,599,587,599587
AntillesNDL,Setel,599,588,599588
AntillesNDL,Setel,599,795,599795
AntillesNDL,Setel,599,796,599796
AntillesNDL,Setel,599,91,59991
AntillesNDL,Setel,599,951,599951
AntillesNDL,Setel,599,952,599952
AntillesNDL,Setel,599,9530,5999530
AntillesNDL,Setel,599,9531,5999531
AntillesNDL,Setel,599,954,599954
AntillesNDL,Setel,599,956,599956
Argentina,O2,54,,54
Argentina,O2,54,07,5407
Argentina,O2,54,11,5411
Argentina,TelePersoSA,54,112,54112
Argentina,TelePersoSA,54,113,54113
Argentina,TelePersoSA,54,114,54114
Argentina,TelePersoSA,54,115,54115
Argentina,TelePersoSA,54,116,54116
Argentina,O2,54,220,54220
Argentina,O2,54,2202,542202
Argentina,O2,54,221,54221
Argentina,TelePersoSA,54,222,54222
Argentina,O2,54,2221,542221
Argentina,O2,54,2223,542223
Argentina,O2,54,2224,542224
Argentina,O2,54,2225,542225
Argentina,O2,54,2226,542226
Argentina,O2,54,2227,542227
Argentina,O2,54,2229,542229
Argentina,O2,54,223,54223
Argentina,TelePersoSA,54,224,54224
Argentina,O2,54,2241,542241
Argentina,O2,54,2242,542242
Argentina,O2,54,2243,542243
Argentina,O2,54,2244,542244
Argentina,O2,54,2245,542245
Argentina,O2,54,2246,542246
Argentina,TelePersoSA,54,225,54225
Argentina,O2,54,2252,542252
Argentina,O2,54,2254,542254
Argentina,O2,54,2255,542255
Argentina,O2,54,2257,542257
Argentina,TelePersoSA,54,226,54226
Argentina,O2,54,2261,542261
Argentina,O2,54,2262,542262
Argentina,O2,54,2264,542264
Argentina,O2,54,2265,542265
Argentina,O2,54,2266,542266
Argentina,O2,54,2267,542267
Argentina,O2,54,2268,542268
Argentina,TelePersoSA,54,227,54227
Argentina,O2,54,2271,542271
Argentina,O2,54,2272,542272
Argentina,O2,54,2273,542273
Argentina,O2,54,2274,542274
Argentina,TelePersoSA,54,228,54228
Argentina,O2,54,2281,542281
Argentina,O2,54,2283,542283
Argentina,O2,54,2284,542284
Argentina,O2,54,2285,542285
Argentina,O2,54,2286,542286
Argentina,TelePersoSA,54,229,54229
Argentina,O2,54,2291,542291
Argentina,O2,54,2292,542292
Argentina,O2,54,2296,542296
Argentina,O2,54,2297,542297
Argentina,O2,54,230,54230
Argentina,O2,54,2302,542302
Argentina,TelePersoSA,54,231,54231
Argentina,O2,54,2314,542314
Argentina,O2,54,2316,542316
Argentina,O2,54,2317,542317
Argentina,TelePersoSA,54,232,54232
Argentina,O2,54,2320,542320
Argentina,O2,54,2323,542323
Argentina,O2,54,2324,542324
Argentina,O2,54,2325,542325
Argentina,O2,54,2326,542326
Argentina,TelePersoSA,54,233,54233
Argentina,O2,54,2331,542331
Argentina,O2,54,2333,542333
Argentina,O2,54,2334,542334
Argentina,O2,54,2335,542335
Argentina,O2,54,2336,542336
Argentina,O2,54,2337,542337
Argentina,O2,54,2338,542338
Argentina,TelePersoSA,54,234,54234
Argentina,O2,54,2342,542342
Argentina,O2,54,2343,542343
Argentina,O2,54,2344,542344
Argentina,O2,54,2345,542345
Argentina,O2,54,2346,542346
Argentina,TelePersoSA,54,235,54235
Argentina,O2,54,2352,542352
Argentina,O2,54,2353,542353
Argentina,O2,54,2354,542354
Argentina,O2,54,2355,542355
Argentina,O2,54,2356,542356
Argentina,O2,54,2357,542357
Argentina,O2,54,2358,542358
Argentina,O2,54,236,54236
Argentina,O2,54,237,54237
Argentina,TelePersoSA,54,239,54239
Argentina,O2,54,2392,542392
Argentina,O2,54,2393,542393
Argentina,O2,54,2394,542394
Argentina,O2,54,2395,542395
Argentina,O2,54,2396,542396
Argentina,TelePersoSA,54,247,54247
Argentina,O2,54,2473,542473
Argentina,O2,54,2474,542474
Argentina,O2,54,2475,542475
Argentina,O2,54,2477,542477
Argentina,O2,54,2478,542478
Argentina,O2,54,249,54249
Argentina,O2,54,260,54260
Argentina,O2,54,261,54261
Argentina,TelePersoSA,54,262,54262
Argentina,O2,54,2622,542622
Argentina,O2,54,2624,542624
Argentina,O2,54,2625,542625
Argentina,O2,54,2626,542626
Argentina,O2,54,263,54263
Argentina,O2,54,264,54264
Argentina,O2,54,2646,542646
Argentina,O2,54,2647,542647
Argentina,O2,54,2648,542648
Argentina,TelePersoSA,54,265,54265
Argentina,O2,54,2651,542651
Argentina,O2,54,2655,542655
Argentina,O2,54,2656,542656
Argentina,O2,54,2657,542657
Argentina,O2,54,2658,542658
Argentina,O2,54,266,54266
Argentina,O2,54,280,54280
Argentina,TelePersoSA,54,290,54290
Argentina,O2,54,2901,542901
Argentina,O2,54,2902,542902
Argentina,O2,54,2903,542903
Argentina,O2,54,291,54291
Argentina,TelePersoSA,54,292,54292
Argentina,O2,54,2920,542920
Argentina,O2,54,2921,542921
Argentina,O2,54,2922,542922
Argentina,O2,54,2923,542923
Argentina,O2,54,2924,542924
Argentina,O2,54,2925,542925
Argentina,O2,54,2926,542926
Argentina,O2,54,2927,542927
Argentina,O2,54,2928,542928
Argentina,O2,54,2929,542929
Argentina,TelePersoSA,54,293,54293
Argentina,O2,54,2931,542931
Argentina,O2,54,2932,542932
Argentina,O2,54,2933,542933
Argentina,O2,54,2934,542934
Argentina,O2,54,2935,542935
Argentina,O2,54,2936,542936
Argentina,O2,54,294,54294
Argentina,O2,54,2940,542940
Argentina,O2,54,2942,542942
Argentina,O2,54,2945,542945
Argentina,O2,54,2946,542946
Argentina,O2,54,2948,542948
Argentina,TelePersoSA,54,295,54295
Argentina,O2,54,2952,542952
Argentina,O2,54,2953,542953
Argentina,O2,54,2954,542954
Argentina,TelePersoSA,54,296,54296
Argentina,O2,54,2962,542962
Argentina,O2,54,2963,542963
Argentina,O2,54,2964,542964
Argentina,O2,54,2966,542966
Argentina,O2,54,297,54297
Argentina,O2,54,2972,542972
Argentina,O2,54,298,54298
Argentina,O2,54,2982,542982
Argentina,O2,54,2983,542983
Argentina,O2,54,299,54299
Argentina,TelePersoSA,54,332,54332
Argentina,O2,54,3327,543327
Argentina,O2,54,3329,543329
Argentina,O2,54,336,54336
Argentina,TelePersoSA,54,338,54338
Argentina,O2,54,3382,543382
Argentina,O2,54,3385,543385
Argentina,O2,54,3387,543387
Argentina,O2,54,3388,543388
Argentina,TelePersoSA,54,34,5434
Argentina,TelePersoSA,54,340,54340
Argentina,O2,54,3400,543400
Argentina,O2,54,3401,543401
Argentina,O2,54,3402,543402
Argentina,O2,54,3404,543404
Argentina,O2,54,3405,543405
Argentina,O2,54,3406,543406
Argentina,O2,54,3407,543407
Argentina,O2,54,3408,543408
Argentina,O2,54,3409,543409
Argentina,O2,54,341,54341
Argentina,O2,54,342,54342
Argentina,O2,54,343,54343
Argentina,O2,54,3435,543435
Argentina,O2,54,3436,543436
Argentina,O2,54,3437,543437
Argentina,O2,54,3438,543438
Argentina,TelePersoSA,54,344,54344
Argentina,O2,54,3442,543442
Argentina,O2,54,3444,543444
Argentina,O2,54,3445,543445
Argentina,O2,54,3446,543446
Argentina,O2,54,3447,543447
Argentina,O2,54,345,54345
Argentina,O2,54,3454,543454
Argentina,O2,54,3455,543455
Argentina,O2,54,3456,543456
Argentina,O2,54,3458,543458
Argentina,TelePersoSA,54,346,54346
Argentina,O2,54,3460,543460
Argentina,O2,54,3462,543462
Argentina,O2,54,3463,543463
Argentina,O2,54,3464,543464
Argentina,O2,54,3465,543465
Argentina,O2,54,3466,543466
Argentina,O2,54,3467,543467
Argentina,O2,54,3468,543468
Argentina,O2,54,3469,543469
Argentina,TelePersoSA,54,347,54347
Argentina,O2,54,3471,543471
Argentina,O2,54,3472,543472
Argentina,O2,54,3476,543476
Argentina,O2,54,348,54348
Argentina,O2,54,3482,543482
Argentina,O2,54,3483,543483
Argentina,O2,54,3487,543487
Argentina,O2,54,3489,543489
Argentina,TelePersoSA,54,349,54349
Argentina,O2,54,3491,543491
Argentina,O2,54,3492,543492
Argentina,O2,54,3493,543493
Argentina,O2,54,3496,543496
Argentina,O2,54,3497,543497
Argentina,O2,54,3498,543498
Argentina,O2,54,351,54351
Argentina,TelePersoSA,54,352,54352
Argentina,O2,54,3521,543521
Argentina,O2,54,3522,543522
Argentina,O2,54,3524,543524
Argentina,O2,54,3525,543525
Argentina,O2,54,353,54353
Argentina,O2,54,3532,543532
Argentina,O2,54,3533,543533
Argentina,O2,54,3537,543537
Argentina,TelePersoSA,54,354,54354
Argentina,O2,54,3541,543541
Argentina,O2,54,3542,543542
Argentina,O2,54,3543,543543
Argentina,O2,54,3544,543544
Argentina,O2,54,3546,543546
Argentina,O2,54,3547,543547
Argentina,O2,54,3548,543548
Argentina,O2,54,3549,543549
Argentina,TelePersoSA,54,356,54356
Argentina,O2,54,3562,543562
Argentina,O2,54,3563,543563
Argentina,O2,54,3564,543564
Argentina,TelePersoSA,54,357,54357
Argentina,O2,54,3571,543571
Argentina,O2,54,3572,543572
Argentina,O2,54,3573,543573
Argentina,O2,54,3574,543574
Argentina,O2,54,3576,543576
Argentina,O2,54,358,54358
Argentina,O2,54,3582,543582
Argentina,O2,54,3583,543583
Argentina,O2,54,3584,543584
Argentina,O2,54,3585,543585
Argentina,O2,54,362,54362
Argentina,O2,54,364,54364
Argentina,O2,54,370,54370
Argentina,TelePersoSA,54,371,54371
Argentina,O2,54,3711,543711
Argentina,O2,54,3715,543715
Argentina,O2,54,3716,543716
Argentina,O2,54,3718,543718
Argentina,TelePersoSA,54,372,54372
Argentina,O2,54,3721,543721
Argentina,O2,54,3725,543725
Argentina,TelePersoSA,54,373,54373
Argentina,O2,54,3731,543731
Argentina,O2,54,3734,543734
Argentina,O2,54,3735,543735
Argentina,TelePersoSA,54,374,54374
Argentina,O2,54,3741,543741
Argentina,O2,54,3743,543743
Argentina,TelePersoSA,54,375,54375
Argentina,O2,54,3751,543751
Argentina,O2,54,3754,543754
Argentina,O2,54,3755,543755
Argentina,O2,54,3756,543756
Argentina,O2,54,3757,543757
Argentina,O2,54,3758,543758
Argentina,O2,54,376,54376
Argentina,TelePersoSA,54,377,54377
Argentina,O2,54,3772,543772
Argentina,O2,54,3773,543773
Argentina,O2,54,3774,543774
Argentina,O2,54,3775,543775
Argentina,O2,54,3777,543777
Argentina,TelePersoSA,54,378,54378
Argentina,O2,54,3781,543781
Argentina,O2,54,3782,543782
Argentina,O2,54,3786,543786
Argentina,O2,54,379,54379
Argentina,O2,54,380,54380
Argentina,O2,54,381,54381
Argentina,TelePersoSA,54,382,54382
Argentina,O2,54,3821,543821
Argentina,O2,54,3825,543825
Argentina,O2,54,3826,543826
Argentina,O2,54,3827,543827
Argentina,O2,54,383,54383
Argentina,O2,54,3835,543835
Argentina,O2,54,3837,543837
Argentina,O2,54,3838,543838
Argentina,TelePersoSA,54,384,54384
Argentina,O2,54,3841,543841
Argentina,O2,54,3843,543843
Argentina,O2,54,3844,543844
Argentina,O2,54,3845,543845
Argentina,O2,54,3846,543846
Argentina,O2,54,385,54385
Argentina,O2,54,3854,543854
Argentina,O2,54,3855,543855
Argentina,O2,54,3856,543856
Argentina,O2,54,3857,543857
Argentina,O2,54,3858,543858
Argentina,TelePersoSA,54,386,54386
Argentina,O2,54,3861,543861
Argentina,O2,54,3862,543862
Argentina,O2,54,3863,543863
Argentina,O2,54,3865,543865
Argentina,O2,54,3867,543867
Argentina,O2,54,3868,543868
Argentina,O2,54,3869,543869
Argentina,O2,54,387,54387
Argentina,O2,54,3873,543873
Argentina,O2,54,3876,543876
Argentina,O2,54,3877,543877
Argentina,O2,54,3878,543878
Argentina,O2,54,388,54388
Argentina,O2,54,3885,543885
Argentina,O2,54,3886,543886
Argentina,O2,54,3887,543887
Argentina,O2,54,3888,543888
Argentina,TelePersoSA,54,389,54389
Argentina,O2,54,3891,543891
Argentina,O2,54,3892,543892
Argentina,O2,54,3894,543894
Argentina,,54,9/15,549/15
Armenia,Armentel,374,,374
Armenia,Armentel,374,01,37401
Armenia,KarabArmenia,374,04,37404
Armenia,MTS,374,05,37405
Armenia,Orange,374,10,37410
Armenia,Ucom,374,41,37441
Armenia,Beeline,374,43,37443
Armenia,Orange,374,55,37455
Armenia,MTS,374,77,37477
Armenia,Armentel,374,91,37491
Armenia,MTS,374,93,37493
Armenia,MTS,374,94,37494
Armenia,Orange,374,95,37495
Armenia,Armentel,374,96,37496
Armenia,KarabArmenia,374,97,37497
Armenia,MTS,374,98,37498
Armenia,Armentel,374,99,37499
Artsakh,,374,97,37497
Aruba,,297,,297
Aruba,Setar Aruba,297,01,29701
Aruba,JamaicaIndie,297,02,29702
Aruba,JamaicaIndie,297,290,297290
Aruba,Setar Aruba,297,56,29756
Aruba,Setar Aruba,297,59,29759
Aruba,JamaicaIndie,297,630,297630
Aruba,JamaicaIndie,297,640,297640
Aruba,JamaicaIndie,297,641,297641
Aruba,JamaicaIndie,297,642,297642
Aruba,Setar Aruba,297,66,29766
Aruba,Setar Aruba,297,69,29769
Aruba,JamaicaIndie,297,7,2977
Aruba,Setar Aruba,297,995,297995
Ascension Island,,247,,247
Australia,SingTelOptus,61,,61
Australia,Vodafone,61,03,6103
Australia,SingTelOptus,61,1451,611451
Australia,SingTelOptus,61,1452,611452
Australia,SingTelOptus,61,1453,611453
Australia,SingTelOptus,61,2,612
Australia,any,61,4,614
Australia,SingTelOptus,61,401,61401
Australia,SingTelOptus,61,402,61402
Australia,SingTelOptus,61,403,61403
Australia,Vodafone,61,404,61404
Australia,Vodafone,61,405,61405
Australia,Vodafone,61,406,61406
Australia,Vodafone,61,410,61410
Australia,SingTelOptus,61,411,61411
Australia,SingTelOptus,61,412,61412
Australia,SingTelOptus,61,413,61413
Australia,Vodafone,61,414,61414
Australia,Vodafone,61,415,61415
Australia,Vodafone,61,416,61416
Australia,Vodafone,61,4202,614202
Australia,Vodafone,61,4203,614203
Australia,Vodafone,61,4204,614204
Australia,Vodafone,61,4205,614205
Australia,Vodafone,61,4206,614206
Australia,Vodafone,61,4207,614207
Australia,Vodafone,61,4208,614208
Australia,Vodafone,61,4209,614209
Australia,SingTelOptus,61,421,61421
Australia,SingTelOptus,61,422,61422
Australia,SingTelOptus,61,423,61423
Australia,Vodafone,61,424,61424
Australia,Vodafone,61,425,61425
Australia,Vodafone,61,426,61426
Australia,Vodafone,61,430,61430
Australia,SingTelOptus,61,431,61431
Australia,SingTelOptus,61,432,61432
Australia,Vodafone,61,433,61433
Australia,SingTelOptus,61,434,61434
Australia,SingTelOptus,61,435,61435
Australia,Vodafone,61,449,61449
Australia,Vodafone,61,450,61450
Australia,Vodafone,61,451,61451
Australia,Vodafone,61,452,61452
Australia,Vodafone,61,453,61453
Australia,SingTelOptus,61,466,61466
Australia,SingTelOptus,61,468,61468
Australia,SingTelOptus,61,478,61478
Australia,SingTelOptus,61,479,61479
Australia,SingTelOptus,61,481,61481
Australia,SingTelOptus,61,482,61482
Australia,Vodafone,61,4888,614888
Australian Antarctic Territory,,672,1,6721
Austria,A1 Telekom,43,,43
Austria,A1 Telekom,43,01,4301
Austria,H3G,43,10,4310
Austria,A1 Telekom,43,11,4311
Austria,T-Mobile,43,650,43650
Austria,H3G,43,660,43660
Austria,A1 Telekom,43,664,43664
Austria,T-Mobile,43,676,43676
Austria,HoT,43,677,43677
Austria,A1 Telekom,43,680,43680
Austria,YESSS!,43,681,43681
Austria,A1 Telekom,43,688,43688
Austria,A1 Telekom,43,699,43699
Azerbaijan,AZERCELL GSM,994,,994
Azerbaijan,Azerfon,994,04,99404
Azerbaijan,AZERCELL GSM,994,1,9941
Azerbaijan,Catel,994,40,99440
Azerbaijan,AZERCELL GSM,994,50,99450
Azerbaijan,Azercell,994,51,99451
Azerbaijan,Bakcell,994,55,99455
Azerbaijan,Azerfon,994,70,99470
Azerbaijan,Azerfon,994,77,99477
BVI,CWWI,1,,1
BVI,CWWI,1,170,1170
BVI,CWWI,1,28454,128454
Bahamas,TelBahamas,1,,1
Bahamas,TelBahamas,1,242,1242
Bahamas,,1,24235,124235
Bahamas,TelBahamas,1,242357,1242357
Bahamas,TelBahamas,1,242359,1242359
Bahamas,TelBahamas,1,242375,1242375
Bahamas,TelBahamas,1,242376,1242376
Bahamas,TelBahamas,1,242395,1242395
Bahamas,TelBahamas,1,242421,1242421
Bahamas,TelBahamas,1,242422,1242422
Bahamas,TelBahamas,1,242423,1242423
Bahamas,TelBahamas,1,242424,1242424
Bahamas,TelBahamas,1,242425,1242425
Bahamas,TelBahamas,1,242426,1242426
Bahamas,TelBahamas,1,242427,1242427
Bahamas,TelBahamas,1,242428,1242428
Bahamas,TelBahamas,1,242429,1242429
Bahamas,TelBahamas,1,242431,1242431
Bahamas,TelBahamas,1,242432,1242432
Bahamas,TelBahamas,1,242433,1242433
Bahamas,TelBahamas,1,242434,1242434
Bahamas,TelBahamas,1,242436,1242436
Bahamas,TelBahamas,1,242437,1242437
Bahamas,TelBahamas,1,242438,1242438
Bahamas,TelBahamas,1,242439,1242439
Bahamas,TelBahamas,1,242441,1242441
Bahamas,TelBahamas,1,242442,1242442
Bahamas,TelBahamas,1,242443,1242443
Bahamas,TelBahamas,1,242445,1242445
Bahamas,TelBahamas,1,242446,1242446
Bahamas,TelBahamas,1,242447,1242447
Bahamas,TelBahamas,1,242448,1242448
Bahamas,TelBahamas,1,242449,1242449
Bahamas,,1,24245,124245
Bahamas,TelBahamas,1,242451,1242451
Bahamas,TelBahamas,1,242452,1242452
Bahamas,TelBahamas,1,242453,1242453
Bahamas,TelBahamas,1,242454,1242454
Bahamas,TelBahamas,1,242455,1242455
Bahamas,TelBahamas,1,242456,1242456
Bahamas,TelBahamas,1,242457,1242457
Bahamas,TelBahamas,1,242458,1242458
Bahamas,TelBahamas,1,242462,1242462
Bahamas,TelBahamas,1,242463,1242463
Bahamas,TelBahamas,1,242464,1242464
Bahamas,TelBahamas,1,242465,1242465
Bahamas,TelBahamas,1,242466,1242466
Bahamas,TelBahamas,1,242467,1242467
Bahamas,TelBahamas,1,242468,1242468
Bahamas,TelBahamas,1,242470,1242470
Bahamas,TelBahamas,1,242471,1242471
Bahamas,TelBahamas,1,242472,1242472
Bahamas,TelBahamas,1,242473,1242473
Bahamas,TelBahamas,1,242474,1242474
Bahamas,TelBahamas,1,242475,1242475
Bahamas,TelBahamas,1,242476,1242476
Bahamas,TelBahamas,1,242477,1242477
Bahamas,TelBahamas,1,242478,1242478
Bahamas,TelBahamas,1,242479,1242479
Bahamas,TelBahamas,1,242481,1242481
Bahamas,TelBahamas,1,242524,1242524
Bahamas,TelBahamas,1,242525,1242525
Bahamas,TelBahamas,1,242533,1242533
Bahamas,TelBahamas,1,242535,1242535
Bahamas,TelBahamas,1,242544,1242544
Bahamas,,1,24255,124255
Bahamas,TelBahamas,1,242551,1242551
Bahamas,TelBahamas,1,242552,1242552
Bahamas,TelBahamas,1,242553,1242553
Bahamas,TelBahamas,1,242554,1242554
Bahamas,TelBahamas,1,242556,1242556
Bahamas,TelBahamas,1,242557,1242557
Bahamas,TelBahamas,1,242558,1242558
Bahamas,TelBahamas,1,242559,1242559
Bahamas,TelBahamas,1,242565,1242565
Bahamas,TelBahamas,1,242577,1242577
Bahamas,TelBahamas,1,242636,1242636
Bahamas,TelBahamas,1,242646,1242646
Bahamas,TelBahamas,1,242727,1242727
Bahamas,TelBahamas,1,39,139
Bahrain,Vodafone,973,,973
Bahrain,BahrainBSC,973,01,97301
Bahrain,Vodafone,973,2,9732
Bahrain,BahrainBSC,973,31,97331
Bahrain,BahrainBSC,973,32,97332
Bahrain,Batelco,973,322,973322
Bahrain,Viva,973,33,97333
Bahrain,Viva,973,340,973340
Bahrain,Viva,973,341,973341
Bahrain,Viva,973,343,973343
Bahrain,Viva,973,344,973344
Bahrain,Viva,973,345,973345
Bahrain,Viva,973,353,973353
Bahrain,Viva,973,355,973355
Bahrain,Vodafone,973,36,97336
Bahrain,Zain,973,377,973377
Bahrain,BahrainBSC,973,380,973380
Bahrain,BahrainBSC,973,381,973381
Bahrain,BahrainBSC,973,382,973382
Bahrain,BahrainBSC,973,383,973383
Bahrain,BahrainBSC,973,384,973384
Bahrain,BahrainBSC,973,387,973387
Bahrain,BahrainBSC,973,388,973388
Bahrain,BahrainBSC,973,389,973389
Bahrain,BahrainBSC,973,39,97339
Bahrain,Zain,973,663,973663
Bahrain,Zain,973,666,973666
Bahrain,BahrainBSC,973,667,973667
Bahrain,Zain,973,669,973669
Bangladesh,RobiAxitaLTD,880,02,88002
Bangladesh,Citycell,880,11,88011
Bangladesh,TeleTalk,880,15,88015
Bangladesh,Airtel,880,16,88016
Bangladesh,GrameenPhone,880,17,88017
Bangladesh,Robi,880,18,88018
Bangladesh,Banglalink,880,19,88019
Barbados,CWWI,1,,1
Barbados,AT&T,1,246,1246
Barbados,CWWI,1,24625,124625
Barbados,CWWI,1,600,1600
BeAlivLimted,Bahamas,1,242,1242
BeAlivLimted,Bahamas,1,49,149
Belarus,LifeBest,375,04,37504
Belarus,LifeBest,375,25,37525
Belarus,Velcom,375,291,375291
Belarus,MTS,375,292,375292
Belarus,Velcom,375,293,375293
Belarus,diallog,375,294,375294
Belarus,MTS,375,295,375295
Belarus,Velcom,375,296,375296
Belarus,MTS,375,297,375297
Belarus,MTS,375,298,375298
Belarus,Velcom,375,299,375299
Belarus,MTS,375,33,37533
Belarus,Velcom,375,44,37544
Belgium,Belgacom Mob,32,,32
Belgium,Belgacom Mob,32,01,3201
Belgium,KPN,32,20,3220
Belgium,Proximus,32,47,3247
Belgium,Belgacom Mob,32,470,32470
Belgium,KPN,32,471,32471
Belgium,BASE,32,48,3248
Belgium,Mobistar,32,49,3249
Belize,,501,6,5016
Belize,BelizeTelem,501,600,501600
Belize,BelizeTelem,501,601,501601
Belize,BelizeTelem,501,602,501602
Belize,BelizeTelem,501,603,501603
Belize,BelizeTelem,501,604,501604
Belize,BelizeTelem,501,605,501605
Belize,BelizeTelem,501,606,501606
Belize,BelizeTelem,501,607,501607
Belize,BelizeTelem,501,609,501609
Belize,BelizeTelem,501,610,501610
Belize,BelizeTelem,501,611,501611
Belize,BelizeTelem,501,620,501620
Belize,BelizeTelem,501,621,501621
Belize,BelizeTelem,501,622,501622
Belize,BelizeTelem,501,623,501623
Belize,BelizeTelem,501,624,501624
Belize,BelizeTelem,501,625,501625
Belize,BelizeTelem,501,626,501626
Belize,BelizeTelem,501,627,501627
Belize,BelizeTelem,501,628,501628
Belize,BelizeTelem,501,629,501629
Belize,BelizeTelem,501,630,501630
Belize,BelizeTelem,501,631,501631
Belize,BelizeTelem,501,632,501632
Belize,BelizeTelem,501,633,501633
Belize,BelizeTelem,501,634,501634
Belize,BelizeTelem,501,635,501635
Belize,BelizeTelem,501,637,501637
Belize,BelizeTelem,501,638,501638
Belize,BelizeTelem,501,639,501639
Belize,SpeednetCom,501,650,501650
Belize,SpeednetCom,501,651,501651
Belize,SpeednetCom,501,652,501652
Belize,SpeednetCom,501,653,501653
Belize,SpeednetCom,501,654,501654
Belize,SpeednetCom,501,655,501655
Belize,SpeednetCom,501,660,501660
Belize,SpeednetCom,501,661,501661
Belize,SpeednetCom,501,662,501662
Belize,SpeednetCom,501,663,501663
Belize,SpeednetCom,501,664,501664
Belize,SpeednetCom,501,665,501665
Belize,SpeednetCom,501,666,501666
Belize,SpeednetCom,501,667,501667
Belize,SpeednetCom,501,668,501668
Belize,SpeednetCom,501,669,501669
Belize,BelizeTelem,501,67,50167
Belize,SpeednetCom,501,670,501670
Belize,SpeednetCom,501,671,501671
Belize,SpeednetCom,501,672,501672
Belize,SpeednetCom,501,673,501673
Belize,SpeednetCom,501,674,501674
Belize,SpeednetCom,501,675,501675
Belize,SpeednetCom,501,676,501676
Belize,SpeednetCom,501,677,501677
Belize,SpeednetCom,501,678,501678
Belize,SpeednetCom,501,679,501679
Belize,SpeednetCom,501,69,50169
Benin,BELL,229,,229
Benin,Etisalet,229,02,22902
Benin,SpaceteLBnin,229,03,22903
Benin,BELL,229,04,22904
Benin,GLOBE,229,05,22905
Benin,SBINBenin,229,07,22907
Benin,MTN,229,3,2293
Benin,SBINBenin,229,40,22940
Benin,SpaceteLBnin,229,51,22951
Benin,SpaceteLBnin,229,52,22952
Benin,SpaceteLBnin,229,53,22953
Benin,SpaceteLBnin,229,55,22955
Benin,SpaceteLBnin,229,60,22960
Benin,SpaceteLBnin,229,61,22961
Benin,SpaceteLBnin,229,62,22962
Benin,SpaceteLBnin,229,63,22963
Benin,Etisalet,229,64,22964
Benin,SpaceteLBnin,229,65,22965
Benin,SpaceteLBnin,229,66,22966
Benin,SpaceteLBnin,229,67,22967
Benin,GLOBE,229,68,22968
Benin,SpaceteLBnin,229,69,22969
Benin,,229,9,2299
Benin,SpaceteLBnin,229,90,22990
Benin,SpaceteLBnin,229,91,22991
Benin,BELL,229,93,22993
Benin,Etisalet,229,94,22994
Benin,Etisalet,229,95,22995
Benin,SpaceteLBnin,229,96,22996
Benin,MTN,229,97,22997
Benin,GLOBE,229,98,22998
Benin,GLOBE,229,99,22999
Bermuda,Cellone,1,000,1000
Bermuda,,1,441,1441
Bhutan,BMobile,975,11,97511
Bhutan,,975,17,97517
"Bolivia, Plurinational State Of",Telefonica,591,03,59103
"Bolivia, Plurinational State Of",,591,6,5916
"Bolivia, Plurinational State Of",,591,7,5917
"Bolivia, Plurinational State Of",Telefonica,591,75,59175
"Bonaire, Saint Eustatius And Saba",,599,,599
Bosnia & Herzegovina,RS Telecom,387,,387
Bosnia & Herzegovina,RS Telecom,387,05,38705
Bosnia & Herzegovina,BH Mobile,387,60,38760
Bosnia & Herzegovina,BH Mobile,387,61,38761
Bosnia & Herzegovina,BH Mobile,387,62,38762
Bosnia & Herzegovina,Eronet,387,63,38763
Bosnia & Herzegovina,Hallo,387,64,38764
Bosnia & Herzegovina,RS Telecom,387,65,38765
Bosnia & Herzegovina,RS Telecom,387,66,38766
Bosnia & Herzegovina,RS Telecom,387,67,38767
Botswana,Orange,267,,267
Botswana,MascomWirel,267,01,26701
Botswana,Orange,267,02,26702
Botswana,CorpTelBotsw,267,04,26704
Botswana,Orange,267,2,2672
Botswana,MascomWirel,267,321,267321
Botswana,Mascom,267,7,2677
Botswana,MascomWirel,267,71,26771
Botswana,Orange,267,72,26772
Botswana,CorpTelBotsw,267,73,26773
Botswana,MascomWirel,267,740,267740
Botswana,MascomWirel,267,741,267741
Botswana,MascomWirel,267,742,267742
Botswana,Orange,267,743,267743
Botswana,Orange,267,744,267744
Botswana,MascomWirel,267,745,267745
Botswana,MascomWirel,267,746,267746
Botswana,MascomWirel,267,747,267747
Botswana,CorpTelBotsw,267,749,267749
Botswana,Orange,267,750,267750
Botswana,Orange,267,751,267751
Botswana,Orange,267,752,267752
Botswana,Orange,267,753,267753
Botswana,MascomWirel,267,754,267754
Botswana,MascomWirel,267,755,267755
Botswana,MascomWirel,267,756,267756
Botswana,CorpTelBotsw,267,758,267758
Botswana,MascomWirel,267,759,267759
Botswana,MascomWirel,267,760,267760
Botswana,MascomWirel,267,761,267761
Botswana,MascomWirel,267,762,267762
Botswana,MascomWirel,267,766,267766
Botswana,MascomWirel,267,767,267767
Botswana,CorpTelBotsw,267,768,267768
Botswana,MascomWirel,267,770,267770
Botswana,MascomWirel,267,771,267771
Botswana,MascomWirel,267,776,267776
Botswana,MascomWirel,267,777,267777
Botswana,MascomWirel,267,778,267778
Botswana,Orange,267,7920,2677920
Botswana,MascomWirel,267,8900,2678900
Botswana,MascomWirel,267,89001,26789001
Brazil,TIM (BRACS),55,,55
Brazil,OI2Brazil,55,016,55016
Brazil,OI2Brazil,55,031,55031
Brazil,VIVOMG1,55,06,5506
Brazil,VIVOMG2,55,10,5510
Brazil,OI1Brazil,55,11,5511
Brazil,VIVOMG2,55,1170,551170
Brazil,VIVOMG2,55,1171,551171
Brazil,VIVOMG2,55,1172,551172
Brazil,VIVOMG2,55,1173,551173
Brazil,VIVOMG2,55,1174,551174
Brazil,VIVOMG2,55,1175,551175
Brazil,TIM (BRASP),55,1181,551181
Brazil,Nextel,55,1194702,551194702
Brazil,Nextel,55,1194703,551194703
Brazil,Nextel,55,1194704,551194704
Brazil,Nextel,55,1194705,551194705
Brazil,Nextel,55,1194706,551194706
Brazil,Nextel,55,1194707,551194707
Brazil,Nextel,55,1194708,551194708
Brazil,Nextel,55,1194709,551194709
Brazil,Nextel,55,119471,55119471
Brazil,Nextel,55,119472,55119472
Brazil,Nextel,55,119473,55119473
Brazil,Nextel,55,1194740,551194740
Brazil,Nextel,55,1194741,551194741
Brazil,Nextel,55,1194742,551194742
Brazil,VIVOMG2,55,1195,551195
Brazil,Nextel,55,1195399,551195399
Brazil,VIVOMG2,55,1196,551196
Brazil,VIVOMG2,55,1197,551197
Brazil,VIVOMG2,55,1198,551198
Brazil,VIVOMG2,55,1199,551199
Brazil,OI1Brazil,55,12,5512
Brazil,VIVOMG2,55,1297,551297
Brazil,Nextel,55,1297401,551297401
Brazil,Nextel,55,1297402,551297402
Brazil,Nextel,55,1297403,551297403
Brazil,Nextel,55,1297404,551297404
Brazil,Nextel,55,1297405,551297405
Brazil,Nextel,55,1297406,551297406
Brazil,Nextel,55,1297407,551297407
Brazil,Nextel,55,1297408,551297408
Brazil,Nextel,55,1298599,551298599
Brazil,OI1Brazil,55,13,5513
Brazil,VIVOMG2,55,1397,551397
Brazil,Nextel,55,1397401,551397401
Brazil,Nextel,55,1397402,551397402
Brazil,Nextel,55,1397404,551397404
Brazil,Nextel,55,1397405,551397405
Brazil,Nextel,55,1397406,551397406
Brazil,Nextel,55,1397407,551397407
Brazil,Nextel,55,1397408,551397408
Brazil,Nextel,55,1398599,551398599
Brazil,OI1Brazil,55,14,5514
Brazil,VIVOMG2,55,1496,551496
Brazil,VIVOMG2,55,1497,551497
Brazil,Nextel,55,1497400,551497400
Brazil,OI1Brazil,55,15,5515
Brazil,VIVOMG2,55,1597,551597
Brazil,Nextel,55,1597400,551597400
Brazil,Nextel,55,1597401,551597401
Brazil,Nextel,55,1597402,551597402
Brazil,Nextel,55,1597403,551597403
Brazil,Nextel,55,1597404,551597404
Brazil,Nextel,55,1597405,551597405
Brazil,Nextel,55,1597406,551597406
Brazil,Nextel,55,1597407,551597407
Brazil,OI1Brazil,55,16,5516
Brazil,VIVOMG2,55,1696,551696
Brazil,VIVOMG2,55,1697,551697
Brazil,Nextel,55,1697400,551697400
Brazil,Nextel,55,1697401,551697401
Brazil,Nextel,55,1697402,551697402
Brazil,Nextel,55,1697403,551697403
Brazil,Nextel,55,1697404,551697404
Brazil,Nextel,55,1697405,551697405
Brazil,Nextel,55,1697406,551697406
Brazil,Nextel,55,1697407,551697407
Brazil,VIVOMG2,55,1699,551699
Brazil,OI1Brazil,55,17,5517
Brazil,Nextel,55,1797400,551797400
Brazil,OI1Brazil,55,18,5518
Brazil,Nextel,55,1897400,551897400
Brazil,OI1Brazil,55,19,5519
Brazil,Nextel,55,1997401,551997401
Brazil,Nextel,55,1997402,551997402
Brazil,Nextel,55,1997403,551997403
Brazil,Nextel,55,1997404,551997404
Brazil,Nextel,55,1997405,551997405
Brazil,Nextel,55,1997406,551997406
Brazil,Nextel,55,1997407,551997407
Brazil,Nextel,55,1997408,551997408
Brazil,Nextel,55,1997409,551997409
Brazil,Nextel,55,1998599,551998599
Brazil,TIM (BRARN),55,2,552
Brazil,OI1Brazil,55,21,5521
Brazil,TIM (BRARN),55,2181,552181
Brazil,VIVOMG3,55,2195,552195
Brazil,VIVOMG3,55,2196,552196
Brazil,Nextel,55,2196099,552196099
Brazil,Nextel,55,2196401,552196401
Brazil,Nextel,55,2196402,552196402
Brazil,Nextel,55,2196403,552196403
Brazil,Nextel,55,2196404,552196404
Brazil,Nextel,55,2196405,552196405
Brazil,Nextel,55,2196406,552196406
Brazil,Nextel,55,2196407,552196407
Brazil,Nextel,55,2196408,552196408
Brazil,Nextel,55,219641,55219641
Brazil,Nextel,55,219642,55219642
Brazil,VIVOMG3,55,2197,552197
Brazil,VIVOMG3,55,2198,552198
Brazil,VIVOMG3,55,2199,552199
Brazil,OI1Brazil,55,22,5522
Brazil,Nextel,55,2297400,552297400
Brazil,Nextel,55,2297401,552297401
Brazil,Nextel,55,2297402,552297402
Brazil,Nextel,55,2297403,552297403
Brazil,Nextel,55,2297404,552297404
Brazil,Nextel,55,2297405,552297405
Brazil,VIVOMG3,55,2298,552298
Brazil,VIVOMG3,55,2299,552299
Brazil,VIVOMGC,55,23,5523
Brazil,OI1Brazil,55,24,5524
Brazil,Nextel,55,2497400,552497400
Brazil,Nextel,55,2497401,552497401
Brazil,Nextel,55,2497402,552497402
Brazil,Nextel,55,2497403,552497403
Brazil,Nextel,55,2497404,552497404
Brazil,Nextel,55,2497405,552497405
Brazil,VIVOMG3,55,2498,552498
Brazil,VIVOMG3,55,2499,552499
Brazil,OI1Brazil,55,27,5527
Brazil,Nextel,55,2797400,552797400
Brazil,VIVOMG3,55,2798,552798
Brazil,VIVOMG3,55,2799,552799
Brazil,OI1Brazil,55,28,5528
Brazil,Nextel,55,2897400,552897400
Brazil,VIVOMG3,55,2898,552898
Brazil,VIVOMG3,55,2899,552899
Brazil,TIM (BRASP),55,3,553
Brazil,OI1Brazil,55,31,5531
Brazil,Nextel,55,317400,55317400
Brazil,OI1Brazil,55,32,5532
Brazil,Nextel,55,327400,55327400
Brazil,OI1Brazil,55,33,5533
Brazil,Nextel,55,337400,55337400
Brazil,OI1Brazil,55,34,5534
Brazil,Nextel,55,347400,55347400
Brazil,OI1Brazil,55,35,5535
Brazil,Nextel,55,357400,55357400
Brazil,OI1Brazil,55,37,5537
Brazil,Nextel,55,377400,55377400
Brazil,OI1Brazil,55,38,5538
Brazil,Nextel,55,387400,55387400
Brazil,Nextel,55,39,5539
Brazil,TIM (BRACS),55,4,554
Brazil,Nextel,55,417400,55417400
Brazil,VIVOMG1,55,4191,554191
Brazil,VIVOMG1,55,4192,554192
Brazil,TIM (BRACS),55,4196,554196
Brazil,Nextel,55,427400,55427400
Brazil,VIVOMG1,55,4291,554291
Brazil,Nextel,55,437400,55437400
Brazil,VIVOMG1,55,4391,554391
Brazil,Nextel,55,447400,55447400
Brazil,VIVOMG1,55,4491,554491
Brazil,Nextel,55,457400,55457400
Brazil,VIVOMG1,55,4591,554591
Brazil,Nextel,55,467400,55467400
Brazil,VIVOMG1,55,4691,554691
Brazil,Nextel,55,477400,55477400
Brazil,VIVOMG1,55,4791,554791
Brazil,VIVOMG1,55,4792,554792
Brazil,Nextel,55,487400,55487400
Brazil,VIVOMG1,55,4891,554891
Brazil,Nextel,55,497400,55497400
Brazil,VIVOMG1,55,4991,554991
Brazil,Nextel,55,517400,55517400
Brazil,VIVOMG1,55,5196,555196
Brazil,VIVOMG1,55,5197,555197
Brazil,VIVOMG1,55,5198,555198
Brazil,VIVOMG1,55,5199,555199
Brazil,Nextel,55,537400,55537400
Brazil,VIVOMG1,55,5399,555399
Brazil,Nextel,55,547400,55547400
Brazil,VIVOMG1,55,5496,555496
Brazil,VIVOMG1,55,5499,555499
Brazil,Nextel,55,557400,55557400
Brazil,VIVOMG1,55,5596,555596
Brazil,VIVOMG1,55,5599,555599
Brazil,Nextel,55,617400,55617400
Brazil,VIVOMG1,55,6196,556196
Brazil,VIVOMG1,55,6198,556198
Brazil,VIVOMG1,55,6199,556199
Brazil,Nextel,55,627400,55627400
Brazil,VIVOMG1,55,6296,556296
Brazil,VIVOMG1,55,6298,556298
Brazil,VIVOMG1,55,6299,556299
Brazil,Nextel,55,637400,55637400
Brazil,VIVOMG1,55,6399,556399
Brazil,Nextel,55,647400,55647400
Brazil,VIVOMG1,55,6496,556496
Brazil,VIVOMG1,55,6499,556499
Brazil,Nextel,55,657400,55657400
Brazil,VIVOMG1,55,6596,556596
Brazil,VIVOMG1,55,6599,556599
Brazil,Nextel,55,667400,55667400
Brazil,VIVOMG1,55,6696,556696
Brazil,VIVOMG1,55,6699,556699
Brazil,Nextel,55,677400,55677400
Brazil,VIVOMG1,55,6796,556796
Brazil,VIVOMG1,55,6799,556799
Brazil,Nextel,55,687400,55687400
Brazil,VIVOMG1,55,6899,556899
Brazil,Nextel,55,697400,55697400
Brazil,VIVOMG1,55,6999,556999
Brazil,OI1Brazil,55,71,5571
Brazil,Nextel,55,717400,55717400
Brazil,VIVOMG3,55,7196,557196
Brazil,VIVOMG3,55,7199,557199
Brazil,OI1Brazil,55,73,5573
Brazil,Nextel,55,737400,55737400
Brazil,VIVOMG3,55,7399,557399
Brazil,OI1Brazil,55,74,5574
Brazil,Nextel,55,747400,55747400
Brazil,VIVOMG3,55,7499,557499
Brazil,OI1Brazil,55,75,5575
Brazil,Nextel,55,757400,55757400
Brazil,VIVOMG3,55,7599,557599
Brazil,OI1Brazil,55,77,5577
Brazil,Nextel,55,777400,55777400
Brazil,VIVOMG3,55,7799,557799
Brazil,OI1Brazil,55,79,5579
Brazil,Nextel,55,797400,55797400
Brazil,OI1Brazil,55,81,5581
Brazil,Nextel,55,817400,55817400
Brazil,OI1Brazil,55,82,5582
Brazil,Nextel,55,827400,55827400
Brazil,OI1Brazil,55,83,5583
Brazil,Nextel,55,837400,55837400
Brazil,OI1Brazil,55,84,5584
Brazil,Nextel,55,847400,55847400
Brazil,OI1Brazil,55,85,5585
Brazil,Nextel,55,857400,55857400
Brazil,OI1Brazil,55,86,5586
Brazil,Nextel,55,867400,55867400
Brazil,OI1Brazil,55,87,5587
Brazil,Nextel,55,877400,55877400
Brazil,OI1Brazil,55,88,5588
Brazil,Nextel,55,887400,55887400
Brazil,OI1Brazil,55,89,5589
Brazil,Nextel,55,897400,55897400
Brazil,,55,9,559
Brazil,OI1Brazil,55,91,5591
Brazil,Nextel,55,917400,55917400
Brazil,VIVOMG3,55,9191,559191
Brazil,VIVOMG3,55,9192,559192
Brazil,OI1Brazil,55,92,5592
Brazil,Nextel,55,927400,55927400
Brazil,VIVOMG3,55,9291,559291
Brazil,VIVOMG3,55,9292,559292
Brazil,OI1Brazil,55,93,5593
Brazil,Nextel,55,937400,55937400
Brazil,VIVOMG3,55,9391,559391
Brazil,OI1Brazil,55,94,5594
Brazil,Nextel,55,947400,55947400
Brazil,VIVOMG3,55,9491,559491
Brazil,OI1Brazil,55,95,5595
Brazil,Nextel,55,957400,55957400
Brazil,VIVOMG3,55,9591,559591
Brazil,OI1Brazil,55,96,5596
Brazil,Nextel,55,967400,55967400
Brazil,VIVOMG3,55,9691,559691
Brazil,OI1Brazil,55,97,5597
Brazil,Nextel,55,977400,55977400
Brazil,VIVOMG3,55,9791,559791
Brazil,OI1Brazil,55,98,5598
Brazil,Nextel,55,987400,55987400
Brazil,VIVOMG3,55,9891,559891
Brazil,OI1Brazil,55,99,5599
Brazil,Nextel,55,997400,55997400
Brazil,VIVOMG3,55,9991,559991
British Indian Ocean Territory,,246,387,246387
Brunei Darussalam,DataTechnSdn,673,01,67301
Brunei Darussalam,B Mobile,673,02,67302
Brunei Darussalam,DataTechnoBH,673,11,67311
Brunei Darussalam,DataTechnoBH,673,2,6732
Brunei Darussalam,DataTechnSdn,673,7,6737
Brunei Darussalam,,673,8,6738
Brunei Darussalam,UNNETSdnBhd,673,81,67381
Brunei Darussalam,B Mobile,673,810,673810
Brunei Darussalam,B Mobile,673,811,673811
Brunei Darussalam,B Mobile,673,812,673812
Brunei Darussalam,B Mobile,673,813,673813
Brunei Darussalam,B Mobile,673,814,673814
Brunei Darussalam,B Mobile,673,815,673815
Brunei Darussalam,B Mobile,673,816,673816
Brunei Darussalam,B Mobile,673,817,673817
Brunei Darussalam,B Mobile,673,819,673819
Brunei Darussalam,B Mobile,673,82,67382
Brunei Darussalam,B Mobile,673,83,67383
Bulgaria,EAD Bulgaria,359,,359
Bulgaria,Mobiltel EAD,359,01,35901
Bulgaria,Viva,359,03,35903
Bulgaria,EAD Bulgaria,359,05,35905
Bulgaria,Mobikom,359,48,35948
Bulgaria,Viva,359,87,35987
Bulgaria,Mobiltel,359,88,35988
Bulgaria,EAD Bulgaria,359,89,35989
Bulgaria,,359,988,359988
Bulgaria,Mobiltel EAD,359,989,359989
Burkina Faso,Onatel,226,,226
Burkina Faso,TelmobBF,226,01,22601
Burkina Faso,Orange,226,02,22602
Burkina Faso,Orange,226,07,22607
Burkina Faso,Onatel,226,1,2261
Burkina Faso,Orange,226,54,22654
Burkina Faso,Orange,226,55,22655
Burkina Faso,Orange,226,56,22656
Burkina Faso,Orange,226,57,22657
Burkina Faso,TelmobBF,226,60,22660
Burkina Faso,Orange,226,64,22664
Burkina Faso,Orange,226,65,22665
Burkina Faso,Orange,226,66,22666
Burkina Faso,Orange,226,67,22667
Burkina Faso,Telmmob,226,7,2267
Burkina Faso,Onatel,226,70,22670
Burkina Faso,TelmobBF,226,7090,2267090
Burkina Faso,TelmobBF,226,7091,2267091
Burkina Faso,Telmob,226,71,22671
Burkina Faso,Telmob,226,72,22672
Burkina Faso,TelmobBF,226,73,22673
Burkina Faso,Celtel,226,74,22674
Burkina Faso,Celtel,226,75,22675
Burkina Faso,Orange,226,76,22676
Burkina Faso,Celtel,226,77,22677
Burkina Faso,Telecel,226,78,22678
Burkina Faso,Telecel,226,79,22679
Burkina Faso,Telmmob,226,TM,226TM
Burkina Faso,HTEronet,387,,387
Burkina Faso,HTEronet,387,03,38703
Burkina Faso,HTEronet,387,63,38763
Burkina Faso,HTEronet,387,64,38764
Burma,,95,,95
Burundi,UCOM Burundi,257,,257
Burundi,SmartBurundi,257,07,25707
Burundi,VitelBurundi,257,08,25708
Burundi,VitelBurundi,257,31,25731
Burundi,VitelBurundi,257,61,25761
Burundi,VitelBurundi,257,62,25762
Burundi,VitelBurundi,257,65,25765
Burundi,VitelBurundi,257,67,25767
Burundi,VitelBurundi,257,68,25768
Burundi,VitelBurundi,257,69,25769
Burundi,,257,7,2577
Burundi,UcomBu,257,71,25771
Burundi,SmartBurundi,257,75,25775
Burundi,UCOM Burundi,257,79,25779
Burundi,UCOM Burundi,257,82,25782
Cabo Verde,T+ Capverde,238,,238
Cabo Verde,CVMovel,238,01,23801
Cabo Verde,T+ Capverde,238,02,23802
Cabo Verde,T+ Capverde,238,330,238330
Cabo Verde,T+ Capverde,238,331,238331
Cabo Verde,T+ Capverde,238,332,238332
Cabo Verde,T+ Capverde,238,333,238333
Cabo Verde,T+ Capverde,238,334,238334
Cabo Verde,T+ Capverde,238,51,23851
Cabo Verde,CVMovel,238,58,23858
Cabo Verde,CVMovel,238,59,23859
Cabo Verde,,238,9,2389
Cabo Verde,T+ Capverde,238,91,23891
Cabo Verde,T+ Capverde,238,92,23892
Cabo Verde,T+ Capverde,238,93,23893
Cabo Verde,CVMovel,238,95,23895
Cabo Verde,CVMovel,238,97,23897
Cabo Verde,CVMovel,238,98,23898
Cabo Verde,CVMovel,238,99,23899
Cambodia,CAMBODIA SHI,855,,855
Cambodia,CamGSMCoLtd,855,01,85501
Cambodia,Smart Axiata,855,02,85502
Cambodia,Latelz,855,06,85506
Cambodia,Latelz,855,10,85510
Cambodia,CAMBODIA SHI,855,11,85511
Cambodia,CamGSMCoLtd,855,12,85512
Cambodia,CamGSMCoLtd,855,14,85514
Cambodia,Smart Axiata,855,15,85515
Cambodia,Smart Axiata,855,16,85516
Cambodia,CamGSMCoLtd,855,17,85517
Cambodia,CAMBODIA SHI,855,18,85518
Cambodia,CamGSMCoLtd,855,233,855233
Cambodia,SouthEastAsi,855,2348,8552348
Cambodia,CamGSMCoLtd,855,235,855235
Cambodia,CamGSMCoLtd,855,243,855243
Cambodia,CamGSMCoLtd,855,245,855245
Cambodia,CamGSMCoLtd,855,253,855253
Cambodia,CamGSMCoLtd,855,255,855255
Cambodia,CamGSMCoLtd,855,263,855263
Cambodia,CamGSMCoLtd,855,265,855265
Cambodia,CamGSMCoLtd,855,323,855323
Cambodia,CamGSMCoLtd,855,325,855325
Cambodia,CamGSMCoLtd,855,333,855333
Cambodia,CamGSMCoLtd,855,335,855335
Cambodia,CamGSMCoLtd,855,343,855343
Cambodia,CamGSMCoLtd,855,345,855345
Cambodia,CamGSMCoLtd,855,353,855353
Cambodia,CamGSMCoLtd,855,355,855355
Cambodia,CamGSMCoLtd,855,363,855363
Cambodia,CamGSMCoLtd,855,365,855365
Cambodia,CamGSMCoLtd,855,423,855423
Cambodia,CamGSMCoLtd,855,425,855425
Cambodia,CamGSMCoLtd,855,433,855433
Cambodia,CamGSMCoLtd,855,435,855435
Cambodia,CamGSMCoLtd,855,443,855443
Cambodia,CamGSMCoLtd,855,445,855445
Cambodia,CamGSMCoLtd,855,453,855453
Cambodia,CamGSMCoLtd,855,455,855455
Cambodia,CamGSMCoLtd,855,523,855523
Cambodia,CamGSMCoLtd,855,525,855525
Cambodia,CamGSMCoLtd,855,533,855533
Cambodia,CamGSMCoLtd,855,535,855535
Cambodia,CamGSMCoLtd,855,543,855543
Cambodia,CamGSMCoLtd,855,545,855545
Cambodia,CamGSMCoLtd,855,553,855553
Cambodia,CamGSMCoLtd,855,555,855555
Cambodia,CamGSMCoLtd,855,61 ,85561 
Cambodia,CamGSMCoLtd,855,623,855623
Cambodia,CamGSMCoLtd,855,625,855625
Cambodia,CamGSMCoLtd,855,633,855633
Cambodia,CamGSMCoLtd,855,635,855635
Cambodia,CamGSMCoLtd,855,643,855643
Cambodia,CamGSMCoLtd,855,645,855645
Cambodia,CamGSMCoLtd,855,653,855653
Cambodia,CamGSMCoLtd,855,655,855655
Cambodia,Latelz,855,69,85569
Cambodia,Latelz,855,70,85570
Cambodia,CamGSMCoLtd,855,723,855723
Cambodia,CamGSMCoLtd,855,725,855725
Cambodia,CamGSMCoLtd,855,733,855733
Cambodia,CamGSMCoLtd,855,735,855735
Cambodia,CamGSMCoLtd,855,743,855743
Cambodia,CamGSMCoLtd,855,745,855745
Cambodia,CamGSMCoLtd,855,753,855753
Cambodia,CamGSMCoLtd,855,755,855755
Cambodia,CamGSMCoLtd,855,76,85576
Cambodia,CamGSMCoLtd,855,77,85577
Cambodia,CamGSMCoLtd,855,78,85578
Cambodia,Smart Axiata,855,81,85581
Cambodia,CamGSMCoLtd,855,85,85585
Cambodia,Smart Axiata,855,86,85586
Cambodia,Smart Axiata,855,87,85587
Cambodia,CamGSMCoLtd,855,89,85589
Cambodia,CamGSMCoLtd,855,92,85592
Cambodia,Latelz,855,93,85593
Cambodia,CamGSMCoLtd,855,95,85595
Cambodia,Smart Axiata,855,96,85596
Cambodia,Smart Axiata,855,98,85598
Cambodia,CamGSMCoLtd,855,99,85599
Cameroon,MTN,237,7,2377
Cameroon,Orange,237,9,2379
Canada,,1,,1
Canada,Fido Solutio,1,204,1204
Canada,Telus,1,220,1220
Canada,Rogers,1,226,1226
Canada,Eastlink,1,249,1249
Canada,Rogers,1,250,1250
Canada,Eastlink,1,270,1270
Canada,Rogers,1,289,1289
Canada,Rogers,1,306,1306
Canada,Fido Solutio,1,370,1370
Canada,Rogers,1,403,1403
Canada,BELL,1,403408,1403408
Canada,BELL,1,4034083,14034083
Canada,BELL,1,4034084,14034084
Canada,BELL,1,4034085,14034085
Canada,Rogers,1,416,1416
Canada,Rogers,1,418,1418
Canada,Rogers,1,438,1438
Canada,BELL,1,438276,1438276
Canada,BELL,1,4382763,14382763
Canada,BELL,1,4382764,14382764
Canada,BELL,1,4382765,14382765
Canada,Telus,1,438580,1438580
Canada,Rogers,1,450,1450
Canada,Eastlink,1,506,1506
Canada,Rogers,1,514,1514
Canada,Rogers,1,519,1519
Canada,Rogers,1,581,1581
Canada,Rogers,1,587,1587
Canada,Telus,1,587580,1587580
Canada,Telus,1,587588,1587588
Canada,Rogers,1,604,1604
Canada,BELL,1,604348,1604348
Canada,BELL,1,6043483,16043483
Canada,BELL,1,6043484,16043484
Canada,BELL,1,6043485,16043485
Canada,BELL,1,610,1610
Canada,Rogers,1,613,1613
Canada,Sasktel,1,639,1639
Canada,Rogers,1,647,1647
Canada,Telus,1,6472137,16472137
Canada,Telus,1,6472138,16472138
Canada,Telus,1,6472139,16472139
Canada,BELL,1,647383,1647383
Canada,BELL,1,6473833,16473833
Canada,BELL,1,6473834,16473834
Canada,BELL,1,6473835,16473835
Canada,BELL,1,647384,1647384
Canada,BELL,1,6473843,16473843
Canada,BELL,1,6473844,16473844
Canada,BELL,1,6473845,16473845
Canada,Telus,1,647580,1647580
Canada,Rogers,1,705,1705
Canada,Eastlink,1,709,1709
Canada,Rogers,1,720,1720
Canada,Rogers,1,778,1778
Canada,Telus,1,778580,1778580
Canada,Rogers,1,780,1780
Canada,Eastlink,1,782,1782
Canada,Rogers,1,807,1807
Canada,Rogers,1,819,1819
Canada,Rogers,1,867,1867
Canada,Eastlink,1,902,1902
Canada,BELL,1,902718,1902718
Canada,BELL,1,9027183,19027183
Canada,BELL,1,9027184,19027184
Canada,BELL,1,9027185,19027185
Canada,Rogers,1,905,1905
Canary Islands,,34,,34
Caraibe,ORANGE,590,,590
Caraibe,ORANGE,590,01,59001
Caraibe,ORANGE,590,636,590636
Caraibe,ORANGE,590,69026,59069026
Caraibe,ORANGE,590,69027,59069027
Caraibe,ORANGE,590,69028,59069028
Caraibe,ORANGE,590,69029,59069029
Caraibe,ORANGE,590,69030,59069030
Caraibe,ORANGE,590,69031,59069031
Caraibe,ORANGE,590,69032,59069032
Caraibe,ORANGE,590,69033,59069033
Caraibe,ORANGE,590,69034,59069034
Caraibe,ORANGE,590,69035,59069035
Caraibe,ORANGE,590,69037,59069037
Caraibe,ORANGE,590,69038,59069038
Caraibe,ORANGE,590,69039,59069039
Caraibe,ORANGE,590,69040,59069040
Caraibe,ORANGE,590,69041,59069041
Caraibe,ORANGE,590,69047,59069047
Caraibe,ORANGE,590,69048,59069048
Caraibe,ORANGE,590,69049,59069049
Caraibe,ORANGE,590,69050,59069050
Caraibe,ORANGE,590,69051,59069051
Caraibe,ORANGE,590,69052,59069052
Caraibe,ORANGE,590,69053,59069053
Caraibe,ORANGE,590,69054,59069054
Caraibe,ORANGE,590,69055,59069055
Caraibe,ORANGE,590,69056,59069056
Caraibe,ORANGE,590,69057,59069057
Caraibe,ORANGE,590,69058,59069058
Caraibe,ORANGE,590,69059,59069059
Caraibe,ORANGE,590,69060,59069060
Caraibe,ORANGE,590,69061,59069061
Caraibe,ORANGE,590,69062,59069062
Caraibe,ORANGE,590,69063,59069063
Caraibe,ORANGE,590,69064,59069064
Caraibe,ORANGE,590,69065,59069065
Caraibe,ORANGE,590,69068,59069068
Caraibe,ORANGE,590,69070,59069070
Caraibe,ORANGE,590,69073,59069073
Caraibe,ORANGE,590,69074,59069074
Caraibe,ORANGE,590,69075,59069075
Caraibe,ORANGE,590,69076,59069076
Caraibe,ORANGE,590,69420,59069420
Caraibe,ORANGE,590,69421,59069421
Caraibe,ORANGE,590,69422,59069422
Caraibe,ORANGE,590,69423,59069423
Caraibe,ORANGE,590,69424,59069424
Caraibe,ORANGE,590,69425,59069425
Caraibe,ORANGE,590,69426,59069426
Caraibe,ORANGE,590,69427,59069427
Caraibe,ORANGE,590,69428,59069428
Caraibe,ORANGE,590,69429,59069429
Caraibe,ORANGE,590,69430,59069430
Caraibe,ORANGE,590,69431,59069431
Caraibe,ORANGE,590,69438,59069438
Caraibe,ORANGE,590,69440,59069440
Caraibe,ORANGE,590,69441,59069441
Caraibe,ORANGE,590,69442,59069442
Caraibe,ORANGE,590,69443,59069443
Caraibe,ORANGE,590,69444,59069444
Caraibe,ORANGE,590,69445,59069445
Caraibe,ORANGE,590,69620,59069620
Caraibe,ORANGE,590,69621,59069621
Caraibe,ORANGE,590,69622,59069622
Caraibe,ORANGE,590,69623,59069623
Caraibe,ORANGE,590,69624,59069624
Caraibe,ORANGE,590,69625,59069625
Caraibe,ORANGE,590,69626,59069626
Caraibe,ORANGE,590,69627,59069627
Caraibe,ORANGE,590,69629,59069629
Caraibe,ORANGE,590,69630,59069630
Caraibe,ORANGE,590,69631,59069631
Caraibe,ORANGE,590,69632,59069632
Caraibe,ORANGE,590,69633,59069633
Caraibe,ORANGE,590,69634,59069634
Caraibe,ORANGE,590,69635,59069635
Caraibe,ORANGE,590,69637,59069637
Caraibe,ORANGE,590,69638,59069638
Caraibe,ORANGE,590,69639,59069639
Caraibe,ORANGE,590,69640,59069640
Caraibe,ORANGE,590,69641,59069641
Caraibe,ORANGE,590,69642,59069642
Caraibe,ORANGE,590,69643,59069643
Caraibe,ORANGE,590,69644,59069644
Caraibe,ORANGE,590,69645,59069645
Caraibe,ORANGE,590,69646,59069646
Caraibe,ORANGE,590,69647,59069647
Caraibe,ORANGE,590,69648,59069648
Caraibe,ORANGE,590,69649,59069649
Caraibe,ORANGE,590,69680,59069680
Caraibe,ORANGE,590,69681,59069681
Caraibe,ORANGE,590,69682,59069682
Caraibe,ORANGE,590,69683,59069683
Caraibe,ORANGE,590,69684,59069684
Caraibe,ORANGE,590,69685,59069685
Caraibe,ORANGE,590,69686,59069686
Caraibe,ORANGE,590,69699,59069699
Caraibe,ORANGE,590,9072,5909072
Caraibe,ORANGE,590,9628,5909628
Cayman Islands,CWWI,1,,1
Cayman Islands,CWWI,1,140,1140
Cayman Islands,,1,345,1345
Cayman Islands,CWWI,1,34599,134599
Central African Republic,Orange,236,,236
Central African Republic,Orange,236,03,23603
Central African Republic,Orange,236,3,2363
Central African Republic,Orange,236,72,23672
Central African Republic,Orange,236,720005,236720005
Central African Republic,Orange,236,720006,236720006
Central African Republic,Orange,236,720007,236720007
Central African Republic,Orange,236,720008,236720008
Central African Republic,Orange,236,720009,236720009
Central African Republic,Orange,236,722,236722
Central African Republic,Orange,236,723,236723
Central African Republic,Orange,236,724,236724
Central African Republic,Orange,236,725,236725
Central African Republic,Orange,236,726,236726
Central African Republic,Orange,236,727,236727
Central African Republic,Orange,236,728,236728
Central African Republic,Orange,236,729,236729
Ceuta,,34,,34
Chad,Celtel,235,,235
Chad,Celtel,235,1,2351
Chad,Celtel,235,6,2356
Chad,Airtel,235,63,23563
Chad,Airtel,235,65,23565
Chad,Airtel,235,66,23566
Chad,Salamat[disambiguation needed],235,77,23577
Chad,Tigo,235,90,23590
Chad,Tigo,235,93,23593
Chad,Tigo,235,95,23595
Chad,Tigo,235,99,23599
Chagos Islands,,246,387,246387
Chile,Entel,56,01,5601
Chile,TelfcaChile,56,02,5602
Chile,Claro,56,03,5603
Chile,,56,9,569
Chile,Claro,56,920,56920
Chile,Entel,56,9514,569514
Chile,Entel,56,9515,569515
Chile,Entel,56,9516,569516
Chile,Entel,56,9517,569517
Chile,Entel,56,9518,569518
Chile,Entel,56,9519,569519
Chile,Entel,56,9520,569520
Chile,Entel,56,9521,569521
Chile,Entel,56,9522,569522
Chile,Entel,56,9523,569523
Chile,Entel,56,9528,569528
Chile,Entel,56,9529,569529
Chile,Entel,56,956,56956
Chile,Entel,56,957,56957
Chile,Entel,56,9620,569620
Chile,Entel,56,9621,569621
Chile,Entel,56,9622,569622
Chile,Entel,56,9624,569624
Chile,Entel,56,9650,569650
Chile,Entel,56,9651,569651
Chile,Entel,56,9658,569658
Chile,Entel,56,9659,569659
Chile,Entel,56,966,56966
Chile,Entel,56,96765,5696765
Chile,Entel,56,96766,5696766
Chile,Entel,56,96767,5696767
Chile,Entel,56,96768,5696768
Chile,Entel,56,96769,5696769
Chile,Entel,56,96775,5696775
Chile,Entel,56,96776,5696776
Chile,Entel,56,96777,5696777
Chile,Entel,56,96778,5696778
Chile,Entel,56,96779,5696779
Chile,Entel,56,96785,5696785
Chile,Entel,56,96786,5696786
Chile,Entel,56,96787,5696787
Chile,Entel,56,96788,5696788
Chile,Entel,56,96789,5696789
Chile,Entel,56,96795,5696795
Chile,Entel,56,96796,5696796
Chile,Entel,56,96797,5696797
Chile,Entel,56,96798,5696798
Chile,Entel,56,96799,5696799
Chile,Entel,56,96878,5696878
Chile,Entel,56,96879,5696879
Chile,Entel,56,96895,5696895
Chile,Entel,56,96896,5696896
Chile,Entel,56,96897,5696897
Chile,Entel,56,9690,569690
Chile,Entel,56,96915,5696915
Chile,Entel,56,96916,5696916
Chile,Entel,56,96917,5696917
Chile,Entel,56,96918,5696918
Chile,Entel,56,96919,5696919
Chile,Entel,56,9710,569710
Chile,Entel,56,9737,569737
Chile,Entel,56,9738,569738
Chile,Entel,56,9739,569739
Chile,Claro,56,974099,56974099
Chile,Entel,56,9751,569751
Chile,Entel,56,9752,569752
Chile,Entel,56,9753,569753
Chile,Entel,56,9754,569754
Chile,Entel,56,9755,569755
Chile,Entel,56,9756,569756
Chile,Entel,56,9757,569757
Chile,Entel,56,9758,569758
Chile,Entel,56,9760,569760
Chile,Entel,56,9764,569764
Chile,Entel,56,9765,569765
Chile,Entel,56,9766,569766
Chile,Entel,56,9770,569770
Chile,Entel,56,9774,569774
Chile,Entel,56,9775,569775
Chile,Entel,56,9776,569776
Chile,Entel,56,9780,569780
Chile,Entel,56,9787,569787
Chile,Entel,56,9788,569788
Chile,Entel,56,9789,569789
Chile,Entel,56,9795,569795
Chile,Entel,56,9796,569796
Chile,Entel,56,9797,569797
Chile,Entel,56,9798,569798
Chile,Entel,56,9799,569799
Chile,Entel,56,9801,569801
Chile,Entel,56,9813,569813
Chile,Entel,56,9815,569815
Chile,Entel,56,9818,569818
Chile,Entel,56,9819,569819
Chile,Entel,56,982,56982
Chile,Entel,56,9840,569840
Chile,Entel,56,9841,569841
Chile,Entel,56,9842,569842
Chile,Entel,56,9843,569843
Chile,Entel,56,9844,569844
Chile,Entel,56,9845,569845
Chile,Entel,56,9846,569846
Chile,Entel,56,9847,569847
Chile,Claro,56,9866280,569866280
Chile,Claro,56,9866281,569866281
Chile,Claro,56,9866282,569866282
Chile,Claro,56,9866283,569866283
Chile,Claro,56,9866284,569866284
Chile,Claro,56,9866290,569866290
Chile,Claro,56,9866291,569866291
Chile,Claro,56,9866292,569866292
Chile,Claro,56,9866293,569866293
Chile,Claro,56,9866294,569866294
Chile,Claro,56,987099,56987099
Chile,Entel,56,9872,569872
Chile,Entel,56,9873,569873
Chile,Entel,56,9874,569874
Chile,Entel,56,9875,569875
Chile,Entel,56,9876,569876
Chile,Entel,56,9881,569881
Chile,Entel,56,9882,569882
Chile,Entel,56,9883,569883
Chile,Entel,56,9888,569888
Chile,Entel,56,9889,569889
Chile,Entel,56,9906082,569906082
Chile,Entel,56,9906083,569906083
Chile,Entel,56,9906084,569906084
Chile,Entel,56,9907,569907
Chile,Entel,56,9908,569908
Chile,Entel,56,9909,569909
Chile,Entel,56,991,56991
Chile,Entel,56,9912,569912
Chile,Entel,56,99140,5699140
Chile,Entel,56,99141,5699141
Chile,Entel,56,99142,5699142
Chile,Entel,56,9915,569915
Chile,Claro,56,992098,56992098
Chile,Claro,56,992099,56992099
Chile,Entel,56,9921,569921
Chile,Entel,56,99289,5699289
Chile,Entel,56,9929,569929
Chile,Entel,56,9930,569930
Chile,Entel,56,9931,569931
Chile,Entel,56,9935,569935
Chile,Entel,56,99382,5699382
Chile,Entel,56,99383,5699383
Chile,Entel,56,9941,569941
Chile,Entel,56,9947,569947
Chile,Entel,56,99483,5699483
Chile,Entel,56,99484,5699484
Chile,Entel,56,99485,5699485
Chile,Entel,56,99486,5699486
Chile,Entel,56,99487,5699487
Chile,Entel,56,99488,5699488
Chile,Entel,56,99489,5699489
Chile,Entel,56,9949,569949
Chile,Entel,56,9950,569950
Chile,Entel,56,9951,569951
Chile,Entel,56,9957,569957
Chile,Entel,56,9959,569959
Chile,Entel,56,99601,5699601
Chile,Entel,56,99607,5699607
Chile,Entel,56,996080,56996080
Chile,Entel,56,996081,56996081
Chile,Entel,56,9961,569961
Chile,Entel,56,9967,569967
Chile,Entel,56,9969,569969
Chile,Entel,56,9971,569971
Chile,Entel,56,9977,569977
Chile,Entel,56,99784,5699784
Chile,Entel,56,99785,5699785
Chile,Entel,56,99786,5699786
Chile,Entel,56,99787,5699787
Chile,Entel,56,99788,5699788
Chile,Entel,56,99789,5699789
Chile,Entel,56,9979,569979
Chile,Entel,56,9981,569981
Chile,Entel,56,9982,569982
Chile,Entel,56,9983,569983
Chile,Entel,56,9987,569987
Chile,Entel,56,9988,569988
Chile,Entel,56,9989,569989
Chile,Entel,56,9991,569991
Chile,Entel,56,9993,569993
Chile,Entel,56,9994,569994
Chile,Entel,56,99965,5699965
Chile,Entel,56,99966,5699966
Chile,Entel,56,99967,5699967
Chile,Entel,56,99968,5699968
Chile,Entel,56,99969,5699969
Chile,Entel,56,99991,5699991
Chile,Entel,56,99992,5699992
Chile,Entel,56,99993,5699993
Chile,Entel,56,99994,5699994
Chile,Entel,56,99995,5699995
Chile,Entel,56,99996,5699996
Chile,Entel,56,99997,5699997
Chile,Entel,56,99998,5699998
Chile,Entel,56,99999,5699999
China,CTM Macau,853,01,85301
China,CTM Macau,853,6201,8536201
China,CTM Macau,853,6202,8536202
China,CTM Macau,853,6203,8536203
China,CTM Macau,853,6204,8536204
China,CTM Macau,853,6205,8536205
China,CTM Macau,853,6206,8536206
China,CTM Macau,853,6207,8536207
China,CTM Macau,853,6208,8536208
China,CTM Macau,853,6209,8536209
China,CTM Macau,853,623,853623
China,CTM Macau,853,6242,8536242
China,CTM Macau,853,6243,8536243
China,CTM Macau,853,6250,8536250
China,CTM Macau,853,6251,8536251
China,CTM Macau,853,6252,8536252
China,CTM Macau,853,6253,8536253
China,CTM Macau,853,6264,8536264
China,CTM Macau,853,6265,8536265
China,CTM Macau,853,6266,8536266
China,CTM Macau,853,6267,8536267
China,CTM Macau,853,6272,8536272
China,CTM Macau,853,6273,8536273
China,CTM Macau,853,6274,8536274
China,CTM Macau,853,6275,8536275
China,CTM Macau,853,6280,8536280
China,CTM Macau,853,6281,8536281
China,CTM Macau,853,6282,8536282
China,CTM Macau,853,6283,8536283
China,CTM Macau,853,6284,8536284
China,CTM Macau,853,6285,8536285
China,CTM Macau,853,6286,8536286
China,CTM Macau,853,6287,8536287
China,CTM Macau,853,6288,8536288
China,CTM Macau,853,6289,8536289
China,CTM Macau,853,6290,8536290
China,CTM Macau,853,6291,8536291
China,CTM Macau,853,6296,8536296
China,CTM Macau,853,6297,8536297
China,CTM Macau,853,6298,8536298
China,CTM Macau,853,6299,8536299
China,CTM Macau,853,6300,8536300
China,CTM Macau,853,6301,8536301
China,CTM Macau,853,6302,8536302
China,CTM Macau,853,6303,8536303
China,CTM Macau,853,6309,8536309
China,CTM Macau,853,6324,8536324
China,CTM Macau,853,6325,8536325
China,CTM Macau,853,6326,8536326
China,CTM Macau,853,6327,8536327
China,CTM Macau,853,6328,8536328
China,CTM Macau,853,6329,8536329
China,CTM Macau,853,6330,8536330
China,CTM Macau,853,6331,8536331
China,CTM Macau,853,6332,8536332
China,CTM Macau,853,6333,8536333
China,CTM Macau,853,6334,8536334
China,CTM Macau,853,6335,8536335
China,CTM Macau,853,6345,8536345
China,CTM Macau,853,6346,8536346
China,CTM Macau,853,6347,8536347
China,CTM Macau,853,6348,8536348
China,CTM Macau,853,6349,8536349
China,CTM Macau,853,6392,8536392
China,CTM Macau,853,6393,8536393
China,CTM Macau,853,6394,8536394
China,CTM Macau,853,6395,8536395
China,CTM Macau,853,6396,8536396
China,CTM Macau,853,6397,8536397
China,CTM Macau,853,6515,8536515
China,CTM Macau,853,6516,8536516
China,CTM Macau,853,6517,8536517
China,CTM Macau,853,6518,8536518
China,CTM Macau,853,6519,8536519
China,CTM Macau,853,6524,8536524
China,CTM Macau,853,6525,8536525
China,CTM Macau,853,6526,8536526
China,CTM Macau,853,6527,8536527
China,CTM Macau,853,6528,8536528
China,CTM Macau,853,6529,8536529
China,CTM Macau,853,6530,8536530
China,CTM Macau,853,6531,8536531
China,CTM Macau,853,6536,8536536
China,CTM Macau,853,6537,8536537
China,CTM Macau,853,6538,8536538
China,CTM Macau,853,6539,8536539
China,CTM Macau,853,6545,8536545
China,CTM Macau,853,6546,8536546
China,CTM Macau,853,6547,8536547
China,CTM Macau,853,6550,8536550
China,CTM Macau,853,6551,8536551
China,CTM Macau,853,6552,8536552
China,CTM Macau,853,6553,8536553
China,CTM Macau,853,6554,8536554
China,CTM Macau,853,6555,8536555
China,CTM Macau,853,6586,8536586
China,CTM Macau,853,6587,8536587
China,CTM Macau,853,6588,8536588
China,CTM Macau,853,6589,8536589
China,CTM Macau,853,6590,8536590
China,CTM Macau,853,6591,8536591
China,CTM Macau,853,6592,8536592
China,CTM Macau,853,6593,8536593
China,CTM Macau,853,6594,8536594
China,CTM Macau,853,6595,8536595
China,CTM Macau,853,6596,8536596
China,CTM Macau,853,6597,8536597
China,CTM Macau,853,6600,8536600
China,CTM Macau,853,6601,8536601
China,CTM Macau,853,6612,8536612
China,CTM Macau,853,6613,8536613
China,CTM Macau,853,6618,8536618
China,CTM Macau,853,6619,8536619
China,CTM Macau,853,6647,8536647
China,CTM Macau,853,6650,8536650
China,CTM Macau,853,6651,8536651
China,CTM Macau,853,6652,8536652
China,CTM Macau,853,6653,8536653
China,CTM Macau,853,6654,8536654
China,CTM Macau,853,6655,8536655
China,CTM Macau,853,6658,8536658
China,CTM Macau,853,6659,8536659
China,CTM Macau,853,666,853666
China,CTM Macau,853,6672,8536672
China,CTM Macau,853,6675,8536675
China,CTM Macau,853,6677,8536677
China,CTM Macau,853,6679,8536679
China,CTM Macau,853,668,853668
China,CTM Macau,853,6690,8536690
China,CTM Macau,853,6691,8536691
China,CTM Macau,853,6692,8536692
China,CTM Macau,853,6693,8536693
China,CTM Macau,853,6696,8536696
China,CTM Macau,853,6698,8536698
China,CTM Macau,853,68008,85368008
China,CTM Macau,853,6810,8536810
China,CTM Macau,853,6811,8536811
China,CTM Macau,853,6812,8536812
China,CTM Macau,853,6813,8536813
China,CTM Macau,853,6814,8536814
China,CTM Macau,853,6845,8536845
China,CTM Macau,853,6846,8536846
China,CTM Macau,853,6847,8536847
China,CTM Macau,853,6848,8536848
China,CTM Macau,853,6849,8536849
China,CTM Macau,853,6880,8536880
China,CTM Macau,853,6881,8536881
China,CTM Macau,853,6882,8536882
China,CTM Macau,853,6883,8536883
China,CTM Macau,853,6884,8536884
China,CTM Macau,853,68989,85368989
China,China Mobile,86,,86
China,China Mobile,86,00,8600
China,China Unicom,86,01,8601
China,,86,13,8613
China,China Unicom,86,130,86130
China,China Unicom,86,131,86131
China,China Unicom,86,132,86132
China,China Mobile,86,1340,861340
China,China Mobile,86,1341,861341
China,China Mobile,86,1342,861342
China,China Mobile,86,1343,861343
China,China Mobile,86,1344,861344
China,China Mobile,86,1345,861345
China,China Mobile,86,1346,861346
China,China Mobile,86,1347,861347
China,China Mobile,86,1348,861348
China,China Mobile,86,135,86135
China,China Mobile,86,136,86136
China,China Mobile,86,137,86137
China,China Mobile,86,1374,861374
China,China Mobile,86,138,86138
China,China Mobile,86,139,86139
China,China Unicom,86,145,86145
China,China Mobile,86,147,86147
China,China Mobile,86,148,86148
China,,86,15,8615
China,China Mobile,86,150,86150
China,China Mobile,86,151,86151
China,China Mobile,86,152,86152
China,China Unicom,86,155,86155
China,China Unicom,86,156,86156
China,China Mobile,86,157,86157
China,China Mobile,86,1574,861574
China,China Mobile,86,158,86158
China,China Mobile,86,159,86159
China,China Mobile,86,165,86165
China,China Mobile,86,1703,861703
China,China Mobile,86,1705,861705
China,China Mobile,86,1706,861706
China,China Mobile,86,172,86172
China,China Mobile,86,178,86178
China,,86,18,8618
China,China Mobile,86,182,86182
China,China Mobile,86,183,86183
China,China Mobile,86,184,86184
China,China Unicom,86,186,86186
China,China Mobile,86,187,86187
China,China Mobile,86,188,86188
China,China Mobile,86,195,86195
China,China Mobile,86,198,86198
China,China Mobile,86,2,862
Christmas Island,,61,89164,6189164
Cocos (Keeling) Islands,,61,89162,6189162
Collectivity of Saint Martin,,590,6,5906
Colombia,Tigo,57,30,5730
Colombia,Comcel,57,310,57310
Colombia,Comcel,57,311,57311
Colombia,Comcel,57,312,57312
Colombia,Comcel,57,313,57313
Colombia,Comcel,57,314,57314
Colombia,Movistar,57,315,57315
Colombia,Movistar,57,316,57316
Colombia,Movistar,57,317,57317
Colombia,Movistar,57,318,57318
Colombia,Movistar,57,319,57319
Colombia,Comcel,57,32,5732
Colombia,Avantel,57,350,57350
Comoros,TelmaComores,269,02,26902
Comoros,,269,3,2693
Comoros,TelmaComores,269,4,2694
Cook Islands,TelecomCook,682,01,68201
Cook Islands,,682,5,6825
Cook Islands,,682,7,6827
Cook Islands,TelecomCook,682,8,6828
Costa Rica,Telefonica,506,,506
Costa Rica,Costaricense,506,01,50601
Costa Rica,Telefonica,506,04,50604
Costa Rica,Telefonica,506,20,50620
Costa Rica,Costaricense,506,50,50650
Costa Rica,Costaricense,506,57,50657
Costa Rica,Movistar,506,6,5066
Costa Rica,Telefonica,506,60,50660
Costa Rica,Claro,506,7,5067
Costa Rica,Instituto Costarricense de Electricidad,506,8,5068
Costa Rica,Costaricense,506,83,50683
Costa Rica,Costaricense,506,84,50684
Costa Rica,Costaricense,506,85,50685
Costa Rica,Costaricense,506,86,50686
Costa Rica,Costaricense,506,87,50687
Costa Rica,Costaricense,506,88,50688
Costa Rica,Costaricense,506,89,50689
Croatia,VIP-NET,385,,385
Croatia,VIP-NET,385,10,38510
Croatia,VIP-NET,385,91,38591
Croatia,Tomato,385,92,38592
Croatia,Tele2,385,95,38595
Croatia,bonbon,385,97,38597
Croatia,T-Mobile,385,98,38598
Croatia,T-Mobile,385,99,38599
Cuba,ETECSA,53,5,535
Curaçao,,599,,599
Curaçao,CuracaoTelec,599,69,59969
Curaçao,CuracaoTelec,599,7,5997
Curaçao,CuracaoTelec,599,9,5999
Curaçao and the Caribbean Netherlands,,599,,599
Cyprus,Primtel,357,,357
Cyprus,Primtel,357,122,357122
Cyprus,Primtel,357,20,35720
Cyprus,LemonTel,357,94,35794
Cyprus,PrimeTel,357,95,35795
Cyprus,Primtel,357,951,357951
Cyprus,Primtel,357,955,357955
Cyprus,Primtel,357,9560,3579560
Cyprus,Primtel,357,9561,3579561
Cyprus,Primtel,357,9562,3579562
Cyprus,Primtel,357,9570,3579570
Cyprus,Primtel,357,9571,3579571
Cyprus,Primtel,357,9572,3579572
Cyprus,Primtel,357,959,357959
Cyprus,MTN,357,96,35796
Cyprus,Vodafone,357,97,35797
Cyprus,Vodafone,357,99,35799
Czech Republic,O2,420,601,420601
Czech Republic,O2,420,602,420602
Czech Republic,T-Mobile,420,603,420603
Czech Republic,T-Mobile,420,604,420604
Czech Republic,T-Mobile,420,605,420605
Czech Republic,O2,420,606,420606
Czech Republic,O2,420,607,420607
Czech Republic,Vodafone,420,608,420608
Czech Republic,O2,420,702,420702
Czech Republic,O2,420,72,42072
Czech Republic,T-Mobile,420,73,42073
Czech Republic,Vodafone,420,77,42077
Czech Republic,U:fon,420,790,420790
Côte d'Ivoire,Orange,225,,225
Côte d'Ivoire,,225,0,2250
Côte d'Ivoire,Moov,225,01,22501
Côte d'Ivoire,Moov,225,02,22502
Côte d'Ivoire,Moov,225,03,22503
Côte d'Ivoire,MTN,225,05,22505
Côte d'Ivoire,Oricel,225,06,22506
Côte d'Ivoire,Orange,225,07,22507
Côte d'Ivoire,Orange,225,08,22508
Côte d'Ivoire,Orange,225,09,22509
Côte d'Ivoire,Orange,225,3,2253
Côte d'Ivoire,Moov,225,40,22540
Côte d'Ivoire,Moov,225,41,22541
Côte d'Ivoire,Moov,225,42,22542
Côte d'Ivoire,Moov,225,43,22543
Côte d'Ivoire,Orange,225,47,22547
Côte d'Ivoire,Orange,225,48,22548
Côte d'Ivoire,Orange,225,49,22549
Côte d'Ivoire,Telecel,225,5,2255
Côte d'Ivoire,Orange,225,570,225570
Côte d'Ivoire,Orange,225,571,225571
Côte d'Ivoire,Orange,225,572,225572
Côte d'Ivoire,Orange,225,573,225573
Côte d'Ivoire,Orange,225,574,225574
Côte d'Ivoire,Orange,225,575,225575
Côte d'Ivoire,,225,6,2256
Côte d'Ivoire,Oricel,225,60,22560
Côte d'Ivoire,Oricel,225,61,22561
Côte d'Ivoire,Orange,225,7,2257
Democratic Republic Of Congo,Celtel,243,,243
Democratic Republic Of Congo,Vodacom,243,01,24301
Democratic Republic Of Congo,Airtel,243,02,24302
Democratic Republic Of Congo,Vodacom,243,1,2431
Democratic Republic Of Congo,Celtel,243,2,2432
Democratic Republic Of Congo,,243,22,24322
Democratic Republic Of Congo,,243,78,24378
Democratic Republic Of Congo,,243,81,24381
Democratic Republic Of Congo,Vodacom,243,82,24382
Democratic Republic Of Congo,,243,84,24384
Democratic Republic Of Congo,,243,85,24385
Democratic Republic Of Congo,,243,86,24386
Democratic Republic Of Congo,,243,88,24388
Democratic Republic Of Congo,,243,89,24389
Democratic Republic Of Congo,,243,90,24390
Democratic Republic Of Congo,Africell,243,91,24391
Democratic Republic Of Congo,,243,94,24394
Democratic Republic Of Congo,,243,95,24395
Democratic Republic Of Congo,,243,96,24396
Democratic Republic Of Congo,,243,97,24397
Democratic Republic Of Congo,,243,98,24398
Democratic Republic Of Congo,,243,99,24399
Denmark,H3G,45,,45
Denmark,H3G,45,06,4506
Denmark,TDC Mobil,45,1,451
Denmark,TDC,45,2,452
Denmark,TELIA DK,45,20,4520
Denmark,TDC Mobil,45,201,45201
Denmark,TELIA DK,45,2395,452395
Denmark,Orange,45,26,4526
Denmark,,45,30,4530
Denmark,,45,31,4531
Denmark,H3G,45,311,45311
Denmark,H3G,45,312,45312
Denmark,H3G,45,3130,453130
Denmark,H3G,45,31310,4531310
Denmark,H3G,45,31311,4531311
Denmark,H3G,45,31313,4531313
Denmark,H3G,45,31314,4531314
Denmark,H3G,45,31315,4531315
Denmark,H3G,45,31316,4531316
Denmark,H3G,45,31317,4531317
Denmark,H3G,45,31318,4531318
Denmark,H3G,45,31319,4531319
Denmark,H3G,45,3132,453132
Denmark,H3G,45,3133,453133
Denmark,H3G,45,3134,453134
Denmark,H3G,45,3135,453135
Denmark,H3G,45,3136,453136
Denmark,H3G,45,3137,453137
Denmark,H3G,45,3138,453138
Denmark,H3G,45,3139,453139
Denmark,H3G,45,314,45314
Denmark,H3G,45,315,45315
Denmark,H3G,45,316,45316
Denmark,H3G,45,317,45317
Denmark,,45,40,4540
Denmark,,45,41,4541
Denmark,,45,42,4542
Denmark,H3G,45,4261,454261
Denmark,H3G,45,4262,454262
Denmark,H3G,45,4263,454263
Denmark,H3G,45,4264,454264
Denmark,H3G,45,4265,454265
Denmark,H3G,45,4266,454266
Denmark,H3G,45,4267,454267
Denmark,H3G,45,4268,454268
Denmark,H3G,45,4269,454269
Denmark,H3G,45,4271,454271
Denmark,H3G,45,4272,454272
Denmark,H3G,45,4273,454273
Denmark,H3G,45,4274,454274
Denmark,H3G,45,4291,454291
Denmark,H3G,45,4292,454292
Denmark,H3G,45,4294,454294
Denmark,H3G,45,4295,454295
Denmark,Telenor,45,50,4550
Denmark,,45,51,4551
Denmark,,45,52,4552
Denmark,H3G,45,5211,455211
Denmark,H3G,45,5212,455212
Denmark,,45,53,4553
Denmark,H3G,45,535,45535
Denmark,H3G,45,536,45536
Denmark,H3G,45,537,45537
Denmark,H3G,45,538,45538
Denmark,,45,60,4560
Denmark,H3G,45,6051,456051
Denmark,H3G,45,6052,456052
Denmark,H3G,45,6053,456053
Denmark,H3G,45,6054,456054
Denmark,H3G,45,6055,456055
Denmark,H3G,45,6056,456056
Denmark,H3G,45,6057,456057
Denmark,H3G,45,6058,456058
Denmark,H3G,45,6059,456059
Denmark,,45,61,4561
Denmark,,45,71,4571
Denmark,,45,81,4581
Diego Garcia,,246,387,246387
Djibouti,Djibouti Tel,253,01,25301
Djibouti,Djibouti Tel,253,77,25377
Djibouti,,253,8,2538
Dominica,CWWI,1,,1
Dominica,CWWI,1,110,1110
Dominica,,1,7672,17672
Dominica,CWWI,1,76727,176727
Dominican Republic,Orange,1,,1
Dominican Republic,Orange,1,01,101
Dominican Republic,DominicanTRI,1,04,104
Dominican Republic,Orange,180,,180
Dominican Republic,Orange,180,1,1801
Dominican Republic,Orange,180,809,180809
Dominican Republic,,1,809,1809
Dominican Republic,DominicanTRI,1,809215,1809215
Dominican Republic,DominicanTRI,1,809216,1809216
Dominican Republic,DominicanTRI,1,809217,1809217
Dominican Republic,DominicanTRI,1,809218,1809218
Dominican Republic,DominicanTRI,1,809219,1809219
Dominican Republic,DominicanTRI,1,809302,1809302
Dominican Republic,DominicanTRI,1,809303,1809303
Dominican Republic,DominicanTRI,1,809304,1809304
Dominican Republic,DominicanTRI,1,809305,1809305
Dominican Republic,DominicanTRI,1,809306,1809306
Dominican Republic,DominicanTRI,1,809307,1809307
Dominican Republic,DominicanTRI,1,809308,1809308
Dominican Republic,DominicanTRI,1,809309,1809309
Dominican Republic,DominicanTRI,1,809315,1809315
Dominican Republic,DominicanTRI,1,809316,1809316
Dominican Republic,DominicanTRI,1,809317,1809317
Dominican Republic,DominicanTRI,1,809318,1809318
Dominican Republic,DominicanTRI,1,809319,1809319
Dominican Republic,DominicanTRI,1,809401,1809401
Dominican Republic,DominicanTRI,1,809402,1809402
Dominican Republic,DominicanTRI,1,809403,1809403
Dominican Republic,DominicanTRI,1,809404,1809404
Dominican Republic,DominicanTRI,1,809405,1809405
Dominican Republic,DominicanTRI,1,809407,1809407
Dominican Republic,DominicanTRI,1,809408,1809408
Dominican Republic,DominicanTRI,1,809409,1809409
Dominican Republic,DominicanTRI,1,809410,1809410
Dominican Republic,DominicanTRI,1,809413,1809413
Dominican Republic,DominicanTRI,1,809415,1809415
Dominican Republic,DominicanTRI,1,809416,1809416
Dominican Republic,DominicanTRI,1,809417,1809417
Dominican Republic,DominicanTRI,1,809418,1809418
Dominican Republic,DominicanTRI,1,809419,1809419
Dominican Republic,DominicanTRI,1,809420,1809420
Dominican Republic,DominicanTRI,1,809421,1809421
Dominican Republic,DominicanTRI,1,809422,1809422
Dominican Republic,DominicanTRI,1,809423,1809423
Dominican Republic,DominicanTRI,1,809430,1809430
Dominican Republic,DominicanTRI,1,809431,1809431
Dominican Republic,DominicanTRI,1,809432,1809432
Dominican Republic,DominicanTRI,1,809433,1809433
Dominican Republic,DominicanTRI,1,809434,1809434
Dominican Republic,DominicanTRI,1,809435,1809435
Dominican Republic,DominicanTRI,1,809436,1809436
Dominican Republic,DominicanTRI,1,809437,1809437
Dominican Republic,DominicanTRI,1,809438,1809438
Dominican Republic,DominicanTRI,1,809439,1809439
Dominican Republic,DominicanTRI,1,809440,1809440
Dominican Republic,DominicanTRI,1,809441,1809441
Dominican Republic,DominicanTRI,1,809442,1809442
Dominican Republic,DominicanTRI,1,809443,1809443
Dominican Republic,DominicanTRI,1,809444,1809444
Dominican Republic,DominicanTRI,1,809445,1809445
Dominican Republic,DominicanTRI,1,809446,1809446
Dominican Republic,DominicanTRI,1,809447,1809447
Dominican Republic,DominicanTRI,1,809448,1809448
Dominican Republic,DominicanTRI,1,809449,1809449
Dominican Republic,DominicanTRI,1,809450,1809450
Dominican Republic,DominicanTRI,1,809503,1809503
Dominican Republic,Orange,1,809601,1809601
Dominican Republic,Orange,1,809602,1809602
Dominican Republic,Orange,1,809603,1809603
Dominican Republic,Orange,1,809605,1809605
Dominican Republic,Orange,1,809607,1809607
Dominican Republic,Orange,1,809608,1809608
Dominican Republic,Orange,1,809609,1809609
Dominican Republic,Orange,1,809610,1809610
Dominican Republic,Orange,1,809613,1809613
Dominican Republic,DominicanTRI,1,809614,1809614
Dominican Republic,DominicanTRI,1,809617,1809617
Dominican Republic,DominicanTRI,1,809619,1809619
Dominican Republic,Orange,1,809627,1809627
Dominican Republic,Orange,1,809653,1809653
Dominican Republic,Orange,1,809654,1809654
Dominican Republic,Orange,1,809657,1809657
Dominican Republic,Orange,1,809660,1809660
Dominican Republic,Orange,1,809702,1809702
Dominican Republic,DominicanTRI,1,809709,1809709
Dominican Republic,DominicanTRI,1,809716,1809716
Dominican Republic,DominicanTRI,1,809717,1809717
Dominican Republic,DominicanTRI,1,809718,1809718
Dominican Republic,DominicanTRI,1,809719,1809719
Dominican Republic,DominicanTRI,1,809777,1809777
Dominican Republic,DominicanTRI,1,809818,1809818
Dominican Republic,DominicanTRI,1,809997,1809997
Dominican Republic,DominicanTRI,1,809998,1809998
Dominican Republic,,1,829,1829
Dominican Republic,DominicanTRI,1,829215,1829215
Dominican Republic,DominicanTRI,1,829253,1829253
Dominican Republic,DominicanTRI,1,829254,1829254
Dominican Republic,DominicanTRI,1,829256,1829256
Dominican Republic,DominicanTRI,1,829303,1829303
Dominican Republic,DominicanTRI,1,829304,1829304
Dominican Republic,DominicanTRI,1,829306,1829306
Dominican Republic,DominicanTRI,1,829307,1829307
Dominican Republic,DominicanTRI,1,829309,1829309
Dominican Republic,DominicanTRI,1,829402,1829402
Dominican Republic,DominicanTRI,1,829403,1829403
Dominican Republic,DominicanTRI,1,829405,1829405
Dominican Republic,DominicanTRI,1,829407,1829407
Dominican Republic,DominicanTRI,1,829408,1829408
Dominican Republic,DominicanTRI,1,829409,1829409
Dominican Republic,DominicanTRI,1,829412,1829412
Dominican Republic,DominicanTRI,1,829413,1829413
Dominican Republic,DominicanTRI,1,829414,1829414
Dominican Republic,DominicanTRI,1,829415,1829415
Dominican Republic,DominicanTRI,1,829416,1829416
Dominican Republic,DominicanTRI,1,829417,1829417
Dominican Republic,DominicanTRI,1,829422,1829422
Dominican Republic,DominicanTRI,1,829430,1829430
Dominican Republic,DominicanTRI,1,829433,1829433
Dominican Republic,DominicanTRI,1,829434,1829434
Dominican Republic,DominicanTRI,1,829435,1829435
Dominican Republic,DominicanTRI,1,829440,1829440
Dominican Republic,DominicanTRI,1,829441,1829441
Dominican Republic,DominicanTRI,1,829442,1829442
Dominican Republic,DominicanTRI,1,829443,1829443
Dominican Republic,DominicanTRI,1,829444,1829444
Dominican Republic,DominicanTRI,1,829445,1829445
Dominican Republic,DominicanTRI,1,829446,1829446
Dominican Republic,DominicanTRI,1,829449,1829449
Dominican Republic,DominicanTRI,1,829503,1829503
Dominican Republic,DominicanTRI,1,829530,1829530
Dominican Republic,DominicanTRI,1,829666,1829666
Dominican Republic,DominicanTRI,1,829777,1829777
Dominican Republic,DominicanTRI,1,829818,1829818
Dominican Republic,DominicanTRI,1,829995,1829995
Dominican Republic,DominicanTRI,1,829996,1829996
Dominican Republic,DominicanTRI,1,829997,1829997
Dominican Republic,DominicanTRI,1,829998,1829998
Dominican Republic,,1,849,1849
Dominican Republic,DominicanTRI,1,849213,1849213
Dominican Republic,DominicanTRI,1,849215,1849215
Dominican Republic,DominicanTRI,1,849216,1849216
Dominican Republic,DominicanTRI,1,849217,1849217
Dominican Republic,DominicanTRI,1,849218,1849218
Dominican Republic,DominicanTRI,1,849219,1849219
Dominican Republic,DominicanTRI,1,849221,1849221
Dominican Republic,DominicanTRI,1,849222,1849222
Dominican Republic,DominicanTRI,1,849223,1849223
Dominican Republic,DominicanTRI,1,849224,1849224
Dominican Republic,DominicanTRI,1,849225,1849225
Dominican Republic,DominicanTRI,1,849226,1849226
Dominican Republic,DominicanTRI,1,849227,1849227
Dominican Republic,DominicanTRI,1,849228,1849228
Dominican Republic,DominicanTRI,1,849229,1849229
Dominican Republic,DominicanTRI,1,849230,1849230
Dominican Republic,DominicanTRI,1,849231,1849231
Dominican Republic,DominicanTRI,1,849232,1849232
Dominican Republic,DominicanTRI,1,849233,1849233
Dominican Republic,DominicanTRI,1,849234,1849234
Dominican Republic,DominicanTRI,1,849235,1849235
Dominican Republic,DominicanTRI,1,849239,1849239
Dominican Republic,DominicanTRI,1,849240,1849240
Dominican Republic,DominicanTRI,1,849241,1849241
Dominican Republic,DominicanTRI,1,849242,1849242
Dominican Republic,DominicanTRI,1,849288,1849288
Dominican Republic,DominicanTRI,1,849289,1849289
Dominican Republic,DominicanTRI,1,849290,1849290
Dominican Republic,DominicanTRI,1,849291,1849291
Dominican Republic,DominicanTRI,1,849292,1849292
Dominican Republic,DominicanTRI,1,849293,1849293
Dominican Republic,DominicanTRI,1,849294,1849294
Dominican Republic,DominicanTRI,1,849295,1849295
Dominican Republic,DominicanTRI,1,849296,1849296
Dominican Republic,DominicanTRI,1,849297,1849297
Dominican Republic,DominicanTRI,1,849305,1849305
Dominican Republic,DominicanTRI,1,849317,1849317
Dominican Republic,DominicanTRI,1,849318,1849318
Dominican Republic,DominicanTRI,1,849319,1849319
Dominican Republic,DominicanTRI,1,849320,1849320
Dominican Republic,DominicanTRI,1,849321,1849321
Dominican Republic,DominicanTRI,1,849322,1849322
Dominican Republic,DominicanTRI,1,849323,1849323
Dominican Republic,DominicanTRI,1,849324,1849324
Dominican Republic,DominicanTRI,1,849325,1849325
Dominican Republic,DominicanTRI,1,849326,1849326
Dominican Republic,DominicanTRI,1,849327,1849327
Dominican Republic,DominicanTRI,1,849328,1849328
Dominican Republic,DominicanTRI,1,849329,1849329
Dominican Republic,DominicanTRI,1,849331,1849331
Dominican Republic,DominicanTRI,1,849332,1849332
Dominican Republic,DominicanTRI,1,849334,1849334
Dominican Republic,DominicanTRI,1,849367,1849367
Dominican Republic,DominicanTRI,1,849416,1849416
Dominican Republic,DominicanTRI,1,849437,1849437
Dominican Republic,DominicanTRI,1,849484,1849484
Dominican Republic,DominicanTRI,1,849542,1849542
Dominican Republic,DominicanTRI,1,849569,1849569
Dominican Republic,DominicanTRI,1,849573,1849573
Dominican Republic,DominicanTRI,1,849587,1849587
Dominican Republic,DominicanTRI,1,849590,1849590
Dominican Republic,DominicanTRI,1,849701,1849701
Dominican Republic,DominicanTRI,1,849711,1849711
Dominican Republic,DominicanTRI,1,849727,1849727
Dominican Republic,DominicanTRI,1,849739,1849739
Dominican Republic,DominicanTRI,1,849797,1849797
Dominican Republic,DominicanTRI,1,849814,1849814
Dominican Republic,DominicanTRI,1,849828,1849828
Dominican Republic,DominicanTRI,1,849874,1849874
Dominican Republic,DominicanTRI,1,849993,1849993
East Timor,Viettel,670,03,67003
East Timor,Viettel,670,75,67075
East Timor,Viettel,670,76,67076
East Timor,,670,77,67077
East Timor,,670,78,67078
Easter Island,,56,32,5632
Ecuador,OteclSocidad,593,00,59300
Ecuador,,593,8,5938
Ecuador,,593,9,5939
Ecuador,OteclSocidad,593,9586,5939586
Ecuador,OteclSocidad,593,9587,5939587
Ecuador,OteclSocidad,593,9588,5939588
Ecuador,OteclSocidad,593,9589,5939589
Ecuador,OteclSocidad,593,96251,59396251
Ecuador,OteclSocidad,593,96252,59396252
Ecuador,OteclSocidad,593,96253,59396253
Ecuador,OteclSocidad,593,96254,59396254
Ecuador,OteclSocidad,593,96255,59396255
Ecuador,OteclSocidad,593,96256,59396256
Ecuador,OteclSocidad,593,96257,59396257
Ecuador,OteclSocidad,593,96258,59396258
Ecuador,OteclSocidad,593,96259,59396259
Ecuador,OteclSocidad,593,96260,59396260
Ecuador,OteclSocidad,593,9627,5939627
Ecuador,OteclSocidad,593,9628,5939628
Ecuador,OteclSocidad,593,9629,5939629
Ecuador,OteclSocidad,593,9630,5939630
Ecuador,OteclSocidad,593,9631,5939631
Ecuador,OteclSocidad,593,9632,5939632
Ecuador,OteclSocidad,593,9633,5939633
Ecuador,OteclSocidad,593,9634,5939634
Ecuador,OteclSocidad,593,9635,5939635
Ecuador,OteclSocidad,593,9636,5939636
Ecuador,OteclSocidad,593,9637,5939637
Ecuador,OteclSocidad,593,9638,5939638
Ecuador,OteclSocidad,593,9639,5939639
Ecuador,OteclSocidad,593,9640,5939640
Ecuador,OteclSocidad,593,9641,5939641
Ecuador,OteclSocidad,593,9642,5939642
Ecuador,OteclSocidad,593,9690,5939690
Ecuador,OteclSocidad,593,9786,5939786
Ecuador,OteclSocidad,593,9787,5939787
Ecuador,OteclSocidad,593,9788,5939788
Ecuador,OteclSocidad,593,9789,5939789
Ecuador,OteclSocidad,593,9790,5939790
Ecuador,OteclSocidad,593,9791,5939791
Ecuador,OteclSocidad,593,9792,5939792
Ecuador,OteclSocidad,593,9793,5939793
Ecuador,OteclSocidad,593,9830,5939830
Ecuador,OteclSocidad,593,9831,5939831
Ecuador,OteclSocidad,593,9832,5939832
Ecuador,OteclSocidad,593,9833,5939833
Ecuador,OteclSocidad,593,9834,5939834
Ecuador,OteclSocidad,593,9835,5939835
Ecuador,OteclSocidad,593,9837,5939837
Ecuador,OteclSocidad,593,9838,5939838
Ecuador,OteclSocidad,593,9839,5939839
Ecuador,OteclSocidad,593,984,593984
Ecuador,OteclSocidad,593,987,593987
Ecuador,OteclSocidad,593,9925,5939925
Ecuador,OteclSocidad,593,9926,5939926
Ecuador,OteclSocidad,593,9927,5939927
Ecuador,OteclSocidad,593,9928,5939928
Ecuador,OteclSocidad,593,9929,5939929
Ecuador,OteclSocidad,593,995,593995
Ecuador,OteclSocidad,593,998,593998
Ecuador,OteclSocidad,593,9990,5939990
Ecuador,OteclSocidad,593,9992,5939992
Ecuador,OteclSocidad,593,9997,5939997
Ecuador,OteclSocidad,593,9998,5939998
Ecuador,OteclSocidad,593,9999,5939999
Egypt,Etisalet,20,,20
Egypt,Mobinil,20,01,2001
Egypt,Etisalet,20,03,2003
Egypt,MoBiNiL,20,1,201
Egypt,Vodafone,20,10,2010
Egypt,Etisalat,20,11,2011
Egypt,MoBiNiL,20,12,2012
El Salvador,DiGlSalvador,503,02,50302
El Salvador,Telemovil,503,03,50303
El Salvador,Claro,503,1,5031
El Salvador,Telemovil,503,2121,5032121
El Salvador,,503,6,5036
El Salvador,DiGlSalvador,503,620,503620
El Salvador,Claro,503,6300,5036300
El Salvador,Claro,503,6301,5036301
El Salvador,Claro,503,6302,5036302
El Salvador,Claro,503,6303,5036303
El Salvador,Claro,503,6304,5036304
El Salvador,Claro,503,6305,5036305
El Salvador,Claro,503,6306,5036306
El Salvador,Claro,503,6307,5036307
El Salvador,Claro,503,6308,5036308
El Salvador,Claro,503,6309,5036309
El Salvador,Claro,503,6310,5036310
El Salvador,Claro,503,6311,5036311
El Salvador,Claro,503,6312,5036312
El Salvador,Claro,503,6313,5036313
El Salvador,Claro,503,6314,5036314
El Salvador,Claro,503,6315,5036315
El Salvador,Claro,503,6316,5036316
El Salvador,Claro,503,6317,5036317
El Salvador,,503,7,5037
El Salvador,Claro,503,7000,5037000
El Salvador,Claro,503,7001,5037001
El Salvador,Claro,503,7002,5037002
El Salvador,Claro,503,7003,5037003
El Salvador,Claro,503,7004,5037004
El Salvador,Claro,503,7005,5037005
El Salvador,Claro,503,7006,5037006
El Salvador,Claro,503,7007,5037007
El Salvador,Claro,503,7008,5037008
El Salvador,Claro,503,7009,5037009
El Salvador,Claro,503,7010,5037010
El Salvador,Claro,503,7011,5037011
El Salvador,Claro,503,7012,5037012
El Salvador,Claro,503,7013,5037013
El Salvador,Claro,503,7014,5037014
El Salvador,Claro,503,7015,5037015
El Salvador,Claro,503,7016,5037016
El Salvador,Claro,503,7017,5037017
El Salvador,Claro,503,7018,5037018
El Salvador,Claro,503,7019,5037019
El Salvador,Claro,503,7020,5037020
El Salvador,Claro,503,7021,5037021
El Salvador,Claro,503,7022,5037022
El Salvador,Claro,503,7023,5037023
El Salvador,Claro,503,7024,5037024
El Salvador,Claro,503,7025,5037025
El Salvador,Claro,503,7026,5037026
El Salvador,Claro,503,7027,5037027
El Salvador,Claro,503,7028,5037028
El Salvador,Claro,503,7029,5037029
El Salvador,Claro,503,7030,5037030
El Salvador,Claro,503,7031,5037031
El Salvador,Claro,503,7032,5037032
El Salvador,Claro,503,7033,5037033
El Salvador,Claro,503,7034,5037034
El Salvador,Claro,503,7035,5037035
El Salvador,Claro,503,7036,5037036
El Salvador,Claro,503,7037,5037037
El Salvador,Claro,503,7038,5037038
El Salvador,Claro,503,7039,5037039
El Salvador,Claro,503,7040,5037040
El Salvador,Claro,503,7041,5037041
El Salvador,Claro,503,7042,5037042
El Salvador,Claro,503,7043,5037043
El Salvador,Claro,503,7044,5037044
El Salvador,Claro,503,7045,5037045
El Salvador,Claro,503,7046,5037046
El Salvador,Claro,503,7047,5037047
El Salvador,Claro,503,7048,5037048
El Salvador,Claro,503,7049,5037049
El Salvador,Claro,503,7050,5037050
El Salvador,Claro,503,7051,5037051
El Salvador,Claro,503,7052,5037052
El Salvador,Claro,503,7053,5037053
El Salvador,Claro,503,7054,5037054
El Salvador,Claro,503,7055,5037055
El Salvador,Claro,503,7056,5037056
El Salvador,Claro,503,7057,5037057
El Salvador,Claro,503,7058,5037058
El Salvador,Claro,503,7059,5037059
El Salvador,Claro,503,7060,5037060
El Salvador,Claro,503,7061,5037061
El Salvador,Claro,503,7062,5037062
El Salvador,Claro,503,7063,5037063
El Salvador,Claro,503,7064,5037064
El Salvador,Claro,503,7065,5037065
El Salvador,Claro,503,7066,5037066
El Salvador,Claro,503,7067,5037067
El Salvador,Claro,503,7068,5037068
El Salvador,Claro,503,7069,5037069
El Salvador,Claro,503,7070,5037070
El Salvador,Claro,503,7071,5037071
El Salvador,DiGlSalvador,503,7072,5037072
El Salvador,Claro,503,7073,5037073
El Salvador,DiGlSalvador,503,70730,50370730
El Salvador,DiGlSalvador,503,70731,50370731
El Salvador,DiGlSalvador,503,70732,50370732
El Salvador,DiGlSalvador,503,70733,50370733
El Salvador,DiGlSalvador,503,70734,50370734
El Salvador,Claro,503,7080,5037080
El Salvador,Claro,503,7081,5037081
El Salvador,Claro,503,7082,5037082
El Salvador,Claro,503,7083,5037083
El Salvador,Claro,503,7084,5037084
El Salvador,Claro,503,7085,5037085
El Salvador,Claro,503,7086,5037086
El Salvador,Claro,503,7087,5037087
El Salvador,Claro,503,7088,5037088
El Salvador,Claro,503,7089,5037089
El Salvador,Claro,503,7090,5037090
El Salvador,Claro,503,7091,5037091
El Salvador,Claro,503,7092,5037092
El Salvador,Claro,503,7093,5037093
El Salvador,Claro,503,7094,5037094
El Salvador,Claro,503,7095,5037095
El Salvador,Claro,503,7096,5037096
El Salvador,Claro,503,7097,5037097
El Salvador,Claro,503,7098,5037098
El Salvador,Claro,503,7099,5037099
El Salvador,DiGlSalvador,503,730,503730
El Salvador,DiGlSalvador,503,731,503731
El Salvador,DiGlSalvador,503,732,503732
El Salvador,DiGlSalvador,503,733,503733
El Salvador,DiGlSalvador,503,734,503734
El Salvador,DiGlSalvador,503,735,503735
El Salvador,DiGlSalvador,503,736,503736
El Salvador,DiGlSalvador,503,737,503737
El Salvador,DiGlSalvador,503,738,503738
El Salvador,DiGlSalvador,503,739,503739
El Salvador,DiGlSalvador,503,740,503740
El Salvador,DiGlSalvador,503,741,503741
El Salvador,DiGlSalvador,503,742,503742
El Salvador,DiGlSalvador,503,743,503743
El Salvador,DiGlSalvador,503,744,503744
El Salvador,DiGlSalvador,503,746,503746
El Salvador,Claro,503,7600,5037600
El Salvador,Claro,503,7601,5037601
El Salvador,Claro,503,7602,5037602
El Salvador,Claro,503,7603,5037603
El Salvador,Claro,503,7604,5037604
El Salvador,Claro,503,7605,5037605
El Salvador,Claro,503,7606,5037606
El Salvador,Claro,503,7607,5037607
El Salvador,Claro,503,7608,5037608
El Salvador,Claro,503,7609,5037609
El Salvador,Claro,503,7610,5037610
El Salvador,Claro,503,7611,5037611
El Salvador,Claro,503,7612,5037612
El Salvador,Claro,503,7613,5037613
El Salvador,Claro,503,7614,5037614
El Salvador,Claro,503,7615,5037615
El Salvador,Claro,503,7616,5037616
El Salvador,Claro,503,7617,5037617
El Salvador,Claro,503,7618,5037618
El Salvador,Claro,503,7619,5037619
El Salvador,Claro,503,7620,5037620
El Salvador,Claro,503,7622,5037622
El Salvador,Claro,503,7623,5037623
El Salvador,Claro,503,7624,5037624
El Salvador,Claro,503,7625,5037625
El Salvador,Claro,503,7626,5037626
El Salvador,Claro,503,7627,5037627
El Salvador,Claro,503,7628,5037628
El Salvador,Claro,503,7629,5037629
El Salvador,Claro,503,7630,5037630
El Salvador,Claro,503,7631,5037631
El Salvador,Claro,503,7632,5037632
El Salvador,Claro,503,7633,5037633
El Salvador,Claro,503,7634,5037634
El Salvador,Claro,503,7635,5037635
El Salvador,Claro,503,7636,5037636
El Salvador,Claro,503,7637,5037637
El Salvador,Claro,503,7638,5037638
El Salvador,Claro,503,7639,5037639
El Salvador,Claro,503,7640,5037640
El Salvador,Claro,503,7641,5037641
El Salvador,Claro,503,7642,5037642
El Salvador,Claro,503,7643,5037643
El Salvador,Claro,503,7644,5037644
El Salvador,Claro,503,7645,5037645
El Salvador,Claro,503,7646,5037646
El Salvador,Claro,503,7647,5037647
El Salvador,Claro,503,7648,5037648
El Salvador,Claro,503,7649,5037649
El Salvador,Claro,503,7650,5037650
El Salvador,Claro,503,7651,5037651
El Salvador,Claro,503,7652,5037652
El Salvador,Claro,503,7653,5037653
El Salvador,Claro,503,7654,5037654
El Salvador,Claro,503,7655,5037655
El Salvador,Claro,503,7656,5037656
El Salvador,Claro,503,7657,5037657
El Salvador,Claro,503,7658,5037658
El Salvador,Claro,503,7659,5037659
El Salvador,Claro,503,7660,5037660
El Salvador,Claro,503,7661,5037661
El Salvador,Claro,503,7662,5037662
El Salvador,Claro,503,7663,5037663
El Salvador,Claro,503,7664,5037664
El Salvador,Claro,503,7665,5037665
El Salvador,Claro,503,7666,5037666
El Salvador,Claro,503,7667,5037667
El Salvador,Claro,503,7668,5037668
El Salvador,Claro,503,7669,5037669
El Salvador,Claro,503,7687,5037687
El Salvador,Claro,503,7688,5037688
El Salvador,Claro,503,7689,5037689
El Salvador,Claro,503,7690,5037690
El Salvador,DiGlSalvador,503,7695,5037695
El Salvador,DiGlSalvador,503,7696,5037696
El Salvador,DiGlSalvador,503,7697,5037697
El Salvador,DiGlSalvador,503,7698,5037698
El Salvador,Claro,503,7740,5037740
El Salvador,Claro,503,7741,5037741
El Salvador,Claro,503,7742,5037742
El Salvador,Claro,503,7743,5037743
El Salvador,Claro,503,7744,5037744
El Salvador,Claro,503,7745,5037745
El Salvador,Claro,503,7746,5037746
El Salvador,Claro,503,7747,5037747
El Salvador,Claro,503,7748,5037748
El Salvador,Claro,503,7749,5037749
El Salvador,Claro,503,7750,5037750
El Salvador,Claro,503,7751,5037751
El Salvador,Claro,503,7752,5037752
El Salvador,Claro,503,7753,5037753
El Salvador,Claro,503,7754,5037754
El Salvador,Claro,503,7755,5037755
El Salvador,Claro,503,7756,5037756
El Salvador,Claro,503,7757,5037757
El Salvador,Claro,503,7758,5037758
El Salvador,Claro,503,7759,5037759
El Salvador,DiGlSalvador,503,776,503776
El Salvador,DiGlSalvador,503,777,503777
El Salvador,Claro,503,7802,5037802
El Salvador,DiGlSalvador,503,78020,50378020
El Salvador,DiGlSalvador,503,78021,50378021
El Salvador,DiGlSalvador,503,78022,50378022
El Salvador,DiGlSalvador,503,78023,50378023
El Salvador,DiGlSalvador,503,78024,50378024
El Salvador,Claro,503,7803,5037803
El Salvador,Claro,503,7805,5037805
El Salvador,Claro,503,7806,5037806
El Salvador,Claro,503,7807,5037807
El Salvador,Claro,503,7808,5037808
El Salvador,Claro,503,7809,5037809
El Salvador,Claro,503,7840,5037840
El Salvador,Claro,503,7841,5037841
El Salvador,Claro,503,7842,5037842
El Salvador,Claro,503,7843,5037843
El Salvador,Claro,503,7844,5037844
El Salvador,Claro,503,7850,5037850
El Salvador,Claro,503,7851,5037851
El Salvador,Claro,503,7852,5037852
El Salvador,Claro,503,7853,5037853
El Salvador,Claro,503,7854,5037854
El Salvador,Claro,503,7855,5037855
El Salvador,Claro,503,7856,5037856
El Salvador,Claro,503,7857,5037857
El Salvador,Claro,503,7858,5037858
El Salvador,Claro,503,7859,5037859
El Salvador,Claro,503,7860,5037860
El Salvador,Claro,503,7861,5037861
El Salvador,Claro,503,7862,5037862
El Salvador,Claro,503,7863,5037863
El Salvador,Claro,503,7864,5037864
El Salvador,Claro,503,7865,5037865
El Salvador,Claro,503,7866,5037866
El Salvador,Claro,503,7867,5037867
El Salvador,Claro,503,7868,5037868
El Salvador,Claro,503,7869,5037869
El Salvador,Claro,503,7950,5037950
El Salvador,Claro,503,7951,5037951
El Salvador,Claro,503,7952,5037952
El Salvador,Claro,503,7953,5037953
El Salvador,Claro,503,7954,5037954
El Salvador,Claro,503,7955,5037955
El Salvador,Claro,503,7956,5037956
El Salvador,Claro,503,7957,5037957
El Salvador,Claro,503,7958,5037958
El Salvador,Claro,503,7959,5037959
El Salvador,Claro,503,7960,5037960
El Salvador,Claro,503,7961,5037961
El Salvador,Claro,503,7962,5037962
El Salvador,Claro,503,7963,5037963
El Salvador,Claro,503,7964,5037964
El Salvador,Claro,503,7965,5037965
El Salvador,Claro,503,7966,5037966
El Salvador,Claro,503,7967,5037967
El Salvador,Claro,503,7968,5037968
El Salvador,Claro,503,7969,5037969
El Salvador,DiGlSalvador,503,797,503797
El Salvador,Claro,503,7985,5037985
El Salvador,Claro,503,7986,5037986
El Salvador,Claro,503,7987,5037987
El Salvador,Claro,503,7988,5037988
El Salvador,Claro,503,7989,5037989
Equatorial Guinea,Orange,240,,240
Equatorial Guinea,Orange,240,01,24001
Equatorial Guinea,MUNI SA,240,03,24003
Equatorial Guinea,Orange,240,1,2401
Equatorial Guinea,,240,2,2402
Equatorial Guinea,Orange,240,5,2405
Equatorial Guinea,MUNI SA,240,55,24055
Equatorial Guinea,Orange,240,6,2406
Equatorial Guinea,,240,7,2407
Eritrea,,291,7,2917
Estonia,AS EMT,372,,372
Estonia,AS EMT,372,01,37201
Estonia,Elisa,372,02,37202
Estonia,Tele2,372,03,37203
Estonia,,372,5,3725
Estonia,AS EMT,372,50,37250
Estonia,Elisa,372,545,372545
Estonia,Elisa,372,546,372546
Estonia,Elisa,372,56,37256
Estonia,Elisa,372,5891,3725891
Estonia,Elisa,372,5892,3725892
Estonia,Elisa,372,5893,3725893
Estonia,Elisa,372,5894,3725894
Estonia,Elisa,372,5895,3725895
Estonia,AS EMT,372,81,37281
Estonia,AS EMT,372,82,37282
Ethiopia,MTN,251,,251
Ethiopia,EthioTel,251,01,25101
Ethiopia,SafarIComEth,251,02,25102
Ethiopia,SafarIComEth,251,70,25170
Ethiopia,SafarIComEth,251,71,25171
Ethiopia,SafarIComEth,251,72,25172
Ethiopia,SafarIComEth,251,77,25177
Ethiopia,SafarIComEth,251,78,25178
Ethiopia,SafarIComEth,251,79,25179
Ethiopia,EthioTel,251,90,25190
Ethiopia,EthioTel,251,91,25191
Ethiopia,EthioTel,251,92,25192
Ethiopia,EthioTel,251,93,25193
Ethiopia,EthioTel,251,94,25194
Ethiopia,EthioTel,251,95,25195
Ethiopia,EthioTel,251,96,25196
Ethiopia,EthioTel,251,97,25197
Ethiopia,EthioTel,251,98,25198
Ethiopia,EthioTel,251,99,25199
Ethiopia,Ethio_telecom,251,9X,2519X
Falkland Islands,,500,5,5005
Falkland Islands,,500,6,5006
Faroe Islands,,298,21,29821
Faroe Islands,,298,22,29822
Faroe Islands,,298,23,29823
Faroe Islands,,298,24,29824
Faroe Islands,,298,25,29825
Faroe Islands,,298,26,29826
Faroe Islands,,298,27,29827
Faroe Islands,,298,28,29828
Faroe Islands,,298,29,29829
Faroe Islands,,298,5,2985
Faroe Islands,,298,71,29871
Faroe Islands,,298,72,29872
Faroe Islands,,298,73,29873
Faroe Islands,,298,74,29874
Faroe Islands,,298,75,29875
Faroe Islands,,298,76,29876
Faroe Islands,,298,77,29877
Faroe Islands,,298,78,29878
Faroe Islands,,298,79,29879
Faroe Islands,,298,91,29891
Faroe Islands,,298,92,29892
Faroe Islands,,298,93,29893
Faroe Islands,,298,94,29894
Faroe Islands,,298,95,29895
Faroe Islands,,298,96,29896
Faroe Islands,,298,97,29897
Faroe Islands,,298,98,29898
Faroe Islands,,298,99,29899
Federated States of Micronesia,,691,92,69192
Federated States of Micronesia,,691,93,69193
Federated States of Micronesia,,691,95,69195
Federated States of Micronesia,,691,97,69197
Fiji,VodafonFiji,679,01,67901
Fiji,VodafonFiji,679,20,67920
Fiji,VodafonFiji,679,21,67921
Fiji,VodafonFiji,679,22,67922
Fiji,VodafonFiji,679,23,67923
Fiji,VodafonFiji,679,24,67924
Fiji,VodafonFiji,679,25,67925
Fiji,VodafonFiji,679,26,67926
Fiji,VodafonFiji,679,27,67927
Fiji,VodafonFiji,679,28,67928
Fiji,VodafonFiji,679,29,67929
Fiji,Telecom,679,3,6793
Fiji,VodafonFiji,679,45,67945
Fiji,VodafonFiji,679,58,67958
Fiji,Digicel,679,7,6797
Fiji,VodafonFiji,679,80,67980
Fiji,VodafonFiji,679,83,67983
Fiji,VodafonFiji,679,84,67984
Fiji,VodafonFiji,679,86,67986
Fiji,VodafonFiji,679,87,67987
Fiji,VodafonFiji,679,89,67989
Fiji,Vodafone,679,9,6799
Fiji,VodafonFiji,679,90,67990
Fiji,VodafonFiji,679,910,679910
Fiji,VodafonFiji,679,912,679912
Fiji,VodafonFiji,679,914,679914
Fiji,VodafonFiji,679,916,679916
Fiji,VodafonFiji,679,918,679918
Fiji,VodafonFiji,679,92,67992
Fiji,VodafonFiji,679,93,67993
Fiji,VodafonFiji,679,94,67994
Fiji,VodafonFiji,679,95,67995
Fiji,VodafonFiji,679,96,67996
Fiji,VodafonFiji,679,97,67997
Fiji,VodafonFiji,679,98,67998
Fiji,VodafonFiji,679,99,67999
Finland,DNA,358,,358
Finland,DNA,358,12,35812
Finland,?lands FIN,358,14,35814
Finland,Elisa,358,21,35821
Finland,,358,4,3584
Finland,TeliaSonera,358,40,35840
Finland,DNA,358,41,35841
Finland,TeliaSonera,358,42,35842
Finland,Elisa,358,451,358451
Finland,,358,457,358457
Finland,?lands FIN,358,4570,3584570
Finland,?lands FIN,358,4573,3584573
Finland,?lands FIN,358,4576,3584576
Finland,Elisa,358,5,3585
Finland,,358,50,35850
Finland,,358,500,358500
Finland,TeliaSonera,358,91,35891
France,Bouygues,33,,33
France,Orange,33,01,3301
France,SFR,33,10,3310
France,Free,33,15,3315
France,Bouygues,33,20,3320
France,,33,6,336
France,Bouygues,33,6003,336003
France,Bouygues,33,60042,3360042
France,Bouygues,33,6009,336009
France,Orange,33,602,33602
France,Bouygues,33,605,33605
France,SFR,33,607,33607
France,SFR,33,608,33608
France,SFR,33,630,33630
France,SFR,33,631,33631
France,SFR,33,632,33632
France,SFR,33,633,33633
France,SFR,33,636,33636
France,SFR,33,6365,336365
France,SFR,33,6366,336366
France,SFR,33,6367,336367
France,SFR,33,6368,336368
France,SFR,33,6369,336369
France,SFR,33,637,33637
France,SFR,33,638,33638
France,SFR,33,640,33640
France,SFR,33,64160,3364160
France,SFR,33,64161,3364161
France,SFR,33,6417,336417
France,SFR,33,642,33642
France,SFR,33,643,33643
France,SFR,33,644,33644
France,Bouygues,33,6444,336444
France,Bouygues,33,6446,336446
France,SFR,33,645,33645
France,SFR,33,647,33647
France,SFR,33,648,33648
France,SFR,33,6490,336490
France,SFR,33,6491,336491
France,SFR,33,6492,336492
France,SFR,33,6493,336493
France,SFR,33,6494,336494
France,Bouygues,33,64950,3364950
France,SFR,33,64951,3364951
France,SFR,33,64952,3364952
France,SFR,33,64953,3364953
France,SFR,33,64954,3364954
France,SFR,33,64955,3364955
France,SFR,33,64956,3364956
France,SFR,33,64957,3364957
France,SFR,33,64958,3364958
France,SFR,33,64959,3364959
France,SFR,33,6496,336496
France,SFR,33,6497,336497
France,SFR,33,6498,336498
France,SFR,33,64992,3364992
France,SFR,33,64993,3364993
France,Bouygues,33,650,33650
France,Free,33,651,33651
France,Free,33,652,33652
France,Bouygues,33,653,33653
France,Bouygues,33,6530,336530
France,Bouygues,33,6531,336531
France,Bouygues,33,6532,336532
France,Bouygues,33,6533,336533
France,Bouygues,33,6534,336534
France,Bouygues,33,658,33658
France,Bouygues,33,659,33659
France,Bouygues,33,66,3366
France,Bouygues,33,660,33660
France,Bouygues,33,661,33661
France,Bouygues,33,662,33662
France,Bouygues,33,663,33663
France,Bouygues,33,664,33664
France,Bouygues,33,665,33665
France,Bouygues,33,666,33666
France,Bouygues,33,667,33667
France,Bouygues,33,668,33668
France,Bouygues,33,6690,336690
France,Bouygues,33,6691,336691
France,Bouygues,33,6692,336692
France,Bouygues,33,6693,336693
France,Bouygues,33,6694,336694
France,Bouygues,33,6695,336695
France,Bouygues,33,6696,336696
France,Bouygues,33,6697,336697
France,Bouygues,33,6699,336699
France,SFR,33,670,33670
France,SFR,33,671,33671
France,SFR,33,672,33672
France,SFR,33,673,33673
France,SFR,33,674,33674
France,SFR,33,675,33675
France,SFR,33,676,33676
France,SFR,33,677,33677
France,SFR,33,678,33678
France,SFR,33,679,33679
France,SFR,33,680,33680
France,SFR,33,681,33681
France,SFR,33,682,33682
France,SFR,33,683,33683
France,SFR,33,684,33684
France,SFR,33,685,33685
France,SFR,33,686,33686
France,SFR,33,687,33687
France,SFR,33,688,33688
France,SFR,33,689,33689
France,Free,33,695,33695
France,Free,33,69500,3369500
France,Bouygues,33,698,33698
France,Bouygues,33,699,33699
France,,33,700,33700
France,,33,73,3373
France,,33,74,3374
France,,33,75,3375
France,SFR,33,750,33750
France,Bouygues,33,751,33751
France,Bouygues,33,7521,337521
France,Bouygues,33,7522,337522
France,Bouygues,33,7523,337523
France,Bouygues,33,7524,337524
France,Bouygues,33,7525,337525
France,Bouygues,33,753,33753
France,Bouygues,33,758,33758
France,,33,76,3376
France,Bouygues,33,760,33760
France,Bouygues,33,761,33761
France,Bouygues,33,762,33762
France,Bouygues,33,763,33763
France,Bouygues,33,764,33764
France,,33,77,3377
France,SFR,33,7700,337700
France,SFR,33,7701,337701
France,SFR,33,7702,337702
France,SFR,33,7705,337705
France,SFR,33,7706,337706
France,SFR,33,7707,337707
France,SFR,33,7708,337708
France,SFR,33,7709,337709
France,SFR,33,771,33771
France,SFR,33,77155,3377155
France,SFR,33,77156,3377156
France,SFR,33,77157,3377157
France,SFR,33,77158,3377158
France,SFR,33,77159,3377159
France,,33,78,3378
France,SFR,33,785,33785
France,SFR,33,786,33786
France,SFR,33,787,33787
France,SFR,33,788,33788
France,Airnity SAS,883,390,883390
France,Airnity SAS,883,81,88381
French Guiana,,594,6,5946
French Guiana,,594,700,594700
French Overseas Departments and Territories,,262,,262
French Overseas Departments and Territories,,508,,508
French Overseas Departments and Territories,,590,,590
French Overseas Departments and Territories,,594,,594
French Overseas Departments and Territories,,596,,596
French Polynesia,PacificMob,689,15,68915
French Polynesia,Onati SAS,689,20,68920
French Polynesia,6,689,87,68987
French Polynesia,PacificMob,689,89,68989
Gabon,AzurGa,241,,241
Gabon,Libertis,241,01,24101
Gabon,Libertis,241,02,24102
Gabon,USAN,241,03,24103
Gabon,USAN,241,04,24104
Gabon,Libertis,241,05,24105
Gabon,Libertis,241,06,24106
Gabon,Libertis,241,1,2411
Gabon,,241,2,2412
Gabon,,241,3,2413
Gabon,,241,4,2414
Gabon,,241,5,2415
Gabon,,241,6,2416
Gabon,,241,7,2417
Gambia,Comium,220,,220
Gambia,Gamcel,220,01,22001
Gambia,Africell,220,02,22002
Gambia,Comium,220,03,22003
Gambia,QCELL,220,04,22004
Gambia,Africell,220,20,22020
Gambia,Africell,220,21,22021
Gambia,Africell,220,22,22022
Gambia,QCELL,220,3,2203
Gambia,Comium,220,6,2206
Gambia,Comium,220,6099,2206099
Gambia,,220,7,2207
Gambia,,220,9,2209
Georgia,GEOCELL,995,,995
Georgia,Magitcom,995,02,99502
Georgia,GEOCELL,995,1,9951
Georgia,LaiLai,995,514,995514
Georgia,Aquafon,995,544,995544
Georgia,GEOCELL,995,55,99555
Georgia,Bani,995,551,995551
Georgia,LaiLai,995,555,995555
Georgia,LaiLai,995,557,995557
Georgia,LaiLai,995,558,995558
Georgia,Beeline,995,568,995568
Georgia,Beeline,995,571,995571
Georgia,Beeline,995,574,995574
Georgia,Geocell,995,577,995577
Georgia,Beeline,995,579,995579
Georgia,Magitcom,995,591,995591
Georgia,Beeline,995,592,995592
Georgia,LaiLai,995,593,995593
Georgia,Magitcom,995,595,995595
Georgia,Bali,995,596,995596
Georgia,Beeline,995,597,995597
Georgia,Bali,995,598,995598
Georgia,Magitcom,995,599,995599
Germany,T-Mobile,49,151,49151
Germany,Vodafone,49,152,49152
Germany,E-Plus,49,155,49155
Germany,E-Plus,49,157,49157
Germany,O2,49,159,49159
Germany,T-Mobile,49,160,49160
Germany,Vodafone,49,162,49162
Germany,E-Plus,49,163,49163
Germany,T-Mobile,49,170,49170
Germany,T-Mobile,49,171,49171
Germany,Vodafone,49,172,49172
Germany,Vodafone,49,173,49173
Germany,Vodafone,49,174,49174
Germany,T-Mobile,49,175,49175
Germany,O2,49,176,49176
Germany,E-Plus,49,177,49177
Germany,E-Plus,49,178,49178
Germany,O2,49,179,49179
Ghana,Aritel,233,,233
Ghana,Scancom,233,01,23301
Ghana,Aritel,233,06,23306
Ghana,Scancom,233,1,2331
Ghana,Scancom,233,20,23320
Ghana,Glo Mobile,233,23,23323
Ghana,MTN,233,24,23324
Ghana,Airtel,233,26,23326
Ghana,Aritel,233,27,23327
Ghana,Kasapa,233,28,23328
Ghana,Scancom,233,30,23330
Ghana,Scancom,233,31,23331
Ghana,Scancom,233,32,23332
Ghana,Scancom,233,33,23333
Ghana,Scancom,233,34,23334
Ghana,Scancom,233,35,23335
Ghana,Scancom,233,36,23336
Ghana,Scancom,233,37,23337
Ghana,Scancom,233,38,23338
Ghana,Scancom,233,39,23339
Ghana,Scancom,233,50,23350
Ghana,MTN,233,54,23354
Ghana,Scancom,233,55,23355
Ghana,Aritel,233,56,23356
Ghana,Aritel,233,57,23357
Ghana,Scancom,233,591,233591
Ghana,Scancom,233,592,233592
Ghana,Scancom,233,593,233593
Ghana,Scancom,233,594,233594
Ghana,Scancom,233,595,233595
Ghana,Scancom,233,596,233596
Gibraltar,CTS,350,,350
Gibraltar,Gibtelecom,350,01,35001
Gibraltar,CTS,350,06,35006
Gibraltar,Gibtelecom,350,54,35054
Gibraltar,Gibtelecom,350,56,35056
Gibraltar,Gibtelecom,350,57,35057
Gibraltar,,350,58,35058
Gibraltar,CTS,350,60,35060
Gibraltar,Gibtelecom,350,606,350606
Gibraltar,Gibtelecom,350,629,350629
Gibraltar,Gibtelecom,350,711,350711
Greece,Cosmote-Mobi,30,,30
Greece,Cosmote-Mobi,30,01,3001
Greece,WIND HELLAS,30,10,3010
Greece,WIND,30,690,30690
Greece,Q TelecomSA,30,693,30693
Greece,Vodafone,30,694,30694
Greece,Vodafone,30,695,30695
Greece,Cosmote,30,697,30697
Greece,Cosmote,30,698,30698
Greece,WIND,30,699,30699
Greece,Q TelecomSA,30,9,309
Greenland,,299,,299
Greenland,GreenlandTEL,299,01,29901
Greenland,GreenlandTEL,299,2,2992
Greenland,GreenlandTEL,299,4,2994
Greenland,GreenlandTEL,299,5,2995
Grenada,CWWI,1,,1
Grenada,CWWI,1,110,1110
Grenada,CWWI,1,47340,147340
Grenada,,1,47341,147341
Guadeloupe,Orange,590,,590
Guadeloupe,DauphinTlcm,590,08,59008
Guadeloupe,Orange,590,1,5901
Guadeloupe,,590,6,5906
Guadeloupe,DauphinTlcm,590,690,590690
Guadeloupe,DauphinTlcm,590,691,590691
Guadeloupe,,590,700,590700
Guadeloupe,AntiLeGuyane,596,20,59620
Guadeloupe,AntiLeGuyane,596,69006,59669006
Guam,DocomoPCGuam,1,370,1370
Guam,DocomoGuam,1,470,1470
Guam,GUAM WIRELES,167,,167
Guam,DocomoGuam,1,670,1670
Guam,,1,671,1671
Guam,GUAM WIRELES,167,47,16747
Guam,GUAM WIRELES,167,670989,167670989
Guatemala,Tigo,502,02,50202
Guatemala,Claro,502,1,5021
Guatemala,Comcel,502,231,502231
Guatemala,Comcel,502,2324,5022324
Guatemala,Comcel,502,2326,5022326
Guatemala,Comcel,502,2327,5022327
Guatemala,Comcel,502,2328,5022328
Guatemala,Comcel,502,2329,5022329
Guatemala,Comcel,502,2428,5022428
Guatemala,Comcel,502,2429,5022429
Guatemala,Comcel,502,30,50230
Guatemala,Tigo,502,300,502300
Guatemala,Tigo,502,31,50231
Guatemala,Comcel,502,310,502310
Guatemala,Comcel,502,311,502311
Guatemala,Comcel,502,3120,5023120
Guatemala,Comcel,502,3121,5023121
Guatemala,Comcel,502,3122,5023122
Guatemala,Comcel,502,3123,5023123
Guatemala,Comcel,502,3124,5023124
Guatemala,Comcel,502,3125,5023125
Guatemala,Comcel,502,3126,5023126
Guatemala,Comcel,502,3127,5023127
Guatemala,Comcel,502,3128,5023128
Guatemala,Tigo,502,32,50232
Guatemala,Tigo,502,33,50233
Guatemala,,502,4,5024
Guatemala,Tigo,502,40,50240
Guatemala,Claro,502,41,50241
Guatemala,Claro,502,42,50242
Guatemala,Tigo,502,44,50244
Guatemala,Comcel,502,4476,5024476
Guatemala,Comcel,502,4477,5024477
Guatemala,Comcel,502,4478,5024478
Guatemala,Comcel,502,4479,5024479
Guatemala,Comcel,502,448,502448
Guatemala,Comcel,502,449,502449
Guatemala,Comcel,502,45,50245
Guatemala,Comcel,502,46,50246
Guatemala,Claro,502,47,50247
Guatemala,Comcel,502,470,502470
Guatemala,Comcel,502,471,502471
Guatemala,Comcel,502,472,502472
Guatemala,Comcel,502,473,502473
Guatemala,Comcel,502,474,502474
Guatemala,Comcel,502,475,502475
Guatemala,Comcel,502,476,502476
Guatemala,Comcel,502,4773,5024773
Guatemala,Comcel,502,4774,5024774
Guatemala,Comcel,502,4775,5024775
Guatemala,Comcel,502,4776,5024776
Guatemala,Comcel,502,4777,5024777
Guatemala,Comcel,502,4778,5024778
Guatemala,Comcel,502,4779,5024779
Guatemala,Comcel,502,478,502478
Guatemala,Comcel,502,479,502479
Guatemala,Tigo,502,48,50248
Guatemala,Comcel,502,480,502480
Guatemala,Comcel,502,481,502481
Guatemala,Comcel,502,4822,5024822
Guatemala,Comcel,502,4823,5024823
Guatemala,Comcel,502,4824,5024824
Guatemala,Comcel,502,4825,5024825
Guatemala,Comcel,502,4826,5024826
Guatemala,Comcel,502,4827,5024827
Guatemala,Comcel,502,4828,5024828
Guatemala,Comcel,502,4829,5024829
Guatemala,Comcel,502,483,502483
Guatemala,Comcel,502,484,502484
Guatemala,Comcel,502,485,502485
Guatemala,Comcel,502,486,502486
Guatemala,Comcel,502,487,502487
Guatemala,Comcel,502,488,502488
Guatemala,Comcel,502,489,502489
Guatemala,Comcel,502,49,50249
Guatemala,,502,5,5025
Guatemala,Claro,502,50,50250
Guatemala,Claro,502,51,50251
Guatemala,Tigo,502,52,50252
Guatemala,Claro,502,53,50253
Guatemala,Claro,502,54,50254
Guatemala,Claro,502,55,50255
Guatemala,Claro,502,56,50256
Guatemala,Claro,502,57,50257
Guatemala,Claro,502,58,50258
Guatemala,Claro,502,59,50259
Guernsey,,44,,44
Guernsey,Sure,44,1481,441481
Guernsey,Sure,44,1514,441514
Guernsey,Sure,44,3004,443004
Guernsey,Sure,44,55,4455
Guernsey,Sure,44,7012,447012
Guernsey,Sure,44,7013,447013
Guernsey,Sure,44,7036,447036
Guernsey,Sure,44,7052,447052
Guernsey,Sure,44,7406,447406
Guernsey,Sure,44,7417,447417
Guernsey,Sure,44,7418,447418
Guernsey,Sure,44,7441,447441
Guernsey,Sure,44,7451,447451
Guernsey,Sure,44,7457,447457
Guernsey,Sure,44,7537,447537
Guernsey,Sure,44,7559,447559
Guernsey,Sure,44,7571,447571
Guernsey,Sure,44,7589,447589
Guernsey,Sure,44,75890,4475890
Guernsey,Sure,44,7624,447624
Guernsey,Sure,44,76660,4476660
Guernsey,Sure,44,76770,4476770
Guernsey,Sure,44,7700,447700
Guernsey,Sure,44,7781,447781
Guernsey,Sure,44,7822,447822
Guernsey,Sure,44,7839,447839
Guernsey,Sure,44,7893,447893
Guernsey,Sure,44,7911,447911
Guernsey,Sure,44,8000,448000
Guernsey,Sure,44,80060,4480060
Guernsey,Sure,44,80070,4480070
Guernsey,Sure,44,8009,448009
Guernsey,Sure,44,8081,448081
Guernsey,Sure,44,8082,448082
Guernsey,Sure,44,80820,4480820
Guernsey,Sure,44,8433,448433
Guernsey,Sure,44,8442,448442
Guernsey,Sure,44,8443,448443
Guernsey,Sure,44,84430,4484430
Guernsey,Sure,44,8444,448444
Guernsey,Sure,44,8446,448446
Guernsey,Sure,44,84460,4484460
Guernsey,Sure,44,8451,448451
Guernsey,Sure,44,8452,448452
Guernsey,Sure,44,8700,448700
Guernsey,Sure,44,8702,448702
Guernsey,Sure,44,8710,448710
Guernsey,Sure,44,8712,448712
Guernsey,Sure,44,8714,448714
Guernsey,Sure,44,8718,448718
Guernsey,Sure,44,87210,4487210
Guernsey,Sure,44,9051,449051
Guernsey,Sure,44,9067,449067
Guinea,Orange,224,,224
Guinea,Orange,224,01,22401
Guinea,,224,6,2246
Guinea,Orange,224,620,224620
Guinea,Orange,224,621,224621
Guinea,Orange,224,622,224622
Guinea,Orange,224,623,224623
Guinea,Orange,224,624,224624
Guinea,Orange,224,625,224625
Guinea,Orange,224,626,224626
Guinea,Orange,224,6280,2246280
Guinea,Orange,224,6281,2246281
Guinea,Orange,224,6282,2246282
Guinea,Orange,224,6285,2246285
Guinea,Orange,224,6286,2246286
Guinea,Orange,224,6287,2246287
Guinea,Orange,224,6288,2246288
Guinea,Orange,224,6289,2246289
Guinea,Orange,224,629,224629
Guinea,Orange,224,68,22468
Guinea,Orange,245,,245
Guinea,Orange,245,03,24503
Guinea,Orange,245,51,24551
Guinea,Orange,245,52,24552
Guinea,Orange,245,53,24553
Guinea,Orange,245,54,24554
Guinea,Orange,245,55,24555
Guinea,Orange,245,56,24556
Guinea,Orange,245,57,24557
Guinea,Orange,245,58,24558
Guinea,Orange,245,59,24559
Guinea-Bissau,Orange,245,,245
Guinea-Bissau,Orange,245,03,24503
Guinea-Bissau,Orange,245,51,24551
Guinea-Bissau,Orange,245,52,24552
Guinea-Bissau,Orange,245,53,24553
Guinea-Bissau,Orange,245,54,24554
Guinea-Bissau,Orange,245,55,24555
Guinea-Bissau,Orange,245,56,24556
Guinea-Bissau,Orange,245,57,24557
Guinea-Bissau,Orange,245,58,24558
Guinea-Bissau,Orange,245,59,24559
Guinea-bissau,,245,6,2456
Guinea-bissau,,245,7,2457
Guyana,GuyanaTlgrph,592,002,592002
Guyana,Digicel,592,01,59201
Guyana,,592,6,5926
Guyana,Digicel,592,600,592600
Guyana,Digicel,592,601,592601
Guyana,Digicel,592,602,592602
Guyana,Digicel,592,603,592603
Guyana,Digicel,592,604,592604
Guyana,Digicel,592,608,592608
Guyana,GuyanaTlgrph,592,609,592609
Guyana,GuyanaTlgrph,592,610,592610
Guyana,GuyanaTlgrph,592,611,592611
Guyana,GuyanaTlgrph,592,612,592612
Guyana,GuyanaTlgrph,592,613,592613
Guyana,GuyanaTlgrph,592,614,592614
Guyana,GuyanaTlgrph,592,615,592615
Guyana,GuyanaTlgrph,592,616,592616
Guyana,GuyanaTlgrph,592,617,592617
Guyana,GuyanaTlgrph,592,618,592618
Guyana,GuyanaTlgrph,592,619,592619
Guyana,GuyanaTlgrph,592,620,592620
Guyana,GuyanaTlgrph,592,621,592621
Guyana,GuyanaTlgrph,592,622,592622
Guyana,GuyanaTlgrph,592,623,592623
Guyana,GuyanaTlgrph,592,624,592624
Guyana,GuyanaTlgrph,592,625,592625
Guyana,GuyanaTlgrph,592,626,592626
Guyana,GuyanaTlgrph,592,627,592627
Guyana,GuyanaTlgrph,592,628,592628
Guyana,GuyanaTlgrph,592,629,592629
Guyana,Digicel,592,630,592630
Guyana,Digicel,592,632,592632
Guyana,Digicel,592,633,592633
Guyana,GuyanaTlgrph,592,634,592634
Guyana,Digicel,592,636,592636
Guyana,Digicel,592,637,592637
Guyana,GuyanaTlgrph,592,638,592638
Guyana,GuyanaTlgrph,592,639,592639
Guyana,GuyanaTlgrph,592,640,592640
Guyana,GuyanaTlgrph,592,641,592641
Guyana,GuyanaTlgrph,592,642,592642
Guyana,GuyanaTlgrph,592,643,592643
Guyana,GuyanaTlgrph,592,644,592644
Guyana,GuyanaTlgrph,592,645,592645
Guyana,GuyanaTlgrph,592,646,592646
Guyana,GuyanaTlgrph,592,647,592647
Guyana,GuyanaTlgrph,592,648,592648
Guyana,GuyanaTlgrph,592,649,592649
Guyana,GuyanaTlgrph,592,650,592650
Guyana,GuyanaTlgrph,592,651,592651
Guyana,GuyanaTlgrph,592,652,592652
Guyana,GuyanaTlgrph,592,653,592653
Guyana,GuyanaTlgrph,592,654,592654
Guyana,GuyanaTlgrph,592,655,592655
Guyana,GuyanaTlgrph,592,656,592656
Guyana,GuyanaTlgrph,592,657,592657
Guyana,GuyanaTlgrph,592,658,592658
Guyana,Digicel,592,659,592659
Guyana,Digicel,592,660,592660
Guyana,Digicel,592,661,592661
Guyana,Digicel,592,662,592662
Guyana,Digicel,592,663,592663
Guyana,Digicel,592,664,592664
Guyana,Digicel,592,665,592665
Guyana,Digicel,592,666,592666
Guyana,Digicel,592,667,592667
Guyana,Digicel,592,668,592668
Guyana,Digicel,592,669,592669
Guyana,Digicel,592,670,592670
Guyana,Digicel,592,671,592671
Guyana,Digicel,592,672,592672
Guyana,Digicel,592,673,592673
Guyana,Digicel,592,674,592674
Guyana,Digicel,592,675,592675
Guyana,Digicel,592,676,592676
Guyana,Digicel,592,677,592677
Guyana,Digicel,592,678,592678
Guyana,Digicel,592,679,592679
Guyana,Digicel,592,680,592680
Guyana,Digicel,592,681,592681
Guyana,Digicel,592,682,592682
Guyana,Digicel,592,683,592683
Guyana,Digicel,592,684,592684
Guyana,Digicel,592,685,592685
Guyana,Digicel,592,686,592686
Guyana,Digicel,592,687,592687
Guyana,Digicel,592,688,592688
Guyana,Digicel,592,689,592689
Guyana,Digicel,592,690,592690
Guyana,Digicel,592,691,592691
Guyana,Digicel,592,692,592692
Guyana,Digicel,592,693,592693
Guyana,Digicel,592,694,592694
Guyana,Digicel,592,695,592695
Guyana,Digicel,592,696,592696
Guyana,Digicel,592,697,592697
Guyana,Digicel,592,698,592698
Guyana,Digicel,592,699,592699
Guyana,Digicel,592,700,592700
Guyana,Digicel,592,701,592701
Guyana,Digicel,592,702,592702
Guyana,Digicel,592,703,592703
Guyana,Digicel,592,704,592704
Guyana,Digicel,592,721,592721
Guyana,Digicel,592,722,592722
Guyana,Digicel,592,723,592723
Guyana,Digicel,592,724,592724
Guyana,Digicel,592,743,592743
Guyana,Digicel,592,744,592744
Guyana,Digicel,592,745,592745
Guyana,Digicel,592,746,592746
Guyana,Digicel,592,747,592747
Guyana,Digicel,592,748,592748
Guyana,Digicel,592,749,592749
Guyana,Digicel,592,750,592750
Haiti,Natcom Haiti,509,03,50903
Haiti,Natcom Haiti,509,32,50932
Haiti,Natcom Haiti,509,33,50933
Haiti,Comcel,509,34,50934
Haiti,Haïtel,509,35,50935
Haiti,Digicel,509,36,50936
Haiti,Digicel,509,37,50937
Haiti,Digicel,509,38,50938
Haiti,Comcel,509,39,50939
Haiti,,509,4,5094
Haiti,Natcom Haiti,509,40,50940
Haiti,Natcom Haiti,509,41,50941
Haiti,Natcom Haiti,509,42,50942
Haiti,Natcom Haiti,509,43,50943
Hawaii,,1,808,1808
Honduras,Celtel,504,02,50402
Honduras,Claro,504,3,5043
Honduras,Hondutel,504,7,5047
Honduras,Digicel,504,8,5048
Honduras,Tigo,504,9,5049
Honduras,Celtel,504,94,50494
Honduras,Celtel,504,95,50495
Honduras,Celtel,504,96,50496
Honduras,Celtel,504,97,50497
Honduras,Celtel,504,98,50498
Honduras,Celtel,504,99,50499
Hong Kong,CSL,852,,852
Hong Kong,CSL HK,852,0,8520
Hong Kong,CSL,852,00,85200
Hong Kong,CSL,852,02,85202
Hong Kong,GSM HK,852,06,85206
Hong Kong,HKT,852,16,85216
Hong Kong,CSL,852,18,85218
Hong Kong,,852,510,852510
Hong Kong,,852,511,852511
Hong Kong,,852,512,852512
Hong Kong,,852,513,852513
Hong Kong,,852,514,852514
Hong Kong,HKT,852,5145,8525145
Hong Kong,HKT,852,5146,8525146
Hong Kong,HKT,852,5147,8525147
Hong Kong,HKT,852,5148,8525148
Hong Kong,,852,515,852515
Hong Kong,,852,516,852516
Hong Kong,,852,517,852517
Hong Kong,,852,518,852518
Hong Kong,,852,519,852519
Hong Kong,,852,520,852520
Hong Kong,,852,521,852521
Hong Kong,,852,522,852522
Hong Kong,,852,523,852523
Hong Kong,,852,524,852524
Hong Kong,,852,525,852525
Hong Kong,,852,526,852526
Hong Kong,,852,527,852527
Hong Kong,,852,528,852528
Hong Kong,,852,529,852529
Hong Kong,,852,530,852530
Hong Kong,,852,531,852531
Hong Kong,,852,532,852532
Hong Kong,,852,533,852533
Hong Kong,,852,534,852534
Hong Kong,,852,535,852535
Hong Kong,,852,536,852536
Hong Kong,,852,537,852537
Hong Kong,,852,538,852538
Hong Kong,,852,539,852539
Hong Kong,,852,540,852540
Hong Kong,,852,541,852541
Hong Kong,,852,542,852542
Hong Kong,,852,543,852543
Hong Kong,,852,544,852544
Hong Kong,,852,545,852545
Hong Kong,,852,546,852546
Hong Kong,,852,547,852547
Hong Kong,,852,548,852548
Hong Kong,,852,549,852549
Hong Kong,,852,550,852550
Hong Kong,,852,551,852551
Hong Kong,,852,552,852552
Hong Kong,,852,553,852553
Hong Kong,,852,554,852554
Hong Kong,,852,555,852555
Hong Kong,,852,556,852556
Hong Kong,,852,557,852557
Hong Kong,,852,558,852558
Hong Kong,,852,559,852559
Hong Kong,,852,560,852560
Hong Kong,,852,561,852561
Hong Kong,,852,562,852562
Hong Kong,,852,563,852563
Hong Kong,,852,564,852564
Hong Kong,,852,565,852565
Hong Kong,,852,566,852566
Hong Kong,,852,567,852567
Hong Kong,,852,568,852568
Hong Kong,,852,569,852569
Hong Kong,,852,590,852590
Hong Kong,,852,591,852591
Hong Kong,,852,592,852592
Hong Kong,,852,593,852593
Hong Kong,,852,594,852594
Hong Kong,,852,595,852595
Hong Kong,,852,596,852596
Hong Kong,,852,597,852597
Hong Kong,,852,598,852598
Hong Kong,,852,599,852599
Hong Kong,,852,601,852601
Hong Kong,,852,602,852602
Hong Kong,,852,603,852603
Hong Kong,,852,604,852604
Hong Kong,,852,605,852605
Hong Kong,,852,606,852606
Hong Kong,,852,607,852607
Hong Kong,,852,608,852608
Hong Kong,,852,609,852609
Hong Kong,,852,610,852610
Hong Kong,,852,611,852611
Hong Kong,,852,612,852612
Hong Kong,,852,613,852613
Hong Kong,,852,614,852614
Hong Kong,,852,615,852615
Hong Kong,,852,616,852616
Hong Kong,,852,617,852617
Hong Kong,,852,618,852618
Hong Kong,,852,619,852619
Hong Kong,,852,620,852620
Hong Kong,,852,621,852621
Hong Kong,,852,622,852622
Hong Kong,,852,623,852623
Hong Kong,,852,624,852624
Hong Kong,,852,625,852625
Hong Kong,,852,626,852626
Hong Kong,,852,627,852627
Hong Kong,,852,628,852628
Hong Kong,,852,629,852629
Hong Kong,,852,630,852630
Hong Kong,,852,631,852631
Hong Kong,,852,632,852632
Hong Kong,,852,633,852633
Hong Kong,,852,634,852634
Hong Kong,,852,635,852635
Hong Kong,,852,636,852636
Hong Kong,,852,637,852637
Hong Kong,,852,638,852638
Hong Kong,,852,639,852639
Hong Kong,,852,640,852640
Hong Kong,,852,641,852641
Hong Kong,,852,642,852642
Hong Kong,,852,643,852643
Hong Kong,,852,644,852644
Hong Kong,,852,645,852645
Hong Kong,,852,646,852646
Hong Kong,,852,647,852647
Hong Kong,,852,648,852648
Hong Kong,,852,649,852649
Hong Kong,,852,650,852650
Hong Kong,,852,651,852651
Hong Kong,,852,652,852652
Hong Kong,,852,653,852653
Hong Kong,,852,654,852654
Hong Kong,,852,655,852655
Hong Kong,,852,656,852656
Hong Kong,,852,657,852657
Hong Kong,,852,658,852658
Hong Kong,,852,659,852659
Hong Kong,,852,660,852660
Hong Kong,,852,661,852661
Hong Kong,,852,662,852662
Hong Kong,,852,663,852663
Hong Kong,,852,664,852664
Hong Kong,,852,665,852665
Hong Kong,,852,666,852666
Hong Kong,,852,667,852667
Hong Kong,,852,668,852668
Hong Kong,,852,669,852669
Hong Kong,,852,670,852670
Hong Kong,,852,671,852671
Hong Kong,,852,672,852672
Hong Kong,,852,673,852673
Hong Kong,,852,674,852674
Hong Kong,,852,675,852675
Hong Kong,,852,676,852676
Hong Kong,,852,677,852677
Hong Kong,,852,678,852678
Hong Kong,,852,679,852679
Hong Kong,,852,680,852680
Hong Kong,,852,681,852681
Hong Kong,,852,682,852682
Hong Kong,,852,683,852683
Hong Kong,,852,684,852684
Hong Kong,,852,685,852685
Hong Kong,,852,686,852686
Hong Kong,,852,687,852687
Hong Kong,,852,688,852688
Hong Kong,,852,689,852689
Hong Kong,,852,690,852690
Hong Kong,,852,691,852691
Hong Kong,,852,692,852692
Hong Kong,,852,693,852693
Hong Kong,,852,694,852694
Hong Kong,,852,695,852695
Hong Kong,,852,696,852696
Hong Kong,,852,697,852697
Hong Kong,,852,698,852698
Hong Kong,,852,699,852699
Hong Kong,,852,901,852901
Hong Kong,,852,902,852902
Hong Kong,,852,903,852903
Hong Kong,,852,904,852904
Hong Kong,,852,905,852905
Hong Kong,,852,906,852906
Hong Kong,,852,907,852907
Hong Kong,,852,908,852908
Hong Kong,,852,909,852909
Hong Kong,,852,910,852910
Hong Kong,,852,911,852911
Hong Kong,,852,912,852912
Hong Kong,,852,913,852913
Hong Kong,,852,914,852914
Hong Kong,,852,915,852915
Hong Kong,,852,916,852916
Hong Kong,,852,917,852917
Hong Kong,,852,918,852918
Hong Kong,,852,919,852919
Hong Kong,,852,920,852920
Hong Kong,,852,921,852921
Hong Kong,,852,922,852922
Hong Kong,,852,923,852923
Hong Kong,,852,924,852924
Hong Kong,,852,925,852925
Hong Kong,,852,926,852926
Hong Kong,,852,927,852927
Hong Kong,,852,928,852928
Hong Kong,,852,929,852929
Hong Kong,,852,930,852930
Hong Kong,,852,931,852931
Hong Kong,,852,932,852932
Hong Kong,,852,933,852933
Hong Kong,,852,934,852934
Hong Kong,,852,935,852935
Hong Kong,,852,936,852936
Hong Kong,,852,937,852937
Hong Kong,,852,938,852938
Hong Kong,,852,939,852939
Hong Kong,,852,940,852940
Hong Kong,,852,941,852941
Hong Kong,,852,942,852942
Hong Kong,,852,943,852943
Hong Kong,,852,944,852944
Hong Kong,,852,945,852945
Hong Kong,,852,946,852946
Hong Kong,,852,947,852947
Hong Kong,,852,948,852948
Hong Kong,,852,949,852949
Hong Kong,,852,950,852950
Hong Kong,,852,951,852951
Hong Kong,,852,952,852952
Hong Kong,,852,953,852953
Hong Kong,,852,954,852954
Hong Kong,,852,955,852955
Hong Kong,,852,956,852956
Hong Kong,,852,957,852957
Hong Kong,,852,958,852958
Hong Kong,,852,959,852959
Hong Kong,,852,960,852960
Hong Kong,,852,961,852961
Hong Kong,,852,962,852962
Hong Kong,,852,963,852963
Hong Kong,,852,964,852964
Hong Kong,,852,965,852965
Hong Kong,,852,966,852966
Hong Kong,,852,967,852967
Hong Kong,,852,968,852968
Hong Kong,,852,969,852969
Hong Kong,,852,970,852970
Hong Kong,,852,971,852971
Hong Kong,,852,972,852972
Hong Kong,,852,973,852973
Hong Kong,,852,974,852974
Hong Kong,,852,975,852975
Hong Kong,,852,976,852976
Hong Kong,,852,977,852977
Hong Kong,,852,978,852978
Hong Kong,,852,979,852979
Hong Kong,,852,980,852980
Hong Kong,,852,981,852981
Hong Kong,,852,982,852982
Hong Kong,,852,983,852983
Hong Kong,,852,984,852984
Hong Kong,,852,985,852985
Hong Kong,,852,986,852986
Hong Kong,,852,987,852987
Hong Kong,,852,988,852988
Hong Kong,,852,989,852989
Hungary,TelnorHu,36,,36
Hungary,TelnorHu,36,01,3601
Hungary,Telenor,36,20,3620
Hungary,T-Mobile,36,30,3630
Hungary,Tesco,36,31,3631
Hungary,Vodafone,36,70,3670
Iceland,NOVA,354,,354
Iceland,SIMIN2,354,01,35401
Iceland,SiminIceland,354,08,35408
Iceland,NOVA,354,11,35411
Iceland,SIMIN1,354,12,35412
Iceland,TAL,354,2,3542
Iceland,SIMIN2,354,385,354385
Iceland,,354,6,3546
Iceland,SIMIN1,354,611,354611
Iceland,SIMIN1,354,612,354612
Iceland,SIMIN1,354,613,354613
Iceland,SIMIN1,354,614,354614
Iceland,NOVA,354,615,354615
Iceland,NOVA,354,616,354616
Iceland,NOVA,354,617,354617
Iceland,NOVA,354,618,354618
Iceland,NOVA,354,632,354632
Iceland,NOVA,354,637,354637
Iceland,NOVA,354,659,354659
Iceland,NOVA,354,66,35466
Iceland,NOVA,354,67,35467
Iceland,NOVA,354,68,35468
Iceland,NOVA,354,69,35469
Iceland,NOVA,354,77,35477
Iceland,,354,8,3548
Iceland,NOVA,354,820,354820
Iceland,NOVA,354,821,354821
Iceland,NOVA,354,822,354822
Iceland,NOVA,354,823,354823
Iceland,NOVA,354,824,354824
Iceland,NOVA,354,825,354825
Iceland,NOVA,354,826,354826
Iceland,NOVA,354,827,354827
Iceland,NOVA,354,828,354828
Iceland,NOVA,354,829,354829
Iceland,NOVA,354,83,35483
Iceland,NOVA,354,84,35484
Iceland,NOVA,354,85,35485
Iceland,NOVA,354,86,35486
Iceland,NOVA,354,87,35487
Iceland,NOVA,354,88,35488
Iceland,NOVA,354,89,35489
India,Aircel,91,,91
India,Bharti,91,02,9102
India,Tata,91,029,91029
India,Bharti,91,03,9103
India,Idea,91,04,9104
India,Tata,91,045,91045
India,VodaWI,91,05,9105
India,Idea,91,07,9107
India,Bharti,91,10,9110
India,Vodafone,91,11,9111
India,Idea,91,14,9114
India,Airtel,91,16,9116
India,Aircel,91,17,9117
India,Idea,91,19,9119
India,Vodafone,91,20,9120
India,Idea,91,22,9122
India,Idea,91,24,9124
India,Aircel,91,25,9125
India,Tata,91,27,9127
India,Aircel,91,28,9128
India,Aircel,91,29,9129
India,Tata,91,30,9130
India,Bharti,91,31,9131
India,Tata,91,32,9132
India,Vodafone,91,337,91337
India,Tata,91,34,9134
India,Tata,91,35,9135
India,Tata,91,36,9136
India,Tata,91,37,9137
India,Tata,91,38,9138
India,Tata,91,39,9139
India,Idea,91,4,914
India,Bharti,91,40,9140
India,Aircel,91,41,9141
India,Aircel,91,42,9142
India,Tata,91,43,9143
India,Idea,91,44,9144
India,Bharti,91,45,9145
India,Tata,91,46,9146
India,Bharti,91,49,9149
India,Airtel,91,51,9151
India,Airtel,91,52,9152
India,Bharti,91,54,9154
India,Airtel,91,56,9156
India,Reliance,91,67,9167
India,,91,7,917
India,Bharti,91,70,9170
India,Airtel,91,7047,917047
India,Bharti,91,7054,917054
India,Airtel,91,7063,917063
India,Bharti,91,7080,917080
India,Airtel,91,7085,917085
India,Airtel,91,7086,917086
India,Bharti,91,7191,917191
India,Bharti,91,7192,917192
India,Bharti,91,7194,917194
India,Bharti,91,7250,917250
India,Bharti,91,7259,917259
India,Aircel,91,7277,917277
India,Aircel,91,7299,917299
India,Reliance,91,7303,917303
India,Reliance,91,7304,917304
India,Reliance,91,7305,917305
India,Reliance,91,7306,917306
India,Reliance,91,7307,917307
India,Reliance,91,7308,917308
India,Airtel,91,73186,9173186
India,Airtel,91,73187,9173187
India,Airtel,91,73188,9173188
India,Airtel,91,73189,9173189
India,Airtel,91,73190,9173190
India,Airtel,91,73191,9173191
India,Airtel,91,73192,9173192
India,Airtel,91,73193,9173193
India,Airtel,91,73194,9173194
India,Airtel,91,73195,9173195
India,Airtel,91,73629,9173629
India,Airtel,91,73630,9173630
India,Airtel,91,73638,9173638
India,Airtel,91,73639,9173639
India,Airtel,91,73640,9173640
India,Airtel,91,73648,9173648
India,Airtel,91,73649,9173649
India,Airtel,91,73650,9173650
India,Airtel,91,73658,9173658
India,Airtel,91,73659,9173659
India,Aircel,91,7373,917373
India,Vodafone,91,7379,917379
India,Airtel,91,7384,917384
India,Bharti,91,7387,917387
India,Bharti,91,7388,917388
India,Bharti,91,7389,917389
India,Aircel,91,7399,917399
India,Aircel,91,7401,917401
India,Aircel,91,7402,917402
India,Bharti,91,74579,9174579
India,Bharti,91,74580,9174580
India,Bharti,91,74588,9174588
India,Bharti,91,74589,9174589
India,Bharti,91,74590,9174590
India,Bharti,91,74598,9174598
India,Bharti,91,74599,9174599
India,Bharti,91,74600,9174600
India,Bharti,91,74608,9174608
India,Bharti,91,74609,9174609
India,Airtel,91,7477,917477
India,Airtel,91,7478,917478
India,Aircel,91,7502,917502
India,Aircel,91,7503,917503
India,Aircel,91,7504,917504
India,Reliance,91,7505,917505
India,Bharti,91,7518,917518
India,Bharti,91,75230,9175230
India,Bharti,91,75238,9175238
India,Bharti,91,75239,9175239
India,Bharti,91,75240,9175240
India,Bharti,91,75248,9175248
India,Bharti,91,75249,9175249
India,Bharti,91,75250,9175250
India,Bharti,91,75258,9175258
India,Bharti,91,75259,9175259
India,Bharti,91,75260,9175260
India,Vodafone,91,7549,917549
India,Vodafone,91,7566,917566
India,VodaWI,91,7567,917567
India,Bharti,91,7568,917568
India,Reliance,91,7569,917569
India,Airtel,91,75839,9175839
India,Airtel,91,75840,9175840
India,Airtel,91,75848,9175848
India,Airtel,91,75849,9175849
India,Airtel,91,75850,9175850
India,Airtel,91,75858,9175858
India,Airtel,91,75859,9175859
India,Airtel,91,75860,9175860
India,Airtel,91,75868,9175868
India,Airtel,91,75869,9175869
India,Bharti,91,7600,917600
India,Airtel,91,7602,917602
India,Bharti,91,7607,917607
India,Reliance,91,7620,917620
India,Airtel,91,76279,9176279
India,Airtel,91,7628,917628
India,Airtel,91,76280,9176280
India,Airtel,91,76288,9176288
India,Airtel,91,76289,9176289
India,Airtel,91,7629,917629
India,Airtel,91,76290,9176290
India,Airtel,91,76298,9176298
India,Airtel,91,76299,9176299
India,Airtel,91,7630,917630
India,Airtel,91,76300,9176300
India,Airtel,91,76308,9176308
India,Airtel,91,76309,9176309
India,Vodafone,91,7631,917631
India,Airtel,91,7635,917635
India,Airtel,91,7636,917636
India,Airtel,91,76360,9176360
India,Airtel,91,7637,917637
India,Airtel,91,76370,9176370
India,Vodafone,91,7639,917639
India,Idea,91,7654,917654
India,Vodafone,91,7665,917665
India,Reliance,91,7666,917666
India,Reliance,91,7667,917667
India,Reliance,91,7668,917668
India,Reliance,91,7669,917669
India,Reliance,91,7676,917676
India,Reliance,91,7677,917677
India,Reliance,91,7679,917679
India,Bharti,91,7702,917702
India,Bharti,91,7708,917708
India,Bharti,91,7709,917709
India,Reliance,91,7735,917735
India,Tata,91,7737,917737
India,Bharti,91,7738,917738
India,Bharti,91,7739,917739
India,Bharti,91,7742,917742
India,Bharti,91,77528,9177528
India,Bharti,91,77529,9177529
India,Bharti,91,77530,9177530
India,Bharti,91,77538,9177538
India,Bharti,91,77539,9177539
India,Bharti,91,77540,9177540
India,Bharti,91,77548,9177548
India,Bharti,91,77549,9177549
India,Bharti,91,77550,9177550
India,Bharti,91,77558,9177558
India,Bharti,91,7760,917760
India,Bharti,91,7780,917780
India,Tata,91,7796,917796
India,Vodafone,91,7797,917797
India,Vodafone,91,7798,917798
India,Vodafone,91,7799,917799
India,Idea,91,78,9178
India,Vodafone,91,7800,917800
India,Reliance,91,7814,917814
India,Reliance,91,7827,917827
India,Reliance,91,7828,917828
India,Vodafone,91,7829,917829
India,Vodafone,91,7830,917830
India,Vodafone,91,7837,917837
India,Vodafone,91,7838,917838
India,Bharti,91,7869,917869
India,Vodafone,91,7872,917872
India,Vodafone,91,7873,917873
India,VodaWI,91,7874,917874
India,Vodafone,91,7875,917875
India,Reliance,91,7876,917876
India,Reliance,91,7877,917877
India,Reliance,91,7878,917878
India,Reliance,91,7879,917879
India,Idea,91,7891,917891
India,Bharti,91,7893,917893
India,Bharti,91,7894,917894
India,Bharti,91,7895,917895
India,Airtel,91,7896,917896
India,Bharti,91,7897,917897
India,Bharti,91,7898,917898
India,Idea,91,799,91799
India,Bharti,91,7991,917991
India,Bharti,91,79920,9179920
India,Bharti,91,79921,9179921
India,,91,8,918
India,Aircel,91,800,91800
India,Reliance,91,8000,918000
India,Vodafone,91,8001,918001
India,Bharti,91,8002,918002
India,Bharti,91,8003,918003
India,Vodafone,91,8006,918006
India,Vodafone,91,8007,918007
India,Bharti,91,8008,918008
India,Bharti,91,8009,918009
India,Aircel,91,801,91801
India,Reliance,91,8010,918010
India,Airtel,91,8011,918011
India,Aircel,91,8012,918012
India,Airtel,91,8016,918016
India,Vodafone,91,8017,918017
India,Bharti,91,8018,918018
India,Aircel,91,802,91802
India,Aircel,91,803,91803
India,Aircel,91,805,91805
India,Vodafone,91,8051,918051
India,Vodafone,91,8052,918052
India,Vodafone,91,8053,918053
India,Vodafone,91,8054,918054
India,Reliance,91,8055,918055
India,Bharti,91,80560,9180560
India,Bharti,91,80561,9180561
India,Bharti,91,80562,9180562
India,Bharti,91,80563,9180563
India,Bharti,91,80564,9180564
India,Bharti,91,80565,9180565
India,Bharti,91,80566,9180566
India,Bharti,91,80567,9180567
India,Bharti,91,80568,9180568
India,Bharti,91,80569,9180569
India,Idea,91,8057,918057
India,Idea,91,8058,918058
India,Idea,91,8059,918059
India,Aircel,91,806,91806
India,Aircel,91,807,91807
India,Aircel,91,808,91808
India,Reliance,91,8080,918080
India,Reliance,91,8081,918081
India,Aircel,91,8083,918083
India,Bharti,91,8084,918084
India,Bharti,91,8085,918085
India,VodaKera,91,8086,918086
India,Reliance,91,8088,918088
India,Aircel,91,809,91809
India,Tata,91,8091,918091
India,Vodafone,91,8094,918094
India,Vodafone,91,8095,918095
India,Idea,91,8096,918096
India,Vodafone,91,8098,918098
India,Reliance,91,8099,918099
India,Aircel,91,810,91810
India,Reliance,91,8100,918100
India,Reliance,91,8101,918101
India,Reliance,91,8102,918102
India,Reliance,91,8103,918103
India,Bharti,91,8105,918105
India,Bharti,91,8106,918106
India,Bharti,91,8107,918107
India,Idea,91,8108,918108
India,Aircel,91,811,91811
India,Airtel,91,8116,918116
India,Airtel,91,81189,9181189
India,Airtel,91,81190,9181190
India,Airtel,91,81198,9181198
India,Airtel,91,81199,9181199
India,Aircel,91,812,91812
India,Idea,91,8120,918120
India,Idea,91,8124,918124
India,Bharti,91,8126,918126
India,Bharti,91,8127,918127
India,Bharti,91,8128,918128
India,Bharti,91,8129,918129
India,Bharti,91,8130,918130
India,Airtel,91,81310,9181310
India,Airtel,91,81318,9181318
India,Airtel,91,81319,9181319
India,Airtel,91,81320,9181320
India,Airtel,91,81328,9181328
India,Airtel,91,81329,9181329
India,Airtel,91,81330,9181330
India,Airtel,91,81338,9181338
India,Airtel,91,81339,9181339
India,Airtel,91,81340,9181340
India,Airtel,91,81348,9181348
India,Airtel,91,81349,9181349
India,Airtel,91,81350,9181350
India,Airtel,91,81358,9181358
India,Airtel,91,81359,9181359
India,Airtel,91,81360,9181360
India,Idea,91,8140,918140
India,VodaWI,91,8141,918141
India,Vodafone,91,8142,918142
India,Reliance,91,8144,918144
India,Vodafone,91,8145,918145
India,Bharti,91,8146,918146
India,Airtel,91,81580,9181580
India,Airtel,91,81588,9181588
India,Airtel,91,81589,9181589
India,Airtel,91,81590,9181590
India,Airtel,91,81598,9181598
India,Airtel,91,81599,9181599
India,Airtel,91,8167,918167
India,Airtel,91,81670,9181670
India,Airtel,91,81700,9181700
India,Airtel,91,81708,9181708
India,Airtel,91,81709,9181709
India,Bharti,91,8171,918171
India,Airtel,91,81720,9181720
India,Bharti,91,81728,9181728
India,Bharti,91,81729,9181729
India,Bharti,91,81730,9181730
India,Bharti,91,81738,9181738
India,Bharti,91,81739,9181739
India,Bharti,91,81740,9181740
India,Bharti,91,81748,9181748
India,Bharti,91,81749,9181749
India,Bharti,91,81750,9181750
India,Bharti,91,81758,9181758
India,Bharti,91,8179,918179
India,Bharti,91,8197,918197
India,Idea,91,82,9182
India,Airtel,91,82070,9182070
India,Airtel,91,82072,9182072
India,Bharti,91,8220,918220
India,Reliance,91,82299,9182299
India,Reliance,91,82300,9182300
India,Reliance,91,82308,9182308
India,Reliance,91,82309,9182309
India,Reliance,91,82310,9182310
India,Reliance,91,82318,9182318
India,Reliance,91,82319,9182319
India,Reliance,91,82320,9182320
India,Reliance,91,82328,9182328
India,Reliance,91,82329,9182329
India,Reliance,91,82340,9182340
India,Reliance,91,82348,9182348
India,Reliance,91,82349,9182349
India,Reliance,91,82360,9182360
India,Reliance,91,82368,9182368
India,Reliance,91,82369,9182369
India,VodaWI,91,8238,918238
India,Reliance,91,82510,9182510
India,Reliance,91,82518,9182518
India,Reliance,91,82519,9182519
India,Reliance,91,8252,918252
India,Reliance,91,82530,9182530
India,Reliance,91,82538,9182538
India,Reliance,91,82539,9182539
India,Reliance,91,82540,9182540
India,Reliance,91,82548,9182548
India,Reliance,91,82549,9182549
India,Reliance,91,82550,9182550
India,Reliance,91,82558,9182558
India,Reliance,91,82559,9182559
India,Reliance,91,82560,9182560
India,Reliance,91,82568,9182568
India,Reliance,91,8260,918260
India,Reliance,91,82610,9182610
India,Reliance,91,82618,9182618
India,Reliance,91,82619,9182619
India,Reliance,91,82620,9182620
India,Reliance,91,82628,9182628
India,Reliance,91,82629,9182629
India,Reliance,91,82630,9182630
India,Reliance,91,82638,9182638
India,Reliance,91,82639,9182639
India,Reliance,91,82650,9182650
India,Aircel,91,8285,918285
India,Aircel,91,8286,918286
India,Reliance,91,8287,918287
India,Bharti,91,8290,918290
India,Bharti,91,8292,918292
India,Bharti,91,8294,918294
India,Bharti,91,8295,918295
India,Reliance,91,8302,918302
India,Reliance,91,8303,918303
India,Reliance,91,8305,918305
India,Reliance,91,8306,918306
India,Reliance,91,8307,918307
India,Aircel,91,8344,918344
India,Bharti,91,8349,918349
India,Bharti,91,8374,918374
India,Reliance,91,83880,9183880
India,Reliance,91,83888,9183888
India,Reliance,91,83889,9183889
India,Reliance,91,83890,9183890
India,Reliance,91,83898,9183898
India,Reliance,91,83899,9183899
India,Reliance,91,83910,9183910
India,Reliance,91,83918,9183918
India,Reliance,91,83919,9183919
India,Reliance,91,83920,9183920
India,Bharti,91,8400,918400
India,Aircel,91,8410,918410
India,Airtel,91,84130,9184130
India,Airtel,91,84138,9184138
India,Airtel,91,84139,9184139
India,Airtel,91,84140,9184140
India,Airtel,91,84148,9184148
India,Airtel,91,84149,9184149
India,Airtel,91,84150,9184150
India,Airtel,91,84158,9184158
India,Airtel,91,84159,9184159
India,Airtel,91,84160,9184160
India,Bharti,91,8420,918420
India,Bharti,91,8427,918427
India,Bharti,91,8429,918429
India,Reliance,91,8430,918430
India,Reliance,91,8431,918431
India,Reliance,91,84428,9184428
India,Reliance,91,84429,9184429
India,Reliance,91,84430,9184430
India,Reliance,91,84438,9184438
India,Reliance,91,84439,9184439
India,Reliance,91,84440,9184440
India,Reliance,91,84448,9184448
India,Reliance,91,84449,9184449
India,Reliance,91,84500,9184500
India,Reliance,91,84508,9184508
India,Reliance,91,84670,9184670
India,Reliance,91,84678,9184678
India,Reliance,91,84679,9184679
India,Reliance,91,84680,9184680
India,Reliance,91,84688,9184688
India,Reliance,91,84689,9184689
India,VodaWI,91,8469,918469
India,Reliance,91,84700,9184700
India,Reliance,91,84708,9184708
India,Reliance,91,84709,9184709
India,Reliance,91,84710,9184710
India,Airtel,91,84718,9184718
India,Airtel,91,84719,9184719
India,Airtel,91,84720,9184720
India,Airtel,91,84728,9184728
India,Airtel,91,84729,9184729
India,Airtel,91,84730,9184730
India,Airtel,91,84738,9184738
India,Airtel,91,84739,9184739
India,Airtel,91,84740,9184740
India,Airtel,91,84748,9184748
India,Idea,91,848,91848
India,Bharti,91,84859,9184859
India,Vodafone,91,8489,918489
India,Bharti,91,84910,9184910
India,Bharti,91,84918,9184918
India,Bharti,91,84919,9184919
India,Bharti,91,84920,9184920
India,Bharti,91,84928,9184928
India,Bharti,91,84929,9184929
India,Bharti,91,84930,9184930
India,Bharti,91,84938,9184938
India,Bharti,91,84939,9184939
India,Bharti,91,84940,9184940
India,Idea,91,850,91850
India,Aircel,91,8507,918507
India,Aircel,91,8508,918508
India,Reliance,91,8509,918509
India,Bharti,91,8511,918511
India,Idea,91,852,91852
India,Bharti,91,8521,918521
India,Aircel,91,8526,918526
India,Bharti,91,8527,918527
India,Bharti,91,8528,918528
India,Idea,91,853,91853
India,Aircel,91,8553,918553
India,Bharti,91,85698,9185698
India,Bharti,91,85699,9185699
India,Bharti,91,85700,9185700
India,Bharti,91,85708,9185708
India,Bharti,91,85709,9185709
India,Bharti,91,85710,9185710
India,Bharti,91,85718,9185718
India,Bharti,91,85719,9185719
India,Bharti,91,85720,9185720
India,Bharti,91,85728,9185728
India,Aircel,91,8574,918574
India,Bharti,91,85828,9185828
India,Bharti,91,85829,9185829
India,Bharti,91,85830,9185830
India,Bharti,91,85838,9185838
India,Bharti,91,85839,9185839
India,Bharti,91,85840,9185840
India,Bharti,91,85848,9185848
India,Bharti,91,85850,9185850
India,Bharti,91,85858,9185858
India,VodaKera,91,85890,9185890
India,VodaKera,91,85898,9185898
India,VodaKera,91,85899,9185899
India,Reliance,91,8590,918590
India,Reliance,91,8591,918591
India,VodaKera,91,85920,9185920
India,VodaKera,91,85928,9185928
India,VodaKera,91,85929,9185929
India,VodaKera,91,85930,9185930
India,VodaKera,91,85938,9185938
India,VodaKera,91,85939,9185939
India,VodaKera,91,85940,9185940
India,Airtel,91,8597,918597
India,Bharti,91,8600,918600
India,Vodafone,91,8601,918601
India,Bharti,91,86268,9186268
India,Bharti,91,86269,9186269
India,Bharti,91,86270,9186270
India,Bharti,91,86278,9186278
India,Bharti,91,86279,9186279
India,Bharti,91,86280,9186280
India,Bharti,91,86288,9186288
India,Bharti,91,86289,9186289
India,Bharti,91,86290,9186290
India,Bharti,91,86298,9186298
India,Aircel,91,86499,9186499
India,Aircel,91,86540,9186540
India,Aircel,91,86548,9186548
India,Aircel,91,86549,9186549
India,Aircel,91,86560,9186560
India,Aircel,91,86568,9186568
India,Aircel,91,86569,9186569
India,Reliance,91,8657,918657
India,Bharti,91,8658,918658
India,Aircel,91,86590,9186590
India,Aircel,91,86598,9186598
India,Aircel,91,86599,9186599
India,Airtel,91,8670,918670
India,Aircel,91,86710,9186710
India,Aircel,91,86718,9186718
India,Aircel,91,86719,9186719
India,Aircel,91,86720,9186720
India,Aircel,91,86728,9186728
India,Aircel,91,86729,9186729
India,Aircel,91,86730,9186730
India,Aircel,91,86738,9186738
India,Aircel,91,86739,9186739
India,Aircel,91,86740,9186740
India,Aircel,91,8675,918675
India,Aircel,91,8679,918679
India,Aircel,91,8686,918686
India,Reliance,91,8687,918687
India,Reliance,91,8688,918688
India,Reliance,91,8690,918690
India,Reliance,91,8695,918695
India,Vodafone,91,8697,918697
India,Vodafone,91,8698,918698
India,Idea,91,87,9187
India,Airtel,91,87298,9187298
India,Airtel,91,87299,9187299
India,Airtel,91,87300,9187300
India,Airtel,91,87308,9187308
India,Airtel,91,87309,9187309
India,Airtel,91,87310,9187310
India,Airtel,91,87318,9187318
India,Airtel,91,87319,9187319
India,Airtel,91,87320,9187320
India,Airtel,91,87328,9187328
India,Aircel,91,87498,9187498
India,Aircel,91,87499,9187499
India,Aircel,91,87510,9187510
India,Aircel,91,87518,9187518
India,Aircel,91,87519,9187519
India,Aircel,91,87520,9187520
India,Aircel,91,87528,9187528
India,Aircel,91,87529,9187529
India,Aircel,91,87530,9187530
India,Aircel,91,87538,9187538
India,Airtel,91,87539,9187539
India,Bharti,91,87540,9187540
India,Bharti,91,87541,9187541
India,Bharti,91,87542,9187542
India,Bharti,91,87543,9187543
India,Bharti,91,87544,9187544
India,Bharti,91,87545,9187545
India,Bharti,91,87546,9187546
India,Bharti,91,87547,9187547
India,Bharti,91,87548,9187548
India,Bharti,91,87549,9187549
India,Bharti,91,8755,918755
India,Bharti,91,8756,918756
India,Bharti,91,8757,918757
India,VodaWI,91,8758,918758
India,Aircel,91,8759,918759
India,Aircel,91,8760,918760
India,Airtel,91,87610,9187610
India,Airtel,91,87618,9187618
India,Airtel,91,87619,9187619
India,Reliance,91,8767,918767
India,Vodafone,91,8768,918768
India,Bharti,91,8769,918769
India,Bharti,91,8790,918790
India,Vodafone,91,8794,918794
India,Vodafone,91,8795,918795
India,Bharti,91,8800,918800
India,Aircel,91,8801,918801
India,Aircel,91,8802,918802
India,Aircel,91,8804,918804
India,Idea,91,8805,918805
India,Vodafone,91,8806,918806
India,Idea,91,8808,918808
India,Bharti,91,8809,918809
India,Airtel,91,88110,9188110
India,Airtel,91,88118,9188118
India,Airtel,91,88119,9188119
India,Airtel,91,88120,9188120
India,Airtel,91,88128,9188128
India,Airtel,91,88129,9188129
India,Reliance,91,8817,918817
India,Reliance,91,8820,918820
India,Reliance,91,8822,918822
India,Reliance,91,8824,918824
India,Bharti,91,8826,918826
India,Bharti,91,8827,918827
India,Bharti,91,8853,918853
India,Vodafone,91,8859,918859
India,Vodafone,91,8860,918860
India,Bharti,91,8861,918861
India,Bharti,91,8870,918870
India,Idea,91,8872,918872
India,Idea,91,8873,918873
India,Vodafone,91,8874,918874
India,Vodafone,91,8875,918875
India,Vodafone,91,8876,918876
India,Vodafone,91,8877,918877
India,Vodafone,91,8878,918878
India,Vodafone,91,8879,918879
India,Reliance,91,8880,918880
India,Reliance,91,8881,918881
India,Reliance,91,8882,918882
India,Aircel,91,8883,918883
India,Vodafone,91,8884,918884
India,Vodafone,91,8886,918886
India,Bharti,91,8890,918890
India,Aircel,91,8892,918892
India,Reliance,91,8893,918893
India,Bharti,91,8894,918894
India,Aircel,91,8896,918896
India,Bharti,91,8897,918897
India,Aircel,91,8898,918898
India,Reliance,91,8899,918899
India,Idea,91,89,9189
India,Reliance,91,8905,918905
India,Aircel,91,8906,918906
India,Aircel,91,8908,918908
India,Aircel,91,8909,918909
India,Reliance,91,8927,918927
India,Reliance,91,8928,918928
India,Reliance,91,8929,918929
India,Vodafone,91,8930,918930
India,Vodafone,91,8939,918939
India,Vodafone,91,8940,918940
India,Airtel,91,89420,9189420
India,Airtel,91,89428,9189428
India,Airtel,91,89429,9189429
India,VodaKera,91,8943,918943
India,Airtel,91,89440,9189440
India,Airtel,91,89448,9189448
India,Airtel,91,89449,9189449
India,Airtel,91,89450,9189450
India,Airtel,91,89455,9189455
India,Airtel,91,89458,9189458
India,Airtel,91,89459,9189459
India,Vodafone,91,8948,918948
India,Bharti,91,8952,918952
India,Aircel,91,89520,9189520
India,Aircel,91,89528,9189528
India,Aircel,91,89529,9189529
India,Bharti,91,8953,918953
India,Vodafone,91,8954,918954
India,Reliance,91,8955,918955
India,Reliance,91,8956,918956
India,Reliance,91,8957,918957
India,Idea,91,8958,918958
India,Idea,91,8959,918959
India,Aircel,91,89630,9189630
India,Aircel,91,89638,9189638
India,Airtel,91,8967,918967
India,Bharti,91,8968,918968
India,Bharti,91,8969,918969
India,Idea,91,8970,918970
India,Bharti,91,8971,918971
India,Airtel,91,8972,918972
India,Aircel,91,8973,918973
India,Airtel,91,8974,918974
India,Idea,91,8975,918975
India,Bharti,91,8978,918978
India,Bharti,91,8979,918979
India,VodaWI,91,8980,918980
India,Bharti,91,8997,918997
India,Bharti,91,8998,918998
India,,91,90,9190
India,Bharti,91,9000,919000
India,Bharti,91,9001,919001
India,Airtel,91,9002,919002
India,Bharti,91,90030,9190030
India,Bharti,91,90031,9190031
India,Bharti,91,90032,9190032
India,Bharti,91,90033,9190033
India,Bharti,91,90034,9190034
India,Bharti,91,90035,9190035
India,Bharti,91,90036,9190036
India,Bharti,91,90037,9190037
India,Bharti,91,90038,9190038
India,Bharti,91,90039,9190039
India,Bharti,91,9004,919004
India,Bharti,91,9005,919005
India,Bharti,91,9006,919006
India,Bharti,91,9007,919007
India,Bharti,91,9008,919008
India,Idea,91,9009,919009
India,Idea,91,9010,919010
India,Idea,91,9011,919011
India,Idea,91,9012,919012
India,Reliance,91,9014,919014
India,Reliance,91,9015,919015
India,Reliance,91,9016,919016
India,Reliance,91,9017,919017
India,Reliance,91,9018,919018
India,Reliance,91,9019,919019
India,Reliance,91,9020,919020
India,Reliance,91,9021,919021
India,Reliance,91,9022,919022
India,Reliance,91,9023,919023
India,Reliance,91,9024,919024
India,Reliance,91,9025,919025
India,Reliance,91,9026,919026
India,Reliance,91,9027,919027
India,Tata,91,9028,919028
India,Tata,91,9029,919029
India,Tata,91,9030,919030
India,Tata,91,9031,919031
India,Tata,91,9033,919033
India,Tata,91,9034,919034
India,Tata,91,9036,919036
India,Tata,91,9037,919037
India,Tata,91,9038,919038
India,Tata,91,9039,919039
India,Tata,91,9040,919040
India,Tata,91,9041,919041
India,Tata,91,9043,919043
India,Tata,91,9044,919044
India,Tata,91,9045,919045
India,Tata,91,9046,919046
India,Vodafone,91,9047,919047
India,VodaKera,91,9048,919048
India,Vodafone,91,9049,919049
India,Vodafone,91,9050,919050
India,Vodafone,91,9051,919051
India,Vodafone,91,9052,919052
India,Bharti,91,9076,919076
India,Idea,91,9088,919088
India,Idea,91,9090,919090
India,Idea,91,9092,919092
India,Idea,91,9093,919093
India,Aircel,91,9094,919094
India,Aircel,91,9095,919095
India,Bharti,91,9096,919096
India,Aircel,91,9097,919097
India,Reliance,91,9098,919098
India,VodaWI,91,9099,919099
India,,91,91,9191
India,Bharti,91,91125,9191125
India,Bharti,91,91162,9191162
India,Vodafone,91,9158,919158
India,Vodafone,91,9159,919159
India,Vodafone,91,9160,919160
India,Vodafone,91,9161,919161
India,Bharti,91,9162,919162
India,Bharti,91,9163,919163
India,Idea,91,9164,919164
India,Idea,91,9165,919165
India,Bharti,91,9166,919166
India,Vodafone,91,9167,919167
India,Vodafone,91,9176,919176
India,Bharti,91,9177,919177
India,Bharti,91,9178,919178
India,Bharti,91,9179,919179
India,Bharti,91,9198,919198
India,Bharti,91,9199,919199
India,Bharti,91,92,9192
India,Bharti,91,93,9193
India,Airtel,91,9378,919378
India,Airtel,91,9383,919383
India,BSNL GSM,91,94,9194
India,,91,95,9195
India,Bharti,91,95000,9195000
India,Bharti,91,95001,9195001
India,Bharti,91,95002,9195002
India,Bharti,91,95003,9195003
India,Bharti,91,95004,9195004
India,Bharti,91,95005,9195005
India,Bharti,91,95006,9195006
India,Bharti,91,95007,9195007
India,Bharti,91,95008,9195008
India,Bharti,91,95009,9195009
India,Bharti,91,9501,919501
India,Bharti,91,9502,919502
India,Bharti,91,9503,919503
India,Aircel,91,9504,919504
India,Idea,91,9505,919505
India,Idea,91,9506,919506
India,Idea,91,9507,919507
India,Reliance,91,9508,919508
India,Reliance,91,9509,919509
India,Reliance,91,9510,919510
India,Bharti,91,95110,9195110
India,Bharti,91,95111,9195111
India,Bharti,91,95114,9195114
India,Bharti,91,9519,919519
India,Aircel,91,9524,919524
India,Idea,91,9525,919525
India,Idea,91,9526,919526
India,Idea,91,9527,919527
India,Reliance,91,9528,919528
India,Reliance,91,9529,919529
India,Reliance,91,9533,919533
India,Vodafone,91,9534,919534
India,Bharti,91,9535,919535
India,Vodafone,91,9536,919536
India,VodaWI,91,9537,919537
India,Vodafone,91,9538,919538
India,VodaKera,91,9539,919539
India,Idea,91,9540,919540
India,Reliance,91,9541,919541
India,Idea,91,9542,919542
India,Reliance,91,9543,919543
India,Idea,91,9544,919544
India,Vodafone,91,9545,919545
India,Bharti,91,9546,919546
India,Airtel,91,9547,919547
India,Reliance,91,9548,919548
India,Vodafone,91,9549,919549
India,Bharti,91,9550,919550
India,Aircel,91,9551,919551
India,Idea,91,9552,919552
India,Idea,91,9553,919553
India,Vodafone,91,9554,919554
India,Reliance,91,9555,919555
India,Bharti,91,9556,919556
India,Bharti,91,9557,919557
India,Bharti,91,9558,919558
India,Bharti,91,9559,919559
India,Bharti,91,9560,919560
India,Bharti,91,9561,919561
India,Idea,91,9562,919562
India,Aircel,91,9563,919563
India,Vodafone,91,9564,919564
India,Vodafone,91,9565,919565
India,Bharti,91,95660,9195660
India,Bharti,91,95661,9195661
India,Bharti,91,95662,9195662
India,Bharti,91,95663,9195663
India,Bharti,91,95664,9195664
India,Bharti,91,95665,9195665
India,Bharti,91,95666,9195666
India,Bharti,91,95667,9195667
India,Bharti,91,95668,9195668
India,Bharti,91,95669,9195669
India,Bharti,91,9567,919567
India,Idea,91,9568,919568
India,Reliance,91,9569,919569
India,Vodafone,91,9570,919570
India,Bharti,91,9571,919571
India,Bharti,91,9572,919572
India,Bharti,91,9573,919573
India,Idea,91,9574,919574
India,Idea,91,9575,919575
India,Idea,91,9576,919576
India,Aircel,91,9577,919577
India,Aircel,91,9578,919578
India,Reliance,91,9579,919579
India,Reliance,91,9580,919580
India,Vodafone,91,9581,919581
India,Vodafone,91,9582,919582
India,Vodafone,91,9583,919583
India,Vodafone,91,9584,919584
India,Vodafone,91,9585,919585
India,VodaWI,91,9586,919586
India,Vodafone,91,9587,919587
India,Bharti,91,9589,919589
India,Reliance,91,9590,919590
India,Bharti,91,9591,919591
India,Idea,91,9592,919592
India,Vodafone,91,9593,919593
India,Idea,91,9594,919594
India,Reliance,91,9595,919595
India,Bharti,91,9596,919596
India,Bharti,91,9597,919597
India,Idea,91,9598,919598
India,,91,96,9196
India,Bharti,91,96000,9196000
India,Bharti,91,96001,9196001
India,Bharti,91,96002,9196002
India,Bharti,91,96003,9196003
India,Bharti,91,96004,9196004
India,Bharti,91,96005,9196005
India,Bharti,91,96006,9196006
India,Bharti,91,96007,9196007
India,Bharti,91,96008,9196008
India,Bharti,91,96009,9196009
India,Bharti,91,9601,919601
India,Bharti,91,9602,919602
India,Idea,91,9603,919603
India,Idea,91,9604,919604
India,Idea,91,9605,919605
India,Reliance,91,9608,919608
India,Vodafone,91,9609,919609
India,Vodafone,91,9610,919610
India,Bharti,91,9611,919611
India,Airtel,91,9612,919612
India,Aircel,91,9613,919613
India,Aircel,91,9614,919614
India,Idea,91,9616,919616
India,Idea,91,9617,919617
India,Bharti,91,9618,919618
India,Vodafone,91,9619,919619
India,Vodafone,91,9620,919620
India,Bharti,91,9621,919621
India,Bharti,91,9622,919622
India,Idea,91,9623,919623
India,Idea,91,9624,919624
India,Reliance,91,9625,919625
India,Vodafone,91,9626,919626
India,Vodafone,91,9627,919627
India,Vodafone,91,9628,919628
India,Bharti,91,9629,919629
India,Bharti,91,9630,919630
India,Bharti,91,9631,919631
India,Bharti,91,9632,919632
India,Bharti,91,9633,919633
India,Bharti,91,9634,919634
India,Airtel,91,9635,919635
India,Bharti,91,9636,919636
India,Vodafone,91,9637,919637
India,VodaWI,91,9638,919638
India,Idea,91,9639,919639
India,Idea,91,9640,919640
India,Reliance,91,9641,919641
India,Vodafone,91,9642,919642
India,VodaKera,91,9645,919645
India,Vodafone,91,9646,919646
India,Vodafone,91,9647,919647
India,Vodafone,91,9648,919648
India,Vodafone,91,9649,919649
India,Bharti,91,9650,919650
India,Bharti,91,9651,919651
India,Bharti,91,9652,919652
India,Vodafone,91,9654,919654
India,Vodafone,91,9655,919655
India,Idea,91,9656,919656
India,Idea,91,9657,919657
India,Aircel,91,9658,919658
India,Aircel,91,9659,919659
India,Bharti,91,9660,919660
India,Bharti,91,9661,919661
India,Bharti,91,9662,919662
India,Bharti,91,9663,919663
India,Bharti,91,9665,919665
India,Idea,91,9666,919666
India,Bharti,91,9668,919668
India,Idea,91,9669,919669
India,Vodafone,91,9670,919670
India,Vodafone,91,9671,919671
India,Vodafone,91,9672,919672
India,Vodafone,91,9673,919673
India,Vodafone,91,9674,919674
India,Vodafone,91,9675,919675
India,Bharti,91,9676,919676
India,Bharti,91,96770,9196770
India,Bharti,91,96771,9196771
India,Bharti,91,96772,9196772
India,Bharti,91,96773,9196773
India,Bharti,91,96774,9196774
India,Bharti,91,96775,9196775
India,Bharti,91,96776,9196776
India,Bharti,91,96777,9196777
India,Bharti,91,96778,9196778
India,Bharti,91,96779,9196779
India,Airtel,91,9678,919678
India,Airtel,91,9679,919679
India,Bharti,91,9680,919680
India,Reliance,91,9681,919681
India,Bharti,91,9685,919685
India,Bharti,91,9686,919686
India,VodaWI,91,9687,919687
India,Aircel,91,9688,919688
India,Idea,91,9689,919689
India,Idea,91,9690,919690
India,Reliance,91,9691,919691
India,Reliance,91,9692,919692
India,Reliance,91,9693,919693
India,Idea,91,9694,919694
India,Bharti,91,9695,919695
India,Reliance,91,9696,919696
India,Aircel,91,9698,919698
India,Reliance,91,9699,919699
India,,91,97,9197
India,Aircel,91,9700,919700
India,Bharti,91,9701,919701
India,Idea,91,9702,919702
India,Vodafone,91,9703,919703
India,Bharti,91,9704,919704
India,Idea,91,9705,919705
India,Vodafone,91,9706,919706
India,Reliance,91,9707,919707
India,Idea,91,9708,919708
India,Vodafone,91,9709,919709
India,Aircel,91,9710,919710
India,Vodafone,91,9711,919711
India,VodaWI,91,9712,919712
India,Vodafone,91,9713,919713
India,Idea,91,9714,919714
India,Aircel,91,9715,919715
India,Aircel,91,9716,919716
India,Bharti,91,9717,919717
India,Idea,91,9718,919718
India,Vodafone,91,9719,919719
India,Vodafone,91,9720,919720
India,Vodafone,91,9721,919721
India,Aircel,91,9722,919722
India,Idea,91,9723,919723
India,Bharti,91,9724,919724
India,Bharti,91,9725,919725
India,VodaWI,91,9726,919726
India,VodaWI,91,9727,919727
India,Idea,91,9728,919728
India,Bharti,91,9729,919729
India,Bharti,91,9730,919730
India,Bharti,91,9731,919731
India,Vodafone,91,9732,919732
India,Vodafone,91,9733,919733
India,Vodafone,91,9734,919734
India,Vodafone,91,9735,919735
India,Vodafone,91,9736,919736
India,Idea,91,9737,919737
India,Aircel,91,9738,919738
India,Vodafone,91,9739,919739
India,Bharti,91,9740,919740
India,Bharti,91,9741,919741
India,Vodafone,91,9742,919742
India,Idea,91,9743,919743
India,Idea,91,9744,919744
India,VodaKera,91,9745,919745
India,Bharti,91,9746,919746
India,Idea,91,9747,919747
India,Bharti,91,9748,919748
India,Reliance,91,9749,919749
India,Aircel,91,9750,919750
India,Vodafone,91,9751,919751
India,Bharti,91,9752,919752
India,Idea,91,9753,919753
India,Idea,91,9754,919754
India,Bharti,91,9755,919755
India,Idea,91,9756,919756
India,Vodafone,91,9758,919758
India,Vodafone,91,9759,919759
India,Bharti,91,9760,919760
India,Vodafone,91,9761,919761
India,Idea,91,9763,919763
India,Vodafone,91,9764,919764
India,Vodafone,91,9765,919765
India,Bharti,91,9766,919766
India,Idea,91,9767,919767
India,Aircel,91,9768,919768
India,Vodafone,91,9769,919769
India,Reliance,91,9770,919770
India,Bharti,91,9771,919771
India,Bharti,91,9772,919772
India,Vodafone,91,9774,919774
India,Vodafone,91,9775,919775
India,Vodafone,91,9776,919776
India,Bharti,91,9777,919777
India,Reliance,91,9778,919778
India,Bharti,91,9779,919779
India,Vodafone,91,9780,919780
India,Idea,91,9781,919781
India,Aircel,91,9782,919782
India,Vodafone,91,9783,919783
India,Bharti,91,9784,919784
India,Idea,91,9785,919785
India,Vodafone,91,9786,919786
India,Vodafone,91,9787,919787
India,Aircel,91,9788,919788
India,Bharti,91,9789,919789
India,Bharti,91,97890,9197890
India,Bharti,91,97898,9197898
India,Bharti,91,97899,9197899
India,Bharti,91,97900,9197900
India,Bharti,91,97901,9197901
India,Bharti,91,97902,9197902
India,Bharti,91,97903,9197903
India,Bharti,91,97904,9197904
India,Bharti,91,97905,9197905
India,Bharti,91,97906,9197906
India,Bharti,91,97907,9197907
India,Bharti,91,97908,9197908
India,Bharti,91,97909,9197909
India,Bharti,91,97910,9197910
India,Bharti,91,97911,9197911
India,Bharti,91,97912,9197912
India,Bharti,91,97913,9197913
India,Bharti,91,97914,9197914
India,Bharti,91,97915,9197915
India,Bharti,91,97916,9197916
India,Bharti,91,97917,9197917
India,Bharti,91,97918,9197918
India,Bharti,91,97919,9197919
India,Vodafone,91,9792,919792
India,Bharti,91,9793,919793
India,Bharti,91,9794,919794
India,Idea,91,9795,919795
India,Vodafone,91,9796,919796
India,Bharti,91,9797,919797
India,Reliance,91,9798,919798
India,Bharti,91,9799,919799
India,,91,98,9198
India,Airtel,91,9800,919800
India,Bharti,91,9801,919801
India,Aircel,91,9802,919802
India,Aircel,91,9803,919803
India,Aircel,91,9804,919804
India,Bharti,91,9805,919805
India,Aircel,91,9806,919806
India,Aircel,91,9807,919807
India,Aircel,91,9808,919808
India,Aircel,91,9809,919809
India,Bharti,91,9810,919810
India,Vodafone,91,9811,919811
India,Idea,91,9812,919812
India,Vodafone,91,9813,919813
India,Idea,91,9814,919814
India,Bharti,91,9815,919815
India,Bharti,91,9816,919816
India,Reliance,91,9817,919817
India,Bharti,91,9818,919818
India,Vodafone,91,9819,919819
India,Vodafone,91,9820,919820
India,Idea,91,9822,919822
India,Vodafone,91,9823,919823
India,Idea,91,9824,919824
India,VodaWI,91,9825,919825
India,Idea,91,9826,919826
India,Reliance,91,9827,919827
India,Vodafone,91,9828,919828
India,Bharti,91,9829,919829
India,Vodafone,91,9830,919830
India,Bharti,91,9831,919831
India,Reliance,91,9832,919832
India,Vodafone,91,9833,919833
India,Reliance,91,9835,919835
India,Vodafone,91,9836,919836
India,Idea,91,9837,919837
India,Vodafone,91,9838,919838
India,Vodafone,91,9839,919839
India,Bharti,91,9840,919840
India,Aircel,91,9841,919841
India,Aircel,91,9842,919842
India,Vodafone,91,9843,919843
India,Idea,91,9844,919844
India,Bharti,91,9845,919845
India,VodaKera,91,9846,919846
India,Idea,91,9847,919847
India,Idea,91,9848,919848
India,Bharti,91,9849,919849
India,Idea,91,9850,919850
India,Aircel,91,9851,919851
India,Aircel,91,9852,919852
India,Aircel,91,9853,919853
India,Aircel,91,9854,919854
India,Idea,91,9855,919855
India,Aircel,91,9857,919857
India,Aircel,91,9859,919859
India,Bharti,91,9860,919860
India,Reliance,91,9861,919861
India,Airtel,91,9862,919862
India,Reliance,91,9863,919863
India,Reliance,91,9864,919864
India,Aircel,91,9865,919865
India,Bharti,91,9866,919866
India,Bharti,91,9867,919867
India,Bharti,91,9871,919871
India,Bharti,91,9872,919872
India,Vodafone,91,9873,919873
India,Vodafone,91,9874,919874
India,Bharti,91,9878,919878
India,VodaWI,91,9879,919879
India,Bharti,91,9880,919880
India,Idea,91,9881,919881
India,Idea,91,9882,919882
India,Reliance,91,9883,919883
India,Vodafone,91,9884,919884
India,Vodafone,91,9885,919885
India,Vodafone,91,9886,919886
India,Idea,91,9887,919887
India,Vodafone,91,9888,919888
India,Idea,91,9889,919889
India,Bharti,91,9890,919890
India,Idea,91,9891,919891
India,Bharti,91,9892,919892
India,Bharti,91,9893,919893
India,Bharti,91,9894,919894
India,Bharti,91,9895,919895
India,Bharti,91,9896,919896
India,Bharti,91,9897,919897
India,Bharti,91,9898,919898
India,Vodafone,91,9899,919899
India,,91,99,9199
India,Bharti,91,9900,919900
India,Bharti,91,9901,919901
India,Bharti,91,9902,919902
India,Bharti,91,9903,919903
India,Idea,91,9904,919904
India,Reliance,91,9905,919905
India,Bharti,91,9906,919906
India,Reliance,91,9907,919907
India,Bharti,91,9908,919908
India,VodaWI,91,9909,919909
India,Bharti,91,9910,919910
India,Idea,91,9911,919911
India,Idea,91,9912,919912
India,VodaWI,91,9913,919913
India,Idea,91,9914,919914
India,Bharti,91,9915,919915
India,Idea,91,9917,919917
India,Vodafone,91,9919,919919
India,Vodafone,91,9920,919920
India,Idea,91,9921,919921
India,Idea,91,9922,919922
India,Vodafone,91,9923,919923
India,Idea,91,9924,919924
India,VodaWI,91,9925,919925
India,Idea,91,9926,919926
India,Idea,91,9927,919927
India,Bharti,91,9928,919928
India,Bharti,91,9929,919929
India,Vodafone,91,9930,919930
India,Bharti,91,9931,919931
India,Airtel,91,9932,919932
India,Airtel,91,9933,919933
India,Airtel,91,9934,919934
India,Bharti,91,9935,919935
India,Bharti,91,9936,919936
India,Bharti,91,9937,919937
India,Bharti,91,9938,919938
India,Bharti,91,9939,919939
India,Bharti,91,99400,9199400
India,Bharti,91,99401,9199401
India,Bharti,91,99402,9199402
India,Bharti,91,99403,9199403
India,Bharti,91,99404,9199404
India,Bharti,91,99405,9199405
India,Bharti,91,99406,9199406
India,Bharti,91,99407,9199407
India,Bharti,91,99408,9199408
India,Bharti,91,99409,9199409
India,Aircel,91,9941,919941
India,Aircel,91,9942,919942
India,Vodafone,91,9943,919943
India,Bharti,91,9944,919944
India,Bharti,91,9945,919945
India,VodaKera,91,9946,919946
India,Idea,91,9947,919947
India,Idea,91,9948,919948
India,Bharti,91,9949,919949
India,Bharti,91,9950,919950
India,Idea,91,9951,919951
India,Bharti,91,99520,9199520
India,Bharti,91,99521,9199521
India,Bharti,91,99522,9199522
India,Bharti,91,99523,9199523
India,Bharti,91,99524,9199524
India,Bharti,91,99525,9199525
India,Bharti,91,99526,9199526
India,Bharti,91,99527,9199527
India,Bharti,91,99528,9199528
India,Bharti,91,99529,9199529
India,Vodafone,91,9953,919953
India,Airtel,91,9954,919954
India,Bharti,91,9955,919955
India,Bharti,91,9956,919956
India,Airtel,91,9957,919957
India,Bharti,91,9958,919958
India,Bharti,91,9959,919959
India,Bharti,91,9960,919960
India,Idea,91,9961,919961
India,Vodafone,91,9962,919962
India,Bharti,91,9963,919963
India,Idea,91,9964,919964
India,Aircel,91,9965,919965
India,Vodafone,91,9966,919966
India,Bharti,91,9967,919967
India,Bharti,91,9970,919970
India,Bharti,91,9971,919971
India,Bharti,91,9972,919972
India,Bharti,91,9973,919973
India,Bharti,91,9974,919974
India,Bharti,91,9975,919975
India,Aircel,91,9976,919976
India,Idea,91,9977,919977
India,VodaWI,91,9978,919978
India,VodaWI,91,9979,919979
India,Bharti,91,9980,919980
India,Bharti,91,9981,919981
India,Vodafone,91,9982,919982
India,Vodafone,91,9983,919983
India,Vodafone,91,9984,919984
India,Vodafone,91,9985,919985
India,Vodafone,91,9986,919986
India,Bharti,91,9987,919987
India,Vodafone,91,9988,919988
India,Bharti,91,9989,919989
India,Idea,91,9990,919990
India,Vodafone,91,9991,919991
India,Idea,91,9992,919992
India,Bharti,91,9993,919993
India,Bharti,91,9994,919994
India,Bharti,91,9995,919995
India,Bharti,91,9996,919996
India,Bharti,91,9997,919997
India,Bharti,91,9998,919998
India,Vodafone,91,9999,919999
Indonesia,Axis,62,,62
Indonesia,Axis,62,08,6208
Indonesia,PTIndosatTbk,62,1,621
Indonesia,Telkom,62,10,6210
Indonesia,IndoSAtTbk,62,21,6221
Indonesia,Telkom,62,811,62811
Indonesia,Telkom,62,812,62812
Indonesia,Telkom,62,813,62813
Indonesia,IndoSAtTbk,62,814,62814
Indonesia,IndoSAtTbk,62,815,62815
Indonesia,IndoSAtTbk,62,816,62816
Indonesia,XL,62,817,62817
Indonesia,XL,62,818,62818
Indonesia,XL,62,819,62819
Indonesia,Telkom,62,821,62821
Indonesia,Telkom,62,822,62822
Indonesia,Telkom,62,823,62823
Indonesia,Axis,62,831,62831
Indonesia,AXIS,62,838,62838
Indonesia,Telkom,62,852,62852
Indonesia,Telkom,62,853,62853
Indonesia,IndoSAtTbk,62,855,62855
Indonesia,IndoSAtTbk,62,856,62856
Indonesia,IndoSAtTbk,62,857,62857
Indonesia,IndoSAtTbk,62,858,62858
Indonesia,XL,62,859,62859
Indonesia,XL,62,878,62878
Indonesia,H3G,62,89,6289
Indonesia,IndosatOOrd,62,895,62895
Indonesia,3,62,896,62896
Indonesia,H3G,62,89641,6289641
Indonesia,3,62,897,62897
Indonesia,3,62,898,62898
Indonesia,3,62,899,62899
Indonesia,TimorTelecom,670,02,67002
Indonesia,TimorTelecom,670,77,67077
Indonesia,TimorTelecom,670,78,67078
International NW,Thuraya,882,,882
International NW,Thuraya,882,05,88205
International NW,Thuraya,882,16,88216
"Iran, Islamic Republic Of",Irancell,98,,98
"Iran, Islamic Republic Of",Rightel,98,20,9820
"Iran, Islamic Republic Of",Irancell,98,35,9835
"Iran, Islamic Republic Of",Irancell,98,432,98432
"Iran, Islamic Republic Of",Irancell,98,901,98901
"Iran, Islamic Republic Of",Irancell,98,902,98902
"Iran, Islamic Republic Of",Irancell,98,903,98903
"Iran, Islamic Republic Of",Hamrah Aval,98,91,9891
"Iran, Islamic Republic Of",Irancell,98,920,98920
"Iran, Islamic Republic Of",Irancell,98,921,98921
"Iran, Islamic Republic Of",Irancell,98,922,98922
"Iran, Islamic Republic Of",Irancell,98,930,98930
"Iran, Islamic Republic Of",MTCE,98,931,98931
"Iran, Islamic Republic Of",Taliya,98,932,98932
"Iran, Islamic Republic Of",Irancell,98,933,98933
"Iran, Islamic Republic Of",Kish-TCI,98,934,98934
"Iran, Islamic Republic Of",Irancell,98,935,98935
"Iran, Islamic Republic Of",Irancell,98,936,98936
"Iran, Islamic Republic Of",Irancell,98,937,98937
"Iran, Islamic Republic Of",Irancell,98,938,98938
"Iran, Islamic Republic Of",Irancell,98,939,98939
"Iran, Islamic Republic Of",Hamrah Aval,98,990,98990
"Iran, Islamic Republic Of",Irancell,98,999,98999
"Iran, Islamic Republic Of",SamanTel,98,9999,989999
Iraq,KorekTelec,964,,964
Iraq,KorekTelec,964,40,96440
Iraq,Korek,964,73,96473
Iraq,Itisaluna and Kalemat,964,74,96474
Iraq,Korek,964,75,96475
Iraq,KorekTelec,964,750,964750
Iraq,KorekTelec,964,7501,9647501
Iraq,KorekTelec,964,7503,9647503
Iraq,KorekTelec,964,7504,9647504
Iraq,KorekTelec,964,7505,9647505
Iraq,KorekTelec,964,7506,9647506
Iraq,KorekTelec,964,7507,9647507
Iraq,KorekTelec,964,75080,96475080
Iraq,KorekTelec,964,75081,96475081
Iraq,Mobitel  and Moutiny,964,76,96476
Iraq,AsiaCell,964,77,96477
Iraq,Zain,964,78,96478
Iraq,Zain,964,79,96479
Ireland,Telefonica,353,,353
Ireland,Telefonica,353,02,35302
Ireland,MeteorComLTD,353,03,35303
Ireland,,353,8,3538
Ireland,Three,353,83,35383
Ireland,,353,85,35385
Ireland,Telefonica,353,86,35386
Ireland,Vodafone,353,87,35387
Ireland,Tesco,353,89,35389
Ireland,Telefonica,353,8995,3538995
Ireland,Telefonica,353,8996,3538996
Ireland,VodaFIreland,882,28,88228
Ireland,VodaFIreland,882,39,88239
Isle Of Man,,44,,44
Israel,CellC Israel,972,,972
Israel,Orange,972,1,9721
Israel,CellC Israel,972,2,9722
Israel,,972,50,97250
Israel,CellC Israel,972,52,97252
Israel,Hot Mobile,972,53,97253
Israel,,972,54,97254
Israel,Home Cellular,972,5522,9725522
Israel,Home Cellular,972,5523,9725523
Israel,Rami Levy Hashikma Marketing,972,556,972556
Israel,Cellact,972,5570,9725570
Israel,Cellact,972,5571,9725571
Israel,,972,558,972558
Israel,019 Telecom,972,559,972559
Israel,Golan Telecom,972,58,97258
Italy,TIM-Maritime,39,,39
Italy,TIM-Maritime,39,01,3901
Italy,ILIAD Italy,39,02,3902
Italy,Elsacom S.p.A.,39,310,39310
Italy,Telespazio S.p.A.,39,31100,3931100
Italy,Telespazio S.p.A.,39,31101,3931101
Italy,Spal Telecommunications S.r.l.,39,31105,3931105
Italy,RFI Rete Ferroviaria Italiana S.p.A.,39,313,39313
Italy,Intermatica S.r.l.,39,319,39319
Italy,ILIAD Italy,39,320,39320
Italy,ILIAD Italy,39,3211,393211
Italy,ILIAD Italy,39,3212,393212
Italy,ILIAD Italy,39,3213,393213
Italy,ILIAD Italy,39,3214,393214
Italy,ILIAD Italy,39,3215,393215
Italy,ILIAD Italy,39,3216,393216
Italy,,39,322,39322
Italy,,39,323,39323
Italy,ILIAD Italy,39,324,39324
Italy,ILIAD Italy,39,327,39327
Italy,ILIAD Italy,39,328,39328
Italy,ILIAD Italy,39,329,39329
Italy,ILIAD Italy,39,330,39330
Italy,ILIAD Italy,39,331,39331
Italy,ILIAD Italy,39,333,39333
Italy,ILIAD Italy,39,334,39334
Italy,ILIAD Italy,39,335,39335
Italy,ILIAD Italy,39,336,39336
Italy,ILIAD Italy,39,337,39337
Italy,ILIAD Italy,39,338,39338
Italy,ILIAD Italy,39,339,39339
Italy,ILIAD Italy,39,340,39340
Italy,,39,341,39341
Italy,ILIAD Italy,39,342,39342
Italy,,39,343,39343
Italy,ILIAD Italy,39,344,39344
Italy,ILIAD Italy,39,345,39345
Italy,ILIAD Italy,39,346,39346
Italy,ILIAD Italy,39,347,39347
Italy,ILIAD Italy,39,348,39348
Italy,ILIAD Italy,39,349,39349
Italy,ILIAD Italy,39,350,39350
Italy,,39,3505,393505
Italy,,39,3510,393510
Italy,ILIAD Italy,39,3511,393511
Italy,,39,3512,393512
Italy,ILIAD Italy,39,3513,393513
Italy,ILIAD Italy,39,3514,393514
Italy,ILIAD Italy,39,3515,393515
Italy,ILIAD Italy,39,3516,393516
Italy,ILIAD Italy,39,3517,393517
Italy,ILIAD Italy,39,3518,393518
Italy,ILIAD Italy,39,3519,393519
Italy,ILIAD Italy,39,3520,393520
Italy,DigiItlySRL,39,3533,393533
Italy,DigiItlySRL,39,36,3936
Italy,ILIAD Italy,39,360,39360
Italy,,39,361,39361
Italy,,39,362,39362
Italy,,39,363,39363
Italy,ILIAD Italy,39,366,39366
Italy,ILIAD Italy,39,368,39368
Italy,,39,370,39370
Italy,ILIAD Italy,39,371,39371
Italy,,39,3710,393710
Italy,,39,3711,393711
Italy,,39,373,39373
Italy,ILIAD Italy,39,3755,393755
Italy,ILIAD Italy,39,3756,393756
Italy,,39,377,39377
Italy,ILIAD Italy,39,3783,393783
Italy,ILIAD Italy,39,3791,393791
Italy,ILIAD Italy,39,380,39380
Italy,,39,381,39381
Italy,,39,382,39382
Italy,,39,383,39383
Italy,ILIAD Italy,39,385,39385
Italy,ILIAD Italy,39,388,39388
Italy,ILIAD Italy,39,389,39389
Italy,,39,390,39390
Italy,,39,391,39391
Italy,H3G,39,392,39392
Italy,H3G,39,393,39393
Italy,,39,397,39397
Italy,Wind Telecom,39,88,3988
Jamaica,CWWI,1,,1
Jamaica,CWWI,1,180,1180
Jamaica,Digicel,187,,187
Jamaica,Digicel,187,246,187246
Jamaica,Digicel,187,50,18750
Jamaica,,1,876,1876
Jamaica,CWWI,1,87682,187682
Japan,NTTDoco,81,10,8110
Japan,SoftBank,81,20,8120
Japan,KDDICorporat,81,54,8154
Japan,,81,70,8170
Japan,KDDICorporat,81,7020,817020
Japan,KDDICorporat,81,7021,817021
Japan,KDDICorporat,81,7022,817022
Japan,KDDICorporat,81,7023,817023
Japan,KDDICorporat,81,7024,817024
Japan,KDDICorporat,81,7035,817035
Japan,KDDICorporat,81,7036,817036
Japan,KDDICorporat,81,7037,817037
Japan,KDDICorporat,81,7038,817038
Japan,KDDICorporat,81,7045,817045
Japan,KDDICorporat,81,7046,817046
Japan,KDDICorporat,81,7047,817047
Japan,KDDICorporat,81,7074,817074
Japan,KDDICorporat,81,7075,817075
Japan,KDDICorporat,81,7076,817076
Japan,KDDICorporat,81,7077,817077
Japan,KDDICorporat,81,708,81708
Japan,,81,80,8180
Japan,NTTDoco,81,801,81801
Japan,NTTDoco,81,802,81802
Japan,SoftBank,81,803,81803
Japan,SoftBank,81,8040,818040
Japan,SoftBank,81,8041,818041
Japan,SoftBank,81,8042,818042
Japan,SoftBank,81,8043,818043
Japan,SoftBank,81,8044,818044
Japan,SoftBank,81,8045,818045
Japan,SoftBank,81,8046,818046
Japan,SoftBank,81,8047,818047
Japan,SoftBank,81,8048,818048
Japan,SoftBank,81,8049,818049
Japan,KDDICorporat,81,805,81805
Japan,KDDICorporat,81,806,81806
Japan,NTTDoco,81,808,81808
Japan,KDDICorporat,81,8090,818090
Japan,SoftBank,81,8091,818091
Japan,NTTDoco,81,8092,818092
Japan,KDDICorporat,81,8093,818093
Japan,SoftBank,81,8094,818094
Japan,NTTDoco,81,8095,818095
Japan,SoftBank,81,80960,8180960
Japan,KDDICorporat,81,8098,818098
Japan,NTTDoco,81,80990,8180990
Japan,NTTDoco,81,80991,8180991
Japan,NTTDoco,81,80992,8180992
Japan,NTTDoco,81,80993,8180993
Japan,NTTDoco,81,80994,8180994
Japan,NTTDoco,81,80995,8180995
Japan,NTTDoco,81,80996,8180996
Japan,,81,90,8190
Japan,NTTDoco,81,9010,819010
Japan,KDDICorporat,81,90110,8190110
Japan,NTTDoco,81,90111,8190111
Japan,NTTDoco,81,90112,8190112
Japan,KDDICorporat,81,90113,8190113
Japan,KDDICorporat,81,90114,8190114
Japan,KDDICorporat,81,90115,8190115
Japan,KDDICorporat,81,90116,8190116
Japan,KDDICorporat,81,90117,8190117
Japan,KDDICorporat,81,90118,8190118
Japan,KDDICorporat,81,90119,8190119
Japan,KDDICorporat,81,9012,819012
Japan,SoftBank,81,9013,819013
Japan,NTTDoco,81,9014,819014
Japan,NTTDoco,81,9015,819015
Japan,NTTDoco,81,9016,819016
Japan,SoftBank,81,9017,819017
Japan,KDDICorporat,81,90180,8190180
Japan,KDDICorporat,81,90181,8190181
Japan,KDDICorporat,81,90182,8190182
Japan,KDDICorporat,81,90183,8190183
Japan,KDDICorporat,81,90184,8190184
Japan,KDDICorporat,81,90185,8190185
Japan,KDDICorporat,81,90186,8190186
Japan,NTTDoco,81,90187,8190187
Japan,NTTDoco,81,90188,8190188
Japan,NTTDoco,81,90189,8190189
Japan,KDDICorporat,81,90190,8190190
Japan,KDDICorporat,81,90191,8190191
Japan,KDDICorporat,81,90192,8190192
Japan,KDDICorporat,81,90193,8190193
Japan,KDDICorporat,81,90194,8190194
Japan,KDDICorporat,81,90195,8190195
Japan,KDDICorporat,81,90196,8190196
Japan,KDDICorporat,81,90197,8190197
Japan,NTTDoco,81,90198,8190198
Japan,NTTDoco,81,90199,8190199
Japan,KDDICorporat,81,9020,819020
Japan,NTTDoco,81,9021,819021
Japan,NTTDoco,81,9022,819022
Japan,NTTDoco,81,9023,819023
Japan,NTTDoco,81,9024,819024
Japan,NTTDoco,81,9025,819025
Japan,NTTDoco,81,9026,819026
Japan,NTTDoco,81,9027,819027
Japan,SoftBank,81,9028,819028
Japan,KDDICorporat,81,90290,8190290
Japan,KDDICorporat,81,90291,8190291
Japan,SoftBank,81,90292,8190292
Japan,KDDICorporat,81,90293,8190293
Japan,KDDICorporat,81,90294,8190294
Japan,SoftBank,81,90295,8190295
Japan,SoftBank,81,90296,8190296
Japan,SoftBank,81,90297,8190297
Japan,SoftBank,81,90298,8190298
Japan,SoftBank,81,90299,8190299
Japan,NTTDoco,81,9030,819030
Japan,NTTDoco,81,9031,819031
Japan,NTTDoco,81,9032,819032
Japan,NTTDoco,81,9033,819033
Japan,NTTDoco,81,90340,8190340
Japan,SoftBank,81,90341,8190341
Japan,SoftBank,81,90342,8190342
Japan,KDDICorporat,81,90343,8190343
Japan,KDDICorporat,81,90344,8190344
Japan,KDDICorporat,81,90345,8190345
Japan,NTTDoco,81,90346,8190346
Japan,NTTDoco,81,90347,8190347
Japan,NTTDoco,81,90348,8190348
Japan,NTTDoco,81,90349,8190349
Japan,KDDICorporat,81,9035,819035
Japan,KDDICorporat,81,9036,819036
Japan,KDDICorporat,81,9037,819037
Japan,KDDICorporat,81,9038,819038
Japan,SoftBank,81,90390,8190390
Japan,SoftBank,81,90391,8190391
Japan,SoftBank,81,90392,8190392
Japan,SoftBank,81,90393,8190393
Japan,SoftBank,81,90394,8190394
Japan,SoftBank,81,90395,8190395
Japan,SoftBank,81,90396,8190396
Japan,SoftBank,81,90397,8190397
Japan,KDDICorporat,81,90398,8190398
Japan,KDDICorporat,81,90399,8190399
Japan,NTTDoco,81,9040,819040
Japan,SoftBank,81,90410,8190410
Japan,NTTDoco,81,90411,8190411
Japan,KDDICorporat,81,90415,8190415
Japan,KDDICorporat,81,90416,8190416
Japan,KDDICorporat,81,90417,8190417
Japan,KDDICorporat,81,90418,8190418
Japan,KDDICorporat,81,90419,8190419
Japan,KDDICorporat,81,90420,8190420
Japan,KDDICorporat,81,90421,8190421
Japan,KDDICorporat,81,90422,8190422
Japan,KDDICorporat,81,90423,8190423
Japan,KDDICorporat,81,90424,8190424
Japan,KDDICorporat,81,90425,8190425
Japan,SoftBank,81,90426,8190426
Japan,SoftBank,81,90427,8190427
Japan,SoftBank,81,90428,8190428
Japan,SoftBank,81,90429,8190429
Japan,KDDICorporat,81,9044,819044
Japan,SoftBank,81,9060,819060
Japan,KDDICorporat,81,9061,819061
Japan,KDDICorporat,81,9062,819062
Japan,KDDICorporat,81,9063,819063
Japan,SoftBank,81,9064,819064
Japan,SoftBank,81,9065,819065
Japan,SoftBank,81,90660,8190660
Japan,SoftBank,81,90661,8190661
Japan,SoftBank,81,90662,8190662
Japan,SoftBank,81,90663,8190663
Japan,SoftBank,81,90664,8190664
Japan,SoftBank,81,90665,8190665
Japan,SoftBank,81,90666,8190666
Japan,SoftBank,81,90667,8190667
Japan,SoftBank,81,90668,8190668
Japan,KDDICorporat,81,90670,8190670
Japan,KDDICorporat,81,90671,8190671
Japan,KDDICorporat,81,90672,8190672
Japan,KDDICorporat,81,90673,8190673
Japan,KDDICorporat,81,90674,8190674
Japan,KDDICorporat,81,90675,8190675
Japan,KDDICorporat,81,90683,8190683
Japan,KDDICorporat,81,90685,8190685
Japan,KDDICorporat,81,90686,8190686
Japan,KDDICorporat,81,90687,8190687
Japan,KDDICorporat,81,9075,819075
Japan,KDDICorporat,81,90804,8190804
Japan,KDDICorporat,81,90805,8190805
Japan,KDDICorporat,81,90806,8190806
Japan,SoftBank,81,90807,8190807
Japan,KDDICorporat,81,90808,8190808
Japan,SoftBank,81,90809,8190809
Japan,KDDICorporat,81,9081,819081
Japan,KDDICorporat,81,9082,819082
Japan,KDDICorporat,81,90830,8190830
Japan,KDDICorporat,81,90831,8190831
Japan,KDDICorporat,81,90832,8190832
Japan,KDDICorporat,81,90833,8190833
Japan,SoftBank,81,90834,8190834
Japan,SoftBank,81,90835,8190835
Japan,KDDICorporat,81,90836,8190836
Japan,KDDICorporat,81,90837,8190837
Japan,KDDICorporat,81,90838,8190838
Japan,KDDICorporat,81,90839,8190839
Japan,SoftBank,81,90840,8190840
Japan,KDDICorporat,81,90843,8190843
Japan,KDDICorporat,81,90844,8190844
Japan,SoftBank,81,90845,8190845
Japan,SoftBank,81,90846,8190846
Japan,SoftBank,81,90847,8190847
Japan,SoftBank,81,90848,8190848
Japan,SoftBank,81,90849,8190849
Japan,SoftBank,81,90850,8190850
Japan,SoftBank,81,90851,8190851
Japan,SoftBank,81,90852,8190852
Japan,SoftBank,81,90853,8190853
Japan,SoftBank,81,90854,8190854
Japan,SoftBank,81,90855,8190855
Japan,SoftBank,81,90856,8190856
Japan,SoftBank,81,90860,8190860
Japan,SoftBank,81,90861,8190861
Japan,SoftBank,81,90862,8190862
Japan,SoftBank,81,9091,819091
Japan,KDDICorporat,81,9092,819092
Japan,KDDICorporat,81,9093,819093
Japan,SoftBank,81,9094,819094
Japan,KDDICorporat,81,90960,8190960
Japan,KDDICorporat,81,90961,8190961
Japan,KDDICorporat,81,90962,8190962
Japan,KDDICorporat,81,90963,8190963
Japan,KDDICorporat,81,90964,8190964
Japan,SoftBank,81,90965,8190965
Japan,KDDICorporat,81,90966,8190966
Japan,KDDICorporat,81,90967,8190967
Japan,SoftBank,81,90968,8190968
Japan,SoftBank,81,90969,8190969
Japan,KDDICorporat,81,9097,819097
Japan,SoftBank,81,9098,819098
Japan,SoftBank,81,9099,819099
Jersey,,44,,44
Jersey,JerseyTel,44,121768,44121768
Jersey,JerseyTel,44,153428,44153428
Jersey,JerseyTel,44,153444,44153444
Jersey,JerseyTel,44,153448,44153448
Jersey,JerseyTel,44,153449,44153449
Jersey,JerseyTel,44,153450,44153450
Jersey,JerseyTel,44,153451,44153451
Jersey,JerseyTel,44,153455,44153455
Jersey,JerseyTel,44,153460,44153460
Jersey,JerseyTel,44,153461,44153461
Jersey,JerseyTel,44,153462,44153462
Jersey,JerseyTel,44,153463,44153463
Jersey,JerseyTel,44,153464,44153464
Jersey,JerseyTel,44,153465,44153465
Jersey,JerseyTel,44,153467,44153467
Jersey,JerseyTel,44,153470,44153470
Jersey,JerseyTel,44,153471,44153471
Jersey,JerseyTel,44,153472,44153472
Jersey,JerseyTel,44,153473,44153473
Jersey,JerseyTel,44,153474,44153474
Jersey,JerseyTel,44,153475,44153475
Jersey,JerseyTel,44,153476,44153476
Jersey,JerseyTel,44,153478,44153478
Jersey,JerseyTel,44,153481,44153481
Jersey,JerseyTel,44,153482,44153482
Jersey,JerseyTel,44,153483,44153483
Jersey,JerseyTel,44,153484,44153484
Jersey,JerseyTel,44,153485,44153485
Jersey,JerseyTel,44,153486,44153486
Jersey,JerseyTel,44,153487,44153487
Jersey,JerseyTel,44,153488,44153488
Jersey,JerseyTel,44,50,4450
Jersey,JerseyTel,44,75090,4475090
Jersey,JerseyTel,44,75091,4475091
Jersey,JerseyTel,44,75092,4475092
Jersey,JerseyTel,44,75093,4475093
Jersey,JerseyTel,44,75094,4475094
Jersey,JerseyTel,44,75095,4475095
Jersey,JerseyTel,44,75096,4475096
Jersey,JerseyTel,44,75097,4475097
Jersey,JerseyTel,44,75591,4475591
Jersey,JerseyTel,44,75718,4475718
Jersey,JerseyTel,44,75898,4475898
Jersey,JerseyTel,44,75899,4475899
Jersey,JerseyTel,44,77977,4477977
Jersey,JerseyTel,44,77978,4477978
Jersey,JerseyTel,44,77979,4477979
Jersey,JerseyTel,44,79111,4479111
Jersey,JerseyTel,44,79117,4479117
Jersey,JerseyTel,44,7937,447937
Jordan,Omniah Jord,962,,962
Jordan,Omniah Jord,962,03,96203
Jordan,Xpress Telec,962,2,9622
Jordan,Xpress Telec,962,74,96274
Jordan,Orange,962,77,96277
Jordan,Omniah Jord,962,78,96278
Jordan,Omniah Jord,962,78890,96278890
Jordan,Omniah Jord,962,78891,96278891
Jordan,Omniah Jord,962,78892,96278892
Jordan,Omniah Jord,962,78893,96278893
Jordan,Zain,962,79,96279
Kazakhstan,Kartel,7,,7
Kazakhstan,Kartel,7,01,701
Kazakhstan,Kcell,7,02,702
Kazakhstan,Altel,7,700,7700
Kazakhstan,Kcell,7,701,7701
Kazakhstan,KCell GSM,7,702,7702
Kazakhstan,Beeline,7,705,7705
Kazakhstan,MobTelcomLLP,7,707,7707
Kazakhstan,MobTelcomLLP,7,747,7747
Kazakhstan,MobTelcomLLP,7,77,777
Kazakhstan,Kartel,7,771,7771
Kazakhstan,Kcell,7,775,7775
Kazakhstan,Kartel,7,776,7776
Kazakhstan,Beeline,7,777,7777
Kenya,KenCell,254,,254
Kenya,SafaricomKE,254,02,25402
Kenya,SafaricomKE,254,20,25420
Kenya,KenCell,254,3,2543
Kenya,SafaricomKE,254,41,25441
Kenya,SafaricomKE,254,44,25444
Kenya,SafaricomKE,254,46,25446
Kenya,SafaricomKE,254,51,25451
Kenya,SafaricomKE,254,56,25456
Kenya,SafaricomKE,254,57,25457
Kenya,SafaricomKE,254,61,25461
Kenya,Safaricom,254,70,25470
Kenya,Safaricom,254,71,25471
Kenya,Safaricom,254,72,25472
Kenya,Airtel,254,73,25473
Kenya,KenCell,254,733,254733
Kenya,Yu,254,75,25475
Kenya,Equitel,254,763,254763
Kenya,Orange,254,77,25477
Kenya,Airtel,254,78,25478
Kiribati,Vodafone,686,01,68601
Kiribati,Vodafone,686,3,6863
Kiribati,Vodafone,686,4,6864
Kiribati,,686,6,6866
Kiribati,Vodafone,686,7,6867
Kiribati,Vodafone,686,80,68680
Kiribati,Vodafone,686,81,68681
Kiribati,Vodafone,686,82,68682
Kiribati,Vodafone,686,83,68683
Kiribati,Vodafone,686,84,68684
Kiribati,Vodafone,686,85,68685
Kiribati,,686,9,6869
Kosovo,IPKOTELECLLC,383,02,38302
Kosovo,IPKOTELECLLC,383,43,38343
Kosovo,Post_and_Telecom_of_Kosovo,383,44,38344
Kosovo,Z mobile,383,45,38345
Kosovo,IPKOTELECLLC,383,48,38348
Kosovo,IPKO,383,49,38349
Kuwait,VirginMobil,965,09,96509
Kuwait,VirginMobil,965,41,96541
Kuwait,Viva,965,5,9655
Kuwait,Wataniya,965,6,9656
Kuwait,Zain,965,9,9659
Kyrgyzstan,SkyMobil,996,01,99601
Kyrgyzstan,AlfaTelKyrgy,996,05,99605
Kyrgyzstan,Nurtelecom,996,09,99609
Kyrgyzstan,Nurtelecom,996,312,996312
Kyrgyzstan,,996,5,9965
Kyrgyzstan,AlfaTelKyrgy,996,55,99655
Kyrgyzstan,Nurtelecom,996,70,99670
Kyrgyzstan,SkyMobil,996,770,996770
Kyrgyzstan,SkyMobil,996,771,996771
Kyrgyzstan,SkyMobil,996,772,996772
Kyrgyzstan,SkyMobil,996,773,996773
Kyrgyzstan,SkyMobil,996,775,996775
Kyrgyzstan,SkyMobil,996,777,996777
Kyrgyzstan,SkyMobil,996,778,996778
Kyrgyzstan,SkyMobil,996,779,996779
Lao People's Democratic Republic,,856,20,85620
Laos,StarTlComSTL,856,03,85603
Laos,VimpelLA,856,04,85604
Laos,VimpelLA,856,207,856207
Laos,StarTlComSTL,856,209,856209
Laos,StarTlComSTL,856,304,856304
Laos,VimpelLA,856,307,856307
Laos,StarTlComSTL,856,309,856309
Latvia,LMT Latvia,371,,371
Latvia,LMT Latvia,371,01,37101
Latvia,SIABiteMobil,371,05,37105
Latvia,,371,2,3712
Latvia,SIABiteMobil,371,200,371200
Latvia,SIABiteMobil,371,2010,3712010
Latvia,SIABiteMobil,371,2011,3712011
Latvia,SIABiteMobil,371,2012,3712012
Latvia,SIABiteMobil,371,2013,3712013
Latvia,SIABiteMobil,371,2014,3712014
Latvia,SIABiteMobil,371,2015,3712015
Latvia,SIABiteMobil,371,2016,3712016
Latvia,SIABiteMobil,371,2017,3712017
Latvia,SIABiteMobil,371,2018,3712018
Latvia,SIABiteMobil,371,2019,3712019
Latvia,LMT Latvia,371,202,371202
Latvia,SIABiteMobil,371,203,371203
Latvia,SIABiteMobil,371,204,371204
Latvia,SIABiteMobil,371,205,371205
Latvia,SIABiteMobil,371,206,371206
Latvia,SIABiteMobil,371,207,371207
Latvia,SIABiteMobil,371,208,371208
Latvia,SIABiteMobil,371,21,37121
Latvia,LMT Latvia,371,2200,3712200
Latvia,LMT Latvia,371,2201,3712201
Latvia,LMT Latvia,371,2202,3712202
Latvia,LMT Latvia,371,2203,3712203
Latvia,LMT Latvia,371,2204,3712204
Latvia,SIABiteMobil,371,2205,3712205
Latvia,SIABiteMobil,371,2206,3712206
Latvia,SIABiteMobil,371,2207,3712207
Latvia,SIABiteMobil,371,2208,3712208
Latvia,SIABiteMobil,371,2209,3712209
Latvia,SIABiteMobil,371,221,371221
Latvia,SIABiteMobil,371,222,371222
Latvia,SIABiteMobil,371,2230,3712230
Latvia,SIABiteMobil,371,2231,3712231
Latvia,SIABiteMobil,371,2232,3712232
Latvia,SIABiteMobil,371,2233,3712233
Latvia,SIABiteMobil,371,2234,3712234
Latvia,SIABiteMobil,371,2235,3712235
Latvia,SIABiteMobil,371,2236,3712236
Latvia,SIABiteMobil,371,2237,3712237
Latvia,SIABiteMobil,371,2238,3712238
Latvia,SIABiteMobil,371,2239,3712239
Latvia,LMT Latvia,371,224,371224
Latvia,SIABiteMobil,371,225,371225
Latvia,SIABiteMobil,371,2260,3712260
Latvia,SIABiteMobil,371,2261,3712261
Latvia,SIABiteMobil,371,2262,3712262
Latvia,SIABiteMobil,371,2263,3712263
Latvia,SIABiteMobil,371,2264,3712264
Latvia,SIABiteMobil,371,2265,3712265
Latvia,SIABiteMobil,371,2266,3712266
Latvia,SIABiteMobil,371,2267,3712267
Latvia,SIABiteMobil,371,2268,3712268
Latvia,SIABiteMobil,371,2269,3712269
Latvia,SIABiteMobil,371,2270,3712270
Latvia,SIABiteMobil,371,2271,3712271
Latvia,SIABiteMobil,371,2272,3712272
Latvia,SIABiteMobil,371,2273,3712273
Latvia,SIABiteMobil,371,2274,3712274
Latvia,SIABiteMobil,371,2275,3712275
Latvia,SIABiteMobil,371,2276,3712276
Latvia,SIABiteMobil,371,2277,3712277
Latvia,SIABiteMobil,371,2278,3712278
Latvia,SIABiteMobil,371,2279,3712279
Latvia,SIABiteMobil,371,2280,3712280
Latvia,SIABiteMobil,371,2281,3712281
Latvia,SIABiteMobil,371,2282,3712282
Latvia,SIABiteMobil,371,2283,3712283
Latvia,SIABiteMobil,371,2284,3712284
Latvia,SIABiteMobil,371,2285,3712285
Latvia,SIABiteMobil,371,2286,3712286
Latvia,SIABiteMobil,371,2287,3712287
Latvia,SIABiteMobil,371,2288,3712288
Latvia,SIABiteMobil,371,2289,3712289
Latvia,SIABiteMobil,371,229,371229
Latvia,SIABiteMobil,371,23,37123
Latvia,SIABiteMobil,371,24,37124
Latvia,SIABiteMobil,371,250,371250
Latvia,LMT Latvia,371,254,371254
Latvia,SIABiteMobil,371,2550,3712550
Latvia,SIABiteMobil,371,2551,3712551
Latvia,SIABiteMobil,371,2552,3712552
Latvia,SIABiteMobil,371,2553,3712553
Latvia,SIABiteMobil,371,2554,3712554
Latvia,SIABiteMobil,371,2555,3712555
Latvia,LMT Latvia,371,2556,3712556
Latvia,LMT Latvia,371,2557,3712557
Latvia,LMT Latvia,371,2558,3712558
Latvia,LMT Latvia,371,2559,3712559
Latvia,LMT Latvia,371,256,371256
Latvia,SIABiteMobil,371,257,371257
Latvia,SIABiteMobil,371,2580,3712580
Latvia,SIABiteMobil,371,2581,3712581
Latvia,SIABiteMobil,371,2582,3712582
Latvia,SIABiteMobil,371,2583,3712583
Latvia,SIABiteMobil,371,2584,3712584
Latvia,SIABiteMobil,371,2585,3712585
Latvia,SIABiteMobil,371,2586,3712586
Latvia,SIABiteMobil,371,2587,3712587
Latvia,SIABiteMobil,371,2588,3712588
Latvia,SIABiteMobil,371,2589,3712589
Latvia,SIABiteMobil,371,259,371259
Latvia,SIABiteMobil,371,260,371260
Latvia,LMT Latvia,371,261,371261
Latvia,LMT Latvia,371,262,371262
Latvia,LMT Latvia,371,263,371263
Latvia,LMT Latvia,371,264,371264
Latvia,LMT Latvia,371,265,371265
Latvia,LMT Latvia,371,266,371266
Latvia,SIABiteMobil,371,267,371267
Latvia,SIABiteMobil,371,268,371268
Latvia,SIABiteMobil,371,269,371269
Latvia,SIABiteMobil,371,270,371270
Latvia,SIABiteMobil,371,271,371271
Latvia,SIABiteMobil,371,2720,3712720
Latvia,SIABiteMobil,371,2721,3712721
Latvia,SIABiteMobil,371,2722,3712722
Latvia,SIABiteMobil,371,2723,3712723
Latvia,SIABiteMobil,371,2724,3712724
Latvia,SIABiteMobil,371,2725,3712725
Latvia,SIABiteMobil,371,2726,3712726
Latvia,SIABiteMobil,371,2727,3712727
Latvia,SIABiteMobil,371,2728,3712728
Latvia,SIABiteMobil,371,2729,3712729
Latvia,SIABiteMobil,371,273,371273
Latvia,SIABiteMobil,371,274,371274
Latvia,SIABiteMobil,371,275,371275
Latvia,SIABiteMobil,371,2760,3712760
Latvia,SIABiteMobil,371,2761,3712761
Latvia,SIABiteMobil,371,2762,3712762
Latvia,SIABiteMobil,371,2763,3712763
Latvia,SIABiteMobil,371,2764,3712764
Latvia,SIABiteMobil,371,2765,3712765
Latvia,SIABiteMobil,371,2766,3712766
Latvia,SIABiteMobil,371,2767,3712767
Latvia,SIABiteMobil,371,2768,3712768
Latvia,SIABiteMobil,371,2769,3712769
Latvia,SIABiteMobil,371,277,371277
Latvia,SIABiteMobil,371,2777,3712777
Latvia,LMT Latvia,371,278,371278
Latvia,SIABiteMobil,371,279,371279
Latvia,SIABiteMobil,371,2790,3712790
Latvia,SIABiteMobil,371,2792,3712792
Latvia,SIABiteMobil,371,2799,3712799
Latvia,SIABiteMobil,371,280,371280
Latvia,SIABiteMobil,371,282,371282
Latvia,LMT Latvia,371,283,371283
Latvia,SIABiteMobil,371,2840,3712840
Latvia,SIABiteMobil,371,2841,3712841
Latvia,SIABiteMobil,371,2842,3712842
Latvia,SIABiteMobil,371,2843,3712843
Latvia,SIABiteMobil,371,2844,3712844
Latvia,SIABiteMobil,371,2845,3712845
Latvia,SIABiteMobil,371,2846,3712846
Latvia,SIABiteMobil,371,2847,3712847
Latvia,SIABiteMobil,371,2848,3712848
Latvia,LMT Latvia,371,2849,3712849
Latvia,SIABiteMobil,371,285,371285
Latvia,LMT Latvia,371,286,371286
Latvia,LMT Latvia,371,287,371287
Latvia,SIABiteMobil,371,288,371288
Latvia,SIABiteMobil,371,289,371289
Latvia,SIABiteMobil,371,290,371290
Latvia,LMT Latvia,371,291,371291
Latvia,LMT Latvia,371,292,371292
Latvia,LMT Latvia,371,293,371293
Latvia,LMT Latvia,371,294,371294
Latvia,SIABiteMobil,371,295,371295
Latvia,SIABiteMobil,371,296,371296
Latvia,SIABiteMobil,371,297,371297
Latvia,SIABiteMobil,371,298,371298
Latvia,SIABiteMobil,371,299,371299
Latvia,SIABiteMobil,371,79991,37179991
Latvia,SIABiteMobil,371,79995,37179995
Lebanon,Cellis,961,,961
Lebanon,Cellis,961,01,96101
Lebanon,MIC2Touch,961,03,96103
Lebanon,,961,3,9613
Lebanon,MIC2Touch,961,30,96130
Lebanon,Cellis,961,31,96131
Lebanon,MIC2Touch,961,36,96136
Lebanon,MIC2Touch,961,37,96137
Lebanon,MIC2Touch,961,38,96138
Lebanon,MIC2Touch,961,39,96139
Lebanon,,961,70,96170
Lebanon,MIC2Touch,961,700,961700
Lebanon,MIC2Touch,961,706,961706
Lebanon,MIC2Touch,961,707,961707
Lebanon,MIC2Touch,961,708,961708
Lebanon,MIC2Touch,961,709,961709
Lebanon,,961,71,96171
Lebanon,MIC2Touch,961,711,961711
Lebanon,MIC2Touch,961,712,961712
Lebanon,MIC2Touch,961,713,961713
Lebanon,MIC2Touch,961,714,961714
Lebanon,MIC2Touch,961,715,961715
Lebanon,,961,76,96176
Lebanon,MIC2Touch,961,760,961760
Lebanon,MIC2Touch,961,766,961766
Lebanon,MIC2Touch,961,767,961767
Lebanon,MIC2Touch,961,768,961768
Lebanon,MIC2Touch,961,769,961769
Lebanon,MIC2Touch,961,788,961788
Lebanon,MIC2Touch,961,7899,9617899
Lebanon,MIC2Touch,961,816,961816
Lebanon,MIC2Touch,961,817,961817
Lesotho,Vodacom,266,,266
Lesotho,EconetLe,266,02,26602
Lesotho,Vodacom,266,1,2661
Lesotho,EconetLe,266,28,26628
Lesotho,,266,58,26658
Lesotho,,266,6,2666
Lesotho,Vodacom,266,9,2669
Liberia,Lonestar Cel,231,,231
Liberia,LonestarCorP,231,01,23101
Liberia,CellCLiberia,231,07,23107
Liberia,Lonestar Cel,231,1,2311
Liberia,,231,46,23146
Liberia,,231,47,23147
Liberia,,231,5,2315
Liberia,LonestarCorP,231,55,23155
Liberia,,231,64,23164
Liberia,,231,65,23165
Liberia,,231,7,2317
Liberia,CellCLiberia,231,72,23172
Liberia,CellCLiberia,231,73,23173
Liberia,CellCLiberia,231,74,23174
Liberia,CellCLiberia,231,75,23175
Liberia,CellCLiberia,231,76,23176
Liberia,CellCLiberia,231,77,23177
Liberia,CellCLiberia,231,78,23178
Liberia,LonestarCorP,231,88,23188
Liberia,Lonestar Cel,231,9,2319
Libya,ALMADAR,218,,218
Libya,Libyana Mob,218,00,21800
Libya,ALMADAR,218,01,21801
Libya,AL-MADAR,218,91,21891
Libya,LIBYANA,218,92,21892
Libya,LIBYANA,218,94,21894
Liechtenstein,Orange,423,,423
Liechtenstein,Salt Liecht,423,02,42302
Liechtenstein,TelecomLiech,423,05,42305
Liechtenstein,Orange,423,2,4232
Liechtenstein,TelecomLiech,423,660,423660
Liechtenstein,TelecomLiech,423,661,423661
Liechtenstein,TelecomLiech,423,662,423662
Liechtenstein,TelecomLiech,423,669,423669
Liechtenstein,TelecomLiech,423,671,423671
Liechtenstein,TelecomLiech,423,697,423697
Liechtenstein,Salt Liecht,423,69756,42369756
Liechtenstein,Salt Liecht,423,6978,4236978
Liechtenstein,,423,7,4237
Liechtenstein,Orange,423,756,423756
Liechtenstein,Tele 2 AG,423,77,42377
Liechtenstein,Salt Liecht,423,78,42378
Liechtenstein,TelecomLiech,423,79,42379
Liechtenstein,Tele 2 AG,423,91,42391
Lithuania,Omnitel,370,,370
Lithuania,Omnitel,370,01,37001
Lithuania,UAB Bite Lietuva,370,02,37002
Lithuania,UAB Bite Lietuva,370,2019,3702019
Lithuania,UAB Bite Lietuva,370,206,370206
Lithuania,UAB Bite Lietuva,370,207,370207
Lithuania,UAB Bite Lietuva,370,208,370208
Lithuania,UAB Bite Lietuva,370,21,37021
Lithuania,UAB Bite Lietuva,370,2205,3702205
Lithuania,UAB Bite Lietuva,370,2206,3702206
Lithuania,UAB Bite Lietuva,370,2207,3702207
Lithuania,UAB Bite Lietuva,370,2208,3702208
Lithuania,UAB Bite Lietuva,370,2209,3702209
Lithuania,UAB Bite Lietuva,370,221,370221
Lithuania,UAB Bite Lietuva,370,222,370222
Lithuania,UAB Bite Lietuva,370,2239,3702239
Lithuania,UAB Bite Lietuva,370,225,370225
Lithuania,UAB Bite Lietuva,370,2280,3702280
Lithuania,UAB Bite Lietuva,370,2281,3702281
Lithuania,UAB Bite Lietuva,370,2282,3702282
Lithuania,UAB Bite Lietuva,370,2283,3702283
Lithuania,UAB Bite Lietuva,370,2284,3702284
Lithuania,UAB Bite Lietuva,370,2550,3702550
Lithuania,UAB Bite Lietuva,370,2551,3702551
Lithuania,UAB Bite Lietuva,370,2552,3702552
Lithuania,UAB Bite Lietuva,370,2553,3702553
Lithuania,UAB Bite Lietuva,370,2554,3702554
Lithuania,UAB Bite Lietuva,370,2555,3702555
Lithuania,UAB Bite Lietuva,370,2585,3702585
Lithuania,UAB Bite Lietuva,370,2586,3702586
Lithuania,UAB Bite Lietuva,370,2587,3702587
Lithuania,UAB Bite Lietuva,370,2588,3702588
Lithuania,UAB Bite Lietuva,370,2720,3702720
Lithuania,UAB Bite Lietuva,370,2721,3702721
Lithuania,UAB Bite Lietuva,370,2728,3702728
Lithuania,UAB Bite Lietuva,370,2729,3702729
Lithuania,UAB Bite Lietuva,370,273,370273
Lithuania,UAB Bite Lietuva,370,274,370274
Lithuania,UAB Bite Lietuva,370,275,370275
Lithuania,UAB Bite Lietuva,370,2760,3702760
Lithuania,UAB Bite Lietuva,370,2761,3702761
Lithuania,UAB Bite Lietuva,370,2762,3702762
Lithuania,UAB Bite Lietuva,370,2763,3702763
Lithuania,UAB Bite Lietuva,370,2764,3702764
Lithuania,UAB Bite Lietuva,370,2765,3702765
Lithuania,UAB Bite Lietuva,370,2766,3702766
Lithuania,UAB Bite Lietuva,370,2767,3702767
Lithuania,UAB Bite Lietuva,370,277,370277
Lithuania,UAB Bite Lietuva,370,2792,3702792
Lithuania,UAB Bite Lietuva,370,2799,3702799
Lithuania,Tele2,370,6,3706
Lithuania,Omnitel,370,610,370610
Lithuania,Omnitel,370,611,370611
Lithuania,Omnitel,370,612,370612
Lithuania,Omnitel,370,613,370613
Lithuania,Omnitel,370,614,370614
Lithuania,Omnitel,370,615,370615
Lithuania,Omnitel,370,616,370616
Lithuania,Omnitel,370,617,370617
Lithuania,Omnitel,370,618,370618
Lithuania,Omnitel,370,619,370619
Lithuania,Omnitel,370,620,370620
Lithuania,Omnitel,370,621,370621
Lithuania,Omnitel,370,622,370622
Lithuania,Omnitel,370,623,370623
Lithuania,Omnitel,370,624,370624
Lithuania,Omnitel,370,625,370625
Lithuania,Omnitel,370,626,370626
Lithuania,Omnitel,370,627,370627
Lithuania,Omnitel,370,628,370628
Lithuania,Omnitel,370,629,370629
Lithuania,UAB Bite Lietuva,370,63,37063
Lithuania,UAB Bite Lietuva,370,640,370640
Lithuania,UAB Bite Lietuva,370,641,370641
Lithuania,UAB Bite Lietuva,370,642,370642
Lithuania,UAB Bite Lietuva,370,643,370643
Lithuania,UAB Bite Lietuva,370,644,370644
Lithuania,UAB Bite Lietuva,370,649,370649
Lithuania,UAB Bite Lietuva,370,65,37065
Lithuania,UAB Bite Lietuva,370,660,370660
Lithuania,UAB Bite Lietuva,370,6611,3706611
Lithuania,UAB Bite Lietuva,370,6612,3706612
Lithuania,UAB Bite Lietuva,370,6613,3706613
Lithuania,UAB Bite Lietuva,370,6614,3706614
Lithuania,UAB Bite Lietuva,370,6615,3706615
Lithuania,UAB Bite Lietuva,370,6616,3706616
Lithuania,UAB Bite Lietuva,370,6617,3706617
Lithuania,UAB Bite Lietuva,370,6618,3706618
Lithuania,UAB Bite Lietuva,370,6619,3706619
Lithuania,Omnitel,370,662,370662
Lithuania,Omnitel,370,663,370663
Lithuania,UAB Bite Lietuva,370,66522,37066522
Lithuania,UAB Bite Lietuva,370,6660,3706660
Lithuania,UAB Bite Lietuva,370,6661,3706661
Lithuania,UAB Bite Lietuva,370,6665,3706665
Lithuania,UAB Bite Lietuva,370,6667,3706667
Lithuania,UAB Bite Lietuva,370,6668,3706668
Lithuania,UAB Bite Lietuva,370,6669,3706669
Lithuania,UAB Bite Lietuva,370,6670,3706670
Lithuania,UAB Bite Lietuva,370,6676,3706676
Lithuania,UAB Bite Lietuva,370,6677,3706677
Lithuania,UAB Bite Lietuva,370,6678,3706678
Lithuania,UAB Bite Lietuva,370,6679,3706679
Lithuania,UAB Bite Lietuva,370,66900,37066900
Lithuania,UAB Bite Lietuva,370,6696,3706696
Lithuania,UAB Bite Lietuva,370,6697,3706697
Lithuania,UAB Bite Lietuva,370,6698,3706698
Lithuania,UAB Bite Lietuva,370,6699,3706699
Lithuania,Omnitel,370,680,370680
Lithuania,UAB Bite Lietuva,370,681,370681
Lithuania,Omnitel,370,682,370682
Lithuania,UAB Bite Lietuva,370,685,370685
Lithuania,Omnitel,370,686,370686
Lithuania,Omnitel,370,687,370687
Lithuania,Omnitel,370,688,370688
Lithuania,UAB Bite Lietuva,370,689,370689
Lithuania,UAB Bite Lietuva,370,690,370690
Lithuania,UAB Bite Lietuva,370,6910,3706910
Lithuania,UAB Bite Lietuva,370,6913,3706913
Lithuania,UAB Bite Lietuva,370,6914,3706914
Lithuania,UAB Bite Lietuva,370,6915,3706915
Lithuania,UAB Bite Lietuva,370,6916,3706916
Lithuania,UAB Bite Lietuva,370,6917,3706917
Lithuania,UAB Bite Lietuva,370,6918,3706918
Lithuania,UAB Bite Lietuva,370,6919,3706919
Lithuania,Omnitel,370,692,370692
Lithuania,Omnitel,370,693,370693
Lithuania,Omnitel,370,694,370694
Lithuania,Omnitel,370,695,370695
Lithuania,Omnitel,370,696,370696
Lithuania,Omnitel,370,697,370697
Lithuania,Omnitel,370,698,370698
Lithuania,Omnitel,370,6989,3706989
Lithuania,UAB Bite Lietuva,370,699,370699
Luxembourg,LUXGSM,352,,352
Luxembourg,MTXConnect,352,02,35202
Luxembourg,LUXGSM,352,1,3521
Luxembourg,LUXGSM,352,21,35221
Luxembourg,MTXConnect,352,6000,3526000
Luxembourg,VOX.mobile,352,61,35261
Luxembourg,LuxGSM,352,621,352621
Luxembourg,LuxGSM,352,628,352628
Luxembourg,MTXConnect,352,655,352655
Luxembourg,Orange,352,661,352661
Luxembourg,Orange,352,668,352668
Luxembourg,Tango Mobile,352,691,352691
Luxembourg,Tango Mobile,352,698,352698
Luxembourg,TANGO,352,77,35277
Luxembourg,TANGO,352,91,35291
Luxembourg,VOX.mobile,352,99,35299
Luxembourg,MTXConnect,883,39,88339
Luxembourg,MTXConnect,883,5120,8835120
Macao,SmarToneCom,853,00,85300
Macao,,853,6,8536
Macao,SmarToneCom,853,6200,8536200
Macao,SmarToneCom,853,6244,8536244
Macao,SmarToneCom,853,6245,8536245
Macao,SmarToneCom,853,6254,8536254
Macao,SmarToneCom,853,6255,8536255
Macao,SmarToneCom,853,6256,8536256
Macao,SmarToneCom,853,6257,8536257
Macao,SmarToneCom,853,6258,8536258
Macao,SmarToneCom,853,6259,8536259
Macao,SmarToneCom,853,6260,8536260
Macao,SmarToneCom,853,6261,8536261
Macao,SmarToneCom,853,6262,8536262
Macao,SmarToneCom,853,6263,8536263
Macao,SmarToneCom,853,6268,8536268
Macao,SmarToneCom,853,6269,8536269
Macao,SmarToneCom,853,6270,8536270
Macao,SmarToneCom,853,6271,8536271
Macao,SmarToneCom,853,636,853636
Macao,SmarToneCom,853,65475,85365475
Macao,SmarToneCom,853,65476,85365476
Macao,SmarToneCom,853,65477,85365477
Macao,SmarToneCom,853,65478,85365478
Macao,SmarToneCom,853,65479,85365479
Macao,SmarToneCom,853,6548,8536548
Macao,SmarToneCom,853,6549,8536549
Macao,SmarToneCom,853,6604,8536604
Macao,SmarToneCom,853,6614,8536614
Macao,SmarToneCom,853,6615,8536615
Macao,SmarToneCom,853,662,853662
Macao,SmarToneCom,853,6640,8536640
Macao,SmarToneCom,853,6641,8536641
Macao,SmarToneCom,853,6673,8536673
Macao,SmarToneCom,853,6678,8536678
Macedonia,MOBIMAK,389,,389
Macedonia,TmobMac,389,01,38901
Macedonia,Vip,389,03,38903
Macedonia,MOBIMAK,389,1,3891
Macedonia,MOBIMAK,389,70,38970
Macedonia,Telekom Macedonia,389,71,38971
Macedonia,Telekom Macedonia,389,72,38972
Macedonia,one.vip,389,75,38975
Macedonia,one.vip,389,76,38976
Macedonia,Vip,389,77,38977
Macedonia,Vip,389,78,38978
Macedonia,Lycamobile,389,79,38979
Madagascar,ANTARIS,261,,261
Madagascar,Orange,261,02,26102
Madagascar,Telma,261,04,26104
Madagascar,ANTARIS,261,2,2612
Madagascar,,261,3,2613
Madagascar,ANTARIS,261,32,26132
Madagascar,Telma,261,34,26134
Madeira,,351,,351
Malawi,Celtel,265,,265
Malawi,TNM,265,01,26501
Malawi,Celtel,265,10,26510
Malawi,,265,8,2658
Malawi,TNM,265,88,26588
Malawi,,265,9,2659
Malaysia,UMobile,60,,60
Malaysia,UMobile,60,04,6004
Malaysia,DiGi,60,10,6010
Malaysia,DigiMalay,60,102,60102
Malaysia,AxiataBerhad,60,1030,601030
Malaysia,AxiataBerhad,60,1031,601031
Malaysia,AxiataBerhad,60,1032,601032
Malaysia,AxiataBerhad,60,1033,601033
Malaysia,AxiataBerhad,60,1034,601034
Malaysia,DigiMalay,60,1036,601036
Malaysia,DigiMalay,60,1037,601037
Malaysia,DigiMalay,60,1038,601038
Malaysia,DigiMalay,60,1039,601039
Malaysia,AxiataBerhad,60,1040,601040
Malaysia,AxiataBerhad,60,1041,601041
Malaysia,MaxisMalays,60,1042,601042
Malaysia,MaxisMalays,60,1043,601043
Malaysia,DigiMalay,60,1046,601046
Malaysia,AxiataBerhad,60,1050,601050
Malaysia,AxiataBerhad,60,1051,601051
Malaysia,AxiataBerhad,60,1052,601052
Malaysia,AxiataBerhad,60,1053,601053
Malaysia,AxiataBerhad,60,1054,601054
Malaysia,DigiMalay,60,1056,601056
Malaysia,AxiataBerhad,60,1057,601057
Malaysia,AxiataBerhad,60,1058,601058
Malaysia,AxiataBerhad,60,1059,601059
Malaysia,DigiMalay,60,1066,601066
Malaysia,MaxisMalays,60,1070,601070
Malaysia,MaxisMalays,60,1071,601071
Malaysia,DigiMalay,60,1076,601076
Malaysia,AxiataBerhad,60,1077,601077
Malaysia,AxiataBerhad,60,1078,601078
Malaysia,AxiataBerhad,60,1079,601079
Malaysia,AxiataBerhad,60,1080,601080
Malaysia,AxiataBerhad,60,1081,601081
Malaysia,DigiMalay,60,1082,601082
Malaysia,AxiataBerhad,60,1083,601083
Malaysia,AxiataBerhad,60,1084,601084
Malaysia,AxiataBerhad,60,1085,601085
Malaysia,AxiataBerhad,60,1086,601086
Malaysia,AxiataBerhad,60,1087,601087
Malaysia,DigiMalay,60,1088,601088
Malaysia,MaxisMalays,60,1089,601089
Malaysia,DigiMalay,60,10900,6010900
Malaysia,DigiMalay,60,10901,6010901
Malaysia,DigiMalay,60,10902,6010902
Malaysia,DigiMalay,60,10903,6010903
Malaysia,DigiMalay,60,10905,6010905
Malaysia,DigiMalay,60,10906,6010906
Malaysia,DigiMalay,60,10907,6010907
Malaysia,DigiMalay,60,10908,6010908
Malaysia,DigiMalay,60,10909,6010909
Malaysia,DigiMalay,60,1091,601091
Malaysia,DigiMalay,60,1092,601092
Malaysia,DigiMalay,60,1093,601093
Malaysia,DigiMalay,60,1094,601094
Malaysia,DigiMalay,60,1095,601095
Malaysia,DigiMalay,60,1096,601096
Malaysia,DigiMalay,60,1097,601097
Malaysia,DigiMalay,60,1098,601098
Malaysia,Maxis,60,11,6011
Malaysia,AxiataBerhad,60,11105,6011105
Malaysia,AxiataBerhad,60,11106,6011106
Malaysia,AxiataBerhad,60,11107,6011107
Malaysia,AxiataBerhad,60,11108,6011108
Malaysia,AxiataBerhad,60,11109,6011109
Malaysia,UMobile,60,11110,6011110
Malaysia,UMobile,60,11111,6011111
Malaysia,UMobile,60,11112,6011112
Malaysia,UMobile,60,11113,6011113
Malaysia,UMobile,60,11114,6011114
Malaysia,MaxisMalays,60,1112,601112
Malaysia,AxiataBerhad,60,11130,6011130
Malaysia,AxiataBerhad,60,11131,6011131
Malaysia,AxiataBerhad,60,11132,6011132
Malaysia,AxiataBerhad,60,11133,6011133
Malaysia,AxiataBerhad,60,11134,6011134
Malaysia,MaxisMalays,60,11140,6011140
Malaysia,MaxisMalays,60,11141,6011141
Malaysia,MaxisMalays,60,11142,6011142
Malaysia,MaxisMalays,60,11143,6011143
Malaysia,MaxisMalays,60,11144,6011144
Malaysia,AxiataBerhad,60,11145,6011145
Malaysia,AxiataBerhad,60,11146,6011146
Malaysia,AxiataBerhad,60,11147,6011147
Malaysia,AxiataBerhad,60,11148,6011148
Malaysia,AxiataBerhad,60,11149,6011149
Malaysia,AxiataBerhad,60,1115,601115
Malaysia,DigiMalay,60,1116,601116
Malaysia,MaxisMalays,60,11175,6011175
Malaysia,MaxisMalays,60,11176,6011176
Malaysia,MaxisMalays,60,11177,6011177
Malaysia,MaxisMalays,60,11178,6011178
Malaysia,MaxisMalays,60,11179,6011179
Malaysia,AxiataBerhad,60,11185,6011185
Malaysia,AxiataBerhad,60,11186,6011186
Malaysia,AxiataBerhad,60,11187,6011187
Malaysia,AxiataBerhad,60,11188,6011188
Malaysia,AxiataBerhad,60,11189,6011189
Malaysia,AxiataBerhad,60,1119,601119
Malaysia,DigiMalay,60,11200,6011200
Malaysia,DigiMalay,60,11201,6011201
Malaysia,DigiMalay,60,11203,6011203
Malaysia,DigiMalay,60,11204,6011204
Malaysia,AxiataBerhad,60,11205,6011205
Malaysia,AxiataBerhad,60,11206,6011206
Malaysia,AxiataBerhad,60,11207,6011207
Malaysia,AxiataBerhad,60,11208,6011208
Malaysia,AxiataBerhad,60,11209,6011209
Malaysia,MaxisMalays,60,1123,601123
Malaysia,MaxisMalays,60,11240,6011240
Malaysia,MaxisMalays,60,11241,6011241
Malaysia,MaxisMalays,60,11242,6011242
Malaysia,MaxisMalays,60,11243,6011243
Malaysia,MaxisMalays,60,11244,6011244
Malaysia,AxiataBerhad,60,11245,6011245
Malaysia,AxiataBerhad,60,11246,6011246
Malaysia,AxiataBerhad,60,11247,6011247
Malaysia,AxiataBerhad,60,11248,6011248
Malaysia,AxiataBerhad,60,11249,6011249
Malaysia,MaxisMalays,60,1125,601125
Malaysia,DigiMalay,60,1126,601126
Malaysia,MaxisMalays,60,11275,6011275
Malaysia,MaxisMalays,60,11276,6011276
Malaysia,MaxisMalays,60,11277,6011277
Malaysia,MaxisMalays,60,11278,6011278
Malaysia,MaxisMalays,60,11279,6011279
Malaysia,AxiataBerhad,60,1129,601129
Malaysia,DigiMalay,60,113,60113
Malaysia,AxiataBerhad,60,11320,6011320
Malaysia,AxiataBerhad,60,11321,6011321
Malaysia,AxiataBerhad,60,11322,6011322
Malaysia,AxiataBerhad,60,11323,6011323
Malaysia,AxiataBerhad,60,11324,6011324
Malaysia,AxiataBerhad,60,11325,6011325
Malaysia,AxiataBerhad,60,11326,6011326
Malaysia,AxiataBerhad,60,11327,6011327
Malaysia,AxiataBerhad,60,11328,6011328
Malaysia,AxiataBerhad,60,11329,6011329
Malaysia,DigiMalay,60,1133,601133
Malaysia,AxiataBerhad,60,1135,601135
Malaysia,DigiMalay,60,1136,601136
Malaysia,AxiataBerhad,60,1140,601140
Malaysia,AxiataBerhad,60,1141,601141
Malaysia,AxiataBerhad,60,1152,601152
Malaysia,AxiataBerhad,60,11530,6011530
Malaysia,AxiataBerhad,60,11531,6011531
Malaysia,AxiataBerhad,60,11532,6011532
Malaysia,AxiataBerhad,60,11533,6011533
Malaysia,AxiataBerhad,60,11534,6011534
Malaysia,AxiataBerhad,60,11535,6011535
Malaysia,AxiataBerhad,60,11536,6011536
Malaysia,AxiataBerhad,60,11537,6011537
Malaysia,AxiataBerhad,60,11538,6011538
Malaysia,AxiataBerhad,60,11539,6011539
Malaysia,AxiataBerhad,60,1154,601154
Malaysia,AxiataBerhad,60,1155,601155
Malaysia,AxiataBerhad,60,11560,6011560
Malaysia,AxiataBerhad,60,11561,6011561
Malaysia,AxiataBerhad,60,11562,6011562
Malaysia,AxiataBerhad,60,11563,6011563
Malaysia,AxiataBerhad,60,11564,6011564
Malaysia,AxiataBerhad,60,11565,6011565
Malaysia,AxiataBerhad,60,11566,6011566
Malaysia,AxiataBerhad,60,11567,6011567
Malaysia,AxiataBerhad,60,11568,6011568
Malaysia,AxiataBerhad,60,11569,6011569
Malaysia,AxiataBerhad,60,11575,6011575
Malaysia,AxiataBerhad,60,11576,6011576
Malaysia,AxiataBerhad,60,11577,6011577
Malaysia,AxiataBerhad,60,11578,6011578
Malaysia,AxiataBerhad,60,11579,6011579
Malaysia,AxiataBerhad,60,11585,6011585
Malaysia,AxiataBerhad,60,11586,6011586
Malaysia,AxiataBerhad,60,11587,6011587
Malaysia,AxiataBerhad,60,11588,6011588
Malaysia,AxiataBerhad,60,11589,6011589
Malaysia,AxiataBerhad,60,11595,6011595
Malaysia,AxiataBerhad,60,11596,6011596
Malaysia,AxiataBerhad,60,11597,6011597
Malaysia,AxiataBerhad,60,11598,6011598
Malaysia,AxiataBerhad,60,11599,6011599
Malaysia,AxiataBerhad,60,11712,6011712
Malaysia,AxiataBerhad,60,11713,6011713
Malaysia,AxiataBerhad,60,11714,6011714
Malaysia,AxiataBerhad,60,11715,6011715
Malaysia,AxiataBerhad,60,11716,6011716
Malaysia,AxiataBerhad,60,11717,6011717
Malaysia,AxiataBerhad,60,11718,6011718
Malaysia,AxiataBerhad,60,11719,6011719
Malaysia,AxiataBerhad,60,11720,6011720
Malaysia,AxiataBerhad,60,11721,6011721
Malaysia,MaxisMalays,60,11722,6011722
Malaysia,MaxisMalays,60,11723,6011723
Malaysia,MaxisMalays,60,11724,6011724
Malaysia,MaxisMalays,60,11725,6011725
Malaysia,MaxisMalays,60,11726,6011726
Malaysia,Maxis,60,12,6012
Malaysia,AxiataBerhad,60,13,6013
Malaysia,Maxis,60,142,60142
Malaysia,DiGi,60,143,60143
Malaysia,AxiataBerhad,60,14400,6014400
Malaysia,AxiataBerhad,60,145,60145
Malaysia,DiGi,60,146,60146
Malaysia,MaxisMalays,60,147,60147
Malaysia,AxiataBerhad,60,148,60148
Malaysia,DiGi,60,149,60149
Malaysia,AxiataBerhad,60,1592,601592
Malaysia,MaxisMalays,60,15930,6015930
Malaysia,DigiMalay,60,15960,6015960
Malaysia,DigiMalay,60,15961,6015961
Malaysia,DigiMalay,60,15962,6015962
Malaysia,DigiMalay,60,15963,6015963
Malaysia,DigiMalay,60,15964,6015964
Malaysia,DiGi,60,16,6016
Malaysia,Maxis,60,17,6017
Malaysia,U Mobile,60,18,6018
Malaysia,UMobile,60,182,60182
Malaysia,UMobile,60,1831,601831
Malaysia,UMobile,60,1832,601832
Malaysia,UMobile,60,1833,601833
Malaysia,UMobile,60,1835,601835
Malaysia,UMobile,60,1836,601836
Malaysia,UMobile,60,1837,601837
Malaysia,UMobile,60,1838,601838
Malaysia,UMobile,60,1839,601839
Malaysia,UMobile,60,1840,601840
Malaysia,UMobile,60,1846,601846
Malaysia,UMobile,60,1847,601847
Malaysia,UMobile,60,1857,601857
Malaysia,UMobile,60,1866,601866
Malaysia,UMobile,60,1876,601876
Malaysia,UMobile,60,1877,601877
Malaysia,UMobile,60,1878,601878
Malaysia,UMobile,60,1879,601879
Malaysia,UMobile,60,1887,601887
Malaysia,UMobile,60,1890,601890
Malaysia,UMobile,60,1891,601891
Malaysia,UMobile,60,1894,601894
Malaysia,UMobile,60,1895,601895
Malaysia,UMobile,60,1896,601896
Malaysia,UMobile,60,1897,601897
Malaysia,UMobile,60,1898,601898
Malaysia,UMobile,60,1899,601899
Malaysia,AxiataBerhad,60,19,6019
Maldives,Wataniya,960,,960
Maldives,Dhivehi MDV,960,01,96001
Maldives,Wataniya,960,02,96002
Maldives,Dhiraagu,960,7,9607
Maldives,Ooredoo,960,9,9609
Maldives,Wataniya,960,96,96096
Maldives,Wataniya,960,97,96097
Maldives,Wataniya,960,98,96098
Maldives,Wataniya,960,99,96099
Mali,IKATEL,223,,223
Mali,MALITEL,223,1,2231
Mali,IKATEL,223,2,2232
Mali,,223,3,2233
Mali,,223,4,2234
Mali,,223,5,2235
Mali,IKATEL,223,50,22350
Mali,Malitel,223,6,2236
Mali,MALITEL,223,65,22365
Mali,Orange,223,7,2237
Malta,Go Mobile,356,,356
Malta,VodaMalta,356,01,35601
Malta,EpicLimited,356,19,35619
Malta,Go Mobile,356,21,35621
Malta,Go Mobile,356,356,356356
Malta,VodaMalta,356,72,35672
Malta,Melita,356,77,35677
Malta,Melita,356,77391,35677391
Malta,Melita,356,777940,356777940
Malta,Go Mobile Ltd & MTV Mobile,356,79,35679
Malta,VodaMalta,356,92,35692
Malta,VodaMalta,356,94,35694
Malta,VodaMalta,356,9696,3569696
Malta,VodaMalta,356,9697,3569697
Malta,Red Touch Phone,356,98,35698
Malta,VodaMalta,356,9811,3569811
Malta,VodaMalta,356,9812,3569812
Malta,VodaMalta,356,9813,3569813
Malta,VodaMalta,356,9889,3569889
Malta,VodaMalta,356,9897,3569897
Malta,VodaMalta,356,99,35699
Malta,V MaritimMLT,356,99410467,35699410467
Malta,VodaMalta,356,99411,35699411
Malta,VodaMalta,356,99412,35699412
Malta,VodaMalta,356,994155,356994155
Malta,VodaMalta,356,994156,356994156
Malta,VodaMalta,356,994157,356994157
Malta,VodaMalta,356,994158,356994158
Malta,VodaMalta,356,994159,356994159
Malta,VodaMalta,356,99416,35699416
Malta,VodaMalta,356,99417,35699417
Malta,V MaritimMLT,356,99418588,35699418588
Malta,V MaritimMLT,356,99418589,35699418589
Malta,EpicLimited,356,99830920,35699830920
Malta,EpicLimited,356,99830921,35699830921
Malta,EpicLimited,356,99830928,35699830928
Malta,EpicLimited,356,99830929,35699830929
Marshall Islands,,692,,692
Martinique,,596,6,5966
Martinique,,596,700,596700
Mauritania,Chinguitel,222,,222
Mauritania,Mattel2,222,01,22201
Mauritania,Chinguitel,222,02,22202
Mauritania,MAURITEL,222,10,22210
Mauritania,Chinguitel,222,2,2222
Mauritania,Chinguitel,222,22,22222
Mauritania,Mattel2,222,33,22233
Mauritania,Mattel2,222,361,222361
Mauritania,Mattel2,222,362,222362
Mauritania,Mattel2,222,363,222363
Mauritania,Mattel2,222,366,222366
Mauritania,Mattel2,222,371,222371
Mauritania,Mattel2,222,372,222372
Mauritania,Mattel2,222,373,222373
Mauritania,Mattel,222,4,2224
Mauritania,Mattel,222,40,22240
Mauritania,,222,6,2226
Mauritania,MAURITEL,222,60,22260
Mauritius,CELLPLUS,230,,230
Mauritius,Orange,230,01,23001
Mauritius,MTML,230,03,23003
Mauritius,CELLPLUS,230,1,2301
Mauritius,CELLPLUS,230,25,23025
Mauritius,,230,57,23057
Mauritius,,230,58,23058
Mauritius,,230,59,23059
Mauritius,Orange,230,701,230701
Mauritius,Orange,230,702,230702
Mauritius,Orange,230,703,230703
Mauritius,Orange,230,704,230704
Mauritius,Orange,230,705,230705
Mauritius,Orange,230,706,230706
Mauritius,Orange,230,707,230707
Mauritius,Orange,230,708,230708
Mauritius,Orange,230,709,230709
Mauritius,Orange,230,75,23075
Mauritius,Orange,230,76,23076
Mauritius,Orange,230,77,23077
Mauritius,Orange,230,78,23078
Mauritius,Orange,230,79,23079
Mauritius,Orange,230,875,230875
Mauritius,Orange,230,876,230876
Mauritius,Orange,230,877,230877
Mauritius,Orange,230,91,23091
Mauritius,Orange,230,94,23094
Mauritius,MTML,230,95,23095
Mayotte,,262,,262
Melilla,,34,,34
Mexico,MOVISTAR GSM,52,,52
Mexico,TelCEl,52,020,52020
Mexico,MOVISTAR GSM,52,030,52030
Mexico,Lusacell,52,050,52050
Mexico,CVMexico,52,090,52090
Mexico,"Telcel, Movistar, IUSACell, Nextel, UNEFON, Virgin Mobile, Tuenti",52,1,521
Mexico,Altan,52,140,52140
Mexico,TelCEl,52,220,52220
Mexico,Altan,52,221,52221
Mexico,Altan,52,222,52222
Mexico,MOVISTAR GSM,52,222143,52222143
Mexico,CVMexico,52,222705,52222705
Mexico,CVMexico,52,222706,52222706
Mexico,Altan,52,223,52223
Mexico,Altan,52,224,52224
Mexico,Altan,52,225,52225
Mexico,Altan,52,226,52226
Mexico,Altan,52,227,52227
Mexico,Altan,52,228,52228
Mexico,CVMexico,52,228230,52228230
Mexico,CVMexico,52,228231,52228231
Mexico,Altan,52,229,52229
Mexico,CVMexico,52,229330,52229330
Mexico,CVMexico,52,229331,52229331
Mexico,Altan,52,231,52231
Mexico,CVMexico,52,231124,52231124
Mexico,CVMexico,52,231126,52231126
Mexico,Altan,52,232,52232
Mexico,CVMexico,52,232129,52232129
Mexico,CVMexico,52,232131,52232131
Mexico,Altan,52,233,52233
Mexico,Altan,52,235,52235
Mexico,Altan,52,236,52236
Mexico,Altan,52,237,52237
Mexico,Altan,52,238,52238
Mexico,CVMexico,52,238126,52238126
Mexico,CVMexico,52,238160,52238160
Mexico,Altan,52,241,52241
Mexico,CVMexico,52,241140,52241140
Mexico,CVMexico,52,241142,52241142
Mexico,Altan,52,243,52243
Mexico,CVMexico,52,243117,52243117
Mexico,CVMexico,52,243118,52243118
Mexico,Altan,52,244,52244
Mexico,TelCEl,52,245,52245
Mexico,Altan,52,246,52246
Mexico,CVMexico,52,246166,52246166
Mexico,CVMexico,52,246168,52246168
Mexico,Altan,52,247,52247
Mexico,CVMexico,52,247114,52247114
Mexico,CVMexico,52,247116,52247116
Mexico,Altan,52,248,52248
Mexico,CVMexico,52,248146,52248146
Mexico,CVMexico,52,248147,52248147
Mexico,Altan,52,249,52249
Mexico,Altan,52,271,52271
Mexico,CVMexico,52,271167,52271167
Mexico,CVMexico,52,271168,52271168
Mexico,Altan,52,272,52272
Mexico,CVMexico,52,272166,52272166
Mexico,CVMexico,52,272167,52272167
Mexico,Altan,52,273,52273
Mexico,Altan,52,274,52274
Mexico,CVMexico,52,274127,52274127
Mexico,CVMexico,52,274129,52274129
Mexico,TelCEl,52,275,52275
Mexico,TelCEl,52,276,52276
Mexico,TelCEl,52,278,52278
Mexico,Altan,52,279,52279
Mexico,Altan,52,281,52281
Mexico,Altan,52,282,52282
Mexico,CVMexico,52,282114,52282114
Mexico,CVMexico,52,282116,52282116
Mexico,Altan,52,283,52283
Mexico,Altan,52,284,52284
Mexico,Altan,52,285,52285
Mexico,Altan,52,287,52287
Mexico,Altan,52,288,52288
Mexico,CVMexico,52,288126,52288126
Mexico,CVMexico,52,288127,52288127
Mexico,Altan,52,294,52294
Mexico,Altan,52,296,52296
Mexico,Altan,52,297,52297
Mexico,Altan,52,311,52311
Mexico,CVMexico,52,311199,52311199
Mexico,CVMexico,52,311200,52311200
Mexico,Altan,52,312,52312
Mexico,CVMexico,52,312165,52312165
Mexico,CVMexico,52,312166,52312166
Mexico,Altan,52,313,52313
Mexico,CVMexico,52,313128,52313128
Mexico,CVMexico,52,313130,52313130
Mexico,Altan,52,314,52314
Mexico,CVMexico,52,314145,52314145
Mexico,CVMexico,52,314146,52314146
Mexico,Altan,52,315,52315
Mexico,Altan,52,316,52316
Mexico,Altan,52,317,52317
Mexico,Altan,52,319,52319
Mexico,Altan,52,321,52321
Mexico,Altan,52,322,52322
Mexico,CVMexico,52,322196,52322196
Mexico,CVMexico,52,322197,52322197
Mexico,Altan,52,323,52323
Mexico,Altan,52,324,52324
Mexico,Altan,52,325,52325
Mexico,Altan,52,326,52326
Mexico,Altan,52,327,52327
Mexico,Altan,52,328,52328
Mexico,Altan,52,329,52329
Mexico,Altan,52,33,5233
Mexico,TelCEl,52,331,52331
Mexico,CVMexico,52,331587,52331587
Mexico,CVMexico,52,331728,52331728
Mexico,CVMexico,52,331810,52331810
Mexico,CVMexico,52,331811,52331811
Mexico,TelCEl,52,332,52332
Mexico,Lusacell,52,333,52333
Mexico,TelCEl,52,334,52334
Mexico,TelCEl,52,335,52335
Mexico,TelCEl,52,341,52341
Mexico,CVMexico,52,341141,52341141
Mexico,CVMexico,52,341143,52341143
Mexico,Altan,52,342,52342
Mexico,Altan,52,343,52343
Mexico,Altan,52,344,52344
Mexico,Altan,52,345,52345
Mexico,Altan,52,346,52346
Mexico,Altan,52,347,52347
Mexico,Altan,52,348,52348
Mexico,Altan,52,349,52349
Mexico,Altan,52,351,52351
Mexico,CVMexico,52,351152,52351152
Mexico,CVMexico,52,351154,52351154
Mexico,Altan,52,352,52352
Mexico,CVMexico,52,352120,52352120
Mexico,CVMexico,52,352130,52352130
Mexico,Altan,52,353,52353
Mexico,Altan,52,354,52354
Mexico,TelCEl,52,355,52355
Mexico,Altan,52,356,52356
Mexico,TelCEl,52,357,52357
Mexico,Altan,52,358,52358
Mexico,Altan,52,359,52359
Mexico,Altan,52,371,52371
Mexico,Altan,52,372,52372
Mexico,Altan,52,373,52373
Mexico,Altan,52,374,52374
Mexico,Altan,52,375,52375
Mexico,Altan,52,376,52376
Mexico,TelCEl,52,377,52377
Mexico,Altan,52,378,52378
Mexico,Altan,52,381,52381
Mexico,Altan,52,382,52382
Mexico,Altan,52,383,52383
Mexico,Altan,52,384,52384
Mexico,CVMexico,52,384110,52384110
Mexico,CVMexico,52,384111,52384111
Mexico,Altan,52,385,52385
Mexico,Altan,52,386,52386
Mexico,Altan,52,387,52387
Mexico,Altan,52,388,52388
Mexico,Altan,52,389,52389
Mexico,Altan,52,391,52391
Mexico,Altan,52,392,52392
Mexico,Altan,52,393,52393
Mexico,TelCEl,52,394,52394
Mexico,Altan,52,395,52395
Mexico,Altan,52,411,52411
Mexico,Altan,52,412,52412
Mexico,Altan,52,413,52413
Mexico,Altan,52,414,52414
Mexico,Altan,52,415,52415
Mexico,CVMexico,52,415128,52415128
Mexico,CVMexico,52,415129,52415129
Mexico,Altan,52,417,52417
Mexico,Altan,52,418,52418
Mexico,CVMexico,52,418121,52418121
Mexico,CVMexico,52,418122,52418122
Mexico,Altan,52,419,52419
Mexico,Altan,52,421,52421
Mexico,Altan,52,422,52422
Mexico,Altan,52,423,52423
Mexico,Altan,52,424,52424
Mexico,Altan,52,425,52425
Mexico,Altan,52,426,52426
Mexico,Altan,52,427,52427
Mexico,CVMexico,52,427148,52427148
Mexico,CVMexico,52,427149,52427149
Mexico,Altan,52,428,52428
Mexico,Altan,52,429,52429
Mexico,Altan,52,431,52431
Mexico,TelCEl,52,432,52432
Mexico,Altan,52,433,52433
Mexico,Altan,52,434,52434
Mexico,CVMexico,52,434123,52434123
Mexico,CVMexico,52,434125,52434125
Mexico,Altan,52,435,52435
Mexico,Altan,52,436,52436
Mexico,Altan,52,437,52437
Mexico,Altan,52,438,52438
Mexico,TelCEl,52,440,52440
Mexico,Altan,52,441,52441
Mexico,Altan,52,442,52442
Mexico,CVMexico,52,442476,52442476
Mexico,CVMexico,52,442479,52442479
Mexico,Altan,52,443,52443
Mexico,CVMexico,52,443356,52443356
Mexico,CVMexico,52,443357,52443357
Mexico,Altan,52,444,52444
Mexico,CVMexico,52,444328,52444328
Mexico,CVMexico,52,444329,52444329
Mexico,Altan,52,445,52445
Mexico,CVMexico,52,445128,52445128
Mexico,CVMexico,52,445129,52445129
Mexico,Altan,52,446,52446
Mexico,Altan,52,447,52447
Mexico,Altan,52,448,52448
Mexico,Altan,52,449,52449
Mexico,CVMexico,52,449273,52449273
Mexico,CVMexico,52,449274,52449274
Mexico,Altan,52,451,52451
Mexico,Altan,52,452,52452
Mexico,CVMexico,52,452173,52452173
Mexico,CVMexico,52,452174,52452174
Mexico,Altan,52,453,52453
Mexico,Altan,52,454,52454
Mexico,Altan,52,455,52455
Mexico,Altan,52,456,52456
Mexico,CVMexico,52,456120,52456120
Mexico,Altan,52,457,52457
Mexico,Altan,52,458,52458
Mexico,Altan,52,459,52459
Mexico,Altan,52,461,52461
Mexico,CVMexico,52,461227,52461227
Mexico,CVMexico,52,461228,52461228
Mexico,Altan,52,462,52462
Mexico,CVMexico,52,462188,52462188
Mexico,CVMexico,52,462189,52462189
Mexico,Altan,52,463,52463
Mexico,Altan,52,464,52464
Mexico,CVMexico,52,464136,52464136
Mexico,CVMexico,52,464137,52464137
Mexico,Altan,52,465,52465
Mexico,Altan,52,466,52466
Mexico,Altan,52,467,52467
Mexico,Altan,52,468,52468
Mexico,Altan,52,469,52469
Mexico,CVMexico,52,469117,52469117
Mexico,CVMexico,52,469119,52469119
Mexico,Altan,52,471,52471
Mexico,Altan,52,472,52472
Mexico,CVMexico,52,472126,52472126
Mexico,CVMexico,52,472127,52472127
Mexico,Altan,52,473,52473
Mexico,CVMexico,52,473134,52473134
Mexico,CVMexico,52,473135,52473135
Mexico,Altan,52,474,52474
Mexico,CVMexico,52,474124,52474124
Mexico,CVMexico,52,474125,52474125
Mexico,TelCEl,52,475,52475
Mexico,Altan,52,476,52476
Mexico,Altan,52,477,52477
Mexico,CVMexico,52,477379,52477379
Mexico,CVMexico,52,477380,52477380
Mexico,Altan,52,478,52478
Mexico,Altan,52,479,52479
Mexico,TelCEl,52,481,52481
Mexico,TelCEl,52,482,52482
Mexico,Altan,52,483,52483
Mexico,Altan,52,485,52485
Mexico,TelCEl,52,486,52486
Mexico,Altan,52,487,52487
Mexico,Altan,52,488,52488
Mexico,Altan,52,489,52489
Mexico,Altan,52,492,52492
Mexico,CVMexico,52,492168,52492168
Mexico,CVMexico,52,492169,52492169
Mexico,Altan,52,493,52493
Mexico,CVMexico,52,493131,52493131
Mexico,CVMexico,52,493133,52493133
Mexico,Altan,52,494,52494
Mexico,Altan,52,495,52495
Mexico,CVMexico,52,495113,52495113
Mexico,CVMexico,52,495115,52495115
Mexico,Altan,52,496,52496
Mexico,Altan,52,498,52498
Mexico,Altan,52,499,52499
Mexico,Altan,52,55,5255
Mexico,TelCEl,52,551,52551
Mexico,TelCEl,52,552,52552
Mexico,TelCEl,52,553,52553
Mexico,TelCEl,52,554,52554
Mexico,CVMexico,52,554421,52554421
Mexico,CVMexico,52,554999,52554999
Mexico,TelCEl,52,555,52555
Mexico,TelCEl,52,556,52556
Mexico,CVMexico,52,556302,52556302
Mexico,CVMexico,52,556357,52556357
Mexico,CVMexico,52,556358,52556358
Mexico,CVMexico,52,556359,52556359
Mexico,CVMexico,52,556360,52556360
Mexico,TelCEl,52,557,52557
Mexico,TelCEl,52,558,52558
Mexico,TelCEl,52,559,52559
Mexico,Altan,52,56,5256
Mexico,TelCEl,52,561,52561
Mexico,TelCEl,52,562,52562
Mexico,TelCEl,52,563,52563
Mexico,TelCEl,52,564,52564
Mexico,TelCEl,52,565,52565
Mexico,TelCEl,52,566,52566
Mexico,Altan,52,588,52588
Mexico,Altan,52,591,52591
Mexico,Altan,52,592,52592
Mexico,Altan,52,593,52593
Mexico,Altan,52,594,52594
Mexico,Altan,52,595,52595
Mexico,Altan,52,596,52596
Mexico,Altan,52,597,52597
Mexico,Altan,52,599,52599
Mexico,Altan,52,612,52612
Mexico,CVMexico,52,612194,52612194
Mexico,CVMexico,52,612195,52612195
Mexico,Altan,52,613,52613
Mexico,Altan,52,614,52614
Mexico,CVMexico,52,614301,52614301
Mexico,CVMexico,52,614302,52614302
Mexico,Altan,52,615,52615
Mexico,Altan,52,616,52616
Mexico,Altan,52,618,52618
Mexico,CVMexico,52,618209,52618209
Mexico,CVMexico,52,618210,52618210
Mexico,Altan,52,621,52621
Mexico,Altan,52,622,52622
Mexico,CVMexico,52,622148,52622148
Mexico,CVMexico,52,622149,52622149
Mexico,Altan,52,623,52623
Mexico,Altan,52,624,52624
Mexico,CVMexico,52,624204,52624204
Mexico,CVMexico,52,624205,52624205
Mexico,TelCEl,52,625,52625
Mexico,CVMexico,52,625140,52625140
Mexico,CVMexico,52,625142,52625142
Mexico,Altan,52,626,52626
Mexico,Altan,52,627,52627
Mexico,CVMexico,52,627127,52627127
Mexico,CVMexico,52,627129,52627129
Mexico,Altan,52,628,52628
Mexico,Altan,52,629,52629
Mexico,CVMexico,52,629114,52629114
Mexico,CVMexico,52,629116,52629116
Mexico,Altan,52,631,52631
Mexico,CVMexico,52,631156,52631156
Mexico,CVMexico,52,631157,52631157
Mexico,Altan,52,632,52632
Mexico,Altan,52,633,52633
Mexico,Altan,52,634,52634
Mexico,Altan,52,635,52635
Mexico,Altan,52,636,52636
Mexico,Altan,52,637,52637
Mexico,Altan,52,638,52638
Mexico,TelCEl,52,639,52639
Mexico,CVMexico,52,639143,52639143
Mexico,CVMexico,52,639145,52639145
Mexico,Altan,52,641,52641
Mexico,Altan,52,642,52642
Mexico,CVMexico,52,642138,52642138
Mexico,CVMexico,52,642139,52642139
Mexico,Altan,52,643,52643
Mexico,Altan,52,644,52644
Mexico,CVMexico,52,644205,52644205
Mexico,CVMexico,52,644206,52644206
Mexico,Altan,52,645,52645
Mexico,Altan,52,646,52646
Mexico,CVMexico,52,646225,52646225
Mexico,CVMexico,52,646226,52646226
Mexico,CVMexico,52,646227,52646227
Mexico,CVMexico,52,646228,52646228
Mexico,Altan,52,647,52647
Mexico,Altan,52,648,52648
Mexico,CVMexico,52,648114,52648114
Mexico,CVMexico,52,648116,52648116
Mexico,Altan,52,649,52649
Mexico,Altan,52,651,52651
Mexico,Altan,52,652,52652
Mexico,Altan,52,653,52653
Mexico,CVMexico,52,653141,52653141
Mexico,CVMexico,52,653143,52653143
Mexico,Altan,52,656,52656
Mexico,CVMexico,52,656418,52656418
Mexico,CVMexico,52,656419,52656419
Mexico,TelCEl,52,657,52657
Mexico,TelCEl,52,658,52658
Mexico,Altan,52,659,52659
Mexico,Altan,52,661,52661
Mexico,Altan,52,662,52662
Mexico,CVMexico,52,662352,52662352
Mexico,CVMexico,52,662353,52662353
Mexico,Altan,52,663,52663
Mexico,Altan,52,664,52664
Mexico,CVMexico,52,664439,52664439
Mexico,CVMexico,52,664440,52664440
Mexico,Altan,52,665,52665
Mexico,CVMexico,52,665127,52665127
Mexico,CVMexico,52,665129,52665129
Mexico,Altan,52,667,52667
Mexico,CVMexico,52,667335,52667335
Mexico,CVMexico,52,667336,52667336
Mexico,Altan,52,668,52668
Mexico,CVMexico,52,668188,52668188
Mexico,CVMexico,52,668189,52668189
Mexico,Altan,52,669,52669
Mexico,CVMexico,52,669211,52669211
Mexico,CVMexico,52,669212,52669212
Mexico,Altan,52,671,52671
Mexico,Altan,52,672,52672
Mexico,Altan,52,673,52673
Mexico,CVMexico,52,673136,52673136
Mexico,CVMexico,52,673564,52673564
Mexico,Altan,52,674,52674
Mexico,Altan,52,675,52675
Mexico,TelCEl,52,676,52676
Mexico,Altan,52,677,52677
Mexico,Altan,52,686,52686
Mexico,CVMexico,52,686287,52686287
Mexico,CVMexico,52,686288,52686288
Mexico,Altan,52,687,52687
Mexico,CVMexico,52,687163,52687163
Mexico,CVMexico,52,687164,52687164
Mexico,Altan,52,694,52694
Mexico,TelCEl,52,695,52695
Mexico,Altan,52,696,52696
Mexico,Altan,52,697,52697
Mexico,Altan,52,698,52698
Mexico,Altan,52,711,52711
Mexico,Altan,52,712,52712
Mexico,Altan,52,713,52713
Mexico,Altan,52,714,52714
Mexico,CVMexico,52,714105,52714105
Mexico,CVMexico,52,714556,52714556
Mexico,Altan,52,715,52715
Mexico,Altan,52,716,52716
Mexico,Altan,52,717,52717
Mexico,CVMexico,52,717106,52717106
Mexico,CVMexico,52,717107,52717107
Mexico,Altan,52,718,52718
Mexico,Altan,52,719,52719
Mexico,TelCEl,52,720,52720
Mexico,Altan,52,721,52721
Mexico,CVMexico,52,721110,52721110
Mexico,CVMexico,52,721111,52721111
Mexico,Altan,52,722,52722
Mexico,CVMexico,52,722648,52722648
Mexico,CVMexico,52,722649,52722649
Mexico,TelCEl,52,723,52723
Mexico,CVMexico,52,723102,52723102
Mexico,CVMexico,52,723103,52723103
Mexico,Altan,52,724,52724
Mexico,Altan,52,725,52725
Mexico,Altan,52,726,52726
Mexico,TelCEl,52,727,52727
Mexico,Altan,52,728,52728
Mexico,Altan,52,729,52729
Mexico,Altan,52,731,52731
Mexico,Altan,52,732,52732
Mexico,Altan,52,733,52733
Mexico,Altan,52,734,52734
Mexico,Altan,52,735,52735
Mexico,CVMexico,52,735211,52735211
Mexico,CVMexico,52,735212,52735212
Mexico,Altan,52,736,52736
Mexico,Altan,52,737,52737
Mexico,Altan,52,738,52738
Mexico,Altan,52,739,52739
Mexico,Altan,52,741,52741
Mexico,Altan,52,742,52742
Mexico,Altan,52,743,52743
Mexico,Altan,52,744,52744
Mexico,CVMexico,52,744253,52744253
Mexico,CVMexico,52,744254,52744254
Mexico,Altan,52,745,52745
Mexico,Altan,52,746,52746
Mexico,TelCEl,52,747,52747
Mexico,CVMexico,52,747135,52747135
Mexico,CVMexico,52,747157,52747157
Mexico,Altan,52,748,52748
Mexico,Altan,52,749,52749
Mexico,Altan,52,751,52751
Mexico,TelCEl,52,753,52753
Mexico,Altan,52,754,52754
Mexico,Altan,52,755,52755
Mexico,TelCEl,52,756,52756
Mexico,Altan,52,757,52757
Mexico,Altan,52,758,52758
Mexico,Altan,52,759,52759
Mexico,Altan,52,761,52761
Mexico,Altan,52,762,52762
Mexico,TelCEl,52,763,52763
Mexico,Altan,52,764,52764
Mexico,Altan,52,765,52765
Mexico,Altan,52,766,52766
Mexico,CVMexico,52,766108,52766108
Mexico,CVMexico,52,766110,52766110
Mexico,TelCEl,52,767,52767
Mexico,Altan,52,768,52768
Mexico,Altan,52,769,52769
Mexico,TelCEl,52,770,52770
Mexico,Altan,52,771,52771
Mexico,CVMexico,52,771294,52771294
Mexico,CVMexico,52,771295,52771295
Mexico,Altan,52,772,52772
Mexico,Altan,52,773,52773
Mexico,CVMexico,52,773165,52773165
Mexico,CVMexico,52,773166,52773166
Mexico,Altan,52,774,52774
Mexico,Altan,52,775,52775
Mexico,CVMexico,52,775171,52775171
Mexico,CVMexico,52,775173,52775173
Mexico,Altan,52,776,52776
Mexico,Altan,52,777,52777
Mexico,CVMexico,52,777349,52777349
Mexico,CVMexico,52,777350,52777350
Mexico,Altan,52,778,52778
Mexico,Altan,52,779,52779
Mexico,TelCEl,52,781,52781
Mexico,Altan,52,782,52782
Mexico,CVMexico,52,782181,52782181
Mexico,CVMexico,52,782182,52782182
Mexico,Altan,52,783,52783
Mexico,CVMexico,52,783130,52783130
Mexico,CVMexico,52,783132,52783132
Mexico,Altan,52,784,52784
Mexico,CVMexico,52,784129,52784129
Mexico,CVMexico,52,784131,52784131
Mexico,TelCEl,52,785,52785
Mexico,TelCEl,52,786,52786
Mexico,Altan,52,789,52789
Mexico,Altan,52,791,52791
Mexico,CVMexico,52,791107,52791107
Mexico,CVMexico,52,791108,52791108
Mexico,Altan,52,797,52797
Mexico,Altan,52,81,5281
Mexico,TelCEl,52,811,52811
Mexico,CVMexico,52,811765,52811765
Mexico,CVMexico,52,811941,52811941
Mexico,TelCEl,52,812,52812
Mexico,TelCEl,52,813,52813
Mexico,TelCEl,52,814,52814
Mexico,TelCEl,52,818,52818
Mexico,Altan,52,821,52821
Mexico,CVMexico,52,821131,52821131
Mexico,CVMexico,52,821132,52821132
Mexico,Altan,52,823,52823
Mexico,TelCEl,52,824,52824
Mexico,CVMexico,52,824115,52824115
Mexico,CVMexico,52,824117,52824117
Mexico,Altan,52,825,52825
Mexico,Altan,52,826,52826
Mexico,CVMexico,52,826140,52826140
Mexico,CVMexico,52,826141,52826141
Mexico,Altan,52,828,52828
Mexico,CVMexico,52,828134,52828134
Mexico,CVMexico,52,828135,52828135
Mexico,Altan,52,829,52829
Mexico,Altan,52,831,52831
Mexico,CVMexico,52,831139,52831139
Mexico,CVMexico,52,831141,52831141
Mexico,Altan,52,832,52832
Mexico,Altan,52,833,52833
Mexico,CVMexico,52,833384,52833384
Mexico,CVMexico,52,833385,52833385
Mexico,TelCEl,52,834,52834
Mexico,CVMexico,52,834214,52834214
Mexico,CVMexico,52,834215,52834215
Mexico,Altan,52,835,52835
Mexico,Altan,52,836,52836
Mexico,Altan,52,841,52841
Mexico,Altan,52,842,52842
Mexico,Altan,52,844,52844
Mexico,CVMexico,52,844285,52844285
Mexico,CVMexico,52,844286,52844286
Mexico,TelCEl,52,845,52845
Mexico,Altan,52,846,52846
Mexico,Altan,52,861,52861
Mexico,Altan,52,862,52862
Mexico,TelCEl,52,864,52864
Mexico,Altan,52,866,52866
Mexico,Altan,52,867,52867
Mexico,CVMexico,52,867204,52867204
Mexico,CVMexico,52,867205,52867205
Mexico,Altan,52,868,52868
Mexico,CVMexico,52,868240,52868240
Mexico,CVMexico,52,868241,52868241
Mexico,Altan,52,869,52869
Mexico,Altan,52,871,52871
Mexico,CVMexico,52,871315,52871315
Mexico,CVMexico,52,871316,52871316
Mexico,Altan,52,872,52872
Mexico,Altan,52,873,52873
Mexico,TelCEl,52,877,52877
Mexico,Altan,52,878,52878
Mexico,TelCEl,52,891,52891
Mexico,CVMexico,52,891108,52891108
Mexico,CVMexico,52,891109,52891109
Mexico,TelCEl,52,892,52892
Mexico,Altan,52,894,52894
Mexico,Altan,52,897,52897
Mexico,CVMexico,52,897110,52897110
Mexico,CVMexico,52,897111,52897111
Mexico,Altan,52,899,52899
Mexico,CVMexico,52,899308,52899308
Mexico,CVMexico,52,899309,52899309
Mexico,Altan,52,913,52913
Mexico,Altan,52,914,52914
Mexico,Altan,52,916,52916
Mexico,Altan,52,917,52917
Mexico,CVMexico,52,917121,52917121
Mexico,CVMexico,52,917123,52917123
Mexico,Altan,52,918,52918
Mexico,Altan,52,919,52919
Mexico,Altan,52,921,52921
Mexico,CVMexico,52,921191,52921191
Mexico,CVMexico,52,921192,52921192
Mexico,Altan,52,922,52922
Mexico,CVMexico,52,922171,52922171
Mexico,CVMexico,52,922172,52922172
Mexico,TelCEl,52,923,52923
Mexico,Altan,52,924,52924
Mexico,Altan,52,932,52932
Mexico,TelCEl,52,933,52933
Mexico,CVMexico,52,933141,52933141
Mexico,CVMexico,52,933143,52933143
Mexico,Altan,52,934,52934
Mexico,Altan,52,936,52936
Mexico,Altan,52,937,52937
Mexico,CVMexico,52,937149,52937149
Mexico,CVMexico,52,937151,52937151
Mexico,TelCEl,52,938,52938
Mexico,CVMexico,52,938164,52938164
Mexico,CVMexico,52,938166,52938166
Mexico,Altan,52,951,52951
Mexico,Altan,52,953,52953
Mexico,Altan,52,954,52954
Mexico,Altan,52,958,52958
Mexico,Altan,52,961,52961
Mexico,Altan,52,962,52962
Mexico,Altan,52,963,52963
Mexico,Altan,52,964,52964
Mexico,Altan,52,965,52965
Mexico,Altan,52,966,52966
Mexico,Altan,52,967,52967
Mexico,TelCEl,52,968,52968
Mexico,Altan,52,969,52969
Mexico,Altan,52,971,52971
Mexico,Altan,52,972,52972
Mexico,Altan,52,981,52981
Mexico,CVMexico,52,981166,52981166
Mexico,CVMexico,52,981167,52981167
Mexico,TelCEl,52,982,52982
Mexico,Altan,52,983,52983
Mexico,CVMexico,52,983160,52983160
Mexico,CVMexico,52,983162,52983162
Mexico,Altan,52,984,52984
Mexico,CVMexico,52,984175,52984175
Mexico,CVMexico,52,984176,52984176
Mexico,Altan,52,985,52985
Mexico,Altan,52,986,52986
Mexico,Altan,52,987,52987
Mexico,CVMexico,52,987126,52987126
Mexico,CVMexico,52,987127,52987127
Mexico,Altan,52,988,52988
Mexico,TelCEl,52,990,52990
Mexico,Altan,52,991,52991
Mexico,Altan,52,992,52992
Mexico,Altan,52,993,52993
Mexico,CVMexico,52,993307,52993307
Mexico,CVMexico,52,993308,52993308
Mexico,TelCEl,52,994,52994
Mexico,Altan,52,995,52995
Mexico,Altan,52,996,52996
Mexico,Altan,52,997,52997
Mexico,Altan,52,998,52998
Mexico,CVMexico,52,998293,52998293
Mexico,CVMexico,52,998294,52998294
Mexico,Altan,52,999,52999
Mexico,CVMexico,52,999349,52999349
Mexico,CVMexico,52,999350,52999350
Moldova,Moldcell SA,373,02,37302
Moldova,Moldtelecom,373,05,37305
Moldova,Orange,373,60,37360
Moldova,Eventis,373,65,37365
Moldova,Moldtelecom,373,67,37367
Moldova,Orange,373,68,37368
Moldova,Orange,373,69,37369
Moldova,Moldcell SA,373,76,37376
Moldova,Moldcell,373,78,37378
Moldova,Moldcell,373,79,37379
Monaco,ValaKosova,377,,377
Monaco,ValaKosova,377,01,37701
Monaco,,377,4,3774
Monaco,,377,6,3776
Monaco,ValaKosova,377,661,377661
Monaco,MonacoMartme,882,27,88227
Monaco,MonacoMartme,882,49,88249
Mongolia,Mobicom,976,,976
Mongolia,Mongolian Telecom Company,976,70,97670
Mongolia,Unitel1,976,86,97686
Mongolia,Unitel Corporation,976,88,97688
Mongolia,Unitel Corporation,976,89,97689
Mongolia,Skytel,976,91,97691
Mongolia,G-Mobile,976,93,97693
Mongolia,Mobicom,976,94,97694
Mongolia,Mobicom,976,95,97695
Mongolia,Skytel,976,96,97696
Mongolia,G-Mobile,976,98,97698
Mongolia,Mobicom,976,99,97699
Montenegro,Mtel,382,03,38203
Montenegro,"Revolucija, VMNO under MTEL CG",382,60,38260
Montenegro,Telenor,382,63,38263
Montenegro,T-Mobile,382,66,38266
Montenegro,T-Mobile,382,67,38267
Montenegro,MTEL CG,382,68,38268
Montenegro,Telenor,382,69,38269
Montserrat,CWWI,1,,1
Montserrat,,1,664,1664
Montserrat,CWWI,1,66449,166449
Montserrat,CWWI,1,860,1860
Morocco,,212,,212
Morocco,Orange,212,00,21200
Morocco,IAM,212,01,21201
Morocco,WANA,212,02,21202
Morocco,,212,5288,2125288
Morocco,,212,5289,2125289
Morocco,,212,6,2126
Morocco,WANA,212,600,212600
Morocco,IAM,212,610,212610
Morocco,IAM,212,611,212611
Morocco,IAM,212,613,212613
Morocco,IAM,212,615,212615
Morocco,IAM,212,616,212616
Morocco,IAM,212,618,212618
Morocco,IAM,212,622,212622
Morocco,IAM,212,623,212623
Morocco,IAM,212,624,212624
Morocco,WANA,212,633,212633
Morocco,WANA,212,640,212640
Morocco,IAM,212,641,212641
Morocco,IAM,212,642,212642
Morocco,WANA,212,646,212646
Morocco,WANA,212,647,212647
Morocco,IAM,212,648,212648
Morocco,IAM,212,650,212650
Morocco,IAM,212,651,212651
Morocco,IAM,212,652,212652
Morocco,IAM,212,653,212653
Morocco,IAM,212,654,212654
Morocco,IAM,212,655,212655
Morocco,IAM,212,658,212658
Morocco,IAM,212,659,212659
Morocco,IAM,212,661,212661
Morocco,IAM,212,662,212662
Morocco,IAM,212,666,212666
Morocco,IAM,212,667,212667
Morocco,IAM,212,668,212668
Morocco,IAM,212,670,212670
Morocco,IAM,212,671,212671
Morocco,IAM,212,672,212672
Morocco,IAM,212,673,212673
Morocco,IAM,212,676,212676
Morocco,IAM,212,677,212677
Morocco,IAM,212,678,212678
Morocco,WANA,212,699,212699
Morocco,Orange,212,9,2129
Mozambique,Mcel,258,,258
Mozambique,Mcel,258,01,25801
Mozambique,Movitel,258,03,25803
Mozambique,VMMozambique,258,04,25804
Mozambique,Vodacom,258,4,2584
Mozambique,,258,8,2588
Mozambique,Mcel,258,82,25882
Mozambique,VMMozambique,258,84,25884
Mozambique,VMMozambique,258,85,25885
Mozambique,Movitel,258,86,25886
Mozambique,Movitel,258,87,25887
Myanmar,MyanmaPT,95,01,9501
Myanmar,MyanmaPT,95,9,959
Myanmar,MPT,95,92,9592
Myanmar,MPT,95,925,95925
Myanmar,MPT,95,926,95926
Myanmar,MEC,95,93,9593
Myanmar,MPT,95,94,9594
Myanmar,MPT,95,943,95943
Myanmar,MPT,95,944,95944
Myanmar,MPT,95,95,9595
Myanmar,MPT,95,96,9596
Myanmar,MPT,95,973,95973
Myanmar,Telenor,95,977,95977
Myanmar,Telenor,95,978,95978
Myanmar,Telenor,95,979,95979
Myanmar,MPT,95,991,95991
Myanmar,Ooredoo,95,996,95996
Myanmar,Ooredoo,95,997,95997
Namibia,LeoNam,264,,264
Namibia,MTCNamibia,264,01,26401
Namibia,LeoNam,264,03,26403
Namibia,Switch,264,60,26460
Namibia,MTC,264,81,26481
Namibia,Leo,264,85,26485
Nauru,,674,555,674555
Nepal,Ncell,977,,977
Nepal,Ncell,977,02,97702
Nepal,"Nepal Telecom, Ncell",977,98,97798
Nepal,Ncell,977,980,977980
Nepal,Ncell,977,981,977981
Netherlands,KPN,31,,31
Netherlands,Vodafone,31,04,3104
Netherlands,KPN,31,08,3108
Netherlands,Telfort B.V.,31,12,3112
Netherlands,T-Mobile,31,16,3116
Netherlands,Orange,31,20,3120
Netherlands,,31,6,316
Netherlands,KPN,31,610,31610
Netherlands,Vodafone,31,611,31611
Netherlands,KPN,31,612,31612
Netherlands,KPN,31,613,31613
Netherlands,T-Mobile,31,614,31614
Netherlands,Vodafone,31,615,31615
Netherlands,Telfort B.V.,31,616,31616
Netherlands,Orange,31,618,31618
Netherlands,KPN,31,620,31620
Netherlands,Vodafone,31,621,31621
Netherlands,KPN,31,622,31622
Netherlands,KPN,31,623,31623
Netherlands,T-Mobile,31,624,31624
Netherlands,Vodafone,31,625,31625
Netherlands,Vodafone,31,627,31627
Netherlands,T-Mobile,31,628,31628
Netherlands,Vodafone,31,629,31629
Netherlands,KPN,31,630,31630
Netherlands,Vodafone,31,631,31631
Netherlands,T-Mobile,31,6320,316320
Netherlands,T-Mobile,31,6321,316321
Netherlands,T-Mobile,31,6322,316322
Netherlands,T-Mobile,31,634,31634
Netherlands,T-Mobile,31,638,31638
Netherlands,T-Mobile,31,639,31639
Netherlands,T-Mobile,31,641,31641
Netherlands,T-Mobile,31,642,31642
Netherlands,T-Mobile,31,643,31643
Netherlands,Vodafone,31,646,31646
Netherlands,T-Mobile,31,648,31648
Netherlands,Vodafone,31,650,31650
Netherlands,KPN,31,651,31651
Netherlands,Vodafone,31,652,31652
Netherlands,KPN,31,653,31653
Netherlands,Vodafone,31,654,31654
Netherlands,Vodafone,31,655,31655
Netherlands,T-Mobile,31,6560,316560
Netherlands,T-Mobile,31,6561,316561
Netherlands,KPN,31,657,31657
Netherlands,T-Mobile,31,681,31681
Netherlands,KPN,31,6820,316820
Netherlands,KPN,31,683,31683
Netherlands Antilles,TelcellSM,599,3186,5993186
Netherlands Antilles,TelcellSM,599,4161,5994161
Netherlands Antilles,TelcellSM,599,51,59951
Netherlands Antilles,TelcellSM,599,52,59952
Netherlands Antilles,TelcellSM,599,550,599550
Netherlands Antilles,TelcellSM,599,556,599556
Netherlands Antilles,TelcellSM,599,559,599559
New Caledonia,OPT,687,,687
New Caledonia,OPT,687,1,6871
New Caledonia,,687,7,6877
New Caledonia,OPT,687,73,68773
New Caledonia,OPT,687,74,68774
New Caledonia,OPT,687,75,68775
New Caledonia,OPT,687,76,68776
New Caledonia,OPT,687,77,68777
New Caledonia,OPT,687,78,68778
New Caledonia,OPT,687,79,68779
New Caledonia,,687,8,6878
New Caledonia,OPT,687,80,68780
New Caledonia,OPT,687,81,68781
New Caledonia,OPT,687,82,68782
New Caledonia,OPT,687,83,68783
New Caledonia,OPT,687,84,68784
New Caledonia,OPT,687,85,68785
New Caledonia,OPT,687,86,68786
New Caledonia,OPT,687,87,68787
New Caledonia,OPT,687,89,68789
New Caledonia,,687,9,6879
New Caledonia,OPT,687,90,68790
New Caledonia,OPT,687,91,68791
New Caledonia,OPT,687,92,68792
New Caledonia,OPT,687,93,68793
New Caledonia,OPT,687,94,68794
New Caledonia,OPT,687,95,68795
New Caledonia,OPT,687,96,68796
New Caledonia,OPT,687,97,68797
New Caledonia,OPT,687,98,68798
New Caledonia,OPT,687,99,68799
New Zealand,TWODEGREES,64,,64
New Zealand,TelecomNZ,64,05,6405
New Zealand,Orcon,64,20,6420
New Zealand,Vodafone,64,21,6421
New Zealand,2degrees,64,22,6422
New Zealand,TWODEGREES,64,24,6424
New Zealand,Unused,64,25,6425
New Zealand,Spark New Zealand,64,27,6427
New Zealand,,64,28,6428
New Zealand,Compass Communications,64,280,64280
New Zealand,Teletraders MVNO,64,283,64283
New Zealand,TelstraClear,64,29,6429
Nicaragua,Claro,505,21,50521
Nicaragua,Claro,505,5500,5055500
Nicaragua,Claro,505,5501,5055501
Nicaragua,Claro,505,5502,5055502
Nicaragua,Claro,505,5503,5055503
Nicaragua,Claro,505,5504,5055504
Nicaragua,Claro,505,5505,5055505
Nicaragua,Claro,505,5506,5055506
Nicaragua,Claro,505,5507,5055507
Nicaragua,Claro,505,5508,5055508
Nicaragua,Claro,505,5509,5055509
Nicaragua,Claro,505,551,505551
Nicaragua,Claro,505,552,505552
Nicaragua,Claro,505,553,505553
Nicaragua,Claro,505,554,505554
Nicaragua,Claro,505,555,505555
Nicaragua,Claro,505,556,505556
Nicaragua,Claro,505,5570,5055570
Nicaragua,Claro,505,57,50557
Nicaragua,Claro,505,58,50558
Nicaragua,,505,8,5058
Nicaragua,Claro,505,820,505820
Nicaragua,Claro,505,821,505821
Nicaragua,Claro,505,822,505822
Nicaragua,Claro,505,823,505823
Nicaragua,Claro,505,833,505833
Nicaragua,Claro,505,835,505835
Nicaragua,Claro,505,836,505836
Nicaragua,Claro,505,840,505840
Nicaragua,Claro,505,841,505841
Nicaragua,Claro,505,842,505842
Nicaragua,Claro,505,843,505843
Nicaragua,Claro,505,844,505844
Nicaragua,Claro,505,849,505849
Nicaragua,Claro,505,850,505850
Nicaragua,Claro,505,851,505851
Nicaragua,Claro,505,852,505852
Nicaragua,Claro,505,853,505853
Nicaragua,Claro,505,854,505854
Nicaragua,Claro,505,860,505860
Nicaragua,Claro,505,861,505861
Nicaragua,Claro,505,862,505862
Nicaragua,Claro,505,863,505863
Nicaragua,Claro,505,864,505864
Nicaragua,Claro,505,865,505865
Nicaragua,Claro,505,866,505866
Nicaragua,Claro,505,869,505869
Nicaragua,Claro,505,870,505870
Nicaragua,Claro,505,871,505871
Nicaragua,Claro,505,872,505872
Nicaragua,Claro,505,873,505873
Nicaragua,Claro,505,874,505874
Nicaragua,Claro,505,882,505882
Nicaragua,Claro,505,883,505883
Nicaragua,Claro,505,884,505884
Nicaragua,Claro,505,885,505885
Nicaragua,Claro,505,890,505890
Nicaragua,Claro,505,891,505891
Nicaragua,Claro,505,892,505892
Nicaragua,Claro,505,893,505893
Nicaragua,Claro,505,894,505894
Niger,Celtel,227,,227
Niger,Moov,227,03,22703
Niger,Orange,227,04,22704
Niger,Celtel,227,2,2272
Niger,Moov,227,24,22724
Niger,Moov,227,3,2273
Niger,Orange,227,80,22780
Niger,,227,9,2279
Niger,Orange,227,90,22790
Niger,Orange,227,91,22791
Niger,Orange,227,92,22792
Niger,Moov,227,94,22794
Niger,Moov,227,9500,2279500
Niger,Moov,227,9589,2279589
Niger,Moov,227,9590,2279590
Niger,Moov,227,9591,2279591
Niger,Moov,227,9592,2279592
Niger,Moov,227,9593,2279593
Niger,Moov,227,9594,2279594
Niger,Moov,227,9595,2279595
Niger,Moov,227,9596,2279596
Niger,Moov,227,9597,2279597
Niger,Moov,227,9598,2279598
Niger,Moov,227,9599,2279599
Niger,Celtel,227,96,22796
Nigeria,Glo Mobile,234,,234
Nigeria,Vmobile Nige,234,20,23420
Nigeria,MTN,234,30,23430
Nigeria,Glo Mobile,234,50,23450
Nigeria,Etisalet,234,60,23460
Nigeria,MTN,234,703,234703
Nigeria,Glo Mobile,234,705,234705
Nigeria,Vmobile Nige,234,708,234708
Nigeria,Airtel,234,802,234802
Nigeria,mtn,234,803,234803
Nigeria,ntel,234,804,234804
Nigeria,Glo Mobile,234,805,234805
Nigeria,Glo Mobile,234,807,234807
Nigeria,Vmobile Nige,234,808,234808
Nigeria,Etisalet,234,809,234809
Nigeria,Glo Mobile,234,811,234811
Nigeria,Vmobile Nige,234,812,234812
Nigeria,Glo Mobile,234,815,234815
Nigeria,Etisalet,234,817,234817
Nigeria,Etisalet,234,818,234818
Nigeria,Etisalet,234,909,234909
Niue,,683,1,6831
Niue,,683,3,6833
Niue,,683,4,6834
Norfolk Island,,672,38,67238
North Korea,,82,10,8210
North Korea,,82,11,8211
North Korea,,82,16,8216
North Korea,,82,17,8217
North Korea,,82,18,8218
North Korea,,82,19,8219
Northern Cyprus,,90,533,90533
Northern Cyprus,,90,542,90542
Northern Ireland,,44,,44
Northern Mariana Islands,,1,670,1670
Norway,MobileNorway,47,,47
Norway,Netcom,47,02,4702
Norway,MobileNorway,47,05,4705
Norway,Telenor,47,1,471
Norway,,47,4,474
Norway,Netcom,47,4000,474000
Norway,Netcom,47,4001,474001
Norway,Netcom,47,4010,474010
Norway,Netcom,47,4011,474011
Norway,Netcom,47,402,47402
Norway,Netcom,47,403,47403
Norway,Netcom,47,4040,474040
Norway,Netcom,47,4045,474045
Norway,Netcom,47,4046,474046
Norway,Netcom,47,4047,474047
Norway,Netcom,47,4048,474048
Norway,Netcom,47,4049,474049
Norway,Netcom,47,4050,474050
Norway,Netcom,47,4055,474055
Norway,MobileNorway,47,4056,474056
Norway,Netcom,47,4060,474060
Norway,Netcom,47,4061,474061
Norway,Netcom,47,4062,474062
Norway,Netcom,47,4063,474063
Norway,Netcom,47,4064,474064
Norway,Netcom,47,4067,474067
Norway,Netcom,47,4068,474068
Norway,Telenor,47,4105,474105
Norway,,47,59,4759
Norway,,47,9,479
Norway,Netcom,47,9217,479217
Norway,Netcom,47,9237,479237
Norway,Netcom,47,9257,479257
Norway,Netcom,47,9277,479277
Norway,Netcom,47,9297,479297
Norway,Netcom,47,930,47930
Norway,Netcom,47,9317,479317
Norway,Netcom,47,932,47932
Norway,Netcom,47,9337,479337
Norway,Netcom,47,934,47934
Norway,Netcom,47,9357,479357
Norway,Netcom,47,936,47936
Norway,Netcom,47,9377,479377
Norway,Netcom,47,938,47938
Norway,Netcom,47,9391,479391
Norway,Netcom,47,9410,479410
Norway,Netcom,47,9411,479411
Norway,Netcom,47,9412,479412
Norway,Netcom,47,942,47942
Norway,Netcom,47,9442,479442
Norway,Netcom,47,9443,479443
Norway,Netcom,47,9447,479447
Norway,Netcom,47,9448,479448
Norway,Netcom,47,9449,479449
Norway,Netcom,47,9471,479471
Norway,Netcom,47,9472,479472
Norway,Netcom,47,9473,479473
Norway,Netcom,47,9664,479664
Norway,Netcom,47,9692,479692
Norway,Netcom,47,9695,479695
Norway,Netcom,47,9696,479696
Norway,Netcom,47,9697,479697
Norway,Netcom,47,9698,479698
Norway,Netcom,47,9699,479699
Norway,Netcom,47,978,47978
Norway,Netcom,47,980,47980
Norway,Netcom,47,9815,479815
Norway,Netcom,47,982,47982
Norway,Netcom,47,9837,479837
Norway,Netcom,47,984,47984
Norway,Netcom,47,9854,479854
Norway,Netcom,47,986,47986
Norway,Netcom,47,9876,479876
Norway,Netcom,47,988,47988
Norway,Netcom,47,9899,479899
Norway,MCP,882,,882
Norway,MCP,882,12,88212
Norway,Aeromobile,882,14,88214
Norway,MCP,882,32,88232
Norway,Aeromobile,882,99,88299
Oman,NAWRAS,968,,968
Oman,OMAN MOBILE,968,02,96802
Oman,NAWRAS,968,03,96803
Oman,NAWRAS,968,1505,9681505
Oman,,968,91,96891
Oman,OMAN MOBILE,968,92,96892
Oman,Nawras,968,93,96893
Oman,Nawras,968,94,96894
Oman,NAWRAS,968,940,968940
Oman,NAWRAS,968,95,96895
Oman,NAWRAS,968,95001,96895001
Oman,NAWRAS,968,95002,96895002
Oman,NAWRAS,968,95003,96895003
Oman,NAWRAS,968,95004,96895004
Oman,NAWRAS,968,95005,96895005
Oman,NAWRAS,968,95006,96895006
Oman,NAWRAS,968,95007,96895007
Oman,NAWRAS,968,95008,96895008
Oman,NAWRAS,968,95009,96895009
Oman,NAWRAS,968,96,96896
Oman,NAWRAS,968,97,96897
Oman,OMAN MOBILE,968,970,968970
Oman,OMAN MOBILE,968,971,968971
Oman,OMAN MOBILE,968,972,968972
Oman,OMAN MOBILE,968,973,968973
Oman,OMAN MOBILE,968,974,968974
Oman,OMAN MOBILE,968,975,968975
Oman,OMAN MOBILE,968,976,968976
Oman,OMAN MOBILE,968,977,968977
Oman,OMAN MOBILE,968,978,968978
Oman,OMAN MOBILE,968,979,968979
Oman,Friendy,968,98,96898
Oman,OMAN MOBILE,968,99,96899
Pakistan,Warid Teleco,92,,92
Pakistan,Zong CM,92,04,9204
Pakistan,,92,3,923
Pakistan,Mobilink,92,30,9230
Pakistan,Zong,92,31,9231
Pakistan,Warid Pakistan,92,32,9232
Pakistan,Warid Teleco,92,321,92321
Pakistan,Ufone,92,33,9233
Pakistan,Telenor,92,34,9234
Pakistan,Warid Teleco,92,7,927
Pakistan,PMCL,93,01,9301
Pakistan,PMCL,93,30,9330
Palau,,680,,680
Palau,PalauNatinal,680,01,68001
Palau,PalauNatinal,680,770,680770
Palau,PalauNatinal,680,771,680771
Palau,PalauNatinal,680,772,680772
Palau,PalauNatinal,680,773,680773
Palau,PalauNatinal,680,774,680774
Palau,PalauNatinal,680,775,680775
Palau,PalauNatinal,680,776,680776
Palau,PalauNatinal,680,777,680777
Palau,PalauNatinal,680,778,680778
Palau,PalauNatinal,680,779,680779
"Palestine, State of",Wataniya,970,56,97056
"Palestine, State of",Jawwal,970,59,97059
"Palestine, State of",Wataniya,972,56,97256
"Palestine, State of",Jawwal,972,59,97259
Panama,Cable&Wire,507,01,50701
Panama,TelfonicaPAN,507,020,507020
Panama,Digicel,507,04,50704
Panama,,507,6,5076
Panama,Digicel,507,60,50760
Panama,Digicel,507,61,50761
Panama,Cable&Wire,507,634,507634
Panama,TelfonicaPAN,507,635,507635
Panama,TelfonicaPAN,507,636,507636
Panama,TelfonicaPAN,507,638,507638
Panama,TelfonicaPAN,507,639,507639
Panama,TelfonicaPAN,507,640,507640
Panama,TelfonicaPAN,507,641,507641
Panama,TelfonicaPAN,507,642,507642
Panama,TelfonicaPAN,507,643,507643
Panama,TelfonicaPAN,507,645,507645
Panama,TelfonicaPAN,507,646,507646
Panama,TelfonicaPAN,507,647,507647
Panama,TelfonicaPAN,507,648,507648
Panama,TelfonicaPAN,507,649,507649
Panama,TelfonicaPAN,507,656,507656
Panama,TelfonicaPAN,507,657,507657
Panama,TelfonicaPAN,507,658,507658
Panama,TelfonicaPAN,507,659,507659
Panama,TelfonicaPAN,507,660,507660
Panama,TelfonicaPAN,507,661,507661
Panama,TelfonicaPAN,507,662,507662
Panama,TelfonicaPAN,507,663,507663
Panama,TelfonicaPAN,507,664,507664
Panama,TelfonicaPAN,507,681,507681
Panama,TelfonicaPAN,507,682,507682
Panama,TelfonicaPAN,507,683,507683
Panama,TelfonicaPAN,507,685,507685
Panama,TelfonicaPAN,507,686,507686
Panama,TelfonicaPAN,507,689,507689
Panama,TelfonicaPAN,507,692,507692
Panama,TelfonicaPAN,507,693,507693
Panama,Cable&Wire,507,694,507694
Panama,TelfonicaPAN,507,697,507697
Papua New Guinea,Bemobile,675,01,67501
Papua New Guinea,TelikomPap,675,02,67502
Papua New Guinea,Digicel,675,03,67503
Papua New Guinea,DigitecLmted,675,04,67504
Papua New Guinea,DigitecLmted,675,204,675204
Papua New Guinea,DigitecLmted,675,207,675207
Papua New Guinea,,675,68,67568
Papua New Guinea,,675,69,67569
Papua New Guinea,Digicel,675,70,67570
Papua New Guinea,Digicel,675,7000,6757000
Papua New Guinea,Digicel,675,7001,6757001
Papua New Guinea,Digicel,675,7002,6757002
Papua New Guinea,Digicel,675,7003,6757003
Papua New Guinea,Digicel,675,7004,6757004
Papua New Guinea,Digicel,675,7005,6757005
Papua New Guinea,Digicel,675,7006,6757006
Papua New Guinea,Digicel,675,7007,6757007
Papua New Guinea,Digicel,675,7008,6757008
Papua New Guinea,Digicel,675,7009,6757009
Papua New Guinea,Digicel,675,7010,6757010
Papua New Guinea,Digicel,675,7011,6757011
Papua New Guinea,Digicel,675,7012,6757012
Papua New Guinea,Digicel,675,7013,6757013
Papua New Guinea,Digicel,675,7014,6757014
Papua New Guinea,Digicel,675,7015,6757015
Papua New Guinea,Digicel,675,7016,6757016
Papua New Guinea,Digicel,675,7017,6757017
Papua New Guinea,Digicel,675,7018,6757018
Papua New Guinea,Digicel,675,7019,6757019
Papua New Guinea,Digicel,675,7020,6757020
Papua New Guinea,Digicel,675,7021,6757021
Papua New Guinea,Digicel,675,7022,6757022
Papua New Guinea,Digicel,675,7023,6757023
Papua New Guinea,Digicel,675,7024,6757024
Papua New Guinea,Digicel,675,7025,6757025
Papua New Guinea,Digicel,675,7026,6757026
Papua New Guinea,Digicel,675,7027,6757027
Papua New Guinea,Digicel,675,7028,6757028
Papua New Guinea,Digicel,675,7029,6757029
Papua New Guinea,Digicel,675,7030,6757030
Papua New Guinea,Digicel,675,7031,6757031
Papua New Guinea,Digicel,675,7032,6757032
Papua New Guinea,Digicel,675,7033,6757033
Papua New Guinea,Digicel,675,7034,6757034
Papua New Guinea,Digicel,675,7035,6757035
Papua New Guinea,Digicel,675,7036,6757036
Papua New Guinea,Digicel,675,7037,6757037
Papua New Guinea,Digicel,675,7038,6757038
Papua New Guinea,Digicel,675,7039,6757039
Papua New Guinea,Digicel,675,7040,6757040
Papua New Guinea,Digicel,675,7041,6757041
Papua New Guinea,Digicel,675,7042,6757042
Papua New Guinea,Digicel,675,7043,6757043
Papua New Guinea,Digicel,675,7044,6757044
Papua New Guinea,Digicel,675,7045,6757045
Papua New Guinea,Digicel,675,7046,6757046
Papua New Guinea,Digicel,675,7047,6757047
Papua New Guinea,Digicel,675,7048,6757048
Papua New Guinea,Digicel,675,7049,6757049
Papua New Guinea,Digicel,675,7050,6757050
Papua New Guinea,Digicel,675,7051,6757051
Papua New Guinea,Digicel,675,7052,6757052
Papua New Guinea,Digicel,675,7053,6757053
Papua New Guinea,Digicel,675,7054,6757054
Papua New Guinea,Digicel,675,7055,6757055
Papua New Guinea,Digicel,675,7056,6757056
Papua New Guinea,Digicel,675,7057,6757057
Papua New Guinea,Digicel,675,7058,6757058
Papua New Guinea,Digicel,675,7059,6757059
Papua New Guinea,Digicel,675,7060,6757060
Papua New Guinea,Digicel,675,7061,6757061
Papua New Guinea,Digicel,675,7062,6757062
Papua New Guinea,Digicel,675,7063,6757063
Papua New Guinea,Digicel,675,7064,6757064
Papua New Guinea,Digicel,675,7065,6757065
Papua New Guinea,Digicel,675,7066,6757066
Papua New Guinea,Digicel,675,7067,6757067
Papua New Guinea,Digicel,675,7068,6757068
Papua New Guinea,Digicel,675,7069,6757069
Papua New Guinea,Digicel,675,7070,6757070
Papua New Guinea,Digicel,675,7071,6757071
Papua New Guinea,Digicel,675,7072,6757072
Papua New Guinea,Digicel,675,7073,6757073
Papua New Guinea,Digicel,675,7074,6757074
Papua New Guinea,Digicel,675,7075,6757075
Papua New Guinea,Digicel,675,7076,6757076
Papua New Guinea,Digicel,675,7077,6757077
Papua New Guinea,Digicel,675,7078,6757078
Papua New Guinea,Digicel,675,7079,6757079
Papua New Guinea,Digicel,675,7080,6757080
Papua New Guinea,Digicel,675,7081,6757081
Papua New Guinea,Digicel,675,7082,6757082
Papua New Guinea,Digicel,675,7083,6757083
Papua New Guinea,Digicel,675,7084,6757084
Papua New Guinea,Digicel,675,7085,6757085
Papua New Guinea,Digicel,675,7086,6757086
Papua New Guinea,Digicel,675,7087,6757087
Papua New Guinea,Digicel,675,7088,6757088
Papua New Guinea,Digicel,675,7089,6757089
Papua New Guinea,Digicel,675,7090,6757090
Papua New Guinea,Digicel,675,7091,6757091
Papua New Guinea,Digicel,675,7092,6757092
Papua New Guinea,Digicel,675,7093,6757093
Papua New Guinea,Digicel,675,7094,6757094
Papua New Guinea,Digicel,675,7095,6757095
Papua New Guinea,Digicel,675,7096,6757096
Papua New Guinea,Digicel,675,7097,6757097
Papua New Guinea,Digicel,675,7098,6757098
Papua New Guinea,Digicel,675,7099,6757099
Papua New Guinea,Digicel,675,71,67571
Papua New Guinea,Digicel,675,7100,6757100
Papua New Guinea,Digicel,675,7101,6757101
Papua New Guinea,Digicel,675,7102,6757102
Papua New Guinea,Digicel,675,7103,6757103
Papua New Guinea,Digicel,675,7104,6757104
Papua New Guinea,Digicel,675,7105,6757105
Papua New Guinea,Digicel,675,7106,6757106
Papua New Guinea,Digicel,675,7107,6757107
Papua New Guinea,Digicel,675,7108,6757108
Papua New Guinea,Digicel,675,7109,6757109
Papua New Guinea,Digicel,675,7110,6757110
Papua New Guinea,Digicel,675,7111,6757111
Papua New Guinea,Digicel,675,7112,6757112
Papua New Guinea,Digicel,675,7113,6757113
Papua New Guinea,Digicel,675,7114,6757114
Papua New Guinea,Digicel,675,7115,6757115
Papua New Guinea,Digicel,675,7116,6757116
Papua New Guinea,Digicel,675,7117,6757117
Papua New Guinea,Digicel,675,7118,6757118
Papua New Guinea,Digicel,675,7119,6757119
Papua New Guinea,Digicel,675,7120,6757120
Papua New Guinea,Digicel,675,7121,6757121
Papua New Guinea,Digicel,675,7122,6757122
Papua New Guinea,Digicel,675,7123,6757123
Papua New Guinea,Digicel,675,7124,6757124
Papua New Guinea,Digicel,675,7125,6757125
Papua New Guinea,Digicel,675,7126,6757126
Papua New Guinea,Digicel,675,7127,6757127
Papua New Guinea,Digicel,675,7128,6757128
Papua New Guinea,Digicel,675,7129,6757129
Papua New Guinea,Digicel,675,7130,6757130
Papua New Guinea,Digicel,675,7131,6757131
Papua New Guinea,Digicel,675,7132,6757132
Papua New Guinea,Digicel,675,7133,6757133
Papua New Guinea,Digicel,675,7134,6757134
Papua New Guinea,Digicel,675,7135,6757135
Papua New Guinea,Digicel,675,7136,6757136
Papua New Guinea,Digicel,675,7137,6757137
Papua New Guinea,Digicel,675,7138,6757138
Papua New Guinea,Digicel,675,7139,6757139
Papua New Guinea,Digicel,675,7140,6757140
Papua New Guinea,Digicel,675,7141,6757141
Papua New Guinea,Digicel,675,7142,6757142
Papua New Guinea,Digicel,675,7143,6757143
Papua New Guinea,Digicel,675,7144,6757144
Papua New Guinea,Digicel,675,7145,6757145
Papua New Guinea,Digicel,675,7146,6757146
Papua New Guinea,Digicel,675,7147,6757147
Papua New Guinea,Digicel,675,7148,6757148
Papua New Guinea,Digicel,675,7149,6757149
Papua New Guinea,Digicel,675,7150,6757150
Papua New Guinea,Digicel,675,7151,6757151
Papua New Guinea,Digicel,675,7152,6757152
Papua New Guinea,Digicel,675,7153,6757153
Papua New Guinea,Digicel,675,7154,6757154
Papua New Guinea,Digicel,675,7155,6757155
Papua New Guinea,Digicel,675,7156,6757156
Papua New Guinea,Digicel,675,7157,6757157
Papua New Guinea,Digicel,675,7158,6757158
Papua New Guinea,Digicel,675,7159,6757159
Papua New Guinea,Digicel,675,7160,6757160
Papua New Guinea,Digicel,675,7161,6757161
Papua New Guinea,Digicel,675,7162,6757162
Papua New Guinea,Digicel,675,7163,6757163
Papua New Guinea,Digicel,675,7164,6757164
Papua New Guinea,Digicel,675,7165,6757165
Papua New Guinea,Digicel,675,7166,6757166
Papua New Guinea,Digicel,675,7167,6757167
Papua New Guinea,Digicel,675,7168,6757168
Papua New Guinea,Digicel,675,7169,6757169
Papua New Guinea,Digicel,675,7170,6757170
Papua New Guinea,Digicel,675,7171,6757171
Papua New Guinea,Digicel,675,7172,6757172
Papua New Guinea,Digicel,675,7173,6757173
Papua New Guinea,Digicel,675,7174,6757174
Papua New Guinea,Digicel,675,7175,6757175
Papua New Guinea,Digicel,675,7176,6757176
Papua New Guinea,Digicel,675,7177,6757177
Papua New Guinea,Digicel,675,7178,6757178
Papua New Guinea,Digicel,675,7179,6757179
Papua New Guinea,Digicel,675,7180,6757180
Papua New Guinea,Digicel,675,7181,6757181
Papua New Guinea,Digicel,675,7182,6757182
Papua New Guinea,Digicel,675,7183,6757183
Papua New Guinea,Digicel,675,7184,6757184
Papua New Guinea,Digicel,675,7185,6757185
Papua New Guinea,Digicel,675,7186,6757186
Papua New Guinea,Digicel,675,7187,6757187
Papua New Guinea,Digicel,675,7188,6757188
Papua New Guinea,Digicel,675,7189,6757189
Papua New Guinea,Digicel,675,7190,6757190
Papua New Guinea,Digicel,675,7191,6757191
Papua New Guinea,Digicel,675,7192,6757192
Papua New Guinea,Digicel,675,7193,6757193
Papua New Guinea,Digicel,675,7194,6757194
Papua New Guinea,Digicel,675,7195,6757195
Papua New Guinea,Digicel,675,7196,6757196
Papua New Guinea,Digicel,675,7197,6757197
Papua New Guinea,Digicel,675,7198,6757198
Papua New Guinea,Digicel,675,7199,6757199
Papua New Guinea,Digicel,675,72,67572
Papua New Guinea,Digicel,675,7200,6757200
Papua New Guinea,Digicel,675,7201,6757201
Papua New Guinea,Digicel,675,7202,6757202
Papua New Guinea,Digicel,675,7203,6757203
Papua New Guinea,Digicel,675,7204,6757204
Papua New Guinea,Digicel,675,7205,6757205
Papua New Guinea,Digicel,675,7206,6757206
Papua New Guinea,Digicel,675,7207,6757207
Papua New Guinea,Digicel,675,7208,6757208
Papua New Guinea,Digicel,675,7209,6757209
Papua New Guinea,Digicel,675,7210,6757210
Papua New Guinea,Digicel,675,7211,6757211
Papua New Guinea,Digicel,675,7212,6757212
Papua New Guinea,Digicel,675,7213,6757213
Papua New Guinea,Digicel,675,7214,6757214
Papua New Guinea,Digicel,675,7215,6757215
Papua New Guinea,Digicel,675,7216,6757216
Papua New Guinea,Digicel,675,7217,6757217
Papua New Guinea,Digicel,675,7218,6757218
Papua New Guinea,Digicel,675,7219,6757219
Papua New Guinea,Digicel,675,7222,6757222
Papua New Guinea,Digicel,675,7223,6757223
Papua New Guinea,Digicel,675,7224,6757224
Papua New Guinea,Digicel,675,7225,6757225
Papua New Guinea,Digicel,675,7226,6757226
Papua New Guinea,Digicel,675,7227,6757227
Papua New Guinea,Digicel,675,7228,6757228
Papua New Guinea,Digicel,675,7229,6757229
Papua New Guinea,Digicel,675,7230,6757230
Papua New Guinea,Digicel,675,7231,6757231
Papua New Guinea,Digicel,675,7232,6757232
Papua New Guinea,Digicel,675,7233,6757233
Papua New Guinea,Digicel,675,7234,6757234
Papua New Guinea,Digicel,675,7235,6757235
Papua New Guinea,Digicel,675,7236,6757236
Papua New Guinea,Digicel,675,7237,6757237
Papua New Guinea,Digicel,675,7238,6757238
Papua New Guinea,Digicel,675,7239,6757239
Papua New Guinea,Digicel,675,7240,6757240
Papua New Guinea,Digicel,675,7241,6757241
Papua New Guinea,Digicel,675,7242,6757242
Papua New Guinea,Digicel,675,7243,6757243
Papua New Guinea,Digicel,675,7244,6757244
Papua New Guinea,Digicel,675,7245,6757245
Papua New Guinea,Digicel,675,7246,6757246
Papua New Guinea,Digicel,675,7247,6757247
Papua New Guinea,Digicel,675,7248,6757248
Papua New Guinea,Digicel,675,7249,6757249
Papua New Guinea,Digicel,675,7250,6757250
Papua New Guinea,Digicel,675,7251,6757251
Papua New Guinea,Digicel,675,7252,6757252
Papua New Guinea,Digicel,675,7253,6757253
Papua New Guinea,Digicel,675,7254,6757254
Papua New Guinea,Digicel,675,7255,6757255
Papua New Guinea,Digicel,675,7256,6757256
Papua New Guinea,Digicel,675,7257,6757257
Papua New Guinea,Digicel,675,7258,6757258
Papua New Guinea,Digicel,675,7259,6757259
Papua New Guinea,Digicel,675,7260,6757260
Papua New Guinea,Digicel,675,7261,6757261
Papua New Guinea,Digicel,675,7262,6757262
Papua New Guinea,Digicel,675,7263,6757263
Papua New Guinea,Digicel,675,7264,6757264
Papua New Guinea,Digicel,675,7265,6757265
Papua New Guinea,Digicel,675,7266,6757266
Papua New Guinea,Digicel,675,7267,6757267
Papua New Guinea,Digicel,675,7268,6757268
Papua New Guinea,Digicel,675,7269,6757269
Papua New Guinea,Digicel,675,7270,6757270
Papua New Guinea,Digicel,675,7271,6757271
Papua New Guinea,Digicel,675,7272,6757272
Papua New Guinea,Digicel,675,7273,6757273
Papua New Guinea,Digicel,675,7274,6757274
Papua New Guinea,Digicel,675,7275,6757275
Papua New Guinea,Digicel,675,7276,6757276
Papua New Guinea,Digicel,675,7277,6757277
Papua New Guinea,Digicel,675,7278,6757278
Papua New Guinea,Digicel,675,7279,6757279
Papua New Guinea,Digicel,675,7280,6757280
Papua New Guinea,Digicel,675,7281,6757281
Papua New Guinea,Digicel,675,7282,6757282
Papua New Guinea,Digicel,675,7283,6757283
Papua New Guinea,Digicel,675,7284,6757284
Papua New Guinea,Digicel,675,7285,6757285
Papua New Guinea,Digicel,675,7286,6757286
Papua New Guinea,Digicel,675,7287,6757287
Papua New Guinea,Digicel,675,7288,6757288
Papua New Guinea,Digicel,675,7289,6757289
Papua New Guinea,Digicel,675,7290,6757290
Papua New Guinea,Digicel,675,7291,6757291
Papua New Guinea,Digicel,675,7292,6757292
Papua New Guinea,Digicel,675,7293,6757293
Papua New Guinea,Digicel,675,7294,6757294
Papua New Guinea,Digicel,675,7295,6757295
Papua New Guinea,Digicel,675,7296,6757296
Papua New Guinea,Digicel,675,7297,6757297
Papua New Guinea,Digicel,675,7298,6757298
Papua New Guinea,Digicel,675,7299,6757299
Papua New Guinea,Digicel,675,73,67573
Papua New Guinea,Digicel,675,7300,6757300
Papua New Guinea,Digicel,675,7301,6757301
Papua New Guinea,Digicel,675,7302,6757302
Papua New Guinea,Digicel,675,7303,6757303
Papua New Guinea,Digicel,675,7304,6757304
Papua New Guinea,Digicel,675,7305,6757305
Papua New Guinea,Digicel,675,7306,6757306
Papua New Guinea,Digicel,675,7307,6757307
Papua New Guinea,Digicel,675,7308,6757308
Papua New Guinea,Digicel,675,7309,6757309
Papua New Guinea,Digicel,675,7310,6757310
Papua New Guinea,Digicel,675,7311,6757311
Papua New Guinea,Digicel,675,7312,6757312
Papua New Guinea,Digicel,675,7313,6757313
Papua New Guinea,Digicel,675,7314,6757314
Papua New Guinea,Digicel,675,7315,6757315
Papua New Guinea,Digicel,675,7316,6757316
Papua New Guinea,Digicel,675,7317,6757317
Papua New Guinea,Digicel,675,7318,6757318
Papua New Guinea,Digicel,675,7319,6757319
Papua New Guinea,Digicel,675,7320,6757320
Papua New Guinea,Digicel,675,7321,6757321
Papua New Guinea,Digicel,675,7322,6757322
Papua New Guinea,Digicel,675,7323,6757323
Papua New Guinea,Digicel,675,7324,6757324
Papua New Guinea,Digicel,675,7325,6757325
Papua New Guinea,Digicel,675,7326,6757326
Papua New Guinea,Digicel,675,7327,6757327
Papua New Guinea,Digicel,675,7328,6757328
Papua New Guinea,Digicel,675,7329,6757329
Papua New Guinea,Digicel,675,7330,6757330
Papua New Guinea,Digicel,675,7331,6757331
Papua New Guinea,Digicel,675,7332,6757332
Papua New Guinea,Digicel,675,7333,6757333
Papua New Guinea,Digicel,675,7334,6757334
Papua New Guinea,Digicel,675,7335,6757335
Papua New Guinea,Digicel,675,7336,6757336
Papua New Guinea,Digicel,675,7337,6757337
Papua New Guinea,Digicel,675,7338,6757338
Papua New Guinea,Digicel,675,7339,6757339
Papua New Guinea,Digicel,675,7340,6757340
Papua New Guinea,Digicel,675,7341,6757341
Papua New Guinea,Digicel,675,7342,6757342
Papua New Guinea,Digicel,675,7343,6757343
Papua New Guinea,Digicel,675,7344,6757344
Papua New Guinea,Digicel,675,7345,6757345
Papua New Guinea,Digicel,675,7346,6757346
Papua New Guinea,Digicel,675,7347,6757347
Papua New Guinea,Digicel,675,7348,6757348
Papua New Guinea,Digicel,675,7349,6757349
Papua New Guinea,Digicel,675,7350,6757350
Papua New Guinea,Digicel,675,7351,6757351
Papua New Guinea,Digicel,675,7352,6757352
Papua New Guinea,Digicel,675,7353,6757353
Papua New Guinea,Digicel,675,7354,6757354
Papua New Guinea,Digicel,675,7355,6757355
Papua New Guinea,Digicel,675,7356,6757356
Papua New Guinea,Digicel,675,7357,6757357
Papua New Guinea,Digicel,675,7358,6757358
Papua New Guinea,Digicel,675,7359,6757359
Papua New Guinea,Digicel,675,7360,6757360
Papua New Guinea,Digicel,675,7361,6757361
Papua New Guinea,Digicel,675,7362,6757362
Papua New Guinea,Digicel,675,7363,6757363
Papua New Guinea,Digicel,675,7364,6757364
Papua New Guinea,Digicel,675,7365,6757365
Papua New Guinea,Digicel,675,7366,6757366
Papua New Guinea,Digicel,675,7367,6757367
Papua New Guinea,Digicel,675,7368,6757368
Papua New Guinea,Digicel,675,7369,6757369
Papua New Guinea,Digicel,675,7370,6757370
Papua New Guinea,Digicel,675,7371,6757371
Papua New Guinea,Digicel,675,7372,6757372
Papua New Guinea,Digicel,675,7373,6757373
Papua New Guinea,Digicel,675,7374,6757374
Papua New Guinea,Digicel,675,7375,6757375
Papua New Guinea,Digicel,675,7376,6757376
Papua New Guinea,Digicel,675,7377,6757377
Papua New Guinea,Digicel,675,7378,6757378
Papua New Guinea,Digicel,675,7379,6757379
Papua New Guinea,Digicel,675,7380,6757380
Papua New Guinea,Digicel,675,7381,6757381
Papua New Guinea,Digicel,675,7382,6757382
Papua New Guinea,Digicel,675,7383,6757383
Papua New Guinea,Digicel,675,7384,6757384
Papua New Guinea,Digicel,675,7385,6757385
Papua New Guinea,Digicel,675,7386,6757386
Papua New Guinea,Digicel,675,7387,6757387
Papua New Guinea,Digicel,675,7388,6757388
Papua New Guinea,Digicel,675,7389,6757389
Papua New Guinea,Digicel,675,7390,6757390
Papua New Guinea,Digicel,675,7391,6757391
Papua New Guinea,Digicel,675,7392,6757392
Papua New Guinea,Digicel,675,7393,6757393
Papua New Guinea,Digicel,675,7394,6757394
Papua New Guinea,Digicel,675,7395,6757395
Papua New Guinea,Digicel,675,7396,6757396
Papua New Guinea,Digicel,675,7397,6757397
Papua New Guinea,Digicel,675,7398,6757398
Papua New Guinea,Digicel,675,7399,6757399
Papua New Guinea,Digicel,675,7400,6757400
Papua New Guinea,Digicel,675,7401,6757401
Papua New Guinea,Digicel,675,7402,6757402
Papua New Guinea,Digicel,675,7403,6757403
Papua New Guinea,Digicel,675,7404,6757404
Papua New Guinea,Digicel,675,7405,6757405
Papua New Guinea,Digicel,675,7406,6757406
Papua New Guinea,Digicel,675,7407,6757407
Papua New Guinea,Digicel,675,7408,6757408
Papua New Guinea,Digicel,675,7409,6757409
Papua New Guinea,Digicel,675,7410,6757410
Papua New Guinea,Digicel,675,7411,6757411
Papua New Guinea,Digicel,675,7412,6757412
Papua New Guinea,Digicel,675,7413,6757413
Papua New Guinea,Digicel,675,7414,6757414
Papua New Guinea,Digicel,675,7415,6757415
Papua New Guinea,Digicel,675,7416,6757416
Papua New Guinea,Digicel,675,7417,6757417
Papua New Guinea,Digicel,675,7418,6757418
Papua New Guinea,Digicel,675,7419,6757419
Papua New Guinea,Digicel,675,7420,6757420
Papua New Guinea,Digicel,675,7421,6757421
Papua New Guinea,Digicel,675,7422,6757422
Papua New Guinea,Digicel,675,7423,6757423
Papua New Guinea,Digicel,675,7424,6757424
Papua New Guinea,Digicel,675,7425,6757425
Papua New Guinea,Digicel,675,7426,6757426
Papua New Guinea,Digicel,675,7427,6757427
Papua New Guinea,Digicel,675,7428,6757428
Papua New Guinea,Digicel,675,7429,6757429
Papua New Guinea,Digicel,675,7430,6757430
Papua New Guinea,Digicel,675,7431,6757431
Papua New Guinea,Digicel,675,7432,6757432
Papua New Guinea,Digicel,675,7433,6757433
Papua New Guinea,Digicel,675,7434,6757434
Papua New Guinea,Digicel,675,7435,6757435
Papua New Guinea,Digicel,675,7436,6757436
Papua New Guinea,Digicel,675,7437,6757437
Papua New Guinea,Digicel,675,7438,6757438
Papua New Guinea,Digicel,675,7439,6757439
Papua New Guinea,Digicel,675,7440,6757440
Papua New Guinea,Digicel,675,7441,6757441
Papua New Guinea,Digicel,675,7442,6757442
Papua New Guinea,Digicel,675,7443,6757443
Papua New Guinea,Digicel,675,7444,6757444
Papua New Guinea,Digicel,675,7445,6757445
Papua New Guinea,Digicel,675,7446,6757446
Papua New Guinea,Digicel,675,7447,6757447
Papua New Guinea,Digicel,675,7448,6757448
Papua New Guinea,Digicel,675,7449,6757449
Papua New Guinea,Digicel,675,7450,6757450
Papua New Guinea,Digicel,675,7451,6757451
Papua New Guinea,Digicel,675,7452,6757452
Papua New Guinea,Digicel,675,7453,6757453
Papua New Guinea,Digicel,675,7454,6757454
Papua New Guinea,Digicel,675,7455,6757455
Papua New Guinea,Digicel,675,7456,6757456
Papua New Guinea,Digicel,675,7457,6757457
Papua New Guinea,Digicel,675,7458,6757458
Papua New Guinea,Digicel,675,7459,6757459
Papua New Guinea,Digicel,675,7460,6757460
Papua New Guinea,Digicel,675,7461,6757461
Papua New Guinea,Digicel,675,7462,6757462
Papua New Guinea,Digicel,675,7463,6757463
Papua New Guinea,Digicel,675,7464,6757464
Papua New Guinea,Digicel,675,7465,6757465
Papua New Guinea,Digicel,675,7466,6757466
Papua New Guinea,Digicel,675,7467,6757467
Papua New Guinea,Digicel,675,7468,6757468
Papua New Guinea,Digicel,675,7469,6757469
Papua New Guinea,Digicel,675,7470,6757470
Papua New Guinea,Digicel,675,7471,6757471
Papua New Guinea,Digicel,675,7472,6757472
Papua New Guinea,Digicel,675,7473,6757473
Papua New Guinea,Digicel,675,7474,6757474
Papua New Guinea,Digicel,675,7475,6757475
Papua New Guinea,Digicel,675,7476,6757476
Papua New Guinea,Digicel,675,7477,6757477
Papua New Guinea,Digicel,675,7478,6757478
Papua New Guinea,Digicel,675,7479,6757479
Papua New Guinea,Digicel,675,7480,6757480
Papua New Guinea,Digicel,675,7481,6757481
Papua New Guinea,Digicel,675,7482,6757482
Papua New Guinea,Digicel,675,7483,6757483
Papua New Guinea,Digicel,675,7484,6757484
Papua New Guinea,Digicel,675,7485,6757485
Papua New Guinea,Digicel,675,7486,6757486
Papua New Guinea,Digicel,675,7487,6757487
Papua New Guinea,Digicel,675,7488,6757488
Papua New Guinea,Digicel,675,7489,6757489
Papua New Guinea,Digicel,675,7490,6757490
Papua New Guinea,Digicel,675,7491,6757491
Papua New Guinea,Digicel,675,7492,6757492
Papua New Guinea,Digicel,675,7493,6757493
Papua New Guinea,Digicel,675,7494,6757494
Papua New Guinea,Digicel,675,7495,6757495
Papua New Guinea,Digicel,675,7496,6757496
Papua New Guinea,Digicel,675,7497,6757497
Papua New Guinea,Digicel,675,7498,6757498
Papua New Guinea,Digicel,675,7499,6757499
Papua New Guinea,Bemobile,675,75,67575
Papua New Guinea,Bemobile,675,76,67576
Papua New Guinea,TelikomPap,675,77,67577
Papua New Guinea,TelikomPap,675,78,67578
Papua New Guinea,Digicel,675,79,67579
Papua New Guinea,Digicel,675,7900,6757900
Papua New Guinea,Digicel,675,7901,6757901
Papua New Guinea,Digicel,675,7902,6757902
Papua New Guinea,Digicel,675,7903,6757903
Papua New Guinea,Digicel,675,7904,6757904
Papua New Guinea,Digicel,675,7905,6757905
Papua New Guinea,Digicel,675,7906,6757906
Papua New Guinea,Digicel,675,7907,6757907
Papua New Guinea,Digicel,675,7908,6757908
Papua New Guinea,Digicel,675,7909,6757909
Papua New Guinea,Digicel,675,7910,6757910
Papua New Guinea,Digicel,675,7911,6757911
Papua New Guinea,Digicel,675,7912,6757912
Papua New Guinea,Digicel,675,7913,6757913
Papua New Guinea,Digicel,675,7914,6757914
Papua New Guinea,Digicel,675,7915,6757915
Papua New Guinea,Digicel,675,7916,6757916
Papua New Guinea,Digicel,675,7917,6757917
Papua New Guinea,Digicel,675,7918,6757918
Papua New Guinea,Digicel,675,7919,6757919
Papua New Guinea,Digicel,675,7920,6757920
Papua New Guinea,Digicel,675,7921,6757921
Papua New Guinea,Digicel,675,7922,6757922
Papua New Guinea,Digicel,675,7923,6757923
Papua New Guinea,Digicel,675,7924,6757924
Papua New Guinea,Digicel,675,7925,6757925
Papua New Guinea,Digicel,675,7926,6757926
Papua New Guinea,Digicel,675,7927,6757927
Papua New Guinea,Digicel,675,7928,6757928
Papua New Guinea,Digicel,675,7929,6757929
Papua New Guinea,Digicel,675,7930,6757930
Papua New Guinea,Digicel,675,7931,6757931
Papua New Guinea,Digicel,675,7932,6757932
Papua New Guinea,Digicel,675,7933,6757933
Papua New Guinea,Digicel,675,7934,6757934
Papua New Guinea,Digicel,675,7935,6757935
Papua New Guinea,Digicel,675,7936,6757936
Papua New Guinea,Digicel,675,7937,6757937
Papua New Guinea,Digicel,675,7938,6757938
Papua New Guinea,Digicel,675,7939,6757939
Papua New Guinea,Digicel,675,7940,6757940
Papua New Guinea,Digicel,675,7941,6757941
Papua New Guinea,Digicel,675,7942,6757942
Papua New Guinea,Digicel,675,7943,6757943
Papua New Guinea,Digicel,675,7944,6757944
Papua New Guinea,Digicel,675,7945,6757945
Papua New Guinea,Digicel,675,7946,6757946
Papua New Guinea,Digicel,675,7947,6757947
Papua New Guinea,Digicel,675,7948,6757948
Papua New Guinea,Digicel,675,7949,6757949
Papua New Guinea,Digicel,675,7950,6757950
Papua New Guinea,Digicel,675,7951,6757951
Papua New Guinea,Digicel,675,7952,6757952
Papua New Guinea,Digicel,675,7953,6757953
Papua New Guinea,Digicel,675,7954,6757954
Papua New Guinea,Digicel,675,7955,6757955
Papua New Guinea,Digicel,675,7956,6757956
Papua New Guinea,Digicel,675,7957,6757957
Papua New Guinea,Digicel,675,7958,6757958
Papua New Guinea,Digicel,675,7959,6757959
Papua New Guinea,Digicel,675,7960,6757960
Papua New Guinea,Digicel,675,7961,6757961
Papua New Guinea,Digicel,675,7962,6757962
Papua New Guinea,Digicel,675,7963,6757963
Papua New Guinea,Digicel,675,7964,6757964
Papua New Guinea,Digicel,675,7965,6757965
Papua New Guinea,Digicel,675,7966,6757966
Papua New Guinea,Digicel,675,7967,6757967
Papua New Guinea,Digicel,675,7968,6757968
Papua New Guinea,Digicel,675,7969,6757969
Papua New Guinea,Digicel,675,7970,6757970
Papua New Guinea,Digicel,675,7971,6757971
Papua New Guinea,Digicel,675,7972,6757972
Papua New Guinea,Digicel,675,7973,6757973
Papua New Guinea,Digicel,675,7974,6757974
Papua New Guinea,Digicel,675,7975,6757975
Papua New Guinea,Digicel,675,7976,6757976
Papua New Guinea,Digicel,675,7977,6757977
Papua New Guinea,Digicel,675,7978,6757978
Papua New Guinea,Digicel,675,7979,6757979
Papua New Guinea,Digicel,675,7980,6757980
Papua New Guinea,Digicel,675,7981,6757981
Papua New Guinea,Digicel,675,7982,6757982
Papua New Guinea,Digicel,675,7983,6757983
Papua New Guinea,Digicel,675,7984,6757984
Papua New Guinea,Digicel,675,7985,6757985
Papua New Guinea,Digicel,675,7986,6757986
Papua New Guinea,Digicel,675,7987,6757987
Papua New Guinea,Digicel,675,7988,6757988
Papua New Guinea,Digicel,675,7989,6757989
Papua New Guinea,Digicel,675,7990,6757990
Papua New Guinea,Digicel,675,7991,6757991
Papua New Guinea,Digicel,675,7992,6757992
Papua New Guinea,Digicel,675,7993,6757993
Papua New Guinea,Digicel,675,7994,6757994
Papua New Guinea,Digicel,675,7995,6757995
Papua New Guinea,Digicel,675,7996,6757996
Papua New Guinea,Digicel,675,7997,6757997
Papua New Guinea,Digicel,675,7998,6757998
Papua New Guinea,Digicel,675,7999,6757999
Papua New Guinea,DigitecLmted,675,811,675811
Papua New Guinea,DigitecLmted,675,812,675812
Papua New Guinea,DigitecLmted,675,813,675813
Papua New Guinea,DigitecLmted,675,814,675814
Papua New Guinea,DigitecLmted,675,815,675815
Papua New Guinea,DigitecLmted,675,816,675816
Papua New Guinea,DigitecLmted,675,817,675817
Papua New Guinea,DigitecLmted,675,818,675818
Papua New Guinea,DigitecLmted,675,819,675819
Papua New Guinea,Digicel,675,88,67588
Paraguay,Nucleo,595,,595
Paraguay,Hola,595,01,59501
Paraguay,Telecel,595,04,59504
Paraguay,Nucleo,595,05,59505
Paraguay,Tigo,595,9,5959
Paraguay,Hola,595,951,595951
Paraguay,Hola,595,961,595961
Paraguay,Hola,595,962,595962
Paraguay,Hola,595,969,595969
Paraguay,Nucleo,595,971,595971
Paraguay,Nucleo,595,972,595972
Paraguay,Nucleo,595,973,595973
Paraguay,Nucleo,595,974,595974
Paraguay,Nucleo,595,975,595975
Paraguay,Nucleo,595,976,595976
Paraguay,Telecel,595,981,595981
Paraguay,Telecel,595,982,595982
Paraguay,Telecel,595,983,595983
Paraguay,Telecel,595,984,595984
Paraguay,Telecel,595,985,595985
Paraguay,Telecel,595,986,595986
Peru,Nextel,51,,51
Peru,TelefDelPeru,51,06,5106
Peru,Viettel,51,15,5115
Peru,Nextel,51,17,5117
Peru,,51,9,519
Peru,Viettel,51,900,51900
Peru,Viettel,51,901,51901
Peru,Viettel,51,910,51910
Peru,Viettel,51,915,51915
Peru,Viettel,51,916,51916
Peru,Viettel,51,917,51917
Peru,Viettel,51,918,51918
Peru,Viettel,51,919,51919
Peru,Viettel,51,921,51921
Peru,Viettel,51,925,51925
Peru,Viettel,51,926,51926
Peru,Viettel,51,927,51927
Peru,Viettel,51,928,51928
Peru,Viettel,51,929,51929
Peru,Viettel,51,930,51930
Peru,Viettel,51,931,51931
Peru,Viettel,51,935,51935
Peru,Viettel,51,937,51937
Philippines,GLOBE,63,,63
Philippines,GLOBE,63,02,6302
Philippines,SMART Gold,63,3,633
Philippines,Nextel,63,88,6388
Philippines,Globe Telecom,63,905,63905
Philippines,GLOBE,63,9050000001,639050000001
Philippines,GLOBE,63,9050000002,639050000002
Philippines,GLOBE,63,9050000003,639050000003
Philippines,GLOBE,63,9050000004,639050000004
Philippines,GLOBE,63,9050000005,639050000005
Philippines,GLOBE,63,9050000006,639050000006
Philippines,GLOBE,63,9050000007,639050000007
Philippines,GLOBE,63,9050000008,639050000008
Philippines,GLOBE,63,9050000009,639050000009
Philippines,Globe Telecom,63,906,63906
Philippines,GLOBE,63,9060000001,639060000001
Philippines,GLOBE,63,9060000002,639060000002
Philippines,GLOBE,63,9060000003,639060000003
Philippines,GLOBE,63,9060000004,639060000004
Philippines,GLOBE,63,9060000005,639060000005
Philippines,GLOBE,63,9060000006,639060000006
Philippines,GLOBE,63,9060000007,639060000007
Philippines,GLOBE,63,9060000008,639060000008
Philippines,GLOBE,63,9060000009,639060000009
Philippines,Smart Communications,63,907,63907
Philippines,SMART Gold,63,908,63908
Philippines,Smart Communications,63,909,63909
Philippines,Smart Communications,63,910,63910
Philippines,Smart Communications,63,912,63912
Philippines,Globe Telecom,63,915,63915
Philippines,GLOBE,63,9150000001,639150000001
Philippines,GLOBE,63,9150000002,639150000002
Philippines,GLOBE,63,9150000003,639150000003
Philippines,GLOBE,63,9150000004,639150000004
Philippines,GLOBE,63,9150000005,639150000005
Philippines,GLOBE,63,9150000006,639150000006
Philippines,GLOBE,63,9150000007,639150000007
Philippines,GLOBE,63,9150000008,639150000008
Philippines,GLOBE,63,9150000009,639150000009
Philippines,Globe Telecom,63,916,63916
Philippines,GLOBE,63,9160000001,639160000001
Philippines,GLOBE,63,9160000002,639160000002
Philippines,GLOBE,63,9160000003,639160000003
Philippines,GLOBE,63,9160000004,639160000004
Philippines,GLOBE,63,9160000005,639160000005
Philippines,GLOBE,63,9160000006,639160000006
Philippines,GLOBE,63,9160000007,639160000007
Philippines,GLOBE,63,9160000008,639160000008
Philippines,GLOBE,63,9160000009,639160000009
Philippines,Globe Telecom,63,917,63917
Philippines,GLOBE,63,9170000001,639170000001
Philippines,GLOBE,63,9170000002,639170000002
Philippines,GLOBE,63,9170000003,639170000003
Philippines,GLOBE,63,9170000004,639170000004
Philippines,GLOBE,63,9170000005,639170000005
Philippines,GLOBE,63,9170000006,639170000006
Philippines,GLOBE,63,9170000007,639170000007
Philippines,GLOBE,63,9170000008,639170000008
Philippines,GLOBE,63,9170000009,639170000009
Philippines,Smart Communications,63,918,63918
Philippines,Smart Communications,63,919,63919
Philippines,Smart Communications,63,920,63920
Philippines,Smart Communications,63,921,63921
Philippines,Sun Cellular,63,922,63922
Philippines,Sun Cellular,63,923,63923
Philippines,Globe Telecom,63,926,63926
Philippines,GLOBE,63,9260000001,639260000001
Philippines,GLOBE,63,9260000002,639260000002
Philippines,GLOBE,63,9260000003,639260000003
Philippines,GLOBE,63,9260000004,639260000004
Philippines,GLOBE,63,9260000005,639260000005
Philippines,GLOBE,63,9260000006,639260000006
Philippines,GLOBE,63,9260000007,639260000007
Philippines,GLOBE,63,9260000008,639260000008
Philippines,GLOBE,63,9260000009,639260000009
Philippines,Globe Telecom,63,927,63927
Philippines,GLOBE,63,9270000001,639270000001
Philippines,GLOBE,63,9270000002,639270000002
Philippines,GLOBE,63,9270000003,639270000003
Philippines,GLOBE,63,9270000004,639270000004
Philippines,GLOBE,63,9270000005,639270000005
Philippines,GLOBE,63,9270000006,639270000006
Philippines,GLOBE,63,9270000007,639270000007
Philippines,GLOBE,63,9270000008,639270000008
Philippines,GLOBE,63,9270000009,639270000009
Philippines,Smart Communications,63,928,63928
Philippines,Smart Communications,63,929,63929
Philippines,Smart Communications,63,930,63930
Philippines,Sun Cellular,63,932,63932
Philippines,Sun Cellular,63,933,63933
Philippines,Globe Telecom,63,935,63935
Philippines,GLOBE,63,9350000001,639350000001
Philippines,GLOBE,63,9350000002,639350000002
Philippines,GLOBE,63,9350000003,639350000003
Philippines,GLOBE,63,9350000004,639350000004
Philippines,GLOBE,63,9350000005,639350000005
Philippines,GLOBE,63,9350000006,639350000006
Philippines,GLOBE,63,9350000007,639350000007
Philippines,GLOBE,63,9350000008,639350000008
Philippines,GLOBE,63,9350000009,639350000009
Philippines,Globe Telecom,63,936,63936
Philippines,GLOBE,63,9360000001,639360000001
Philippines,GLOBE,63,9360000002,639360000002
Philippines,GLOBE,63,9360000003,639360000003
Philippines,GLOBE,63,9360000004,639360000004
Philippines,GLOBE,63,9360000005,639360000005
Philippines,GLOBE,63,9360000006,639360000006
Philippines,GLOBE,63,9360000007,639360000007
Philippines,GLOBE,63,9360000008,639360000008
Philippines,GLOBE,63,9360000009,639360000009
Philippines,Globe Telecom,63,937,63937
Philippines,GLOBE,63,9370000001,639370000001
Philippines,GLOBE,63,9370000002,639370000002
Philippines,GLOBE,63,9370000003,639370000003
Philippines,GLOBE,63,9370000004,639370000004
Philippines,GLOBE,63,9370000005,639370000005
Philippines,GLOBE,63,9370000006,639370000006
Philippines,GLOBE,63,9370000007,639370000007
Philippines,GLOBE,63,9370000008,639370000008
Philippines,GLOBE,63,9370000009,639370000009
Philippines,Smart Communications,63,938,63938
Philippines,Smart Communications,63,939,63939
Philippines,Sun Cellular,63,942,63942
Philippines,Sun Cellular,63,943,63943
Philippines,Smart Communications,63,947,63947
Philippines,Smart Communications,63,948,63948
Philippines,Smart Communications,63,949,63949
Philippines,Express Telecom,63,973,63973
Philippines,Express Telecom,63,974,63974
Philippines,Next Mobile,63,979,63979
Philippines,Nextel,63,97972,6397972
Philippines,,63,989,63989
Philippines,Globe Telecom,63,996,63996
Philippines,Globe Telecom,63,997,63997
Philippines,Smart Communications,63,999,63999
Pitcairn Islands,,64,,64
Plazas de soberanía,,34,,34
Poland,Idea,48,,48
Poland,Polkomtel,48,01,4801
Poland,Orange,48,03,4803
Poland,P4,48,06,4806
Poland,Idea,48,3,483
Poland,EZPhoneSpZOO,48,41,4841
Poland,T-Mobile,48,45,4845
Poland,T-Mobile,48,50,4850
Poland,Idea,48,500,48500
Poland,T-Mobile,48,51,4851
Poland,T-Mobile,48,53,4853
Poland,P4,48,530,48530
Poland,P4,48,531,48531
Poland,P4,48,533,48533
Poland,P4,48,534,48534
Poland,P4,48,535,48535
Poland,P4,48,5360,485360
Poland,P4,48,5361,485361
Poland,P4,48,5362,485362
Poland,P4,48,5363,485363
Poland,P4,48,5364,485364
Poland,P4,48,5365,485365
Poland,P4,48,5366,485366
Poland,P4,48,5367,485367
Poland,P4,48,5368,485368
Poland,P4,48,5369,485369
Poland,P4,48,5370,485370
Poland,P4,48,5371,485371
Poland,P4,48,5372,485372
Poland,P4,48,5373,485373
Poland,P4,48,5374,485374
Poland,T-Mobile,48,57,4857
Poland,EZPhoneSpZOO,48,579,48579
Poland,T-Mobile,48,60,4860
Poland,Orange,48,600,48600
Poland,Orange,48,601,48601
Poland,Orange,48,602,48602
Poland,Orange,48,603,48603
Poland,Orange,48,604,48604
Poland,Orange,48,605,48605
Poland,Orange,48,606,48606
Poland,Orange,48,607,48607
Poland,Orange,48,608,48608
Poland,Orange,48,609,48609
Poland,T-Mobile,48,66,4866
Poland,Orange,48,660,48660
Poland,Orange,48,661,48661
Poland,Orange,48,662,48662
Poland,Orange,48,663,48663
Poland,Orange,48,664,48664
Poland,Orange,48,665,48665
Poland,Orange,48,666,48666
Poland,Orange,48,6666,486666
Poland,Orange,48,667,48667
Poland,Orange,48,668,48668
Poland,Orange,48,669,48669
Poland,T-Mobile,48,69,4869
Poland,P4,48,6900,486900
Poland,P4,48,6908,486908
Poland,P4,48,6909,486909
Poland,Orange,48,691,48691
Poland,Orange,48,692,48692
Poland,Orange,48,693,48693
Poland,Orange,48,694,48694
Poland,Orange,48,695,48695
Poland,Orange,48,696,48696
Poland,Orange,48,697,48697
Poland,Orange,48,698,48698
Poland,Orange,48,69900,4869900
Poland,Orange,48,69902,4869902
Poland,Orange,48,69903,4869903
Poland,Orange,48,69904,4869904
Poland,Orange,48,69905,4869905
Poland,Orange,48,69906,4869906
Poland,Orange,48,69907,4869907
Poland,Orange,48,69908,4869908
Poland,Orange,48,69909,4869909
Poland,Orange,48,69910,4869910
Poland,Orange,48,69913,4869913
Poland,Orange,48,69914,4869914
Poland,Orange,48,69915,4869915
Poland,Orange,48,69916,4869916
Poland,Orange,48,69917,4869917
Poland,Orange,48,69918,4869918
Poland,Orange,48,69919,4869919
Poland,Orange,48,6993,486993
Poland,Orange,48,6994,486994
Poland,Polkomtel,48,69951,4869951
Poland,Polkomtel,48,69952,4869952
Poland,Polkomtel,48,69953,4869953
Poland,Polkomtel,48,69954,4869954
Poland,Polkomtel,48,69955,4869955
Poland,Polkomtel,48,69956,4869956
Poland,Polkomtel,48,69957,4869957
Poland,Polkomtel,48,69958,4869958
Poland,Polkomtel,48,69959,4869959
Poland,Orange,48,69961,4869961
Poland,Orange,48,69962,4869962
Poland,Orange,48,69963,4869963
Poland,Polkomtel,48,69971,4869971
Poland,Polkomtel,48,69979,4869979
Poland,Polkomtel,48,6999,486999
Poland,T-Mobile,48,72,4872
Poland,Orange,48,720,48720
Poland,Orange,48,721,48721
Poland,Orange,48,722,48722
Poland,Orange,48,723,48723
Poland,Orange,48,724,48724
Poland,Orange,48,725,48725
Poland,Orange,48,726,48726
Poland,Orange,48,727,48727
Poland,Polkomtel,48,7270,487270
Poland,Orange,48,7271,487271
Poland,Polkomtel,48,7274,487274
Poland,Polkomtel,48,7275,487275
Poland,Polkomtel,48,7276,487276
Poland,Polkomtel,48,7277,487277
Poland,Polkomtel,48,7278,487278
Poland,Polkomtel,48,7279,487279
Poland,Orange,48,728,48728
Poland,Orange,48,7280,487280
Poland,Polkomtel,48,7292,487292
Poland,Polkomtel,48,7293,487293
Poland,Polkomtel,48,7294,487294
Poland,Polkomtel,48,7295,487295
Poland,Polkomtel,48,7296,487296
Poland,Polkomtel,48,72971,4872971
Poland,T-Mobile,48,73,4873
Poland,T-Mobile,48,78,4878
Poland,Orange,48,781,48781
Poland,Orange,48,782,48782
Poland,Orange,48,783,48783
Poland,Orange,48,784,48784
Poland,Orange,48,785,48785
Poland,Orange,48,786,48786
Poland,Orange,48,7861,487861
Poland,Orange,48,7862,487862
Poland,Orange,48,7863,487863
Poland,Orange,48,7864,487864
Poland,Orange,48,787,48787
Poland,Orange,48,788,48788
Poland,Polkomtel,48,7895,487895
Poland,Polkomtel,48,7896,487896
Poland,Polkomtel,48,7897,487897
Poland,Polkomtel,48,7898,487898
Poland,Polkomtel,48,7899,487899
Poland,T-Mobile,48,79,4879
Poland,Orange,48,790,48790
Poland,P4,48,79091,4879091
Poland,P4,48,79092,4879092
Poland,P4,48,79095,4879095
Poland,P4,48,79099,4879099
Poland,Orange,48,791,48791
Poland,Orange,48,792,48792
Poland,Orange,48,793,48793
Poland,Orange,48,794,48794
Poland,Orange,48,795,48795
Poland,P4,48,7950,487950
Poland,P4,48,7956,487956
Poland,P4,48,7957,487957
Poland,P4,48,7958,487958
Poland,P4,48,7959,487959
Poland,Orange,48,796,48796
Poland,P4,48,7991,487991
Poland,P4,48,7992,487992
Poland,P4,48,7993,487993
Poland,P4,48,7994,487994
Poland,P4,48,7995,487995
Poland,T-Mobile,48,88,4888
Poland,Orange,48,880,48880
Poland,Orange,48,881,48881
Poland,P4,48,8812,488812
Poland,P4,48,8813,488813
Poland,P4,48,8814,488814
Poland,P4,48,8815,488815
Poland,P4,48,8816,488816
Poland,P4,48,8817,488817
Poland,Orange,48,882,48882
Poland,Orange,48,883,48883
Poland,P4,48,8830,488830
Poland,P4,48,8831,488831
Poland,P4,48,8832,488832
Poland,P4,48,8834,488834
Poland,P4,48,8835,488835
Poland,P4,48,8836,488836
Poland,P4,48,8837,488837
Poland,P4,48,8839,488839
Poland,Orange,48,884,48884
Poland,P4,48,8840,488840
Poland,P4,48,8843,488843
Poland,P4,48,8846,488846
Poland,P4,48,8847,488847
Poland,P4,48,8848,488848
Poland,P4,48,8849,488849
Poland,Orange,48,885,48885
Poland,Orange,48,886,48886
Poland,Orange,48,887,48887
Poland,Orange,48,888,48888
Poland,Orange,48,889,48889
Portugal,MEO,351,,351
Portugal,MEO,351,06,35106
Portugal,OPTIMUS,351,1693,3511693
Portugal,OPTIMUS,351,3,3513
Portugal,MEO,351,66,35166
Portugal,MEO,351,67,35167
Portugal,MEO,351,68,35168
Portugal,Vodafone,351,91,35191
Portugal,Vodafone,351,921,351921
Portugal,Phone-Ix,351,922,351922
Portugal,TMN,351,924,351924
Portugal,TMN,351,925,351925
Portugal,TMN,351,926,351926
Portugal,TMN,351,927,351927
Portugal,Zon Mobile,351,9290,3519290
Portugal,Zon Mobile,351,9291,3519291
Portugal,Zon Mobile,351,9292,3519292
Portugal,Zon Mobile,351,9293,3519293
Portugal,Zon Mobile,351,9294,3519294
Portugal,Optimus,351,93,35193
Portugal,TMN,351,96,35196
Príncipe,,239,90,23990
Puerto Rico,Claro,1,110,1110
Puerto Rico,PuerToRico,1,340,1340
Puerto Rico,,1,787,1787
Puerto Rico,Claro,1,787201,1787201
Puerto Rico,Claro,1,787202,1787202
Puerto Rico,Claro,1,787203,1787203
Puerto Rico,Claro,1,787204,1787204
Puerto Rico,Claro,1,787205,1787205
Puerto Rico,Claro,1,787206,1787206
Puerto Rico,Claro,1,787207,1787207
Puerto Rico,Claro,1,787208,1787208
Puerto Rico,Claro,1,787212,1787212
Puerto Rico,Claro,1,787213,1787213
Puerto Rico,Claro,1,787214,1787214
Puerto Rico,Claro,1,787215,1787215
Puerto Rico,Claro,1,787216,1787216
Puerto Rico,Claro,1,787217,1787217
Puerto Rico,Claro,1,787218,1787218
Puerto Rico,Claro,1,787219,1787219
Puerto Rico,Claro,1,787228,1787228
Puerto Rico,Claro,1,787312,1787312
Puerto Rico,Claro,1,787313,1787313
Puerto Rico,Claro,1,787314,1787314
Puerto Rico,Claro,1,787315,1787315
Puerto Rico,Claro,1,787316,1787316
Puerto Rico,Claro,1,787317,1787317
Puerto Rico,Claro,1,787318,1787318
Puerto Rico,Claro,1,787319,1787319
Puerto Rico,Claro,1,787320,1787320
Puerto Rico,Claro,1,787321,1787321
Puerto Rico,Claro,1,787322,1787322
Puerto Rico,Claro,1,787323,1787323
Puerto Rico,Claro,1,787324,1787324
Puerto Rico,Claro,1,787325,1787325
Puerto Rico,Claro,1,787326,1787326
Puerto Rico,Claro,1,787327,1787327
Puerto Rico,Claro,1,787328,1787328
Puerto Rico,Claro,1,787329,1787329
Puerto Rico,Claro,1,787371,1787371
Puerto Rico,Claro,1,787372,1787372
Puerto Rico,Claro,1,787373,1787373
Puerto Rico,Claro,1,787374,1787374
Puerto Rico,Claro,1,787375,1787375
Puerto Rico,Claro,1,787376,1787376
Puerto Rico,Claro,1,787377,1787377
Puerto Rico,Claro,1,787380,1787380
Puerto Rico,Claro,1,787381,1787381
Puerto Rico,Claro,1,787382,1787382
Puerto Rico,Claro,1,787383,1787383
Puerto Rico,Claro,1,787384,1787384
Puerto Rico,Claro,1,787385,1787385
Puerto Rico,Claro,1,787387,1787387
Puerto Rico,Claro,1,787388,1787388
Puerto Rico,Claro,1,787390,1787390
Puerto Rico,Claro,1,787391,1787391
Puerto Rico,Claro,1,787392,1787392
Puerto Rico,Claro,1,787393,1787393
Puerto Rico,Claro,1,787394,1787394
Puerto Rico,Claro,1,787445,1787445
Puerto Rico,Claro,1,787446,1787446
Puerto Rico,Claro,1,787450,1787450
Puerto Rico,Claro,1,787451,1787451
Puerto Rico,Claro,1,787453,1787453
Puerto Rico,Claro,1,787472,1787472
Puerto Rico,Claro,1,787481,1787481
Puerto Rico,Claro,1,787484,1787484
Puerto Rico,Claro,1,787485,1787485
Puerto Rico,Claro,1,787486,1787486
Puerto Rico,Claro,1,787487,1787487
Puerto Rico,Claro,1,787514,1787514
Puerto Rico,Claro,1,787515,1787515
Puerto Rico,Claro,1,787516,1787516
Puerto Rico,Claro,1,787517,1787517
Puerto Rico,Claro,1,787518,1787518
Puerto Rico,Claro,1,787519,1787519
Puerto Rico,Claro,1,787527,1787527
Puerto Rico,Claro,1,787553,1787553
Puerto Rico,Claro,1,787579,1787579
Puerto Rico,Claro,1,787610,1787610
Puerto Rico,Claro,1,787612,1787612
Puerto Rico,Claro,1,787613,1787613
Puerto Rico,Claro,1,787614,1787614
Puerto Rico,Claro,1,787615,1787615
Puerto Rico,Claro,1,787616,1787616
Puerto Rico,Claro,1,787617,1787617
Puerto Rico,Claro,1,787618,1787618
Puerto Rico,Claro,1,787910,1787910
Puerto Rico,Claro,1,787941,1787941
Puerto Rico,Claro,1,787943,1787943
Puerto Rico,PuerToRico,1,790,1790
Puerto Rico,,1,939,1939
Puerto Rico,Claro,1,939241,1939241
Puerto Rico,Claro,1,939242,1939242
Puerto Rico,Claro,1,939243,1939243
Puerto Rico,Claro,1,939244,1939244
Puerto Rico,Claro,1,939245,1939245
Puerto Rico,Claro,1,939246,1939246
Puerto Rico,Claro,1,939247,1939247
Puerto Rico,Claro,1,939248,1939248
Puerto Rico,Claro,1,939249,1939249
Puerto Rico,Claro,1,939250,1939250
Puerto Rico,Claro,1,939251,1939251
Puerto Rico,Claro,1,939253,1939253
Puerto Rico,Claro,1,939254,1939254
Puerto Rico,Claro,1,939255,1939255
Puerto Rico,Claro,1,939256,1939256
Puerto Rico,Claro,1,939257,1939257
Puerto Rico,Claro,1,939258,1939258
Puerto Rico,Claro,1,939259,1939259
Puerto Rico,Claro,1,939260,1939260
Puerto Rico,Claro,1,939261,1939261
Puerto Rico,Claro,1,939262,1939262
Puerto Rico,Claro,1,939263,1939263
Puerto Rico,Claro,1,939264,1939264
Puerto Rico,Claro,1,939265,1939265
Puerto Rico,Claro,1,939266,1939266
Puerto Rico,Claro,1,939267,1939267
Puerto Rico,Claro,1,939268,1939268
Puerto Rico,Claro,1,939269,1939269
Puerto Rico,Claro,1,939270,1939270
Puerto Rico,Claro,1,939271,1939271
Puerto Rico,Claro,1,939272,1939272
Puerto Rico,Claro,1,939273,1939273
Puerto Rico,Claro,1,939274,1939274
Puerto Rico,Claro,1,939275,1939275
Puerto Rico,Claro,1,939276,1939276
Puerto Rico,Claro,1,939277,1939277
Puerto Rico,Claro,1,939278,1939278
Puerto Rico,Claro,1,939279,1939279
Puerto Rico,Claro,1,939280,1939280
Puerto Rico,Claro,1,939281,1939281
Puerto Rico,Claro,1,939282,1939282
Puerto Rico,Claro,1,939283,1939283
Puerto Rico,Claro,1,939284,1939284
Puerto Rico,Claro,1,939285,1939285
Puerto Rico,Claro,1,939286,1939286
Puerto Rico,Claro,1,939287,1939287
Puerto Rico,Claro,1,939288,1939288
Puerto Rico,Claro,1,939289,1939289
Puerto Rico,Claro,1,939290,1939290
Puerto Rico,Claro,1,939334,1939334
Puerto Rico,Claro,1,939400,1939400
Puerto Rico,Claro,1,939401,1939401
Puerto Rico,Claro,1,939402,1939402
Puerto Rico,Claro,1,939403,1939403
Puerto Rico,Claro,1,939404,1939404
Puerto Rico,Claro,1,939405,1939405
Puerto Rico,Claro,1,939406,1939406
Puerto Rico,Claro,1,939407,1939407
Puerto Rico,Claro,1,939408,1939408
Puerto Rico,Claro,1,939409,1939409
Puerto Rico,Claro,1,939410,1939410
Puerto Rico,Claro,1,939412,1939412
Puerto Rico,Claro,1,939413,1939413
Puerto Rico,Claro,1,939414,1939414
Puerto Rico,Claro,1,939415,1939415
Puerto Rico,Claro,1,939416,1939416
Puerto Rico,Claro,1,939417,1939417
Puerto Rico,Claro,1,939418,1939418
Puerto Rico,Claro,1,939450,1939450
Puerto Rico,Claro,1,939451,1939451
Puerto Rico,Claro,1,939454,1939454
Puerto Rico,Claro,1,939456,1939456
Puerto Rico,Claro,1,939457,1939457
Puerto Rico,Claro,1,939458,1939458
Puerto Rico,Claro,1,939460,1939460
Puerto Rico,Claro,1,939464,1939464
Puerto Rico,Claro,1,939490,1939490
Puerto Rico,Claro,1,939491,1939491
Puerto Rico,Claro,1,939493,1939493
Puerto Rico,Claro,1,939494,1939494
Puerto Rico,Claro,1,939496,1939496
Puerto Rico,Claro,1,939497,1939497
Puerto Rico,Claro,1,939498,1939498
Puerto Rico,Claro,1,939499,1939499
Puerto Rico,Claro,1,939777,1939777
Qatar,Qtel,974,33,97433
Qatar,Qtel,974,55,97455
Qatar,Qtel,974,66,97466
Qatar,Vodafone,974,77,97477
Republic Of Congo,Airtel,242,,242
Republic Of Congo,Airtel,242,01,24201
Republic Of Congo,Azur,242,010010,242010010
Republic Of Congo,Azur,242,02,24202
Republic Of Congo,Airtel,242,05,24205
Republic Of Congo,Libertis,242,10,24210
Republic Of Congo,,242,4,2424
Republic Of Congo,,242,5,2425
Republic Of Congo,,242,6,2426
Republic Of Congo,Tigo,243,80,24380
Republic Of Congo,Tigo,243,89,24389
Reunion,Orange,262,,262
Reunion,Orange,262,00,26200
Reunion,Orange,262,63900,26263900
Reunion,Orange,262,63960,26263960
Reunion,Orange,262,63961,26263961
Reunion,Orange,262,69200,26269200
Reunion,Orange,262,69201,26269201
Reunion,Orange,262,69202,26269202
Reunion,Orange,262,69203,26269203
Reunion,Orange,262,69204,26269204
Reunion,Orange,262,69205,26269205
Reunion,Orange,262,69207,26269207
Reunion,Orange,262,69208,26269208
Reunion,Orange,262,69209,26269209
Reunion,Orange,262,6922,2626922
Reunion,Orange,262,69228,26269228
Reunion,Orange,262,6923,2626923
Reunion,Orange,262,69240,26269240
Reunion,Orange,262,69241,26269241
Reunion,Orange,262,69242,26269242
Reunion,Orange,262,69243,26269243
Reunion,Orange,262,69244,26269244
Reunion,Orange,262,69300,26269300
Reunion,Orange,262,69333,26269333
Reunion,Orange,262,69390,26269390
Reunion,Orange,262,69391,26269391
Reunion,Orange,262,69392,26269392
Reunion,Orange,262,69393,26269393
Romania,CosmoRomania,40,,40
Romania,CosmoRomania,40,03,4003
Romania,RCS&RDS,40,05,4005
Romania,Reserved for virtual operators,40,70,4070
Romania,Telekom Romania,40,711,40711
Romania,Vodafone,40,72,4072
Romania,Vodafone,40,73,4073
Romania,Orange,40,74,4074
Romania,Orange,40,75,4075
Romania,CosmoRomania,40,76,4076
Romania,DigiMobil,40,77,4077
Romania,RCS&RDS,40,770,40770
Romania,RCS&RDS,40,771,40771
Romania,RCS&RDS,40,772,40772
Romania,RCS&RDS,40,773,40773
Romania,RCS&RDS,40,774,40774
Romania,RCS&RDS,40,775,40775
Romania,Zapp Mobile,40,78,4078
Romania,CosmoRomania,40,785,40785
Romania,CosmoRomania,40,786,40786
Russian Federation,Baykalestcom,7,,7
Russian Federation,MegaFon,7,02,702
Russian Federation,NCC,7,03,703
Russian Federation,Baykalestcom,7,12,712
Russian Federation,LLC T2 Mob,7,17,717
Russian Federation,LLC TE Mob,7,20,720
Russian Federation,Smarts-Kazan,7,27,727
Russian Federation,LLC T2 Mob,7,346,7346
Russian Federation,LLC T2 Mob,7,351,7351
Russian Federation,LLC TE Mob,7,352,7352
Russian Federation,LLC T2 Mob,7,35226,735226
Russian Federation,LLC-T2-Mob,7,39,739
Russian Federation,MegaFon,7,495,7495
Russian Federation,MegaFon,7,499,7499
Russian Federation,LLC T2 Mob,7,5863,75863
Russian Federation,MegaFon,7,81290,781290
Russian Federation,MegaFon,7,81293,781293
Russian Federation,MegaFon,7,81294,781294
Russian Federation,MegaFon,7,81295,781295
Russian Federation,MegaFon,7,81296,781296
Russian Federation,MegaFon,7,81299,781299
Russian Federation,LLC TE Mob,7,831,7831
Russian Federation,LLC T2 Mob,7,8313037,78313037
Russian Federation,LLC T2 Mob,7,831415,7831415
Russian Federation,NCC,7,83190,783190
Russian Federation,LLC TE Mob,7,842,7842
Russian Federation,LLC T2 Mob,7,8422491,78422491
Russian Federation,LLC T2 Mob,7,8422493,78422493
Russian Federation,LLC T2 Mob,7,8422494,78422494
Russian Federation,LLC T2 Mob,7,8422495,78422495
Russian Federation,LLC T2 Mob,7,8422496,78422496
Russian Federation,LLC T2 Mob,7,8422497,78422497
Russian Federation,LLC T2 Mob,7,842292,7842292
Russian Federation,LLC T2 Mob,7,842293,7842293
Russian Federation,LLC T2 Mob,7,842294,7842294
Russian Federation,LLC T2 Mob,7,842295,7842295
Russian Federation,LLC T2 Mob,7,842296,7842296
Russian Federation,LLC T2 Mob,7,842297,7842297
Russian Federation,LLC T2 Mob,7,842298,7842298
Russian Federation,LLC T2 Mob,7,842299,7842299
Russian Federation,LLC T2 Mob,7,84235902,784235902
Russian Federation,LLC T2 Mob,7,84235903,784235903
Russian Federation,LLC T2 Mob,7,84235910,784235910
Russian Federation,LLC T2 Mob,7,84235911,784235911
Russian Federation,LLC T2 Mob,7,84235912,784235912
Russian Federation,LLC T2 Mob,7,84235913,784235913
Russian Federation,LLC T2 Mob,7,84235914,784235914
Russian Federation,LLC T2 Mob,7,84235955,784235955
Russian Federation,LLC T2 Mob,7,84235956,784235956
Russian Federation,LLC T2 Mob,7,84235957,784235957
Russian Federation,LLC T2 Mob,7,84235958,784235958
Russian Federation,LLC T2 Mob,7,84235959,784235959
Russian Federation,LLC T2 Mob,7,84235980,784235980
Russian Federation,LLC T2 Mob,7,84235988,784235988
Russian Federation,LLC T2 Mob,7,84235989,784235989
Russian Federation,LLC TE Mob,7,900,7900
Russian Federation,LLC T2 Mob,7,900194,7900194
Russian Federation,LLC T2 Mob,7,900217,7900217
Russian Federation,LLC T2 Mob,7,9002180,79002180
Russian Federation,LLC T2 Mob,7,9002181,79002181
Russian Federation,LLC T2 Mob,7,9002182,79002182
Russian Federation,LLC T2 Mob,7,9002183,79002183
Russian Federation,LLC T2 Mob,7,9002184,79002184
Russian Federation,LLC T2 Mob,7,9002185,79002185
Russian Federation,LLC T2 Mob,7,9002186,79002186
Russian Federation,LLC T2 Mob,7,9002187,79002187
Russian Federation,LLC T2 Mob,7,90031,790031
Russian Federation,LLC T2 Mob,7,90032,790032
Russian Federation,LLC T2 Mob,7,900330,7900330
Russian Federation,LLC T2 Mob,7,900331,7900331
Russian Federation,LLC T2 Mob,7,900332,7900332
Russian Federation,LLC T2 Mob,7,900333,7900333
Russian Federation,LLC T2 Mob,7,900334,7900334
Russian Federation,LLC T2 Mob,7,900446,7900446
Russian Federation,LLC T2 Mob,7,900454,7900454
Russian Federation,LLC T2 Mob,7,9004655,79004655
Russian Federation,LLC T2 Mob,7,9004714,79004714
Russian Federation,LLC T2 Mob,7,901,7901
Russian Federation,Baykalestcom,7,901630,7901630
Russian Federation,Baykalestcom,7,901631,7901631
Russian Federation,Baykalestcom,7,901632,7901632
Russian Federation,Baykalestcom,7,901633,7901633
Russian Federation,Baykalestcom,7,9016340,79016340
Russian Federation,Baykalestcom,7,9016341,79016341
Russian Federation,Baykalestcom,7,9016342,79016342
Russian Federation,Baykalestcom,7,9016343,79016343
Russian Federation,Baykalestcom,7,9016344,79016344
Russian Federation,Baykalestcom,7,901640,7901640
Russian Federation,Baykalestcom,7,901641,7901641
Russian Federation,Baykalestcom,7,901650,7901650
Russian Federation,Baykalestcom,7,901651,7901651
Russian Federation,Baykalestcom,7,901652,7901652
Russian Federation,Baykalestcom,7,901653,7901653
Russian Federation,Baykalestcom,7,901654,7901654
Russian Federation,Baykalestcom,7,901655,7901655
Russian Federation,Baykalestcom,7,901656,7901656
Russian Federation,Baykalestcom,7,901657,7901657
Russian Federation,Baykalestcom,7,901658,7901658
Russian Federation,Baykalestcom,7,901659,7901659
Russian Federation,Baykalestcom,7,90166,790166
Russian Federation,Baykalestcom,7,901670,7901670
Russian Federation,Baykalestcom,7,901671,7901671
Russian Federation,Baykalestcom,7,901672,7901672
Russian Federation,Baykalestcom,7,901673,7901673
Russian Federation,Baykalestcom,7,901674,7901674
Russian Federation,LLC TE Mob,7,902,7902
Russian Federation,LLC T2 Mob,7,90200,790200
Russian Federation,LLC T2 Mob,7,90204,790204
Russian Federation,Vimplcom,7,90205,790205
Russian Federation,Vimplcom,7,90206,790206
Russian Federation,Vimplcom,7,90207,790207
Russian Federation,LLC T2 Mob,7,90209,790209
Russian Federation,LLC T2 Mob,7,90210,790210
Russian Federation,LLC T2 Mob,7,90212,790212
Russian Federation,LLC T2 Mob,7,902150,7902150
Russian Federation,LLC T2 Mob,7,902151,7902151
Russian Federation,LLC T2 Mob,7,902155,7902155
Russian Federation,LLC T2 Mob,7,902156,7902156
Russian Federation,Baykalestcom,7,90216,790216
Russian Federation,Baykalestcom,7,90217,790217
Russian Federation,LLC T2 Mob,7,902188,7902188
Russian Federation,NCC,7,90221,790221
Russian Federation,LLC T2 Mob,7,902230,7902230
Russian Federation,LLC T2 Mob,7,902231,7902231
Russian Federation,LLC T2 Mob,7,902232,7902232
Russian Federation,LLC T2 Mob,7,902233,7902233
Russian Federation,LLC T2 Mob,7,902234,7902234
Russian Federation,LLC T2 Mob,7,902244,7902244
Russian Federation,LLC T2 Mob,7,902245,7902245
Russian Federation,LLC T2 Mob,7,902246,7902246
Russian Federation,LLC T2 Mob,7,902247,7902247
Russian Federation,LLC T2 Mob,7,902248,7902248
Russian Federation,LLC T2 Mob,7,902253,7902253
Russian Federation,LLC T2 Mob,7,902254,7902254
Russian Federation,LLC T2 Mob,7,902255,7902255
Russian Federation,LLC T2 Mob,7,902256,7902256
Russian Federation,LLC T2 Mob,7,902257,7902257
Russian Federation,LLC T2 Mob,7,902258,7902258
Russian Federation,LLC T2 Mob,7,902259,7902259
Russian Federation,LLC T2 Mob,7,90226,790226
Russian Federation,LLC T2 Mob,7,90227,790227
Russian Federation,LLC T2 Mob,7,902287,7902287
Russian Federation,LLC T2 Mob,7,902288,7902288
Russian Federation,LLC T2 Mob,7,90230,790230
Russian Federation,LLC T2 Mob,7,902310,7902310
Russian Federation,LLC T2 Mob,7,902311,7902311
Russian Federation,LLC T2 Mob,7,902312,7902312
Russian Federation,LLC T2 Mob,7,902313,7902313
Russian Federation,LLC T2 Mob,7,902314,7902314
Russian Federation,LLC T2 Mob,7,902325,7902325
Russian Federation,NCC,7,9023259,79023259
Russian Federation,LLC T2 Mob,7,902326,7902326
Russian Federation,LLC T2 Mob,7,902329,7902329
Russian Federation,LLC T2 Mob,7,902355,7902355
Russian Federation,LLC T2 Mob,7,902356,7902356
Russian Federation,LLC T2 Mob,7,902357,7902357
Russian Federation,LLC T2 Mob,7,902358,7902358
Russian Federation,LLC T2 Mob,7,902360,7902360
Russian Federation,LLC T2 Mob,7,902361,7902361
Russian Federation,LLC T2 Mob,7,902362,7902362
Russian Federation,LLC T2 Mob,7,902363,7902363
Russian Federation,LLC T2 Mob,7,902364,7902364
Russian Federation,LLC T2 Mob,7,902365,7902365
Russian Federation,LLC T2 Mob,7,902366,7902366
Russian Federation,LLC T2 Mob,7,90238,790238
Russian Federation,LLC T2 Mob,7,902400,7902400
Russian Federation,LLC T2 Mob,7,902409,7902409
Russian Federation,LLC T2 Mob,7,90243,790243
Russian Federation,LLC T2 Mob,7,90244,790244
Russian Federation,Baykalestcom,7,90245,790245
Russian Federation,Baykalestcom,7,902461,7902461
Russian Federation,Baykalestcom,7,902462,7902462
Russian Federation,Baykalestcom,7,902463,7902463
Russian Federation,Baykalestcom,7,902464,7902464
Russian Federation,LLC T2 Mob,7,902465,7902465
Russian Federation,LLC T2 Mob,7,902466,7902466
Russian Federation,LLC T2 Mob,7,90247,790247
Russian Federation,Baykalestcom,7,90248,790248
Russian Federation,Baykalestcom,7,902484,7902484
Russian Federation,LLC T2 Mob,7,902500,7902500
Russian Federation,LLC T2 Mob,7,902501,7902501
Russian Federation,LLC T2 Mob,7,902502,7902502
Russian Federation,LLC T2 Mob,7,902503,7902503
Russian Federation,Baykalestcom,7,902505,7902505
Russian Federation,Baykalestcom,7,902506,7902506
Russian Federation,LLC T2 Mob,7,902508,7902508
Russian Federation,LLC T2 Mob,7,902509,7902509
Russian Federation,Baykalestcom,7,902510,7902510
Russian Federation,Baykalestcom,7,902511,7902511
Russian Federation,Baykalestcom,7,902512,7902512
Russian Federation,Baykalestcom,7,902513,7902513
Russian Federation,Baykalestcom,7,902514,7902514
Russian Federation,Baykalestcom,7,902515,7902515
Russian Federation,Baykalestcom,7,902516,7902516
Russian Federation,Baykalestcom,7,902519,7902519
Russian Federation,Vimplcom,7,90252,790252
Russian Federation,Baykalestcom,7,90253,790253
Russian Federation,Baykalestcom,7,90254,790254
Russian Federation,Vimplcom,7,902553,7902553
Russian Federation,Vimplcom,7,902554,7902554
Russian Federation,Vimplcom,7,902555,7902555
Russian Federation,Vimplcom,7,902556,7902556
Russian Federation,Vimplcom,7,902557,7902557
Russian Federation,Vimplcom,7,902559,7902559
Russian Federation,Baykalestcom,7,90256,790256
Russian Federation,Baykalestcom,7,902564,7902564
Russian Federation,Baykalestcom,7,902576,7902576
Russian Federation,Baykalestcom,7,902577,7902577
Russian Federation,Baykalestcom,7,902578,7902578
Russian Federation,Baykalestcom,7,902579,7902579
Russian Federation,LLC T2 Mob,7,902582,7902582
Russian Federation,NCC,7,9025828,79025828
Russian Federation,LLC T2 Mob,7,902583,7902583
Russian Federation,LLC T2 Mob,7,902584,7902584
Russian Federation,LLC T2 Mob,7,902585,7902585
Russian Federation,LLC T2 Mob,7,902586,7902586
Russian Federation,LLC T2 Mob,7,902587,7902587
Russian Federation,LLC T2 Mob,7,902588,7902588
Russian Federation,LLC T2 Mob,7,902589,7902589
Russian Federation,LLC T2 Mob,7,90260,790260
Russian Federation,LLC T2 Mob,7,90261,790261
Russian Federation,LLC T2 Mob,7,90262,790262
Russian Federation,LLC T2 Mob,7,90263,790263
Russian Federation,LLC T2 Mob,7,90264,790264
Russian Federation,LLC T2 Mob,7,90265,790265
Russian Federation,LLC T2 Mob,7,902664,7902664
Russian Federation,LLC T2 Mob,7,902666,7902666
Russian Federation,LLC T2 Mob,7,902667,7902667
Russian Federation,LLC T2 Mob,7,902668,7902668
Russian Federation,LLC T2 Mob,7,902669,7902669
Russian Federation,NCC,7,9026699,79026699
Russian Federation,LLC T2 Mob,7,902670,7902670
Russian Federation,LLC T2 Mob,7,902671,7902671
Russian Federation,LLC T2 Mob,7,902672,7902672
Russian Federation,LLC T2 Mob,7,90268,790268
Russian Federation,LLC T2 Mob,7,902690,7902690
Russian Federation,LLC T2 Mob,7,902691,7902691
Russian Federation,LLC T2 Mob,7,902692,7902692
Russian Federation,LLC T2 Mob,7,902693,7902693
Russian Federation,LLC T2 Mob,7,902694,7902694
Russian Federation,LLC T2 Mob,7,90272,790272
Russian Federation,MegaFon,7,90273,790273
Russian Federation,LLC T2 Mob,7,902730,7902730
Russian Federation,LLC T2 Mob,7,902731,7902731
Russian Federation,LLC T2 Mob,7,902732,7902732
Russian Federation,LLC T2 Mob,7,902733,7902733
Russian Federation,LLC T2 Mob,7,902734,7902734
Russian Federation,LLC T2 Mob,7,902735,7902735
Russian Federation,LLC T2 Mob,7,902736,7902736
Russian Federation,LLC T2 Mob,7,902737,7902737
Russian Federation,LLC T2 Mob,7,902738,7902738
Russian Federation,LLC T2 Mob,7,902739,7902739
Russian Federation,LLC T2 Mob,7,902743,7902743
Russian Federation,LLC T2 Mob,7,902744,7902744
Russian Federation,LLC T2 Mob,7,902745,7902745
Russian Federation,Baykalestcom,7,90276,790276
Russian Federation,LLC T2 Mob,7,90278,790278
Russian Federation,LLC T2 Mob,7,90279,790279
Russian Federation,LLC T2 Mob,7,90280,790280
Russian Federation,LLC T2 Mob,7,902812,7902812
Russian Federation,LLC T2 Mob,7,902813,7902813
Russian Federation,LLC T2 Mob,7,902814,7902814
Russian Federation,LLC T2 Mob,7,902815,7902815
Russian Federation,LLC T2 Mob,7,902816,7902816
Russian Federation,LLC T2 Mob,7,902817,7902817
Russian Federation,LLC T2 Mob,7,902818,7902818
Russian Federation,LLC T2 Mob,7,902819,7902819
Russian Federation,LLC T2 Mob,7,902820,7902820
Russian Federation,LLC T2 Mob,7,902824,7902824
Russian Federation,LLC T2 Mob,7,902825,7902825
Russian Federation,LLC T2 Mob,7,902826,7902826
Russian Federation,LLC T2 Mob,7,902827,7902827
Russian Federation,LLC T2 Mob,7,902828,7902828
Russian Federation,LLC T2 Mob,7,902829,7902829
Russian Federation,LLC T2 Mob,7,90283,790283
Russian Federation,LLC T2 Mob,7,90285,790285
Russian Federation,LLC T2 Mob,7,90286,790286
Russian Federation,LLC T2 Mob,7,90289,790289
Russian Federation,LLC T2 Mob,7,902935,7902935
Russian Federation,LLC T2 Mob,7,902936,7902936
Russian Federation,LLC T2 Mob,7,902937,7902937
Russian Federation,LLC T2 Mob,7,902938,7902938
Russian Federation,LLC T2 Mob,7,902939,7902939
Russian Federation,Beeline,7,903,7903
Russian Federation,LLC TE Mob,7,904,7904
Russian Federation,Baykalestcom,7,90411,790411
Russian Federation,Baykalestcom,7,90412,790412
Russian Federation,Baykalestcom,7,90413,790413
Russian Federation,Baykalestcom,7,90414,790414
Russian Federation,Baykalestcom,7,90415,790415
Russian Federation,Baykalestcom,7,904156,7904156
Russian Federation,Baykalestcom,7,904157,7904157
Russian Federation,Baykalestcom,7,9041580,79041580
Russian Federation,Baykalestcom,7,9041581,79041581
Russian Federation,Baykalestcom,7,9041582,79041582
Russian Federation,Baykalestcom,7,9041583,79041583
Russian Federation,Baykalestcom,7,9041584,79041584
Russian Federation,Baykalestcom,7,9041585,79041585
Russian Federation,Baykalestcom,7,9041586,79041586
Russian Federation,LLC T2 Mob,7,90418,790418
Russian Federation,LLC T2 Mob,7,90419,790419
Russian Federation,LLC T2 Mob,7,904240,7904240
Russian Federation,LLC T2 Mob,7,904241,7904241
Russian Federation,LLC T2 Mob,7,904242,7904242
Russian Federation,LLC T2 Mob,7,904243,7904243
Russian Federation,NCC,7,9042435,79042435
Russian Federation,LLC T2 Mob,7,904244,7904244
Russian Federation,LLC T2 Mob,7,904263,7904263
Russian Federation,LLC T2 Mob,7,904264,7904264
Russian Federation,LLC T2 Mob,7,904265,7904265
Russian Federation,LLC T2 Mob,7,904266,7904266
Russian Federation,LLC T2 Mob,7,904267,7904267
Russian Federation,LLC T2 Mob,7,904268,7904268
Russian Federation,LLC T2 Mob,7,904269,7904269
Russian Federation,LLC T2 Mob,7,90440,790440
Russian Federation,LLC T2 Mob,7,90441,790441
Russian Federation,LLC T2 Mob,7,90442,790442
Russian Federation,LLC T2 Mob,7,90443,790443
Russian Federation,LLC T2 Mob,7,90445,790445
Russian Federation,LLC T2 Mob,7,90446,790446
Russian Federation,LLC T2 Mob,7,90447,790447
Russian Federation,LLC T2 Mob,7,90448,790448
Russian Federation,LLC T2 Mob,7,90449,790449
Russian Federation,Vimplcom,7,90462,790462
Russian Federation,LLC T2 Mob,7,90466,790466
Russian Federation,LLC T2 Mob,7,90467,790467
Russian Federation,LLC T2 Mob,7,90475,790475
Russian Federation,LLC T2 Mob,7,90476,790476
Russian Federation,NCC,7,90476696,790476696
Russian Federation,NCC,7,90476697,790476697
Russian Federation,NCC,7,90476898,790476898
Russian Federation,NCC,7,90476899,790476899
Russian Federation,LLC T2 Mob,7,90477,790477
Russian Federation,LLC T2 Mob,7,90478,790478
Russian Federation,LLC T2 Mob,7,90479,790479
Russian Federation,LLC T2 Mob,7,90480,790480
Russian Federation,LLC T2 Mob,7,90481,790481
Russian Federation,LLC T2 Mob,7,90484,790484
Russian Federation,LLC T2 Mob,7,904850,7904850
Russian Federation,NCC,7,90485010,790485010
Russian Federation,NCC,7,90485011,790485011
Russian Federation,LLC T2 Mob,7,904851,7904851
Russian Federation,LLC T2 Mob,7,904852,7904852
Russian Federation,LLC T2 Mob,7,904853,7904853
Russian Federation,LLC T2 Mob,7,904854,7904854
Russian Federation,LLC T2 Mob,7,904855,7904855
Russian Federation,LLC T2 Mob,7,90487,790487
Russian Federation,LLC T2 Mob,7,90488,790488
Russian Federation,LLC T2 Mob,7,90490,790490
Russian Federation,LLC T2 Mob,7,90491,790491
Russian Federation,LLC T2 Mob,7,90492,790492
Russian Federation,LLC T2 Mob,7,90493,790493
Russian Federation,LLC T2 Mob,7,90494,790494
Russian Federation,Beeline,7,905,7905
Russian Federation,Beeline,7,906,7906
Russian Federation,LLC TE Mob,7,908,7908
Russian Federation,LLC T2 Mob,7,908000,7908000
Russian Federation,LLC T2 Mob,7,908001,7908001
Russian Federation,LLC T2 Mob,7,908002,7908002
Russian Federation,LLC T2 Mob,7,908003,7908003
Russian Federation,LLC T2 Mob,7,908004,7908004
Russian Federation,LLC T2 Mob,7,908005,7908005
Russian Federation,LLC T2 Mob,7,908006,7908006
Russian Federation,LLC T2 Mob,7,908007,7908007
Russian Federation,LLC T2 Mob,7,908009,7908009
Russian Federation,LLC T2 Mob,7,90807,790807
Russian Federation,LLC T2 Mob,7,908080,7908080
Russian Federation,LLC T2 Mob,7,908081,7908081
Russian Federation,LLC T2 Mob,7,908082,7908082
Russian Federation,LLC T2 Mob,7,908083,7908083
Russian Federation,LLC T2 Mob,7,908085,7908085
Russian Federation,LLC T2 Mob,7,908086,7908086
Russian Federation,LLC T2 Mob,7,908087,7908087
Russian Federation,LLC T2 Mob,7,908088,7908088
Russian Federation,LLC T2 Mob,7,908089,7908089
Russian Federation,LLC T2 Mob,7,90809,790809
Russian Federation,LLC T2 Mob,7,908227,7908227
Russian Federation,LLC T2 Mob,7,90824,790824
Russian Federation,LLC T2 Mob,7,90825,790825
Russian Federation,LLC T2 Mob,7,90826,790826
Russian Federation,LLC T2 Mob,7,90827,790827
Russian Federation,LLC T2 Mob,7,90830,790830
Russian Federation,LLC T2 Mob,7,908320,7908320
Russian Federation,LLC T2 Mob,7,908321,7908321
Russian Federation,LLC T2 Mob,7,908322,7908322
Russian Federation,LLC T2 Mob,7,908323,7908323
Russian Federation,LLC T2 Mob,7,908324,7908324
Russian Federation,Vimplcom,7,90844,790844
Russian Federation,Vimplcom,7,90845,790845
Russian Federation,Vimplcom,7,90846,790846
Russian Federation,LLC T2 Mob,7,90847,790847
Russian Federation,LLC T2 Mob,7,90848,790848
Russian Federation,LLC T2 Mob,7,908490,7908490
Russian Federation,LLC T2 Mob,7,908491,7908491
Russian Federation,Baykalestcom,7,908495,7908495
Russian Federation,Baykalestcom,7,908496,7908496
Russian Federation,LLC T2 Mob,7,908497,7908497
Russian Federation,LLC T2 Mob,7,908498,7908498
Russian Federation,LLC T2 Mob,7,908499,7908499
Russian Federation,LLC T2 Mob,7,90854,790854
Russian Federation,LLC T2 Mob,7,90855,790855
Russian Federation,Baykalestcom,7,90859,790859
Russian Federation,LLC T2 Mob,7,908603,7908603
Russian Federation,LLC T2 Mob,7,9086080,79086080
Russian Federation,LLC T2 Mob,7,9086081,79086081
Russian Federation,LLC T2 Mob,7,9086082,79086082
Russian Federation,LLC T2 Mob,7,9086083,79086083
Russian Federation,LLC T2 Mob,7,9086084,79086084
Russian Federation,Baykalestcom,7,90864,790864
Russian Federation,Baykalestcom,7,90865,790865
Russian Federation,Baykalestcom,7,90866,790866
Russian Federation,LLC T2 Mob,7,90872,790872
Russian Federation,LLC T2 Mob,7,90873,790873
Russian Federation,LLC T2 Mob,7,90874,790874
Russian Federation,LLC T2 Mob,7,90875,790875
Russian Federation,NCC,7,908750,7908750
Russian Federation,LLC T2 Mob,7,90876,790876
Russian Federation,LLC T2 Mob,7,90881,790881
Russian Federation,LLC T2 Mob,7,90882,790882
Russian Federation,LLC T2 Mob,7,90883,790883
Russian Federation,LLC T2 Mob,7,908852,7908852
Russian Federation,LLC T2 Mob,7,908853,7908853
Russian Federation,LLC T2 Mob,7,908854,7908854
Russian Federation,LLC T2 Mob,7,908855,7908855
Russian Federation,LLC T2 Mob,7,908856,7908856
Russian Federation,LLC T2 Mob,7,908857,7908857
Russian Federation,LLC T2 Mob,7,908858,7908858
Russian Federation,LLC T2 Mob,7,908859,7908859
Russian Federation,LLC T2 Mob,7,90886,790886
Russian Federation,LLC T2 Mob,7,90887,790887
Russian Federation,LLC T2 Mob,7,90888,790888
Russian Federation,LLC T2 Mob,7,90889,790889
Russian Federation,Vimplcom,7,90896,790896
Russian Federation,Vimplcom,7,90897,790897
Russian Federation,Vimplcom,7,90898,790898
Russian Federation,Vimplcom,7,90899,790899
Russian Federation,Beeline,7,909,7909
Russian Federation,MTS,7,91,791
Russian Federation,MegaFon,7,92,792
Russian Federation,MegaFon,7,93,793
Russian Federation,MegaFon,7,930,7930
Russian Federation,MegaFon,7,9312,79312
Russian Federation,MegaFon,7,9313,79313
Russian Federation,MegaFon,7,9314,79314
Russian Federation,MegaFon,7,9315,79315
Russian Federation,MegaFon,7,9316,79316
Russian Federation,MegaFon,7,93170,793170
Russian Federation,MegaFon,7,9318,79318
Russian Federation,MegaFon,7,93190,793190
Russian Federation,MegaFon,7,932,7932
Russian Federation,MegaFon,7,933,7933
Russian Federation,MegaFon,7,934,7934
Russian Federation,MegaFon,7,936,7936
Russian Federation,MegaFon,7,937,7937
Russian Federation,MegaFon,7,938,7938
Russian Federation,Smarts-Kazan,7,939,7939
Russian Federation,LLC TE Mob,7,950,7950
Russian Federation,LLC T2 Mob,7,950013,7950013
Russian Federation,Baykalestcom,7,95005,795005
Russian Federation,Baykalestcom,7,95006,795006
Russian Federation,Baykalestcom,7,95007,795007
Russian Federation,Baykalestcom,7,95008,795008
Russian Federation,Baykalestcom,7,95009,795009
Russian Federation,Baykalestcom,7,950096,7950096
Russian Federation,Baykalestcom,7,95010,795010
Russian Federation,Baykalestcom,7,9501029,79501029
Russian Federation,Baykalestcom,7,95011,795011
Russian Federation,Baykalestcom,7,95012,795012
Russian Federation,Baykalestcom,7,95013,795013
Russian Federation,Baykalestcom,7,95014,795014
Russian Federation,LLC T2 Mob,7,95018,795018
Russian Federation,Baykalestcom,7,95028,795028
Russian Federation,Baykalestcom,7,95029,795029
Russian Federation,LLC T2 Mob,7,950309,7950309
Russian Federation,LLC T2 Mob,7,95031,795031
Russian Federation,LLC T2 Mob,7,95032,795032
Russian Federation,LLC T2 Mob,7,95034,795034
Russian Federation,LLC T2 Mob,7,95035,795035
Russian Federation,LLC T2 Mob,7,95036,795036
Russian Federation,LLC T2 Mob,7,95037,795037
Russian Federation,Baykalestcom,7,95038,795038
Russian Federation,Baykalestcom,7,95039,795039
Russian Federation,Baykalestcom,7,9503970,79503970
Russian Federation,LLC T2 Mob,7,95044,795044
Russian Federation,LLC T2 Mob,7,95045,795045
Russian Federation,LLC T2 Mob,7,95046,795046
Russian Federation,LLC T2 Mob,7,95047,795047
Russian Federation,LLC T2 Mob,7,95048,795048
Russian Federation,LLC T2 Mob,7,95049,795049
Russian Federation,LLC T2 Mob,7,95050,795050
Russian Federation,LLC T2 Mob,7,95051,795051
Russian Federation,LLC T2 Mob,7,95052,795052
Russian Federation,LLC T2 Mob,7,95053,795053
Russian Federation,LLC T2 Mob,7,95054,795054
Russian Federation,LLC T2 Mob,7,95055,795055
Russian Federation,LLC T2 Mob,7,950560,7950560
Russian Federation,LLC T2 Mob,7,950561,7950561
Russian Federation,LLC T2 Mob,7,950562,7950562
Russian Federation,LLC T2 Mob,7,950563,7950563
Russian Federation,LLC T2 Mob,7,950564,7950564
Russian Federation,LLC T2 Mob,7,950945,7950945
Russian Federation,LLC T2 Mob,7,950946,7950946
Russian Federation,LLC T2 Mob,7,950947,7950947
Russian Federation,LLC T2 Mob,7,950948,7950948
Russian Federation,LLC T2 Mob,7,950949,7950949
Russian Federation,LLC T2 Mob,7,950969,7950969
Russian Federation,LLC TE Mob,7,951,7951
Russian Federation,LLC T2 Mob,7,95103,795103
Russian Federation,LLC T2 Mob,7,951034,7951034
Russian Federation,LLC T2 Mob,7,95105,795105
Russian Federation,LLC T2 Mob,7,95106,795106
Russian Federation,LLC T2 Mob,7,95109,795109
Russian Federation,LLC T2 Mob,7,95123,795123
Russian Federation,LLC T2 Mob,7,95124,795124
Russian Federation,LLC T2 Mob,7,95125,795125
Russian Federation,LLC T2 Mob,7,95126,795126
Russian Federation,LLC T2 Mob,7,951270,7951270
Russian Federation,LLC T2 Mob,7,951271,7951271
Russian Federation,LLC T2 Mob,7,951272,7951272
Russian Federation,LLC T2 Mob,7,951273,7951273
Russian Federation,LLC T2 Mob,7,951274,7951274
Russian Federation,LLC T2 Mob,7,951275,7951275
Russian Federation,LLC T2 Mob,7,951276,7951276
Russian Federation,LLC T2 Mob,7,951277,7951277
Russian Federation,LLC T2 Mob,7,951278,7951278
Russian Federation,Baykalestcom,7,951290,7951290
Russian Federation,Baykalestcom,7,951291,7951291
Russian Federation,LLC T2 Mob,7,951292,7951292
Russian Federation,LLC T2 Mob,7,951293,7951293
Russian Federation,LLC T2 Mob,7,951294,7951294
Russian Federation,LLC T2 Mob,7,951298,7951298
Russian Federation,LLC T2 Mob,7,951299,7951299
Russian Federation,LLC T2 Mob,7,951340,7951340
Russian Federation,LLC T2 Mob,7,951341,7951341
Russian Federation,LLC T2 Mob,7,951342,7951342
Russian Federation,LLC T2 Mob,7,951343,7951343
Russian Federation,LLC T2 Mob,7,951357,7951357
Russian Federation,LLC T2 Mob,7,951358,7951358
Russian Federation,LLC T2 Mob,7,951359,7951359
Russian Federation,LLC T2 Mob,7,95143,795143
Russian Federation,Baykalestcom,7,95162,795162
Russian Federation,Baykalestcom,7,95163,795163
Russian Federation,LLC T2 Mob,7,95188,795188
Russian Federation,LLC T2 Mob,7,95189,795189
Russian Federation,LLC T2 Mob,7,95190,795190
Russian Federation,LLC T2 Mob,7,95191,795191
Russian Federation,LLC T2 Mob,7,95192,795192
Russian Federation,LLC T2 Mob,7,95193,795193
Russian Federation,LLC T2 Mob,7,95194,795194
Russian Federation,LLC T2 Mob,7,95195,795195
Russian Federation,LLC T2 Mob,7,95196,795196
Russian Federation,LLC T2 Mob,7,95197,795197
Russian Federation,LLC T2 Mob,7,95198,795198
Russian Federation,LLC T2 Mob,7,951990,7951990
Russian Federation,LLC T2 Mob,7,951991,7951991
Russian Federation,LLC T2 Mob,7,951992,7951992
Russian Federation,LLC T2 Mob,7,951993,7951993
Russian Federation,LLC T2 Mob,7,951994,7951994
Russian Federation,LLC T2 Mob,7,951995,7951995
Russian Federation,LLC T2 Mob,7,951996,7951996
Russian Federation,LLC T2 Mob,7,951997,7951997
Russian Federation,LLC T2 Mob,7,951998,7951998
Russian Federation,LLC T2 Mob,7,951999,7951999
Russian Federation,LLC TE Mob,7,952,7952
Russian Federation,LLC T2 Mob,7,952010,7952010
Russian Federation,LLC T2 Mob,7,952011,7952011
Russian Federation,LLC T2 Mob,7,952012,7952012
Russian Federation,LLC T2 Mob,7,952013,7952013
Russian Federation,LLC T2 Mob,7,952014,7952014
Russian Federation,LLC T2 Mob,7,95202,795202
Russian Federation,LLC T2 Mob,7,95203,795203
Russian Federation,LLC T2 Mob,7,95204,795204
Russian Federation,NCC,7,9520498,79520498
Russian Federation,NCC,7,9520499,79520499
Russian Federation,LLC T2 Mob,7,95207,795207
Russian Federation,Baykalestcom,7,952080,7952080
Russian Federation,Baykalestcom,7,952081,7952081
Russian Federation,Baykalestcom,7,952082,7952082
Russian Federation,Baykalestcom,7,952083,7952083
Russian Federation,Baykalestcom,7,952084,7952084
Russian Federation,LLC T2 Mob,7,95219,795219
Russian Federation,LLC T2 Mob,7,952310,7952310
Russian Federation,LLC T2 Mob,7,952311,7952311
Russian Federation,LLC T2 Mob,7,952312,7952312
Russian Federation,LLC T2 Mob,7,952313,7952313
Russian Federation,LLC T2 Mob,7,952315,7952315
Russian Federation,LLC T2 Mob,7,952316,7952316
Russian Federation,LLC T2 Mob,7,952317,7952317
Russian Federation,LLC T2 Mob,7,952318,7952318
Russian Federation,LLC T2 Mob,7,952319,7952319
Russian Federation,LLC T2 Mob,7,95232,795232
Russian Federation,LLC T2 Mob,7,95233,795233
Russian Federation,LLC T2 Mob,7,95234,795234
Russian Federation,LLC T2 Mob,7,95246,795246
Russian Federation,LLC T2 Mob,7,95247,795247
Russian Federation,Baykalestcom,7,95261,795261
Russian Federation,Baykalestcom,7,95262,795262
Russian Federation,Baykalestcom,7,95263,795263
Russian Federation,LLC T2 Mob,7,95264,795264
Russian Federation,LLC T2 Mob,7,95265,795265
Russian Federation,LLC T2 Mob,7,952660,7952660
Russian Federation,LLC T2 Mob,7,952661,7952661
Russian Federation,LLC T2 Mob,7,952662,7952662
Russian Federation,LLC T2 Mob,7,952663,7952663
Russian Federation,LLC T2 Mob,7,952664,7952664
Russian Federation,NCC,7,952665,7952665
Russian Federation,NCC,7,952666,7952666
Russian Federation,NCC,7,952667,7952667
Russian Federation,NCC,7,952668,7952668
Russian Federation,NCC,7,952669,7952669
Russian Federation,LLC T2 Mob,7,952670,7952670
Russian Federation,LLC T2 Mob,7,952671,7952671
Russian Federation,LLC T2 Mob,7,952672,7952672
Russian Federation,LLC T2 Mob,7,952673,7952673
Russian Federation,LLC T2 Mob,7,952674,7952674
Russian Federation,LLC T2 Mob,7,952675,7952675
Russian Federation,LLC T2 Mob,7,952676,7952676
Russian Federation,LLC T2 Mob,7,952677,7952677
Russian Federation,LLC T2 Mob,7,952678,7952678
Russian Federation,LLC T2 Mob,7,952680,7952680
Russian Federation,LLC T2 Mob,7,952682,7952682
Russian Federation,LLC T2 Mob,7,952684,7952684
Russian Federation,LLC T2 Mob,7,952685,7952685
Russian Federation,LLC T2 Mob,7,952687,7952687
Russian Federation,LLC T2 Mob,7,952688,7952688
Russian Federation,LLC T2 Mob,7,952689,7952689
Russian Federation,LLC T2 Mob,7,95269,795269
Russian Federation,LLC T2 Mob,7,95270,795270
Russian Federation,LLC T2 Mob,7,95271,795271
Russian Federation,LLC T2 Mob,7,952720,7952720
Russian Federation,LLC T2 Mob,7,952721,7952721
Russian Federation,LLC T2 Mob,7,952722,7952722
Russian Federation,LLC T2 Mob,7,952723,7952723
Russian Federation,LLC T2 Mob,7,952724,7952724
Russian Federation,LLC T2 Mob,7,952757,7952757
Russian Federation,LLC T2 Mob,7,952758,7952758
Russian Federation,LLC T2 Mob,7,952759,7952759
Russian Federation,LLC TE Mob,7,953,7953
Russian Federation,LLC T2 Mob,7,95301,795301
Russian Federation,LLC T2 Mob,7,95302,795302
Russian Federation,NCC,7,953020,7953020
Russian Federation,NCC,7,953021,7953021
Russian Federation,NCC,7,953022,7953022
Russian Federation,NCC,7,953023,7953023
Russian Federation,NCC,7,953024,7953024
Russian Federation,NCC,7,953025,7953025
Russian Federation,NCC,7,953026,7953026
Russian Federation,NCC,7,953027,7953027
Russian Federation,NCC,7,953028,7953028
Russian Federation,NCC,7,953029,7953029
Russian Federation,LLC T2 Mob,7,953030,7953030
Russian Federation,LLC T2 Mob,7,953031,7953031
Russian Federation,LLC T2 Mob,7,953032,7953032
Russian Federation,LLC T2 Mob,7,953033,7953033
Russian Federation,LLC T2 Mob,7,953034,7953034
Russian Federation,LLC T2 Mob,7,95340,795340
Russian Federation,NCC,7,953410,7953410
Russian Federation,LLC T2 Mob,7,953412,7953412
Russian Federation,NCC,7,953413,7953413
Russian Federation,NCC,7,953414,7953414
Russian Federation,LLC T2 Mob,7,953415,7953415
Russian Federation,LLC T2 Mob,7,953444,7953444
Russian Federation,LLC T2 Mob,7,953445,7953445
Russian Federation,LLC T2 Mob,7,953446,7953446
Russian Federation,LLC T2 Mob,7,953447,7953447
Russian Federation,LLC T2 Mob,7,953448,7953448
Russian Federation,LLC T2 Mob,7,953449,7953449
Russian Federation,LLC T2 Mob,7,95345,795345
Russian Federation,LLC T2 Mob,7,95348,795348
Russian Federation,LLC T2 Mob,7,95349,795349
Russian Federation,LLC T2 Mob,7,95363,795363
Russian Federation,NCC,7,9536390,79536390
Russian Federation,LLC T2 Mob,7,95382,795382
Russian Federation,LLC T2 Mob,7,953897,7953897
Russian Federation,LLC T2 Mob,7,953898,7953898
Russian Federation,LLC T2 Mob,7,953899,7953899
Russian Federation,LLC T2 Mob,7,953975,7953975
Russian Federation,LLC T2 Mob,7,953976,7953976
Russian Federation,LLC T2 Mob,7,953977,7953977
Russian Federation,LLC T2 Mob,7,953978,7953978
Russian Federation,LLC T2 Mob,7,953979,7953979
Russian Federation,LLC T2 Mob,7,95398,795398
Russian Federation,LLC T2 Mob,7,9539962,79539962
Russian Federation,LLC T2 Mob,7,9539963,79539963
Russian Federation,LLC T2 Mob,7,953998,7953998
Russian Federation,LLC T2 Mob,7,953999,7953999
Russian Federation,LLC TE Mob,7,958,7958
Russian Federation,LLC T2 Mob,7,9580,79580
Russian Federation,LLC T2 Mob,7,958640,7958640
Russian Federation,LLC T2 Mob,7,958641,7958641
Russian Federation,LLC T2 Mob,7,958642,7958642
Russian Federation,LLC T2 Mob,7,958643,7958643
Russian Federation,LLC T2 Mob,7,9586440,79586440
Russian Federation,LLC T2 Mob,7,9586441,79586441
Russian Federation,LLC T2 Mob,7,9586442,79586442
Russian Federation,LLC T2 Mob,7,9586443,79586443
Russian Federation,LLC T2 Mob,7,9586444,79586444
Russian Federation,Vimplcom,7,960,7960
Russian Federation,Vimplcom,7,961,7961
Russian Federation,Vimplcom,7,962,7962
Russian Federation,Vimplcom,7,963,7963
Russian Federation,Vimplcom,7,964,7964
Russian Federation,Vimplcom,7,965,7965
Russian Federation,Vimplcom,7,966,7966
Russian Federation,Vimplcom,7,967,7967
Russian Federation,Vimplcom,7,968,7968
Russian Federation,LLC TE Mob,7,977,7977
Russian Federation,Vimplcom,7,99,799
Russian Federation,LLC TE Mob,7,991,7991
Russian Federation,LLC T2 Mob,7,99100,799100
Russian Federation,LLC T2 Mob,7,99101,799101
Russian Federation,LLC T2 Mob,7,991012,7991012
Russian Federation,LLC TE Mob,7,992,7992
Russian Federation,LLC T2 Mob,7,99200,799200
Russian Federation,LLC T2 Mob,7,99201,799201
Russian Federation,LLC T2 Mob,7,99202,799202
Russian Federation,LLC T2 Mob,7,99220,799220
Russian Federation,LLC T2 Mob,7,99221,799221
Russian Federation,LLC T2 Mob,7,99222,799222
Russian Federation,LLC T2 Mob,7,99223,799223
Russian Federation,LLC T2 Mob,7,99230,799230
Russian Federation,LLC T2 Mob,7,99231,799231
Russian Federation,LLC T2 Mob,7,99235,799235
Russian Federation,LLC T2 Mob,7,99236,799236
Russian Federation,LLC T2 Mob,7,99240,799240
Russian Federation,LLC T2 Mob,7,99241,799241
Russian Federation,LLC T2 Mob,7,99242,799242
Russian Federation,LLC T2 Mob,7,99250,799250
Russian Federation,LLC T2 Mob,7,99251,799251
Russian Federation,LLC T2 Mob,7,99252,799252
Russian Federation,LLC TE Mob,7,993,7993
Russian Federation,LLC T2 Mob,7,99300,799300
Russian Federation,LLC T2 Mob,7,99301,799301
Russian Federation,LLC T2 Mob,7,99302,799302
Russian Federation,LLC T2 Mob,7,993030,7993030
Russian Federation,LLC T2 Mob,7,993031,7993031
Russian Federation,LLC T2 Mob,7,993032,7993032
Russian Federation,LLC TE Mob,7,994,7994
Russian Federation,LLC T2 Mob,7,99400,799400
Russian Federation,LLC T2 Mob,7,994010,7994010
Russian Federation,LLC T2 Mob,7,994012,7994012
Russian Federation,LLC T2 Mob,7,994013,7994013
Russian Federation,LLC T2 Mob,7,994014,7994014
Russian Federation,LLC T2 Mob,7,994250,7994250
Russian Federation,LLC T2 Mob,7,994270,7994270
Russian Federation,LLC T2 Mob,7,994271,7994271
Russian Federation,LLC TE Mob,7,995,7995
Russian Federation,LLC T2 Mob,7,995200,7995200
Russian Federation,LLC T2 Mob,7,995201,7995201
Russian Federation,LLC T2 Mob,7,995202,7995202
Russian Federation,LLC T2 Mob,7,99540,799540
Russian Federation,LLC T2 Mob,7,99541,799541
Russian Federation,LLC T2 Mob,7,99542,799542
Russian Federation,LLC T2 Mob,7,99580,799580
Russian Federation,LLC TE Mob,7,996,7996
Russian Federation,LLC T2 Mob,7,99600,799600
Russian Federation,LLC T2 Mob,7,996010,7996010
Russian Federation,LLC T2 Mob,7,996013,7996013
Russian Federation,LLC T2 Mob,7,996014,7996014
Russian Federation,LLC T2 Mob,7,996015,7996015
Russian Federation,LLC T2 Mob,7,996016,7996016
Russian Federation,LLC T2 Mob,7,996017,7996017
Russian Federation,LLC T2 Mob,7,996018,7996018
Russian Federation,LLC T2 Mob,7,996019,7996019
Russian Federation,LLC T2 Mob,7,99615,799615
Russian Federation,LLC T2 Mob,7,996200,7996200
Russian Federation,LLC T2 Mob,7,996201,7996201
Russian Federation,LLC T2 Mob,7,996202,7996202
Russian Federation,LLC T2 Mob,7,996203,7996203
Russian Federation,LLC T2 Mob,7,996204,7996204
Russian Federation,LLC T2 Mob,7,996302,7996302
Russian Federation,LLC T2 Mob,7,99666,799666
Russian Federation,LLC T2 Mob,7,99672,799672
Russian Federation,LLC T2 Mob,7,99673,799673
Russian Federation,LLC T2 Mob,7,99674,799674
Russian Federation,LLC T2 Mob,7,99680,799680
Russian Federation,LLC T2 Mob,7,9968013,79968013
Russian Federation,LLC T2 Mob,7,996810,7996810
Russian Federation,LLC T2 Mob,7,996811,7996811
Russian Federation,LLC T2 Mob,7,996812,7996812
Russian Federation,LLC T2 Mob,7,996814,7996814
Russian Federation,LLC T2 Mob,7,996850,7996850
Russian Federation,LLC T2 Mob,7,996851,7996851
Russian Federation,LLC T2 Mob,7,996852,7996852
Russian Federation,LLC T2 Mob,7,996853,7996853
Russian Federation,LLC T2 Mob,7,996854,7996854
Russian Federation,LLC T2 Mob,7,99690,799690
Russian Federation,MegaFon,7,997445,7997445
Russian Federation,LLC TE Mob,7,999,7999
Russian Federation,LLC T2 Mob,7,999680,7999680
Russian Federation,LLC T2 Mob,7,999689,7999689
Russian Federation,LLC T2 Mob,7,9997799,79997799
Russian Federation,LLC T2 Mob,7,99988,799988
Russian Federation,LLC T2 Mob,7,99989,799989
Russian Federation,LLC T2 Mob,7,99990,799990
Russian Federation,LLC T2 Mob,7,99991,799991
Russian Federation,LLC T2 Mob,7,99992,799992
Rwanda,Rwandacell,250,,250
Rwanda,,250,07,25007
Rwanda,,250,08,25008
Rwanda,Rwandacell,250,10,25010
Rwanda,Tigo,250,13,25013
Rwanda,Airtel,250,14,25014
Rwanda,Rwandacell,250,3,2503
Rwanda,Tigo,250,72,25072
Rwanda,Airtel,250,73,25073
Réunion,Orange,262,,262
Réunion,Orange,262,0,2620
Réunion,,262,6,2626
Réunion,Orange,262,69200,26269200
Réunion,,262,700,262700
Saint Barthélemy,,590,6,5906
Saint Helena and Tristan da Cunha (not Ascenscion),,290,,290
Saint Kitts And Nevis,CWWI,1,,1
Saint Kitts And Nevis,CWWI,1,110,1110
Saint Kitts And Nevis,,1,869,1869
Saint Kitts And Nevis,CWWI,1,86966,186966
Saint Lucia,,1,758,1758
Saint Pierre And Miquelon,,508,,508
Saint Vincent And The Grenadines,,1,784,1784
Samoa,Bluesky,685,27,68527
Samoa,Bluesky,685,601,685601
Samoa,Bluesky,685,602,685602
Samoa,Bluesky,685,603,685603
Samoa,Bluesky,685,604,685604
Samoa,Bluesky,685,605,685605
Samoa,Bluesky,685,606,685606
Samoa,Bluesky,685,607,685607
Samoa,Bluesky,685,608,685608
Samoa,Bluesky,685,609,685609
Samoa,Bluesky,685,71,68571
Samoa,Bluesky,685,75,68575
Samoa,Bluesky,685,76,68576
Samoa,,685,77,68577
San Marino,Prima,378,66,37866
Saudi Arabia,Mobily,966,,966
Saudi Arabia,Mobily,966,03,96603
Saudi Arabia,RedBullMob,966,10,96610
Saudi Arabia,STC,966,50,96650
Saudi Arabia,Bravo,966,51,96651
Saudi Arabia,STC,966,53,96653
Saudi Arabia,mobily,966,54,96654
Saudi Arabia,STC,966,55,96655
Saudi Arabia,Mobily,966,56,96656
Saudi Arabia,Bravo,966,57,96657
Saudi Arabia,RedBullMob,966,574,966574
Saudi Arabia,RedBullMob,966,575,966575
Saudi Arabia,Zain,966,58,96658
Saudi Arabia,Zain,966,59,96659
Scotland,,44,,44
Senegal,Alize,221,,221
Senegal,SAGASentel,221,02,22102
Senegal,Alize,221,1,2211
Senegal,Alize,221,30,22130
Senegal,SAGASentel,221,32,22132
Senegal,SAGASentel,221,76,22176
Senegal,SENTEL,221,7612,2217612
Senegal,SENTEL,221,7613,2217613
Senegal,SENTEL,221,7628,2217628
Senegal,SENTEL,221,7629,2217629
Senegal,SENTEL,221,7633,2217633
Senegal,SENTEL,221,7634,2217634
Senegal,SENTEL,221,7638,2217638
Senegal,SENTEL,221,7639,2217639
Senegal,SENTEL,221,7646,2217646
Senegal,SENTEL,221,7647,2217647
Senegal,SENTEL,221,7648,2217648
Senegal,SENTEL,221,7649,2217649
Senegal,SENTEL,221,7651,2217651
Senegal,SENTEL,221,7652,2217652
Senegal,SENTEL,221,7653,2217653
Senegal,SENTEL,221,7655,2217655
Senegal,SENTEL,221,7656,2217656
Senegal,SENTEL,221,7658,2217658
Senegal,SENTEL,221,7659,2217659
Senegal,SENTEL,221,7663,2217663
Senegal,SENTEL,221,7664,2217664
Senegal,SENTEL,221,7665,2217665
Senegal,SENTEL,221,7666,2217666
Senegal,SENTEL,221,7667,2217667
Senegal,SENTEL,221,7668,2217668
Senegal,SENTEL,221,7669,2217669
Senegal,SENTEL,221,7674,2217674
Senegal,SENTEL,221,7675,2217675
Senegal,SENTEL,221,7683,2217683
Senegal,SENTEL,221,7684,2217684
Senegal,SENTEL,221,7685,2217685
Senegal,SENTEL,221,7686,2217686
Senegal,SENTEL,221,7687,2217687
Senegal,SENTEL,221,7688,2217688
Senegal,Orange,221,77,22177
Serbia,VIP_mob,381,,381
Serbia,TelekomSrbJa,381,03,38103
Serbia,VIP_mob,381,05,38105
Serbia,VIP_mob,381,60,38160
Serbia,VIP_mob,381,61,38161
Serbia,Telenor,381,62,38162
Serbia,Telenor,381,63,38163
Serbia,TelekomSrbJa,381,64,38164
Serbia,TelekomSrbJa,381,65,38165
Serbia,TelekomSrbJa,381,66,38166
Serbia,Vip mobile,381,68,38168
Serbia,Telenor,381,69,38169
Seychelles,Airtel,248,,248
Seychelles,Cable&Wire,248,01,24801
Seychelles,Airtel,248,10,24810
Seychelles,Cable&Wire,248,25,24825
Seychelles,Cable&Wire,248,26,24826
Seychelles,Airtel,248,270,248270
Seychelles,,248,5,2485
Seychelles,,248,7,2487
Sierra Leone,Africell,232,,232
Sierra Leone,SierraLeone,232,01,23201
Sierra Leone,Africell,232,05,23205
Sierra Leone,,232,23,23223
Sierra Leone,,232,30,23230
Sierra Leone,,232,33,23233
Sierra Leone,,232,7,2327
Sierra Leone,SierraLeone,232,75,23275
Sierra Leone,SierraLeone,232,76,23276
Sierra Leone,Africell,232,77,23277
Sierra Leone,SierraLeone,232,78,23278
Sierra Leone,SierraLeone,232,79,23279
Sierra Leone,Africell,232,80,23280
Singapore,M1Limited,65,,65
Singapore,SingaporeTEL,65,01,6501
Singapore,M1Limited,65,03,6503
Singapore,StarHub,65,05,6505
Singapore,SingaporeTEL,65,1440,651440
Singapore,SingaporeTEL,65,17863154,6517863154
Singapore,SingaporeTEL,65,17863162,6517863162
Singapore,SingaporeTEL,65,17863167,6517863167
Singapore,SingaporeTEL,65,17863168,6517863168
Singapore,SingaporeTEL,65,17863169,6517863169
Singapore,SingaporeTEL,65,17863170,6517863170
Singapore,SingaporeTEL,65,17863171,6517863171
Singapore,SingaporeTEL,65,17863172,6517863172
Singapore,SingaporeTEL,65,17863173,6517863173
Singapore,SingaporeTEL,65,17863176,6517863176
Singapore,SingaporeTEL,65,17863177,6517863177
Singapore,SingaporeTEL,65,17868018,6517868018
Singapore,SingaporeTEL,65,17868019,6517868019
Singapore,SingaporeTEL,65,17868020,6517868020
Singapore,SingaporeTEL,65,17868021,6517868021
Singapore,SingaporeTEL,65,17868027,6517868027
Singapore,SingaporeTEL,65,17868028,6517868028
Singapore,SingaporeTEL,65,17868029,6517868029
Singapore,SingaporeTEL,65,17868030,6517868030
Singapore,SingaporeTEL,65,17868031,6517868031
Singapore,SingaporeTEL,65,17868036,6517868036
Singapore,SingaporeTEL,65,17868037,6517868037
Singapore,SingaporeTEL,65,17868038,6517868038
Singapore,SingaporeTEL,65,17868039,6517868039
Singapore,SingaporeTEL,65,17868040,6517868040
Singapore,SingaporeTEL,65,17868045,6517868045
Singapore,SingaporeTEL,65,17868049,6517868049
Singapore,SingaporeTEL,65,17868054,6517868054
Singapore,SingaporeTEL,65,17868067,6517868067
Singapore,SingaporeTEL,65,17868070,6517868070
Singapore,SingaporeTEL,65,17868071,6517868071
Singapore,SingaporeTEL,65,17868082,6517868082
Singapore,SingaporeTEL,65,17868084,6517868084
Singapore,SingaporeTEL,65,17868090,6517868090
Singapore,SingaporeTEL,65,17868093,6517868093
Singapore,SingaporeTEL,65,17868095,6517868095
Singapore,SingaporeTEL,65,17868099,6517868099
Singapore,SingaporeTEL,65,1786812,651786812
Singapore,SingaporeTEL,65,17868140,6517868140
Singapore,SingaporeTEL,65,1786818,651786818
Singapore,SingaporeTEL,65,17868218,6517868218
Singapore,SingaporeTEL,65,17868223,6517868223
Singapore,SingaporeTEL,65,17868228,6517868228
Singapore,SingaporeTEL,65,1786826,651786826
Singapore,SingaporeTEL,65,17868269,6517868269
Singapore,SingaporeTEL,65,1786828,651786828
Singapore,SingaporeTEL,65,17868289,6517868289
Singapore,SingaporeTEL,65,17868299,6517868299
Singapore,SingaporeTEL,65,178683,65178683
Singapore,SingaporeTEL,65,1786830,651786830
Singapore,SingaporeTEL,65,1786831,651786831
Singapore,SingaporeTEL,65,1786837,651786837
Singapore,SingaporeTEL,65,17868379,6517868379
Singapore,SingaporeTEL,65,1786838,651786838
Singapore,SingaporeTEL,65,17868381,6517868381
Singapore,SingaporeTEL,65,1786839,651786839
Singapore,SingaporeTEL,65,17868393,6517868393
Singapore,SingaporeTEL,65,1786840,651786840
Singapore,SingaporeTEL,65,17868411,6517868411
Singapore,SingaporeTEL,65,1786842,651786842
Singapore,SingaporeTEL,65,1786843,651786843
Singapore,SingaporeTEL,65,1786845,651786845
Singapore,SingaporeTEL,65,17868497,6517868497
Singapore,SingaporeTEL,65,17868499,6517868499
Singapore,SingaporeTEL,65,178685,65178685
Singapore,SingaporeTEL,65,1786850,651786850
Singapore,SingaporeTEL,65,17868502,6517868502
Singapore,SingaporeTEL,65,17868504,6517868504
Singapore,SingaporeTEL,65,1786851,651786851
Singapore,SingaporeTEL,65,17868515,6517868515
Singapore,SingaporeTEL,65,17868518,6517868518
Singapore,SingaporeTEL,65,1786852,651786852
Singapore,SingaporeTEL,65,1786853,651786853
Singapore,SingaporeTEL,65,17868575,6517868575
Singapore,SingaporeTEL,65,1786858,651786858
Singapore,SingaporeTEL,65,17868595,6517868595
Singapore,SingaporeTEL,65,178686,65178686
Singapore,SingaporeTEL,65,17868610,6517868610
Singapore,SingaporeTEL,65,1786866,651786866
Singapore,SingaporeTEL,65,17868667,6517868667
Singapore,SingaporeTEL,65,1786869,651786869
Singapore,SingaporeTEL,65,1786870,651786870
Singapore,SingaporeTEL,65,1786871,651786871
Singapore,SingaporeTEL,65,17868710,6517868710
Singapore,SingaporeTEL,65,1786873,651786873
Singapore,SingaporeTEL,65,17868737,6517868737
Singapore,SingaporeTEL,65,17868739,6517868739
Singapore,SingaporeTEL,65,1786874,651786874
Singapore,SingaporeTEL,65,17868762,6517868762
Singapore,SingaporeTEL,65,17868763,6517868763
Singapore,SingaporeTEL,65,17868764,6517868764
Singapore,SingaporeTEL,65,17868773,6517868773
Singapore,SingaporeTEL,65,17868774,6517868774
Singapore,SingaporeTEL,65,17868775,6517868775
Singapore,SingaporeTEL,65,1786879,651786879
Singapore,SingaporeTEL,65,17868809,6517868809
Singapore,SingaporeTEL,65,17868840,6517868840
Singapore,SingaporeTEL,65,17868841,6517868841
Singapore,SingaporeTEL,65,17868845,6517868845
Singapore,SingaporeTEL,65,17868846,6517868846
Singapore,SingaporeTEL,65,17868860,6517868860
Singapore,SingaporeTEL,65,17868869,6517868869
Singapore,SingaporeTEL,65,17868870,6517868870
Singapore,SingaporeTEL,65,17868871,6517868871
Singapore,SingaporeTEL,65,17868872,6517868872
Singapore,SingaporeTEL,65,17868873,6517868873
Singapore,SingaporeTEL,65,17868876,6517868876
Singapore,SingaporeTEL,65,17868878,6517868878
Singapore,SingaporeTEL,65,17868879,6517868879
Singapore,SingaporeTEL,65,17868905,6517868905
Singapore,SingaporeTEL,65,17868906,6517868906
Singapore,SingaporeTEL,65,17868907,6517868907
Singapore,SingaporeTEL,65,17868908,6517868908
Singapore,SingaporeTEL,65,17868909,6517868909
Singapore,SingaporeTEL,65,17868929,6517868929
Singapore,SingaporeTEL,65,17868938,6517868938
Singapore,SingaporeTEL,65,17868939,6517868939
Singapore,SingaporeTEL,65,17868940,6517868940
Singapore,SingaporeTEL,65,17868941,6517868941
Singapore,SingaporeTEL,65,17868942,6517868942
Singapore,SingaporeTEL,65,17868943,6517868943
Singapore,SingaporeTEL,65,1786901,651786901
Singapore,SingaporeTEL,65,1786903,651786903
Singapore,SingaporeTEL,65,1786905,651786905
Singapore,SingaporeTEL,65,1786908,651786908
Singapore,SingaporeTEL,65,1786911,651786911
Singapore,SingaporeTEL,65,1786912,651786912
Singapore,SingaporeTEL,65,1786913,651786913
Singapore,SingaporeTEL,65,1786915,651786915
Singapore,SingaporeTEL,65,1786917,651786917
Singapore,SingaporeTEL,65,1786923,651786923
Singapore,SingaporeTEL,65,1786929,651786929
Singapore,SingaporeTEL,65,17869334,6517869334
Singapore,SingaporeTEL,65,1786935,651786935
Singapore,SingaporeTEL,65,1786937,651786937
Singapore,SingaporeTEL,65,1786939,651786939
Singapore,SingaporeTEL,65,1786944,651786944
Singapore,SingaporeTEL,65,1786946,651786946
Singapore,SingaporeTEL,65,178696,65178696
Singapore,SingaporeTEL,65,1786971,651786971
Singapore,SingaporeTEL,65,1786972,651786972
Singapore,SingaporeTEL,65,1786973,651786973
Singapore,SingaporeTEL,65,1786975,651786975
Singapore,SingaporeTEL,65,1786977,651786977
Singapore,SingaporeTEL,65,1786978,651786978
Singapore,SingaporeTEL,65,178698,65178698
Singapore,SingaporeTEL,65,1786980,651786980
Singapore,SingaporeTEL,65,1786981,651786981
Singapore,SingaporeTEL,65,1786986,651786986
Singapore,SingaporeTEL,65,17869888,6517869888
Singapore,SingaporeTEL,65,1786989,651786989
Singapore,StarHub,65,268,65268
Singapore,StarHub,65,3105,653105
Singapore,StarHub,65,3110,653110
Singapore,StarHub,65,3112,653112
Singapore,StarHub,65,3113,653113
Singapore,StarHub,65,3115,653115
Singapore,StarHub,65,3116,653116
Singapore,StarHub,65,3117,653117
Singapore,StarHub,65,3118,653118
Singapore,StarHub,65,3119,653119
Singapore,StarHub,65,3120,653120
Singapore,StarHub,65,3121,653121
Singapore,StarHub,65,3122,653122
Singapore,StarHub,65,3123,653123
Singapore,StarHub,65,3124,653124
Singapore,StarHub,65,3126,653126
Singapore,StarHub,65,3127,653127
Singapore,StarHub,65,3128,653128
Singapore,StarHub,65,3129,653129
Singapore,StarHub,65,3130,653130
Singapore,StarHub,65,3131,653131
Singapore,StarHub,65,3132,653132
Singapore,StarHub,65,3133,653133
Singapore,StarHub,65,3134,653134
Singapore,StarHub,65,3135,653135
Singapore,StarHub,65,3136,653136
Singapore,StarHub,65,3137,653137
Singapore,StarHub,65,3138,653138
Singapore,StarHub,65,3139,653139
Singapore,StarHub,65,3140,653140
Singapore,StarHub,65,3141,653141
Singapore,StarHub,65,3142,653142
Singapore,StarHub,65,3143,653143
Singapore,StarHub,65,3144,653144
Singapore,StarHub,65,3145,653145
Singapore,StarHub,65,3146,653146
Singapore,StarHub,65,3147,653147
Singapore,StarHub,65,3148,653148
Singapore,StarHub,65,3149,653149
Singapore,StarHub,65,3150,653150
Singapore,StarHub,65,3151,653151
Singapore,StarHub,65,3152,653152
Singapore,M1Limited,65,3153,653153
Singapore,M1Limited,65,3155,653155
Singapore,StarHub Pte,65,5,655
Singapore,,65,8,658
Singapore,M1Limited,65,810,65810
Singapore,StarHub,65,811,65811
Singapore,StarHub,65,813,65813
Singapore,StarHub,65,8141,658141
Singapore,StarHub,65,8142,658142
Singapore,StarHub,65,8143,658143
Singapore,StarHub,65,8144,658144
Singapore,StarHub,65,8145,658145
Singapore,StarHub,65,8146,658146
Singapore,StarHub,65,8147,658147
Singapore,StarHub,65,8148,658148
Singapore,StarHub,65,8149,658149
Singapore,StarHub,65,815,65815
Singapore,StarHub,65,816,65816
Singapore,M1Limited,65,817,65817
Singapore,StarHub,65,8180,658180
Singapore,StarHub,65,8183,658183
Singapore,StarHub,65,8184,658184
Singapore,StarHub,65,8185,658185
Singapore,StarHub,65,8186,658186
Singapore,StarHub,65,8187,658187
Singapore,M1Limited,65,8188,658188
Singapore,StarHub,65,8189,658189
Singapore,M1Limited,65,8190,658190
Singapore,M1Limited,65,8191,658191
Singapore,M1Limited,65,8192,658192
Singapore,M1Limited,65,8193,658193
Singapore,M1Limited,65,8194,658194
Singapore,M1Limited,65,8196,658196
Singapore,M1Limited,65,8197,658197
Singapore,StarHub,65,8198,658198
Singapore,M1Limited,65,8199,658199
Singapore,StarHub,65,820,65820
Singapore,M1Limited,65,8210,658210
Singapore,M1Limited,65,8211,658211
Singapore,M1Limited,65,8212,658212
Singapore,M1Limited,65,8213,658213
Singapore,M1Limited,65,8214,658214
Singapore,M1Limited,65,8215,658215
Singapore,M1Limited,65,8216,658216
Singapore,M1Limited,65,8217,658217
Singapore,M1Limited,65,8219,658219
Singapore,M1Limited,65,8220,658220
Singapore,M1Limited,65,8221,658221
Singapore,M1Limited,65,8222,658222
Singapore,StarHub,65,8224,658224
Singapore,StarHub,65,8225,658225
Singapore,StarHub,65,8226,658226
Singapore,StarHub,65,8227,658227
Singapore,StarHub,65,8229,658229
Singapore,StarHub,65,823,65823
Singapore,StarHub,65,824,65824
Singapore,StarHub,65,825,65825
Singapore,M1Limited,65,827,65827
Singapore,M1Limited,65,8282,658282
Singapore,M1Limited,65,8288,658288
Singapore,StarHub,65,8290,658290
Singapore,StarHub,65,8291,658291
Singapore,StarHub,65,8292,658292
Singapore,StarHub,65,8293,658293
Singapore,StarHub,65,8294,658294
Singapore,StarHub,65,8295,658295
Singapore,StarHub,65,8296,658296
Singapore,StarHub,65,8297,658297
Singapore,StarHub,65,8298,658298
Singapore,M1Limited,65,8320,658320
Singapore,StarHub,65,8321,658321
Singapore,StarHub,65,8322,658322
Singapore,M1Limited,65,8323,658323
Singapore,M1Limited,65,8324,658324
Singapore,M1Limited,65,8325,658325
Singapore,M1Limited,65,8326,658326
Singapore,M1Limited,65,8327,658327
Singapore,StarHub,65,8328,658328
Singapore,M1Limited,65,8329,658329
Singapore,StarHub,65,8330,658330
Singapore,StarHub,65,8331,658331
Singapore,StarHub,65,8332,658332
Singapore,M1Limited,65,8333,658333
Singapore,StarHub,65,8334,658334
Singapore,StarHub,65,8335,658335
Singapore,StarHub,65,8336,658336
Singapore,StarHub,65,8337,658337
Singapore,StarHub,65,8352,658352
Singapore,StarHub,65,8361,658361
Singapore,StarHub,65,8362,658362
Singapore,StarHub,65,8363,658363
Singapore,StarHub,65,8364,658364
Singapore,StarHub,65,8365,658365
Singapore,M1Limited,65,8366,658366
Singapore,StarHub,65,8367,658367
Singapore,M1Limited,65,8368,658368
Singapore,StarHub,65,8369,658369
Singapore,StarHub,65,8370,658370
Singapore,StarHub,65,8373,658373
Singapore,StarHub,65,8377,658377
Singapore,StarHub,65,8378,658378
Singapore,StarHub,65,8380,658380
Singapore,M1Limited,65,8382,658382
Singapore,M1Limited,65,8383,658383
Singapore,StarHub,65,8384,658384
Singapore,M1Limited,65,8388,658388
Singapore,StarHub,65,8389,658389
Singapore,StarHub,65,8390,658390
Singapore,StarHub,65,8391,658391
Singapore,StarHub,65,8392,658392
Singapore,StarHub,65,8394,658394
Singapore,StarHub,65,8395,658395
Singapore,StarHub,65,8396,658396
Singapore,StarHub,65,8397,658397
Singapore,StarHub,65,8400,658400
Singapore,M1Limited,65,8410,658410
Singapore,M1Limited,65,8412,658412
Singapore,M1Limited,65,8413,658413
Singapore,M1Limited,65,8414,658414
Singapore,M1Limited,65,8415,658415
Singapore,M1Limited,65,8416,658416
Singapore,M1Limited,65,8417,658417
Singapore,M1Limited,65,8418,658418
Singapore,M1Limited,65,8419,658419
Singapore,M1Limited,65,8440,658440
Singapore,M1Limited,65,8441,658441
Singapore,M1Limited,65,8442,658442
Singapore,M1Limited,65,8443,658443
Singapore,M1Limited,65,8444,658444
Singapore,M1Limited,65,8445,658445
Singapore,M1Limited,65,8446,658446
Singapore,M1Limited,65,8447,658447
Singapore,M1Limited,65,8448,658448
Singapore,M1Limited,65,8449,658449
Singapore,M1Limited,65,8460,658460
Singapore,M1Limited,65,8461,658461
Singapore,M1Limited,65,8462,658462
Singapore,M1Limited,65,8463,658463
Singapore,M1Limited,65,8464,658464
Singapore,M1Limited,65,8465,658465
Singapore,M1Limited,65,8466,658466
Singapore,M1Limited,65,8467,658467
Singapore,StarHub,65,8468,658468
Singapore,M1Limited,65,8469,658469
Singapore,StarHub,65,847,65847
Singapore,M1Limited,65,8480,658480
Singapore,M1Limited,65,8484,658484
Singapore,M1Limited,65,8488,658488
Singapore,StarHub,65,8490,658490
Singapore,StarHub,65,8491,658491
Singapore,StarHub,65,8492,658492
Singapore,StarHub,65,8493,658493
Singapore,StarHub,65,8494,658494
Singapore,StarHub,65,8495,658495
Singapore,StarHub,65,8498,658498
Singapore,M1Limited,65,8500,658500
Singapore,StarHub,65,8501,658501
Singapore,StarHub,65,8503,658503
Singapore,StarHub,65,8505,658505
Singapore,StarHub,65,8508,658508
Singapore,StarHub,65,8509,658509
Singapore,StarHub,65,8512,658512
Singapore,StarHub,65,8513,658513
Singapore,StarHub,65,8514,658514
Singapore,StarHub,65,8516,658516
Singapore,StarHub,65,8517,658517
Singapore,StarHub,65,8519,658519
Singapore,StarHub,65,8520,658520
Singapore,StarHub,65,8521,658521
Singapore,StarHub,65,8526,658526
Singapore,StarHub,65,8527,658527
Singapore,StarHub,65,8528,658528
Singapore,StarHub,65,8529,658529
Singapore,StarHub,65,8530,658530
Singapore,StarHub,65,8531,658531
Singapore,StarHub,65,8538,658538
Singapore,M1Limited,65,8539,658539
Singapore,M1Limited,65,854,65854
Singapore,M1Limited,65,8550,658550
Singapore,M1Limited,65,8551,658551
Singapore,M1Limited,65,8552,658552
Singapore,M1Limited,65,8553,658553
Singapore,M1Limited,65,8554,658554
Singapore,M1Limited,65,8556,658556
Singapore,StarHub,65,8557,658557
Singapore,StarHub,65,8559,658559
Singapore,StarHub,65,856,65856
Singapore,StarHub,65,8570,658570
Singapore,StarHub,65,8571,658571
Singapore,StarHub,65,8572,658572
Singapore,M1Limited,65,8573,658573
Singapore,M1Limited,65,8574,658574
Singapore,M1Limited,65,8576,658576
Singapore,M1Limited,65,8577,658577
Singapore,M1Limited,65,8578,658578
Singapore,M1Limited,65,8579,658579
Singapore,M1Limited,65,8580,658580
Singapore,M1Limited,65,8581,658581
Singapore,M1Limited,65,8582,658582
Singapore,StarHub,65,8592,658592
Singapore,StarHub,65,8593,658593
Singapore,StarHub,65,8594,658594
Singapore,StarHub,65,8596,658596
Singapore,StarHub,65,8597,658597
Singapore,StarHub,65,8598,658598
Singapore,StarHub,65,8599,658599
Singapore,StarHub,65,8601,658601
Singapore,StarHub,65,8602,658602
Singapore,StarHub,65,8603,658603
Singapore,StarHub,65,8604,658604
Singapore,StarHub,65,8605,658605
Singapore,StarHub,65,8606,658606
Singapore,StarHub,65,8607,658607
Singapore,StarHub,65,8609,658609
Singapore,,65,9,659
Singapore,StarHub,65,9001,659001
Singapore,StarHub,65,9002,659002
Singapore,StarHub,65,9003,659003
Singapore,StarHub,65,9004,659004
Singapore,StarHub,65,9005,659005
Singapore,StarHub,65,9006,659006
Singapore,StarHub,65,9007,659007
Singapore,StarHub,65,9008,659008
Singapore,StarHub,65,9009,659009
Singapore,StarHub,65,902,65902
Singapore,M1Limited,65,904,65904
Singapore,StarHub,65,906,65906
Singapore,M1Limited,65,907,65907
Singapore,M1Limited,65,909,65909
Singapore,StarHub,65,910,65910
Singapore,M1Limited,65,9105,659105
Singapore,StarHub,65,914,65914
Singapore,StarHub,65,916,65916
Singapore,StarHub,65,918,65918
Singapore,M1Limited,65,9190,659190
Singapore,M1Limited,65,9191,659191
Singapore,M1Limited,65,9192,659192
Singapore,M1Limited,65,9193,659193
Singapore,M1Limited,65,9194,659194
Singapore,M1Limited,65,9195,659195
Singapore,M1Limited,65,9196,659196
Singapore,M1Limited,65,9197,659197
Singapore,M1Limited,65,9198,659198
Singapore,StarHub,65,9199,659199
Singapore,M1Limited,65,922,65922
Singapore,StarHub,65,9237,659237
Singapore,StarHub,65,9238,659238
Singapore,StarHub,65,9239,659239
Singapore,StarHub,65,924,65924
Singapore,StarHub,65,9270,659270
Singapore,StarHub,65,9271,659271
Singapore,StarHub,65,9272,659272
Singapore,M1Limited,65,9273,659273
Singapore,M1Limited,65,9275,659275
Singapore,M1Limited,65,9276,659276
Singapore,M1Limited,65,9277,659277
Singapore,M1Limited,65,9278,659278
Singapore,M1Limited,65,9279,659279
Singapore,M1Limited,65,932,65932
Singapore,StarHub,65,9335,659335
Singapore,StarHub,65,9336,659336
Singapore,StarHub,65,9337,659337
Singapore,StarHub,65,9338,659338
Singapore,StarHub,65,9339,659339
Singapore,M1Limited,65,934,65934
Singapore,M1Limited,65,936,65936
Singapore,StarHub,65,938,65938
Singapore,StarHub,65,942,65942
Singapore,M1Limited,65,943,65943
Singapore,StarHub,65,945,65945
Singapore,M1Limited,65,947,65947
Singapore,StarHub,65,948,65948
Singapore,StarHub,65,9499,659499
Singapore,M1Limited,65,968,65968
Singapore,M1Limited,65,969,65969
Singapore,M1Limited,65,974,65974
Singapore,M1Limited,65,976,65976
Singapore,M1Limited,65,979,65979
Singapore,StarHub,65,9800,659800
Singapore,StarHub,65,9813,659813
Singapore,StarHub,65,9814,659814
Singapore,M1Limited,65,984,65984
Singapore,StarHub,65,985,65985
Singapore,M1Limited,65,987,65987
Singapore,StarHub,65,9880,659880
Singapore,StarHub,65,9881,659881
Singapore,StarHub,65,9882,659882
Singapore,StarHub,65,9883,659883
Singapore,StarHub,65,9884,659884
Singapore,StarHub,65,9885,659885
Singapore,StarHub,65,9886,659886
Singapore,StarHub,65,9887,659887
Singapore,M1Limited,65,9889,659889
Sint Maarten,,1,721,1721
Slovakia,SlovakTelkom,421,,421
Slovakia,SlovakTelkom,421,02,42102
Slovakia,Telefonica,421,06,42106
Slovakia,SlovakTelkom,421,901,421901
Slovakia,SlovakTelkom,421,902,421902
Slovakia,SlovakTelkom,421,903,421903
Slovakia,SlovakTelkom,421,904,421904
Slovakia,Orange,421,905,421905
Slovakia,Orange,421,906,421906
Slovakia,Orange,421,907,421907
Slovakia,Orange,421,908,421908
Slovakia,SlovakTelkom,421,910,421910
Slovakia,SlovakTelkom,421,911,421911
Slovakia,SlovakTelkom,421,912,421912
Slovakia,SlovakTelkom,421,914,421914
Slovakia,Orange,421,915,421915
Slovakia,Orange,421,916,421916
Slovakia,Orange,421,917,421917
Slovakia,Orange,421,918,421918
Slovakia,O2,421,940,421940
Slovakia,O2,421,944,421944
Slovakia,O2,421,948,421948
Slovakia,O2,421,949,421949
Slovakia,SWAN,421,950,421950
Slovenia,SIMOBIL,386,,386
Slovenia,,386,20,38620
Slovenia,,386,21,38621
Slovenia,SIMOBIL,386,30,38630
Slovenia,Mobitel,386,31,38631
Slovenia,SIMOBIL,386,40,38640
Slovenia,Mobitel,386,41,38641
Slovenia,SloveniaTel,386,43,38643
Slovenia,Mobitel,386,49,38649
Slovenia,,386,50,38650
Slovenia,Mobitel,386,51,38651
Slovenia,,386,60,38660
Slovenia,,386,61,38661
Slovenia,T-2,386,64,38664
Slovenia,SIMOBIL,386,681,386681
Slovenia,SIMOBIL,386,686,386686
Slovenia,SIMOBIL,386,689,386689
Slovenia,Telemach Mobile,386,70,38670
Slovenia,Mobitel,386,71,38671
Slu,CWWI,1,,1
Slu,CWWI,1,110,1110
Slu,CWWI,1,75828,175828
Solomon Islands,SolomonTel,677,01,67701
Solomon Islands,Bemobile,677,02,67702
Solomon Islands,SolomonTel,677,7,6777
Solomon Islands,,677,74,67774
Solomon Islands,,677,75,67775
Solomon Islands,SolomonTel,677,76,67776
Solomon Islands,SolomonTel,677,77,67777
Solomon Islands,SolomonTel,677,78,67778
Solomon Islands,Bemobile,677,84,67784
Solomon Islands,Bemobile,677,85,67785
Solomon Islands,Bemobile,677,86,67786
Solomon Islands,Bemobile,677,87,67787
Solomon Islands,Bemobile,677,88,67788
Solomon Islands,Bemobile,677,89,67789
Somalia,,252,,252
Somalia,Hormud Somal,252,50,25250
Somalia,Hormud Somal,252,61,25261
South Africa,TelSouthAfrc,27,02,2702
South Africa,MTN,27,60,2760
South Africa,TelSouthAfrc,27,614,27614
South Africa,MTN,27,710,27710
South Africa,Vodacom,27,711,27711
South Africa,Vodacom,27,712,27712
South Africa,Vodacom,27,713,27713
South Africa,Vodacom,27,714,27714
South Africa,Vodacom,27,715,27715
South Africa,Vodacom,27,716,27716
South Africa,MTN,27,717,27717
South Africa,MTN,27,718,27718
South Africa,MTN,27,719,27719
South Africa,Vodacom,27,72,2772
South Africa,MTN,27,73,2773
South Africa,Cell C,27,74,2774
South Africa,Virgin Mobile,27,741,27741
South Africa,Vodacom,27,76,2776
South Africa,MTN,27,78,2778
South Africa,Vodacom,27,79,2779
South Africa,TelSouthAfrc,27,811,27811
South Africa,TelSouthAfrc,27,812,27812
South Africa,TelSouthAfrc,27,813,27813
South Africa,TelSouthAfrc,27,814,27814
South Africa,TelSouthAfrc,27,815,27815
South Africa,TelSouthAfrc,27,817,27817
South Africa,Vodacom,27,82,2782
South Africa,MTN,27,83,2783
South Africa,Cell C,27,84,2784
South Georgia And The South Sandwich Islands,,500,,500
South Korea,KTKorea,82,,82
South Korea,KTKorea,82,08,8208
South Korea,KTKorea,82,1001,821001
South Korea,SK Telecom-R,82,1020,821020
South Korea,SK Telecom-R,82,1021,821021
South Korea,KTKorea,82,1029,821029
South Korea,SK Telecom-R,82,1031,821031
South Korea,SK Telecom-R,82,1035,821035
South Korea,SK Telecom-R,82,1036,821036
South Korea,SK Telecom-R,82,1037,821037
South Korea,SK Telecom-R,82,1038,821038
South Korea,SK Telecom-R,82,1040,821040
South Korea,SK Telecom-R,82,1041,821041
South Korea,SK Telecom-R,82,1045,821045
South Korea,SK Telecom-R,82,1046,821046
South Korea,SK Telecom-R,82,1047,821047
South Korea,SK Telecom-R,82,1048,821048
South Korea,SK Telecom-R,82,1049,821049
South Korea,SK Telecom-R,82,1050,821050
South Korea,SK Telecom-R,82,1052,821052
South Korea,SK Telecom-R,82,1053,821053
South Korea,SK Telecom-R,82,1054,821054
South Korea,SK Telecom-R,82,1059,821059
South Korea,SK Telecom-R,82,1062,821062
South Korea,SK Telecom-R,82,1063,821063
South Korea,SK Telecom-R,82,1064,821064
South Korea,SK Telecom-R,82,1071,821071
South Korea,SK Telecom-R,82,1085,821085
South Korea,SK Telecom-R,82,1086,821086
South Korea,SK Telecom-R,82,1087,821087
South Korea,SK Telecom-R,82,1088,821088
South Korea,SK Telecom-R,82,1089,821089
South Korea,SK Telecom-R,82,1090,821090
South Korea,SK Telecom-R,82,1091,821091
South Korea,SK Telecom-R,82,1092,821092
South Korea,SK Telecom-R,82,1093,821093
South Korea,SK Telecom-R,82,1094,821094
South Korea,SK Telecom-R,82,11,8211
South Korea,SK Telecom-R,82,17,8217
South Korea,SK Telecom-R,82,5,825
South Korea,KTKorea,82,771,82771
South Korea,KTKorea,82,773,82773
South Korea,KTKorea,82,774,82774
South Korea,KTKorea,82,775,82775
South Korea,KTKorea,82,776,82776
South Korea,KTKorea,82,777,82777
South Korea,KTKorea,82,778,82778
South Korea,KTKorea,82,779,82779
South Korea,,850,,850
South Ossetia,,995,34,99534
South Sudan,GEMTELSSudan,211,03,21103
South Sudan,,211,9,2119
South Sudan,GEMTELSSudan,211,97,21197
Spain,Retevision M,34,,34
Spain,Vodafone,34,01,3401
Spain,Retevision M,34,03,3403
Spain,Xfera YOIGO,34,04,3404
Spain,Telefonica,34,07,3407
Spain,Vodafone,34,1,341
Spain,DigiTelcSLU,34,22,3422
Spain,,34,6,346
Spain,Vodafone,34,600,34600
Spain,Vodafone,34,6024,346024
Spain,Vodafone,34,6025,346025
Spain,Vodafone,34,6026,346026
Spain,Vodafone,34,6031,346031
Spain,Vodafone,34,6032,346032
Spain,Vodafone,34,6033,346033
Spain,Vodafone,34,6034,346034
Spain,Vodafone,34,6035,346035
Spain,Vodafone,34,6036,346036
Spain,Vodafone,34,6037,346037
Spain,Vodafone,34,6038,346038
Spain,Retevision M,34,605,34605
Spain,Telefonica,34,606,34606
Spain,Vodafone,34,607,34607
Spain,Vodafone,34,610,34610
Spain,Vodafone,34,617,34617
Spain,Xfera YOIGO,34,622,34622
Spain,Vodafone,34,627,34627
Spain,Xfera YOIGO,34,633,34633
Spain,Vodafone,34,634,34634
Spain,Vodafone,34,637,34637
Spain,DigiTelcSLU,34,6411,346411
Spain,DigiTelcSLU,34,6412,346412
Spain,DigiTelcSLU,34,6413,346413
Spain,DigiTelcSLU,34,6414,346414
Spain,DigiTelcSLU,34,6416,346416
Spain,DigiTelcSLU,34,6418,346418
Spain,DigiTelcSLU,34,6420,346420
Spain,DigiTelcSLU,34,6421,346421
Spain,DigiTelcSLU,34,6422,346422
Spain,DigiTelcSLU,34,6423,346423
Spain,DigiTelcSLU,34,6424,346424
Spain,DigiTelcSLU,34,6425,346425
Spain,DigiTelcSLU,34,6426,346426
Spain,DigiTelcSLU,34,6427,346427
Spain,DigiTelcSLU,34,6428,346428
Spain,DigiTelcSLU,34,6429,346429
Spain,DigiTelcSLU,34,643,34643
Spain,Vodafone,34,647,34647
Spain,Vodafone,34,661,34661
Spain,Vodafone,34,662,34662
Spain,Vodafone,34,663,34663
Spain,Vodafone,34,664,34664
Spain,Vodafone,34,666,34666
Spain,Vodafone,34,667,34667
Spain,Vodafone,34,670,34670
Spain,Vodafone,34,671,34671
Spain,Vodafone,34,672,34672
Spain,Vodafone,34,673,34673
Spain,Vodafone,34,674,34674
Spain,Vodafone,34,677,34677
Spain,Vodafone,34,678,34678
Spain,Vodafone,34,687,34687
Spain,Vodafone,34,697,34697
Spain,,34,7,347
Spain,Vodafone,34,7171,347171
Spain,Xfera YOIGO,34,7227,347227
Sri Lanka,Etisalet,94,,94
Sri Lanka,Etisalet,94,03,9403
Sri Lanka,Hutchison,94,08,9408
Sri Lanka,DialogAxiata,94,2,942
Sri Lanka,Mobitel,94,70,9470
Sri Lanka,Mobitel,94,71,9471
Sri Lanka,Etisalat,94,72,9472
Sri Lanka,Airtel,94,75,9475
Sri Lanka,Dialog,94,76,9476
Sri Lanka,Dialog,94,77,9477
Sri Lanka,Hutch,94,78,9478
Sudan,Viva,211,,211
Sudan,Viva,211,04,21104
Sudan,Viva,211,4,2114
Sudan,Viva,211,95,21195
Sudan,Bashair Tele,249,,249
Sudan,Zain,249,01,24901
Sudan,SudanTelcom,249,07,24907
Sudan,SudanTelcom,249,10,24910
Sudan,SudanTelcom,249,11,24911
Sudan,SudanTelcom,249,12,24912
Sudan,Bashair Tele,249,2,2492
Sudan,,249,9,2499
Sudan,Zain,249,90,24990
Sudan,Bashair Tele,249,92,24992
Suriname,DiGLSuriname,597,03,59703
Suriname,DiGLSuriname,597,71,59771
Suriname,DiGLSuriname,597,72,59772
Suriname,Digicel,597,730,597730
Suriname,Digicel,597,731,597731
Suriname,Digicel,597,732,597732
Suriname,Digicel,597,733,597733
Suriname,Digicel,597,734,597734
Suriname,DiGLSuriname,597,74,59774
Suriname,DiGLSuriname,597,76,59776
Suriname,,597,8,5978
Suriname,DiGLSuriname,597,81,59781
Suriname,DiGLSuriname,597,82,59782
Suriname,Digicel,597,83,59783
Suriname,Digicel,597,84,59784
Suriname,Digicel,597,91,59791
Sv,CWWI,1,,1
Sv,CWWI,1,110,1110
Sv,CWWI,1,78449,178449
Svalbard,,47,79,4779
Svalbard And Jan Mayen,,47,79,4779
Swaziland,,268,7,2687
Sweden,H3G,46,,46
Sweden,TeliaSoneraS,46,01,4601
Sweden,H3G,46,02,4602
Sweden,H3G,46,04,4604
Sweden,TeliaSoneraS,46,673,46673
Sweden,H3G,46,675,46675
Sweden,,46,70,4670
Sweden,TeliaSoneraS,46,7010,467010
Sweden,TeliaSoneraS,46,7012,467012
Sweden,TeliaSoneraS,46,7013,467013
Sweden,TeliaSoneraS,46,70170,4670170
Sweden,TeliaSoneraS,46,70171,4670171
Sweden,TeliaSoneraS,46,70172,4670172
Sweden,TeliaSoneraS,46,70173,4670173
Sweden,TeliaSoneraS,46,70174,4670174
Sweden,TeliaSoneraS,46,70175,4670175
Sweden,TeliaSoneraS,46,70176,4670176
Sweden,TeliaSoneraS,46,70177,4670177
Sweden,TeliaSoneraS,46,7017883,467017883
Sweden,TeliaSoneraS,46,701789,46701789
Sweden,TeliaSoneraS,46,701797,46701797
Sweden,TeliaSoneraS,46,701799,46701799
Sweden,TeliaSoneraS,46,7018,467018
Sweden,TeliaSoneraS,46,70190,4670190
Sweden,TeliaSoneraS,46,70191,4670191
Sweden,TeliaSoneraS,46,70193,4670193
Sweden,TeliaSoneraS,46,702,46702
Sweden,TeliaSoneraS,46,703,46703
Sweden,TeliaSoneraS,46,705,46705
Sweden,TeliaSoneraS,46,706,46706
Sweden,TeliaSoneraS,46,71900000,4671900000
Sweden,TeliaSoneraS,46,71900001,4671900001
Sweden,TeliaSoneraS,46,71900002,4671900002
Sweden,TeliaSoneraS,46,71900003,4671900003
Sweden,TeliaSoneraS,46,71900004,4671900004
Sweden,TeliaSoneraS,46,71900005,4671900005
Sweden,TeliaSoneraS,46,71900006,4671900006
Sweden,TeliaSoneraS,46,71910100,4671910100
Sweden,TeliaSoneraS,46,71910101,4671910101
Sweden,,46,72,4672
Sweden,TeliaSoneraS,46,720505,46720505
Sweden,TeliaSoneraS,46,720506,46720506
Sweden,TeliaSoneraS,46,7206,467206
Sweden,TeliaSoneraS,46,7207,467207
Sweden,TeliaSoneraS,46,7210,467210
Sweden,TeliaSoneraS,46,7211,467211
Sweden,TeliaSoneraS,46,7220,467220
Sweden,TeliaSoneraS,46,7221,467221
Sweden,TeliaSoneraS,46,7222,467222
Sweden,TeliaSoneraS,46,7223,467223
Sweden,TeliaSoneraS,46,7224,467224
Sweden,H3G,46,7230,467230
Sweden,H3G,46,7231,467231
Sweden,H3G,46,7232,467232
Sweden,H3G,46,7233,467233
Sweden,TeliaSoneraS,46,7250,467250
Sweden,TeliaSoneraS,46,7251,467251
Sweden,TeliaSoneraS,46,7252,467252
Sweden,TeliaSoneraS,46,7253,467253
Sweden,TeliaSoneraS,46,7254,467254
Sweden,TeliaSoneraS,46,7270,467270
Sweden,TeliaSoneraS,46,7271,467271
Sweden,TeliaSoneraS,46,7272,467272
Sweden,TeliaSoneraS,46,7273,467273
Sweden,TeliaSoneraS,46,7274,467274
Sweden,TeliaSoneraS,46,7280,467280
Sweden,TeliaSonera Sv. AB,46,7300,467300
Sweden,Wireless Maingate N,46,7301,467301
Sweden,TeliaSoneraS,46,73010,4673010
Sweden,TeliaSoneraS,46,73011,4673011
Sweden,TeliaSoneraS,46,73013,4673013
Sweden,TeliaSoneraS,46,73014,4673014
Sweden,TeliaSoneraS,46,73015,4673015
Sweden,TeliaSoneraS,46,73016,4673016
Sweden,TeliaSoneraS,46,73017,4673017
Sweden,TeliaSoneraS,46,73018,4673018
Sweden,TeliaSonera Sv. AB,46,7302,467302
Sweden,TeliaSonera Sv. AB,46,7303,467303
Sweden,TeliaSonera Sv. AB,46,7304,467304
Sweden,TeliaSonera Sv. AB,46,7305,467305
Sweden,TeliaSonera Sv. AB,46,7306,467306
Sweden,TeliaSonera Sv. AB,46,7307,467307
Sweden,TeliaSonera Sv. AB,46,7308,467308
Sweden,TeliaSonera Sv. AB,46,7309,467309
Sweden,Timepiece Servicos,46,7310,467310
Sweden,TeliaSoneraS,46,7311,467311
Sweden,Ledig,46,7312,467312
Sweden,TeliaSoneraS,46,731211,46731211
Sweden,TeliaSoneraS,46,731212,46731212
Sweden,Wireless Maingate M,46,7313,467313
Sweden,Campuz Mobile AB,46,7314,467314
Sweden,Campuz Mobile AB,46,7315,467315
Sweden,Abbla Mobile Sv. AB,46,7316,467316
Sweden,Netnet AS,46,73170,4673170
Sweden,Ledig,46,73171,4673171
Sweden,Ledig,46,73172,4673172
Sweden,Ledig,46,73173,4673173
Sweden,Ledig,46,73174,4673174
Sweden,Ledig,46,73175,4673175
Sweden,Ledig,46,73176,4673176
Sweden,Ledig,46,73177,4673177
Sweden,Ledig,46,73178,4673178
Sweden,Ledig,46,73179,4673179
Sweden,ACN Communications S,46,7318,467318
Sweden,TeliaSoneraS,46,7319,467319
Sweden,Telenor,46,7320,467320
Sweden,Optimal Telecom Sver,46,7321,467321
Sweden,Optimal Telecom Sver,46,7322,467322
Sweden,Telenor,46,7323,467323
Sweden,Telenor,46,7324,467324
Sweden,Telenor,46,7325,467325
Sweden,Telenor,46,7326,467326
Sweden,TeliaSoneraS,46,7327,467327
Sweden,Chess AB,46,7328,467328
Sweden,TeliaSoneraS,46,7329,467329
Sweden,Telenor,46,733,46733
Sweden,Telenor,46,7340,467340
Sweden,Telenor,46,7341,467341
Sweden,Telenor,46,7342,467342
Sweden,Telenor,46,7343,467343
Sweden,Telenor,46,7344,467344
Sweden,Telogic ApS,46,73450,4673450
Sweden,Telogic ApS,46,73451,4673451
Sweden,Telogic ApS,46,73452,4673452
Sweden,Telogic ApS,46,73453,4673453
Sweden,Telogic ApS,46,73454,4673454
Sweden,Ledig,46,73455,4673455
Sweden,Intelligent Appl. AB,46,73456,4673456
Sweden,Ledig,46,73457,4673457
Sweden,Ledig,46,73458,4673458
Sweden,Ledig,46,73459,4673459
Sweden,Ledig,46,7346,467346
Sweden,Ledig,46,7347,467347
Sweden,Ledig,46,7348,467348
Sweden,Ledig,46,7349,467349
Sweden,H3G,46,7350,467350
Sweden,H3G,46,7351,467351
Sweden,H3G,46,7352,467352
Sweden,H3G,46,7353,467353
Sweden,H3G,46,7354,467354
Sweden,Tele2,46,7355,467355
Sweden,Tele2,46,7356,467356
Sweden,Tele2,46,7357,467357
Sweden,Tele2,46,7358,467358
Sweden,Tele2,46,7359,467359
Sweden,Tele2,46,736,46736
Sweden,Tele2,46,7370,467370
Sweden,Tele2,46,7371,467371
Sweden,Tele2,46,7372,467372
Sweden,Tele2,46,7373,467373
Sweden,Tele2,46,7374,467374
Sweden,Tele2,46,7375,467375
Sweden,Tele2,46,7376,467376
Sweden,Tele2,46,7377,467377
Sweden,Tele2,46,7378,467378
Sweden,Tele2,46,7379,467379
Sweden,TeliaSonera Sv. AB,46,7380,467380
Sweden,TeliaSonera Sv. AB,46,7381,467381
Sweden,TeliaSonera Sv. AB,46,7382,467382
Sweden,TeliaSonera Sv. AB,46,7383,467383
Sweden,TeliaSonera Sv. AB,46,7384,467384
Sweden,Telenor,46,7385,467385
Sweden,Lebara Ltd.,46,7386,467386
Sweden,Ledig,46,7387,467387
Sweden,Newphone SP AB,46,7388,467388
Sweden,Ledig,46,7389,467389
Sweden,Tele2,46,739,46739
Sweden,,46,76,4676
Sweden,H3G,46,7600,467600
Sweden,H3G,46,7601,467601
Sweden,H3G,46,7602,467602
Sweden,H3G,46,7603,467603
Sweden,H3G,46,7604,467604
Sweden,TeliaSoneraS,46,7610,467610
Sweden,TeliaSoneraS,46,7611,467611
Sweden,TeliaSoneraS,46,7612,467612
Sweden,TeliaSoneraS,46,7613,467613
Sweden,TeliaSoneraS,46,7614,467614
Sweden,H3G,46,7616,467616
Sweden,H3G,46,7617,467617
Sweden,H3G,46,7618,467618
Sweden,H3G,46,7619,467619
Sweden,H3G,46,7630,467630
Sweden,H3G,46,7631,467631
Sweden,H3G,46,7632,467632
Sweden,H3G,46,7633,467633
Sweden,H3G,46,7634,467634
Sweden,H3G,46,7639,467639
Sweden,TeliaSoneraS,46,76670,4676670
Sweden,TeliaSoneraS,46,76671,4676671
Sweden,TeliaSoneraS,46,76672,4676672
Sweden,TeliaSoneraS,46,76673,4676673
Sweden,TeliaSoneraS,46,76674,4676674
Sweden,TeliaSoneraS,46,76676,4676676
Sweden,TeliaSoneraS,46,76677,4676677
Sweden,TeliaSoneraS,46,7676,467676
Sweden,TeliaSoneraS,46,7677,467677
Sweden,TeliaSoneraS,46,7678,467678
Sweden,TeliaSoneraS,46,7679,467679
Sweden,TeliaSoneraS,46,7680,467680
Sweden,TeliaSoneraS,46,7681,467681
Sweden,TeliaSoneraS,46,7682,467682
Sweden,TeliaSoneraS,46,7683,467683
Sweden,TeliaSoneraS,46,7684,467684
Sweden,,46,79,4679
Switzerland,Orange,41,,41
Switzerland,Orange,41,03,4103
Switzerland,Salt,41,3,413
Switzerland,SchweizMTEL,41,69,4169
Switzerland,,41,74,4174
Switzerland,Sunrise,41,76,4176
Switzerland,Swisscom,41,77,4177
Switzerland,Orange,41,78,4178
Switzerland,SchweizMTEL,41,784,41784
Switzerland,Swisscom,41,79,4179
Switzerland,Claro,506,,506
Switzerland,Claro,506,03,50603
Switzerland,Claro,506,7002,5067002
Switzerland,Claro,506,7003,5067003
Switzerland,Claro,506,7004,5067004
Switzerland,Claro,506,7005,5067005
Switzerland,Claro,506,7006,5067006
Switzerland,Claro,506,7007,5067007
Switzerland,Claro,506,7008,5067008
Switzerland,Claro,506,7009,5067009
Switzerland,Claro,506,7010,5067010
Switzerland,Claro,506,7011,5067011
Switzerland,Claro,506,7012,5067012
Switzerland,Claro,506,7013,5067013
Switzerland,Claro,506,7014,5067014
Switzerland,Claro,506,7015,5067015
Switzerland,Claro,506,7016,5067016
Switzerland,Claro,506,7017,5067017
Switzerland,Claro,506,7018,5067018
Switzerland,Claro,506,7019,5067019
Switzerland,Claro,506,7020,5067020
Switzerland,Claro,506,7021,5067021
Switzerland,Claro,506,7022,5067022
Switzerland,Claro,506,7023,5067023
Switzerland,Claro,506,7024,5067024
Switzerland,Claro,506,7025,5067025
Switzerland,Claro,506,7026,5067026
Switzerland,Claro,506,7027,5067027
Switzerland,Claro,506,7028,5067028
Switzerland,Claro,506,7029,5067029
Switzerland,Claro,506,7030,5067030
Switzerland,Claro,506,7031,5067031
Switzerland,Claro,506,7032,5067032
Switzerland,Claro,506,7033,5067033
Switzerland,Claro,506,7034,5067034
Switzerland,Claro,506,7035,5067035
Switzerland,Claro,506,7036,5067036
Switzerland,Claro,506,7037,5067037
Switzerland,Claro,506,7038,5067038
Switzerland,Claro,506,7039,5067039
Switzerland,Claro,506,7040,5067040
Switzerland,Claro,506,7041,5067041
Switzerland,Claro,506,7042,5067042
Switzerland,Claro,506,7043,5067043
Switzerland,Claro,506,7044,5067044
Switzerland,Claro,506,7045,5067045
Switzerland,Claro,506,7046,5067046
Switzerland,Claro,506,7047,5067047
Switzerland,Claro,506,7048,5067048
Switzerland,Claro,506,7049,5067049
Switzerland,Claro,506,7050,5067050
Switzerland,Claro,506,7051,5067051
Switzerland,Claro,506,7052,5067052
Switzerland,Claro,506,7053,5067053
Switzerland,Claro,506,7054,5067054
Switzerland,Claro,506,7055,5067055
Switzerland,Claro,506,7056,5067056
Switzerland,Claro,506,7057,5067057
Switzerland,Claro,506,7058,5067058
Switzerland,Claro,506,7059,5067059
Switzerland,Claro,506,7060,5067060
Switzerland,Claro,506,7061,5067061
Switzerland,Claro,506,7062,5067062
Switzerland,Claro,506,7063,5067063
Switzerland,Claro,506,7064,5067064
Switzerland,Claro,506,7065,5067065
Switzerland,Claro,506,7066,5067066
Switzerland,Claro,506,7067,5067067
Switzerland,Claro,506,7068,5067068
Switzerland,Claro,506,7069,5067069
Switzerland,Claro,506,7070,5067070
Switzerland,Claro,506,7071,5067071
Switzerland,Claro,506,7072,5067072
Switzerland,Claro,506,7073,5067073
Switzerland,Claro,506,7074,5067074
Switzerland,Claro,506,7075,5067075
Switzerland,Claro,506,7076,5067076
Switzerland,Claro,506,7077,5067077
Switzerland,Claro,506,7078,5067078
Switzerland,Claro,506,7079,5067079
Switzerland,Claro,506,7080,5067080
Switzerland,Claro,506,7081,5067081
Switzerland,Claro,506,7082,5067082
Switzerland,Claro,506,7083,5067083
Switzerland,Claro,506,7084,5067084
Switzerland,Claro,506,7085,5067085
Switzerland,Claro,506,7086,5067086
Switzerland,Claro,506,7087,5067087
Switzerland,Claro,506,7088,5067088
Switzerland,Claro,506,7089,5067089
Switzerland,Claro,506,7090,5067090
Switzerland,Claro,506,7091,5067091
Switzerland,Claro,506,7092,5067092
Switzerland,Claro,506,7093,5067093
Switzerland,Claro,506,7094,5067094
Switzerland,Claro,506,7095,5067095
Switzerland,Claro,506,7096,5067096
Switzerland,Claro,506,7097,5067097
Switzerland,Claro,506,7098,5067098
Switzerland,Claro,506,7099,5067099
Switzerland,OnAirSwiz,882,15,88215
Switzerland,OnAirSwiz,882,98,88298
Syrian Arab Republic,SYRIATEL,963,01,96301
Syrian Arab Republic,SYRIATEL,963,93,96393
Syrian Arab Republic,MTN,963,94,96394
Syrian Arab Republic,MTN,963,95,96395
Syrian Arab Republic,MTN,963,96,96396
Syrian Arab Republic,SYRIATEL,963,98,96398
Syrian Arab Republic,Syriatel,963,99,96399
Syrian Arab Republic,SYRIATEL,963,99 ,96399 
São Tomé and Príncipe,CSTmovel,239,01,23901
São Tomé and Príncipe,UnitelSaoTme,239,02,23902
São Tomé and Príncipe,,239,90,23990
São Tomé and Príncipe,CSTmovel,239,98,23998
São Tomé and Príncipe,CSTmovel,239,99,23999
Taiwan,Far EasTone,886,,886
Taiwan,Far EasTone,886,01,88601
Taiwan,AsiaPacifTel,886,05,88605
Taiwan,AsiaPacifTel,886,400040,886400040
Taiwan,AsiaPacifTel,886,400041,886400041
Taiwan,AsiaPacifTel,886,400042,886400042
Taiwan,FarEastTW1,886,88,88688
Taiwan,TaiwanStar,886,89,88689
Taiwan,,886,9,8869
Taiwan,AsiaPacifTel,886,906,886906
Taiwan,AsiaPacifTel,886,907,886907
Taiwan,LDTA GSM,886,910,886910
Taiwan,FarEastTW1,886,913,886913
Taiwan,Pacific GSM,886,9140,8869140
Taiwan,TaiwanMob,886,9141,8869141
Taiwan,TaiwanMob,886,9142,8869142
Taiwan,FarEastTW1,886,915,886915
Taiwan,Far EasTone,886,916,886916
Taiwan,Far EasTone,886,917,886917
Taiwan,TaiwanMob,886,918,886918
Taiwan,LDTA GSM,886,92,88692
Taiwan,TaiwanMob,886,920,886920
Taiwan,TaiwanMob,886,922,886922
Taiwan,TaiwanMob,886,923,886923
Taiwan,TaiwanMob,886,9240,8869240
Taiwan,TaiwanMob,886,9241,8869241
Taiwan,FarEastTW1,886,925,886925
Taiwan,Far EasTone,886,926,886926
Taiwan,FarEastTW1,886,927,886927
Taiwan,TaiwanMob,886,929,886929
Taiwan,Far EasTone,886,930,886930
Taiwan,Far EasTone,886,9310,8869310
Taiwan,Far EasTone,886,9311,8869311
Taiwan,Far EasTone,886,9312,8869312
Taiwan,Far EasTone,886,9313,8869313
Taiwan,TaiwanMob,886,9314,8869314
Taiwan,TaiwanMob,886,9315,8869315
Taiwan,TaiwanMob,886,9316,8869316
Taiwan,TaiwanMob,886,9317,8869317
Taiwan,TaiwanMob,886,9318,8869318
Taiwan,TaiwanMob,886,9319,8869319
Taiwan,TaiwanMob,886,935,886935
Taiwan,Far EasTone,886,936,886936
Taiwan,FarEastTW1,886,938,886938
Taiwan,TaiwanMob,886,939,886939
Taiwan,TaiwanMob,886,952,886952
Taiwan,TaiwanMob,886,953,886953
Taiwan,Far EasTone,886,9540,8869540
Taiwan,Far EasTone,886,9541,8869541
Taiwan,Far EasTone,886,955,886955
Taiwan,TaiwanMob,886,956,886956
Taiwan,TaiwanMob,886,958,886958
Taiwan,TaiwanMob,886,9600,8869600
Taiwan,TaiwanMob,886,9601,8869601
Taiwan,TaiwanMob,886,9602,8869602
Taiwan,TaiwanMob,886,9603,8869603
Taiwan,TaiwanMob,886,9604,8869604
Taiwan,Far EasTone,886,9605,8869605
Taiwan,Far EasTone,886,9606,8869606
Taiwan,Far EasTone,886,9607,8869607
Taiwan,Far EasTone,886,9608,8869608
Taiwan,TaiwanMob,886,9610,8869610
Taiwan,TaiwanMob,886,9611,8869611
Taiwan,TaiwanMob,886,9612,8869612
Taiwan,TaiwanMob,886,9613,8869613
Taiwan,TaiwanMob,886,9614,8869614
Taiwan,AsiaPacifTel,886,968,886968
Taiwan,Pacific GSM,886,97,88697
Taiwan,TaiwanMob,886,9700,8869700
Taiwan,TaiwanMob,886,9701,8869701
Taiwan,TaiwanMob,886,9702,8869702
Taiwan,TaiwanMob,886,9703,8869703
Taiwan,TaiwanMob,886,9704,8869704
Taiwan,TaiwanMob,886,9705,8869705
Taiwan,TaiwanMob,886,9706,8869706
Taiwan,TaiwanMob,886,9707,8869707
Taiwan,TaiwanMob,886,9708,8869708
Taiwan,TaiwanMob,886,9709,8869709
Taiwan,TaiwanMob,886,9710,8869710
Taiwan,TaiwanMob,886,9711,8869711
Taiwan,TaiwanStar,886,9712,8869712
Taiwan,TaiwanStar,886,9713,8869713
Taiwan,TaiwanStar,886,973,886973
Taiwan,TaiwanStar,886,973840,886973840
Taiwan,TaiwanStar,886,973841,886973841
Taiwan,TaiwanStar,886,973842,886973842
Taiwan,TaiwanStar,886,973843,886973843
Taiwan,TaiwanStar,886,973844,886973844
Taiwan,TaiwanStar,886,973845,886973845
Taiwan,TaiwanStar,886,973846,886973846
Taiwan,TaiwanStar,886,973847,886973847
Taiwan,Far EasTone,886,9760,8869760
Taiwan,Far EasTone,886,9761,8869761
Taiwan,Far EasTone,886,9762,8869762
Taiwan,Far EasTone,886,9763,8869763
Taiwan,Far EasTone,886,9764,8869764
Taiwan,Far EasTone,886,9765,8869765
Taiwan,AsiaPacifTel,886,977,886977
Taiwan,AsiaPacifTel,886,980,886980
Taiwan,FarEastTW1,886,981,886981
Taiwan,AsiaPacifTel,886,982,886982
Taiwan,TaiwanMob,886,983,886983
Taiwan,AsiaPacifTel,886,985,886985
Taiwan,TaiwanStar,886,986,886986
Taiwan,TaiwanStar,886,9864421,8869864421
Taiwan,TaiwanStar,886,9864422,8869864422
Taiwan,TaiwanStar,886,9864423,8869864423
Taiwan,TaiwanStar,886,9864424,8869864424
Taiwan,TaiwanStar,886,9864425,8869864425
Taiwan,TaiwanStar,886,9864426,8869864426
Taiwan,TaiwanStar,886,9864427,8869864427
Taiwan,TaiwanStar,886,9864428,8869864428
Taiwan,TaiwanStar,886,9864431,8869864431
Taiwan,TaiwanStar,886,9864432,8869864432
Taiwan,TaiwanStar,886,9864433,8869864433
Taiwan,TaiwanStar,886,9864434,8869864434
Taiwan,TaiwanStar,886,9864435,8869864435
Taiwan,TaiwanStar,886,9864436,8869864436
Taiwan,TaiwanStar,886,9864437,8869864437
Taiwan,TaiwanStar,886,9864438,8869864438
Taiwan,TaiwanStar,886,9864451,8869864451
Taiwan,TaiwanStar,886,9864452,8869864452
Taiwan,TaiwanStar,886,9864453,8869864453
Taiwan,TaiwanStar,886,9864454,8869864454
Taiwan,TaiwanStar,886,9864455,8869864455
Taiwan,TaiwanStar,886,9864456,8869864456
Taiwan,TaiwanStar,886,9864457,8869864457
Taiwan,TaiwanStar,886,9864458,8869864458
Taiwan,TaiwanStar,886,9864461,8869864461
Taiwan,TaiwanStar,886,9864462,8869864462
Taiwan,TaiwanStar,886,9864463,8869864463
Taiwan,TaiwanStar,886,9864464,8869864464
Taiwan,TaiwanStar,886,9864465,8869864465
Taiwan,TaiwanStar,886,9864466,8869864466
Taiwan,TaiwanStar,886,9864467,8869864467
Taiwan,TaiwanStar,886,9864468,8869864468
Taiwan,TaiwanMob,886,987,886987
Taiwan,FarEastTW1,886,989,886989
Tajikistan,Tacom,992,,992
Tajikistan,IndigoCJSC,992,02,99202
Tajikistan,Babilon,992,04,99204
Tajikistan,Tacom,992,05,99205
Tajikistan,IndigoCJSC,992,11,99211
Tajikistan,IndigoCJSC,992,22,99222
Tajikistan,IndigoCJSC,992,50,99250
Tajikistan,IndigoCJSC,992,70,99270
Tajikistan,IndigoCJSC,992,77,99277
Tajikistan,,992,9,9929
Tajikistan,,992,90,99290
Tajikistan,,992,910,992910
Tajikistan,,992,911,992911
Tajikistan,,992,912,992912
Tajikistan,,992,913,992913
Tajikistan,,992,914,992914
Tajikistan,,992,915,992915
Tajikistan,,992,916,992916
Tajikistan,,992,917,992917
Tajikistan,,992,918,992918
Tajikistan,,992,919,992919
Tajikistan,,992,92,99292
Tajikistan,,992,93,99293
Tajikistan,TK-Mobile CDMA,992,95,99295
Tajikistan,M.Teko CDMA,992,96,99296
Tajikistan,Skytel,992,97,99297
Tajikistan,,992,98,99298
Tajikistan,IndigoCJSC,992,99,99299
"Tanzania, United Republic Of",Vodacom,255,,255
"Tanzania, United Republic Of",MIC Ltd,255,02,25502
"Tanzania, United Republic Of",Zantel,255,03,25503
"Tanzania, United Republic Of",Vodacom,255,04,25504
"Tanzania, United Republic Of",Viettel,255,09,25509
"Tanzania, United Republic Of",Vodacom,255,4,2554
"Tanzania, United Republic Of",Viettel,255,62,25562
"Tanzania, United Republic Of",MIC Ltd,255,65,25565
"Tanzania, United Republic Of",Vodacom,255,66,25566
"Tanzania, United Republic Of",MIC Ltd,255,67,25567
"Tanzania, United Republic Of",Vodacom,255,68,25568
"Tanzania, United Republic Of",MIC Ltd,255,71,25571
"Tanzania, United Republic Of",Vodacom,255,73,25573
"Tanzania, United Republic Of",,255,74,25574
"Tanzania, United Republic Of",Vodacom,255,75,25575
"Tanzania, United Republic Of",Vodacom,255,76,25576
"Tanzania, United Republic Of",Vodacom,255,77,25577
"Tanzania, United Republic Of",Vodacom,255,78,25578
"Tanzania, United Republic Of",Vodacom,255,79,25579
Thailand,True Move,66,,66
Thailand,True Move,66,00,6600
Thailand,AWN,66,03,6603
Thailand,True Move,66,04,6604
Thailand,DTACTh2,66,05,6605
Thailand,DTACTh1,66,18,6618
Thailand,,66,6,666
Thailand,True Move,66,646,66646
Thailand,,66,8,668
Thailand,True Move,66,802,66802
Thailand,True Move,66,803,66803
Thailand,True Move,66,809,66809
Thailand,True Move,66,81202,6681202
Thailand,True Move,66,81203,6681203
Thailand,True Move,66,81204,6681204
Thailand,True Move,66,81231,6681231
Thailand,True Move,66,81232,6681232
Thailand,True Move,66,81233,6681233
Thailand,True Move,66,81234,6681234
Thailand,True Move,66,81235,6681235
Thailand,True Move,66,81236,6681236
Thailand,True Move,66,81237,6681237
Thailand,True Move,66,81238,6681238
Thailand,True Move,66,81239,6681239
Thailand,True Move,66,81245,6681245
Thailand,True Move,66,81246,6681246
Thailand,True Move,66,81247,6681247
Thailand,True Move,66,81248,6681248
Thailand,True Move,66,81249,6681249
Thailand,True Move,66,8135,668135
Thailand,True Move,66,81417,6681417
Thailand,True Move,66,81418,6681418
Thailand,True Move,66,81419,6681419
Thailand,True Move,66,81460,6681460
Thailand,True Move,66,81461,6681461
Thailand,True Move,66,81462,6681462
Thailand,True Move,66,81463,6681463
Thailand,True Move,66,81464,6681464
Thailand,True Move,66,81465,6681465
Thailand,True Move,66,81466,6681466
Thailand,True Move,66,81467,6681467
Thailand,True Move,66,81468,6681468
Thailand,True Move,66,81469,6681469
Thailand,DTACTh1,66,816,66816
Thailand,DTACTh1,66,81631,6681631
Thailand,DTACTh1,66,81662,6681662
Thailand,DTACTh1,66,81669,6681669
Thailand,DTACTh1,66,81681,6681681
Thailand,DTACTh1,66,81688,6681688
Thailand,DTACTh1,66,81691,6681691
Thailand,DTACTh1,66,81698,6681698
Thailand,True Move,66,820,66820
Thailand,True Move,66,825,66825
Thailand,True Move,66,826,66826
Thailand,True Move,66,82900,6682900
Thailand,True Move,66,82901,6682901
Thailand,True Move,66,82902,6682902
Thailand,True Move,66,82903,6682903
Thailand,True Move,66,82904,6682904
Thailand,True Move,66,82905,6682905
Thailand,True Move,66,82906,6682906
Thailand,True Move,66,82907,6682907
Thailand,True Move,66,82908,6682908
Thailand,True Move,66,82909,6682909
Thailand,True Move,66,8291,668291
Thailand,True Move,66,8292,668292
Thailand,True Move,66,8293,668293
Thailand,True Move,66,8294,668294
Thailand,True Move,66,8295,668295
Thailand,True Move,66,8296,668296
Thailand,True Move,66,8297,668297
Thailand,True Move,66,8298,668298
Thailand,True Move,66,8299,668299
Thailand,True Move,66,830,66830
Thailand,True Move,66,8321,668321
Thailand,True Move,66,8322,668322
Thailand,True Move,66,8323,668323
Thailand,True Move,66,8324,668324
Thailand,True Move,66,8325,668325
Thailand,True Move,66,8326,668326
Thailand,True Move,66,8327,668327
Thailand,True Move,66,83400,6683400
Thailand,True Move,66,83401,6683401
Thailand,True Move,66,83402,6683402
Thailand,True Move,66,83403,6683403
Thailand,True Move,66,83404,6683404
Thailand,True Move,66,83405,6683405
Thailand,True Move,66,83406,6683406
Thailand,True Move,66,83407,6683407
Thailand,True Move,66,83408,6683408
Thailand,True Move,66,83409,6683409
Thailand,True Move,66,8342,668342
Thailand,True Move,66,8343,668343
Thailand,True Move,66,8360,668360
Thailand,True Move,66,8361,668361
Thailand,True Move,66,8368,668368
Thailand,True Move,66,8370,668370
Thailand,True Move,66,8371,668371
Thailand,True Move,66,8375,668375
Thailand,True Move,66,83770,6683770
Thailand,True Move,66,8378,668378
Thailand,True Move,66,8379,668379
Thailand,True Move,66,838,66838
Thailand,True Move,66,8391,668391
Thailand,True Move,66,8392,668392
Thailand,True Move,66,8393,668393
Thailand,True Move,66,8394,668394
Thailand,True Move,66,8397,668397
Thailand,True Move,66,8398,668398
Thailand,True Move,66,8399,668399
Thailand,True Move,66,840,66840
Thailand,True Move,66,841,66841
Thailand,True Move,66,842,66842
Thailand,True Move,66,8450,668450
Thailand,True Move,66,8458,668458
Thailand,True Move,66,8497,668497
Thailand,True Move,66,8498,668498
Thailand,True Move,66,8499,668499
Thailand,DTACTh1,66,8536965,668536965
Thailand,True Move,66,855,66855
Thailand,True Move,66,858,66858
Thailand,True Move,66,8593,668593
Thailand,True Move,66,8594,668594
Thailand,True Move,66,8595,668595
Thailand,True Move,66,8596,668596
Thailand,True Move,66,8597,668597
Thailand,True Move,66,8598,668598
Thailand,True Move,66,8599,668599
Thailand,True Move,66,863,66863
Thailand,True Move,66,864,66864
Thailand,True Move,66,8640,668640
Thailand,True Move,66,8641,668641
Thailand,True Move,66,8642,668642
Thailand,True Move,66,8643,668643
Thailand,True Move,66,8644,668644
Thailand,True Move,66,8645,668645
Thailand,True Move,66,8647,668647
Thailand,True Move,66,8648,668648
Thailand,True Move,66,8649,668649
Thailand,True Move,66,865,66865
Thailand,True Move,66,866,66866
Thailand,True Move,66,8671,668671
Thailand,True Move,66,8672,668672
Thailand,True Move,66,8673,668673
Thailand,True Move,66,8674,668674
Thailand,True Move,66,8825,668825
Thailand,True Move,66,8826,668826
Thailand,True Move,66,8827,668827
Thailand,True Move,66,8828,668828
Thailand,True Move,66,8829,668829
Thailand,True Move,66,8855,668855
Thailand,True Move,66,8856,668856
Thailand,True Move,66,8857,668857
Thailand,True Move,66,8858,668858
Thailand,True Move,66,8859,668859
Thailand,True Move,66,886,66886
Thailand,True Move,66,88700,6688700
Thailand,True Move,66,88701,6688701
Thailand,True Move,66,88702,6688702
Thailand,True Move,66,88749,6688749
Thailand,True Move,66,8875,668875
Thailand,True Move,66,8876,668876
Thailand,True Move,66,8877,668877
Thailand,True Move,66,8878,668878
Thailand,True Move,66,8879,668879
Thailand,True Move,66,88908,6688908
Thailand,True Move,66,88909,6688909
Thailand,True Move,66,88910,6688910
Thailand,True Move,66,88912,6688912
Thailand,True Move,66,88913,6688913
Thailand,True Move,66,88914,6688914
Thailand,True Move,66,88915,6688915
Thailand,True Move,66,88916,6688916
Thailand,True Move,66,88917,6688917
Thailand,True Move,66,88918,6688918
Thailand,True Move,66,88919,6688919
Thailand,True Move,66,88920,6688920
Thailand,True Move,66,88921,6688921
Thailand,True Move,66,88923,6688923
Thailand,True Move,66,88924,6688924
Thailand,True Move,66,88925,6688925
Thailand,True Move,66,88926,6688926
Thailand,True Move,66,88927,6688927
Thailand,True Move,66,88928,6688928
Thailand,True Move,66,88929,6688929
Thailand,True Move,66,88930,6688930
Thailand,True Move,66,88931,6688931
Thailand,True Move,66,88932,6688932
Thailand,True Move,66,88934,6688934
Thailand,True Move,66,88935,6688935
Thailand,True Move,66,88936,6688936
Thailand,True Move,66,88937,6688937
Thailand,True Move,66,88938,6688938
Thailand,True Move,66,88939,6688939
Thailand,True Move,66,88940,6688940
Thailand,True Move,66,88941,6688941
Thailand,True Move,66,88942,6688942
Thailand,True Move,66,88943,6688943
Thailand,True Move,66,88945,6688945
Thailand,True Move,66,88946,6688946
Thailand,True Move,66,88947,6688947
Thailand,True Move,66,88948,6688948
Thailand,True Move,66,88949,6688949
Thailand,True Move,66,88950,6688950
Thailand,True Move,66,88951,6688951
Thailand,True Move,66,88952,6688952
Thailand,True Move,66,88953,6688953
Thailand,True Move,66,88954,6688954
Thailand,True Move,66,88956,6688956
Thailand,True Move,66,88957,6688957
Thailand,True Move,66,88958,6688958
Thailand,True Move,66,88959,6688959
Thailand,True Move,66,88960,6688960
Thailand,True Move,66,88961,6688961
Thailand,True Move,66,88962,6688962
Thailand,True Move,66,88963,6688963
Thailand,True Move,66,88964,6688964
Thailand,True Move,66,88965,6688965
Thailand,True Move,66,88967,6688967
Thailand,True Move,66,88968,6688968
Thailand,True Move,66,88969,6688969
Thailand,True Move,66,88970,6688970
Thailand,True Move,66,88971,6688971
Thailand,True Move,66,88972,6688972
Thailand,True Move,66,88973,6688973
Thailand,True Move,66,88974,6688974
Thailand,True Move,66,88975,6688975
Thailand,True Move,66,88976,6688976
Thailand,True Move,66,88978,6688978
Thailand,True Move,66,88979,6688979
Thailand,True Move,66,88980,6688980
Thailand,True Move,66,88981,6688981
Thailand,True Move,66,88982,6688982
Thailand,True Move,66,88983,6688983
Thailand,True Move,66,88984,6688984
Thailand,True Move,66,88985,6688985
Thailand,True Move,66,88986,6688986
Thailand,True Move,66,88987,6688987
Thailand,True Move,66,88989,6688989
Thailand,True Move,66,88990,6688990
Thailand,True Move,66,88991,6688991
Thailand,True Move,66,88992,6688992
Thailand,True Move,66,88993,6688993
Thailand,True Move,66,88994,6688994
Thailand,True Move,66,88995,6688995
Thailand,AWN,66,88996,6688996
Thailand,AWN,66,88997,6688997
Thailand,AWN,66,88998,6688998
Thailand,True Move,66,891,66891
Thailand,AWN,66,89364,6689364
Thailand,True Move,66,898,66898
Thailand,,66,9,669
Thailand,True Move,66,90885,6690885
Thailand,True Move,66,90886,6690886
Thailand,True Move,66,90887,6690887
Thailand,True Move,66,90889,6690889
Thailand,True Move,66,90890,6690890
Thailand,True Move,66,90891,6690891
Thailand,True Move,66,90892,6690892
Thailand,True Move,66,90893,6690893
Thailand,True Move,66,90894,6690894
Thailand,True Move,66,90895,6690895
Thailand,True Move,66,90896,6690896
Thailand,True Move,66,90897,6690897
Thailand,True Move,66,90901,6690901
Thailand,True Move,66,90902,6690902
Thailand,True Move,66,90903,6690903
Thailand,True Move,66,90904,6690904
Thailand,True Move,66,90905,6690905
Thailand,True Move,66,90906,6690906
Thailand,True Move,66,90907,6690907
Thailand,True Move,66,90908,6690908
Thailand,True Move,66,90909,6690909
Thailand,True Move,66,90910,6690910
Thailand,True Move,66,90912,6690912
Thailand,True Move,66,90913,6690913
Thailand,True Move,66,90914,6690914
Thailand,True Move,66,90915,6690915
Thailand,True Move,66,90916,6690916
Thailand,True Move,66,90917,6690917
Thailand,True Move,66,90918,6690918
Thailand,True Move,66,90919,6690919
Thailand,True Move,66,90920,6690920
Thailand,True Move,66,90921,6690921
Thailand,True Move,66,90923,6690923
Thailand,True Move,66,90924,6690924
Thailand,True Move,66,90925,6690925
Thailand,True Move,66,90926,6690926
Thailand,True Move,66,90927,6690927
Thailand,True Move,66,90928,6690928
Thailand,True Move,66,90929,6690929
Thailand,True Move,66,90930,6690930
Thailand,True Move,66,90931,6690931
Thailand,True Move,66,90932,6690932
Thailand,True Move,66,90934,6690934
Thailand,True Move,66,90935,6690935
Thailand,True Move,66,90936,6690936
Thailand,True Move,66,90937,6690937
Thailand,True Move,66,90938,6690938
Thailand,True Move,66,90939,6690939
Thailand,True Move,66,90940,6690940
Thailand,True Move,66,90941,6690941
Thailand,True Move,66,90942,6690942
Thailand,True Move,66,90943,6690943
Thailand,True Move,66,90945,6690945
Thailand,True Move,66,90946,6690946
Thailand,True Move,66,90947,6690947
Thailand,True Move,66,90948,6690948
Thailand,True Move,66,90949,6690949
Thailand,True Move,66,90950,6690950
Thailand,True Move,66,90951,6690951
Thailand,True Move,66,90952,6690952
Thailand,True Move,66,90953,6690953
Thailand,True Move,66,90954,6690954
Thailand,True Move,66,90956,6690956
Thailand,True Move,66,90957,6690957
Thailand,True Move,66,90958,6690958
Thailand,True Move,66,90959,6690959
Thailand,True Move,66,90960,6690960
Thailand,True Move,66,90961,6690961
Thailand,True Move,66,90962,6690962
Thailand,True Move,66,90963,6690963
Thailand,True Move,66,90964,6690964
Thailand,True Move,66,90965,6690965
Thailand,True Move,66,90967,6690967
Thailand,True Move,66,90968,6690968
Thailand,True Move,66,90969,6690969
Thailand,True Move,66,90970,6690970
Thailand,True Move,66,90971,6690971
Thailand,True Move,66,90972,6690972
Thailand,True Move,66,90973,6690973
Thailand,True Move,66,90974,6690974
Thailand,True Move,66,90975,6690975
Thailand,True Move,66,90976,6690976
Thailand,True Move,66,90978,6690978
Thailand,True Move,66,90979,6690979
Thailand,True Move,66,90980,6690980
Thailand,True Move,66,90981,6690981
Thailand,True Move,66,90982,6690982
Thailand,True Move,66,90983,6690983
Thailand,True Move,66,90984,6690984
Thailand,True Move,66,90985,6690985
Thailand,True Move,66,90986,6690986
Thailand,True Move,66,90987,6690987
Thailand,True Move,66,90989,6690989
Thailand,True Move,66,90990,6690990
Thailand,True Move,66,90991,6690991
Thailand,True Move,66,90992,6690992
Thailand,True Move,66,90993,6690993
Thailand,True Move,66,90994,6690994
Thailand,True Move,66,90995,6690995
Thailand,True Move,66,90996,6690996
Thailand,True Move,66,90997,6690997
Thailand,True Move,66,90998,6690998
Thailand,True Move,66,91001,6691001
Thailand,True Move,66,91002,6691002
Thailand,True Move,66,91003,6691003
Thailand,True Move,66,91004,6691004
Thailand,True Move,66,91005,6691005
Thailand,True Move,66,91006,6691006
Thailand,True Move,66,91007,6691007
Thailand,True Move,66,91008,6691008
Thailand,True Move,66,91009,6691009
Thailand,True Move,66,91010,6691010
Thailand,True Move,66,91012,6691012
Thailand,True Move,66,91013,6691013
Thailand,True Move,66,91014,6691014
Thailand,True Move,66,91015,6691015
Thailand,True Move,66,91016,6691016
Thailand,True Move,66,91017,6691017
Thailand,True Move,66,91018,6691018
Thailand,True Move,66,91019,6691019
Thailand,True Move,66,91020,6691020
Thailand,True Move,66,91021,6691021
Thailand,True Move,66,91023,6691023
Thailand,True Move,66,91024,6691024
Thailand,True Move,66,91025,6691025
Thailand,True Move,66,91026,6691026
Thailand,True Move,66,91027,6691027
Thailand,True Move,66,91028,6691028
Thailand,True Move,66,91029,6691029
Thailand,True Move,66,91030,6691030
Thailand,True Move,66,91031,6691031
Thailand,True Move,66,91032,6691032
Thailand,True Move,66,91034,6691034
Thailand,True Move,66,91035,6691035
Thailand,True Move,66,91036,6691036
Thailand,True Move,66,91037,6691037
Thailand,True Move,66,91038,6691038
Thailand,True Move,66,91039,6691039
Thailand,True Move,66,91040,6691040
Thailand,True Move,66,91041,6691041
Thailand,True Move,66,91042,6691042
Thailand,True Move,66,91043,6691043
Thailand,True Move,66,91045,6691045
Thailand,True Move,66,91046,6691046
Thailand,True Move,66,91047,6691047
Thailand,True Move,66,91048,6691048
Thailand,True Move,66,91049,6691049
Thailand,True Move,66,91050,6691050
Thailand,True Move,66,91051,6691051
Thailand,True Move,66,91052,6691052
Thailand,True Move,66,91053,6691053
Thailand,True Move,66,91054,6691054
Thailand,True Move,66,91056,6691056
Thailand,True Move,66,91057,6691057
Thailand,True Move,66,91058,6691058
Thailand,True Move,66,91059,6691059
Thailand,True Move,66,91060,6691060
Thailand,True Move,66,91061,6691061
Thailand,True Move,66,91062,6691062
Thailand,True Move,66,91063,6691063
Thailand,True Move,66,91064,6691064
Thailand,True Move,66,91065,6691065
Thailand,True Move,66,91067,6691067
Thailand,True Move,66,91068,6691068
Thailand,True Move,66,91069,6691069
Thailand,True Move,66,91070,6691070
Thailand,True Move,66,91071,6691071
Thailand,True Move,66,91072,6691072
Thailand,True Move,66,91073,6691073
Thailand,True Move,66,91074,6691074
Thailand,True Move,66,91075,6691075
Thailand,True Move,66,91076,6691076
Thailand,True Move,66,91078,6691078
Thailand,True Move,66,91079,6691079
Thailand,True Move,66,91343,6691343
Thailand,True Move,66,91696,6691696
Thailand,True Move,66,91697,6691697
Thailand,True Move,66,91698,6691698
Thailand,True Move,66,91701,6691701
Thailand,True Move,66,91702,6691702
Thailand,True Move,66,91703,6691703
Thailand,True Move,66,91704,6691704
Thailand,True Move,66,91705,6691705
Thailand,True Move,66,91706,6691706
Thailand,True Move,66,91707,6691707
Thailand,True Move,66,91708,6691708
Thailand,True Move,66,91709,6691709
Thailand,True Move,66,91710,6691710
Thailand,True Move,66,91712,6691712
Thailand,True Move,66,91713,6691713
Thailand,True Move,66,91714,6691714
Thailand,True Move,66,91715,6691715
Thailand,True Move,66,91716,6691716
Thailand,True Move,66,91717,6691717
Thailand,True Move,66,91718,6691718
Thailand,True Move,66,91719,6691719
Thailand,True Move,66,91720,6691720
Thailand,True Move,66,91721,6691721
Thailand,True Move,66,91723,6691723
Thailand,True Move,66,91724,6691724
Thailand,True Move,66,91725,6691725
Thailand,True Move,66,91726,6691726
Thailand,True Move,66,91727,6691727
Thailand,True Move,66,91728,6691728
Thailand,True Move,66,91729,6691729
Thailand,True Move,66,91730,6691730
Thailand,True Move,66,91731,6691731
Thailand,True Move,66,91732,6691732
Thailand,True Move,66,91734,6691734
Thailand,True Move,66,91735,6691735
Thailand,True Move,66,91736,6691736
Thailand,True Move,66,91737,6691737
Thailand,True Move,66,91738,6691738
Thailand,True Move,66,91739,6691739
Thailand,True Move,66,91740,6691740
Thailand,True Move,66,91741,6691741
Thailand,True Move,66,91742,6691742
Thailand,True Move,66,91743,6691743
Thailand,True Move,66,91745,6691745
Thailand,True Move,66,91746,6691746
Thailand,True Move,66,91747,6691747
Thailand,True Move,66,91748,6691748
Thailand,True Move,66,91749,6691749
Thailand,True Move,66,91750,6691750
Thailand,True Move,66,91751,6691751
Thailand,True Move,66,91752,6691752
Thailand,True Move,66,91753,6691753
Thailand,True Move,66,91754,6691754
Thailand,True Move,66,91756,6691756
Thailand,True Move,66,91757,6691757
Thailand,True Move,66,91758,6691758
Thailand,True Move,66,91759,6691759
Thailand,True Move,66,91760,6691760
Thailand,True Move,66,91761,6691761
Thailand,True Move,66,91762,6691762
Thailand,True Move,66,91763,6691763
Thailand,True Move,66,91764,6691764
Thailand,True Move,66,91765,6691765
Thailand,True Move,66,91767,6691767
Thailand,True Move,66,91768,6691768
Thailand,True Move,66,91769,6691769
Thailand,True Move,66,91770,6691770
Thailand,True Move,66,91771,6691771
Thailand,True Move,66,91772,6691772
Thailand,True Move,66,91773,6691773
Thailand,True Move,66,91774,6691774
Thailand,True Move,66,91775,6691775
Thailand,True Move,66,91776,6691776
Thailand,True Move,66,91778,6691778
Thailand,True Move,66,91779,6691779
Thailand,True Move,66,91780,6691780
Thailand,True Move,66,91781,6691781
Thailand,True Move,66,91782,6691782
Thailand,True Move,66,91783,6691783
Thailand,True Move,66,91784,6691784
Thailand,True Move,66,91785,6691785
Thailand,True Move,66,91786,6691786
Thailand,True Move,66,91787,6691787
Thailand,True Move,66,91789,6691789
Thailand,True Move,66,91790,6691790
Thailand,True Move,66,91791,6691791
Thailand,True Move,66,91792,6691792
Thailand,True Move,66,91793,6691793
Thailand,True Move,66,91794,6691794
Thailand,True Move,66,91795,6691795
Thailand,True Move,66,91796,6691796
Thailand,True Move,66,91797,6691797
Thailand,True Move,66,91798,6691798
Thailand,True Move,66,91801,6691801
Thailand,True Move,66,91802,6691802
Thailand,True Move,66,91803,6691803
Thailand,True Move,66,91804,6691804
Thailand,True Move,66,91805,6691805
Thailand,True Move,66,91806,6691806
Thailand,True Move,66,91807,6691807
Thailand,True Move,66,91808,6691808
Thailand,True Move,66,91809,6691809
Thailand,True Move,66,91810,6691810
Thailand,True Move,66,91812,6691812
Thailand,True Move,66,91813,6691813
Thailand,True Move,66,91814,6691814
Thailand,True Move,66,91815,6691815
Thailand,True Move,66,91816,6691816
Thailand,True Move,66,91817,6691817
Thailand,True Move,66,91818,6691818
Thailand,True Move,66,91819,6691819
Thailand,True Move,66,91820,6691820
Thailand,True Move,66,91821,6691821
Thailand,True Move,66,91823,6691823
Thailand,True Move,66,91824,6691824
Thailand,True Move,66,91825,6691825
Thailand,True Move,66,91826,6691826
Thailand,True Move,66,91827,6691827
Thailand,True Move,66,91828,6691828
Thailand,True Move,66,91829,6691829
Thailand,True Move,66,91830,6691830
Thailand,True Move,66,91831,6691831
Thailand,True Move,66,91832,6691832
Thailand,True Move,66,91834,6691834
Thailand,True Move,66,91835,6691835
Thailand,True Move,66,91836,6691836
Thailand,True Move,66,91837,6691837
Thailand,True Move,66,91838,6691838
Thailand,True Move,66,91839,6691839
Thailand,True Move,66,91840,6691840
Thailand,True Move,66,91841,6691841
Thailand,True Move,66,91842,6691842
Thailand,True Move,66,91845,6691845
Thailand,True Move,66,91846,6691846
Thailand,True Move,66,91847,6691847
Thailand,True Move,66,91848,6691848
Thailand,True Move,66,91849,6691849
Thailand,True Move,66,91850,6691850
Thailand,True Move,66,91851,6691851
Thailand,True Move,66,91852,6691852
Thailand,True Move,66,91853,6691853
Thailand,True Move,66,91854,6691854
Thailand,True Move,66,91856,6691856
Thailand,True Move,66,91857,6691857
Thailand,True Move,66,91858,6691858
Thailand,True Move,66,91859,6691859
Thailand,True Move,66,91860,6691860
Thailand,True Move,66,91861,6691861
Thailand,True Move,66,91862,6691862
Thailand,True Move,66,91863,6691863
Thailand,True Move,66,91864,6691864
Thailand,True Move,66,91865,6691865
Thailand,True Move,66,91867,6691867
Thailand,True Move,66,91868,6691868
Thailand,True Move,66,91869,6691869
Thailand,True Move,66,91870,6691870
Thailand,True Move,66,91871,6691871
Thailand,True Move,66,91872,6691872
Thailand,True Move,66,91873,6691873
Thailand,True Move,66,91874,6691874
Thailand,True Move,66,91875,6691875
Thailand,True Move,66,91876,6691876
Thailand,True Move,66,91878,6691878
Thailand,True Move,66,91879,6691879
Thailand,True Move,66,91880,6691880
Thailand,True Move,66,91881,6691881
Thailand,True Move,66,91882,6691882
Thailand,True Move,66,91883,6691883
Thailand,True Move,66,91884,6691884
Thailand,True Move,66,91885,6691885
Thailand,True Move,66,91886,6691886
Thailand,True Move,66,91887,6691887
Thailand,True Move,66,91889,6691889
Thailand,True Move,66,91890,6691890
Thailand,AWN,66,922,66922
Thailand,AWN,66,9230,669230
Thailand,AWN,66,9231,669231
Thailand,AWN,66,9232,669232
Thailand,AWN,66,9233,669233
Thailand,AWN,66,9234,669234
Thailand,AWN,66,9235,669235
Thailand,AWN,66,9236,669236
Thailand,AWN,66,9237,669237
Thailand,AWN,66,9238,669238
Thailand,AWN,66,9239,669239
Thailand,AWN,66,9240,669240
Thailand,AWN,66,9241,669241
Thailand,AWN,66,9242,669242
Thailand,AWN,66,9243,669243
Thailand,AWN,66,9244,669244
Thailand,AWN,66,9245,669245
Thailand,AWN,66,9246,669246
Thailand,AWN,66,9247,669247
Thailand,AWN,66,9248,669248
Thailand,AWN,66,9249,669249
Thailand,AWN,66,9250,669250
Thailand,AWN,66,9251,669251
Thailand,AWN,66,9252,669252
Thailand,AWN,66,9253,669253
Thailand,AWN,66,9254,669254
Thailand,AWN,66,9255,669255
Thailand,AWN,66,9256,669256
Thailand,AWN,66,9257,669257
Thailand,AWN,66,9258,669258
Thailand,AWN,66,9259,669259
Thailand,AWN,66,9260,669260
Thailand,AWN,66,9261,669261
Thailand,AWN,66,9262,669262
Thailand,AWN,66,9263,669263
Thailand,AWN,66,9264,669264
Thailand,AWN,66,9265,669265
Thailand,AWN,66,9266,669266
Thailand,AWN,66,9267,669267
Thailand,AWN,66,9268,669268
Thailand,AWN,66,9269,669269
Thailand,AWN,66,9270,669270
Thailand,AWN,66,9271,669271
Thailand,AWN,66,9272,669272
Thailand,AWN,66,9273,669273
Thailand,AWN,66,9274,669274
Thailand,AWN,66,9275,669275
Thailand,AWN,66,9276,669276
Thailand,AWN,66,9277,669277
Thailand,AWN,66,9278,669278
Thailand,AWN,66,9279,669279
Thailand,AWN,66,9280,669280
Thailand,AWN,66,9281,669281
Thailand,AWN,66,9282,669282
Thailand,AWN,66,9283,669283
Thailand,AWN,66,9284,669284
Thailand,AWN,66,9285,669285
Thailand,AWN,66,9286,669286
Thailand,AWN,66,9287,669287
Thailand,AWN,66,9288,669288
Thailand,AWN,66,9289,669289
Thailand,AWN,66,9290,669290
Thailand,AWN,66,9291,669291
Thailand,AWN,66,9292,669292
Thailand,AWN,66,9293,669293
Thailand,AWN,66,9294,669294
Thailand,DTACTh2,66,92947,6692947
Thailand,AWN,66,9295,669295
Thailand,AWN,66,9296,669296
Thailand,AWN,66,9297,669297
Thailand,AWN,66,9298,669298
Thailand,AWN,66,9299,669299
Thailand,AWN,66,9300,669300
Thailand,AWN,66,9301,669301
Thailand,AWN,66,9302,669302
Thailand,AWN,66,9303,669303
Thailand,AWN,66,9304,669304
Thailand,AWN,66,9305,669305
Thailand,AWN,66,9306,669306
Thailand,AWN,66,9307,669307
Thailand,AWN,66,9308,669308
Thailand,AWN,66,9309,669309
Thailand,AWN,66,9310,669310
Thailand,AWN,66,9311,669311
Thailand,AWN,66,9312,669312
Thailand,AWN,66,9313,669313
Thailand,AWN,66,9314,669314
Thailand,AWN,66,9315,669315
Thailand,AWN,66,9316,669316
Thailand,AWN,66,9317,669317
Thailand,AWN,66,9318,669318
Thailand,AWN,66,9319,669319
Thailand,AWN,66,9320,669320
Thailand,AWN,66,9321,669321
Thailand,AWN,66,9322,669322
Thailand,AWN,66,9323,669323
Thailand,AWN,66,9324,669324
Thailand,AWN,66,9325,669325
Thailand,AWN,66,9326,669326
Thailand,AWN,66,9327,669327
Thailand,AWN,66,9328,669328
Thailand,AWN,66,9329,669329
Thailand,AWN,66,9330,669330
Thailand,AWN,66,9331,669331
Thailand,AWN,66,9332,669332
Thailand,AWN,66,9333,669333
Thailand,AWN,66,9334,669334
Thailand,AWN,66,9335,669335
Thailand,AWN,66,9336,669336
Thailand,AWN,66,9337,669337
Thailand,AWN,66,9338,669338
Thailand,AWN,66,9339,669339
Thailand,AWN,66,9340,669340
Thailand,AWN,66,9341,669341
Thailand,AWN,66,9342,669342
Thailand,AWN,66,9343,669343
Thailand,AWN,66,9344,669344
Thailand,AWN,66,9345,669345
Thailand,AWN,66,9346,669346
Thailand,AWN,66,9347,669347
Thailand,AWN,66,9348,669348
Thailand,AWN,66,9349,669349
Thailand,AWN,66,9350,669350
Thailand,AWN,66,9351,669351
Thailand,AWN,66,9352,669352
Thailand,AWN,66,9353,669353
Thailand,AWN,66,9354,669354
Thailand,AWN,66,9355,669355
Thailand,AWN,66,9356,669356
Thailand,AWN,66,9357,669357
Thailand,AWN,66,9358,669358
Thailand,AWN,66,9359,669359
Thailand,AWN,66,9360,669360
Thailand,AWN,66,9361,669361
Thailand,AWN,66,9362,669362
Thailand,AWN,66,9363,669363
Thailand,AWN,66,9364,669364
Thailand,AWN,66,9365,669365
Thailand,AWN,66,9366,669366
Thailand,AWN,66,9367,669367
Thailand,AWN,66,9368,669368
Thailand,AWN,66,9369,669369
Thailand,AWN,66,9370,669370
Thailand,AWN,66,9371,669371
Thailand,AWN,66,9372,669372
Thailand,AWN,66,9373,669373
Thailand,AWN,66,9374,669374
Thailand,AWN,66,9375,669375
Thailand,AWN,66,9376,669376
Thailand,AWN,66,9377,669377
Thailand,AWN,66,9378,669378
Thailand,AWN,66,9379,669379
Thailand,True Move,66,938,66938
Thailand,DTACTh2,66,94241,6694241
Thailand,DTACTh2,66,94242,6694242
Thailand,DTACTh2,66,94243,6694243
Thailand,DTACTh2,66,94245,6694245
Thailand,DTACTh2,66,94246,6694246
Thailand,DTACTh2,66,94247,6694247
Thailand,DTACTh2,66,94248,6694248
Thailand,DTACTh2,66,94249,6694249
Thailand,DTACTh2,66,94250,6694250
Thailand,DTACTh2,66,94251,6694251
Thailand,DTACTh2,66,94252,6694252
Thailand,DTACTh2,66,94253,6694253
Thailand,DTACTh2,66,94254,6694254
Thailand,DTACTh2,66,94256,6694256
Thailand,DTACTh2,66,94257,6694257
Thailand,DTACTh2,66,94258,6694258
Thailand,DTACTh2,66,94259,6694259
Thailand,DTACTh2,66,94260,6694260
Thailand,DTACTh2,66,94261,6694261
Thailand,DTACTh2,66,94262,6694262
Thailand,DTACTh2,66,94263,6694263
Thailand,DTACTh2,66,94264,6694264
Thailand,DTACTh2,66,94265,6694265
Thailand,DTACTh2,66,94267,6694267
Thailand,DTACTh2,66,94268,6694268
Thailand,DTACTh2,66,94269,6694269
Thailand,DTACTh2,66,94270,6694270
Thailand,DTACTh2,66,94271,6694271
Thailand,DTACTh2,66,94272,6694272
Thailand,DTACTh2,66,94273,6694273
Thailand,DTACTh2,66,94274,6694274
Thailand,DTACTh2,66,94275,6694275
Thailand,DTACTh2,66,94276,6694276
Thailand,DTACTh2,66,94278,6694278
Thailand,DTACTh2,66,94279,6694279
Thailand,DTACTh2,66,94280,6694280
Thailand,DTACTh2,66,94281,6694281
Thailand,DTACTh2,66,94282,6694282
Thailand,DTACTh2,66,94283,6694283
Thailand,DTACTh2,66,94284,6694284
Thailand,DTACTh2,66,94285,6694285
Thailand,DTACTh2,66,94286,6694286
Thailand,DTACTh2,66,94287,6694287
Thailand,DTACTh2,66,94289,6694289
Thailand,DTACTh2,66,94290,6694290
Thailand,DTACTh2,66,94291,6694291
Thailand,DTACTh2,66,94292,6694292
Thailand,DTACTh2,66,94293,6694293
Thailand,DTACTh2,66,94294,6694294
Thailand,DTACTh2,66,94295,6694295
Thailand,DTACTh2,66,94296,6694296
Thailand,DTACTh2,66,94297,6694297
Thailand,DTACTh2,66,94298,6694298
Thailand,DTACTh2,66,94301,6694301
Thailand,DTACTh2,66,94302,6694302
Thailand,DTACTh2,66,94303,6694303
Thailand,DTACTh2,66,94304,6694304
Thailand,DTACTh2,66,94305,6694305
Thailand,DTACTh2,66,94306,6694306
Thailand,DTACTh2,66,94307,6694307
Thailand,DTACTh2,66,94308,6694308
Thailand,DTACTh2,66,94309,6694309
Thailand,DTACTh2,66,94310,6694310
Thailand,DTACTh2,66,94312,6694312
Thailand,DTACTh2,66,94313,6694313
Thailand,DTACTh2,66,94314,6694314
Thailand,DTACTh2,66,94315,6694315
Thailand,DTACTh2,66,94316,6694316
Thailand,DTACTh2,66,94317,6694317
Thailand,DTACTh2,66,94318,6694318
Thailand,DTACTh2,66,94319,6694319
Thailand,DTACTh2,66,94320,6694320
Thailand,DTACTh2,66,94321,6694321
Thailand,DTACTh2,66,94323,6694323
Thailand,DTACTh2,66,94324,6694324
Thailand,DTACTh2,66,94325,6694325
Thailand,DTACTh2,66,94326,6694326
Thailand,DTACTh2,66,94327,6694327
Thailand,DTACTh2,66,94328,6694328
Thailand,DTACTh2,66,94329,6694329
Thailand,DTACTh2,66,94330,6694330
Thailand,DTACTh2,66,94331,6694331
Thailand,DTACTh2,66,94332,6694332
Thailand,DTACTh2,66,94334,6694334
Thailand,DTACTh2,66,94335,6694335
Thailand,DTACTh2,66,94336,6694336
Thailand,DTACTh2,66,94337,6694337
Thailand,DTACTh2,66,94338,6694338
Thailand,DTACTh2,66,94339,6694339
Thailand,DTACTh2,66,94340,6694340
Thailand,DTACTh2,66,94341,6694341
Thailand,DTACTh2,66,94342,6694342
Thailand,DTACTh2,66,94343,6694343
Thailand,DTACTh2,66,94345,6694345
Thailand,DTACTh2,66,94346,6694346
Thailand,DTACTh2,66,94347,6694347
Thailand,DTACTh2,66,94348,6694348
Thailand,DTACTh2,66,94349,6694349
Thailand,DTACTh2,66,94350,6694350
Thailand,DTACTh2,66,94351,6694351
Thailand,DTACTh2,66,94352,6694352
Thailand,DTACTh2,66,94353,6694353
Thailand,DTACTh2,66,94354,6694354
Thailand,DTACTh2,66,94356,6694356
Thailand,DTACTh2,66,94357,6694357
Thailand,DTACTh2,66,94358,6694358
Thailand,DTACTh2,66,94359,6694359
Thailand,DTACTh2,66,94360,6694360
Thailand,DTACTh2,66,94361,6694361
Thailand,DTACTh2,66,94362,6694362
Thailand,DTACTh2,66,94363,6694363
Thailand,DTACTh2,66,94364,6694364
Thailand,DTACTh2,66,94365,6694365
Thailand,DTACTh2,66,94367,6694367
Thailand,DTACTh2,66,94368,6694368
Thailand,DTACTh2,66,94369,6694369
Thailand,DTACTh2,66,94370,6694370
Thailand,DTACTh2,66,94371,6694371
Thailand,DTACTh2,66,94372,6694372
Thailand,DTACTh2,66,94373,6694373
Thailand,DTACTh2,66,94374,6694374
Thailand,DTACTh2,66,94375,6694375
Thailand,DTACTh2,66,94376,6694376
Thailand,DTACTh2,66,94378,6694378
Thailand,DTACTh2,66,94379,6694379
Thailand,DTACTh2,66,94380,6694380
Thailand,DTACTh2,66,94381,6694381
Thailand,DTACTh2,66,94382,6694382
Thailand,DTACTh2,66,94383,6694383
Thailand,DTACTh2,66,94384,6694384
Thailand,DTACTh2,66,94385,6694385
Thailand,DTACTh2,66,94386,6694386
Thailand,DTACTh2,66,94387,6694387
Thailand,DTACTh2,66,94389,6694389
Thailand,DTACTh2,66,94390,6694390
Thailand,DTACTh2,66,94391,6694391
Thailand,DTACTh2,66,94392,6694392
Thailand,DTACTh2,66,94393,6694393
Thailand,DTACTh2,66,94394,6694394
Thailand,DTACTh2,66,94395,6694395
Thailand,DTACTh2,66,94396,6694396
Thailand,DTACTh2,66,94397,6694397
Thailand,DTACTh2,66,94398,6694398
Thailand,DTACTh2,66,94401,6694401
Thailand,DTACTh2,66,94402,6694402
Thailand,DTACTh2,66,94403,6694403
Thailand,DTACTh2,66,94404,6694404
Thailand,DTACTh2,66,94405,6694405
Thailand,DTACTh2,66,94406,6694406
Thailand,DTACTh2,66,94407,6694407
Thailand,DTACTh2,66,94408,6694408
Thailand,DTACTh2,66,94409,6694409
Thailand,DTACTh2,66,94410,6694410
Thailand,DTACTh2,66,94412,6694412
Thailand,DTACTh2,66,94413,6694413
Thailand,DTACTh2,66,94414,6694414
Thailand,DTACTh2,66,94415,6694415
Thailand,DTACTh2,66,94416,6694416
Thailand,DTACTh2,66,94417,6694417
Thailand,DTACTh2,66,94418,6694418
Thailand,DTACTh2,66,94419,6694419
Thailand,DTACTh2,66,94420,6694420
Thailand,DTACTh2,66,94421,6694421
Thailand,DTACTh2,66,94423,6694423
Thailand,DTACTh2,66,94424,6694424
Thailand,DTACTh2,66,94425,6694425
Thailand,DTACTh2,66,94426,6694426
Thailand,DTACTh2,66,94427,6694427
Thailand,DTACTh2,66,94428,6694428
Thailand,DTACTh2,66,94429,6694429
Thailand,DTACTh2,66,94430,6694430
Thailand,DTACTh2,66,94431,6694431
Thailand,DTACTh2,66,94432,6694432
Thailand,DTACTh2,66,94434,6694434
Thailand,DTACTh2,66,94435,6694435
Thailand,DTACTh2,66,94436,6694436
Thailand,DTACTh2,66,94437,6694437
Thailand,DTACTh2,66,94438,6694438
Thailand,DTACTh2,66,94439,6694439
Thailand,DTACTh2,66,94440,6694440
Thailand,DTACTh2,66,94441,6694441
Thailand,DTACTh2,66,94442,6694442
Thailand,DTACTh2,66,94443,6694443
Thailand,DTACTh2,66,94445,6694445
Thailand,DTACTh2,66,94446,6694446
Thailand,DTACTh2,66,94447,6694447
Thailand,DTACTh2,66,94448,6694448
Thailand,DTACTh2,66,94449,6694449
Thailand,DTACTh2,66,94450,6694450
Thailand,DTACTh2,66,94451,6694451
Thailand,DTACTh2,66,94452,6694452
Thailand,DTACTh2,66,94453,6694453
Thailand,DTACTh2,66,94454,6694454
Thailand,DTACTh2,66,94456,6694456
Thailand,DTACTh2,66,94457,6694457
Thailand,DTACTh2,66,94458,6694458
Thailand,DTACTh2,66,94459,6694459
Thailand,DTACTh2,66,94460,6694460
Thailand,DTACTh2,66,94461,6694461
Thailand,DTACTh2,66,94462,6694462
Thailand,DTACTh2,66,94463,6694463
Thailand,DTACTh2,66,94464,6694464
Thailand,DTACTh2,66,94465,6694465
Thailand,DTACTh2,66,94467,6694467
Thailand,DTACTh2,66,94468,6694468
Thailand,DTACTh2,66,94469,6694469
Thailand,DTACTh2,66,94470,6694470
Thailand,DTACTh2,66,94471,6694471
Thailand,DTACTh2,66,94472,6694472
Thailand,DTACTh2,66,94473,6694473
Thailand,DTACTh2,66,94474,6694474
Thailand,DTACTh2,66,94475,6694475
Thailand,DTACTh2,66,94476,6694476
Thailand,DTACTh2,66,94478,6694478
Thailand,DTACTh2,66,94479,6694479
Thailand,DTACTh2,66,94480,6694480
Thailand,DTACTh2,66,94481,6694481
Thailand,DTACTh2,66,94482,6694482
Thailand,DTACTh2,66,94483,6694483
Thailand,DTACTh2,66,94484,6694484
Thailand,DTACTh2,66,94485,6694485
Thailand,DTACTh2,66,94486,6694486
Thailand,DTACTh2,66,94487,6694487
Thailand,DTACTh2,66,94489,6694489
Thailand,DTACTh2,66,94490,6694490
Thailand,DTACTh2,66,94491,6694491
Thailand,DTACTh2,66,94492,6694492
Thailand,DTACTh2,66,94493,6694493
Thailand,DTACTh2,66,94494,6694494
Thailand,DTACTh2,66,94495,6694495
Thailand,DTACTh2,66,94496,6694496
Thailand,DTACTh2,66,94497,6694497
Thailand,DTACTh2,66,94498,6694498
Thailand,DTACTh2,66,94501,6694501
Thailand,DTACTh2,66,94502,6694502
Thailand,DTACTh2,66,94503,6694503
Thailand,DTACTh2,66,94504,6694504
Thailand,DTACTh2,66,94505,6694505
Thailand,DTACTh2,66,94506,6694506
Thailand,DTACTh2,66,94507,6694507
Thailand,DTACTh2,66,94508,6694508
Thailand,DTACTh2,66,94509,6694509
Thailand,DTACTh2,66,94510,6694510
Thailand,DTACTh2,66,94512,6694512
Thailand,DTACTh2,66,94513,6694513
Thailand,DTACTh2,66,94514,6694514
Thailand,DTACTh2,66,94515,6694515
Thailand,DTACTh2,66,94516,6694516
Thailand,DTACTh2,66,94517,6694517
Thailand,DTACTh2,66,94518,6694518
Thailand,DTACTh2,66,94519,6694519
Thailand,DTACTh2,66,94520,6694520
Thailand,DTACTh2,66,94521,6694521
Thailand,DTACTh2,66,94523,6694523
Thailand,DTACTh2,66,94524,6694524
Thailand,DTACTh2,66,94525,6694525
Thailand,DTACTh2,66,94526,6694526
Thailand,DTACTh2,66,94527,6694527
Thailand,DTACTh2,66,94528,6694528
Thailand,DTACTh2,66,94529,6694529
Thailand,DTACTh2,66,94530,6694530
Thailand,DTACTh2,66,94531,6694531
Thailand,DTACTh2,66,94532,6694532
Thailand,DTACTh2,66,94534,6694534
Thailand,DTACTh2,66,94535,6694535
Thailand,DTACTh2,66,94536,6694536
Thailand,DTACTh2,66,94537,6694537
Thailand,DTACTh2,66,94538,6694538
Thailand,DTACTh2,66,94539,6694539
Thailand,DTACTh2,66,94540,6694540
Thailand,DTACTh2,66,94541,6694541
Thailand,DTACTh2,66,94542,6694542
Thailand,DTACTh2,66,94543,6694543
Thailand,DTACTh2,66,94545,6694545
Thailand,DTACTh2,66,94546,6694546
Thailand,DTACTh2,66,94547,6694547
Thailand,DTACTh2,66,94548,6694548
Thailand,DTACTh2,66,94549,6694549
Thailand,DTACTh2,66,94550,6694550
Thailand,DTACTh2,66,94551,6694551
Thailand,DTACTh2,66,94552,6694552
Thailand,DTACTh2,66,94553,6694553
Thailand,DTACTh2,66,94554,6694554
Thailand,DTACTh2,66,94556,6694556
Thailand,DTACTh2,66,94557,6694557
Thailand,DTACTh2,66,94558,6694558
Thailand,DTACTh2,66,94559,6694559
Thailand,DTACTh2,66,94560,6694560
Thailand,DTACTh2,66,94561,6694561
Thailand,DTACTh2,66,94562,6694562
Thailand,DTACTh2,66,94563,6694563
Thailand,DTACTh2,66,94564,6694564
Thailand,DTACTh2,66,94565,6694565
Thailand,DTACTh2,66,94567,6694567
Thailand,DTACTh2,66,94568,6694568
Thailand,DTACTh2,66,94569,6694569
Thailand,DTACTh2,66,94570,6694570
Thailand,DTACTh2,66,94571,6694571
Thailand,DTACTh2,66,94572,6694572
Thailand,DTACTh2,66,94573,6694573
Thailand,DTACTh2,66,94574,6694574
Thailand,DTACTh2,66,94575,6694575
Thailand,DTACTh2,66,94576,6694576
Thailand,DTACTh2,66,94578,6694578
Thailand,DTACTh2,66,94579,6694579
Thailand,DTACTh2,66,94580,6694580
Thailand,DTACTh2,66,94581,6694581
Thailand,DTACTh2,66,94582,6694582
Thailand,DTACTh2,66,94583,6694583
Thailand,DTACTh2,66,94584,6694584
Thailand,DTACTh2,66,94585,6694585
Thailand,DTACTh2,66,94586,6694586
Thailand,DTACTh2,66,94587,6694587
Thailand,DTACTh2,66,94589,6694589
Thailand,DTACTh2,66,94590,6694590
Thailand,DTACTh2,66,94591,6694591
Thailand,DTACTh2,66,94592,6694592
Thailand,DTACTh2,66,94593,6694593
Thailand,DTACTh2,66,94594,6694594
Thailand,DTACTh2,66,94595,6694595
Thailand,DTACTh2,66,94596,6694596
Thailand,DTACTh2,66,94597,6694597
Thailand,DTACTh2,66,94598,6694598
Thailand,DTACTh2,66,94601,6694601
Thailand,DTACTh2,66,94602,6694602
Thailand,DTACTh2,66,94603,6694603
Thailand,DTACTh2,66,94604,6694604
Thailand,DTACTh2,66,94605,6694605
Thailand,DTACTh2,66,94606,6694606
Thailand,DTACTh2,66,94607,6694607
Thailand,DTACTh2,66,94608,6694608
Thailand,DTACTh2,66,94609,6694609
Thailand,DTACTh2,66,94610,6694610
Thailand,DTACTh2,66,94612,6694612
Thailand,DTACTh2,66,94613,6694613
Thailand,DTACTh2,66,94614,6694614
Thailand,DTACTh2,66,94615,6694615
Thailand,DTACTh2,66,94616,6694616
Thailand,DTACTh2,66,94617,6694617
Thailand,DTACTh2,66,94618,6694618
Thailand,DTACTh2,66,94619,6694619
Thailand,DTACTh2,66,94620,6694620
Thailand,DTACTh2,66,94621,6694621
Thailand,DTACTh2,66,94623,6694623
Thailand,DTACTh2,66,94624,6694624
Thailand,DTACTh2,66,94625,6694625
Thailand,DTACTh2,66,94626,6694626
Thailand,DTACTh2,66,94627,6694627
Thailand,DTACTh2,66,94628,6694628
Thailand,DTACTh2,66,94629,6694629
Thailand,DTACTh2,66,94630,6694630
Thailand,DTACTh2,66,94631,6694631
Thailand,DTACTh2,66,94632,6694632
Thailand,DTACTh2,66,94634,6694634
Thailand,DTACTh2,66,94635,6694635
Thailand,DTACTh2,66,94636,6694636
Thailand,DTACTh2,66,94637,6694637
Thailand,DTACTh2,66,94638,6694638
Thailand,DTACTh2,66,94639,6694639
Thailand,DTACTh2,66,94640,6694640
Thailand,DTACTh2,66,94641,6694641
Thailand,DTACTh2,66,94642,6694642
Thailand,DTACTh2,66,94643,6694643
Thailand,DTACTh2,66,94645,6694645
Thailand,DTACTh2,66,94646,6694646
Thailand,DTACTh2,66,94647,6694647
Thailand,DTACTh2,66,94648,6694648
Thailand,DTACTh2,66,94649,6694649
Thailand,DTACTh2,66,94650,6694650
Thailand,DTACTh2,66,94651,6694651
Thailand,DTACTh2,66,94652,6694652
Thailand,DTACTh2,66,94653,6694653
Thailand,DTACTh2,66,94654,6694654
Thailand,DTACTh2,66,94656,6694656
Thailand,DTACTh2,66,94657,6694657
Thailand,DTACTh2,66,94658,6694658
Thailand,DTACTh2,66,94659,6694659
Thailand,DTACTh2,66,94660,6694660
Thailand,DTACTh2,66,94661,6694661
Thailand,DTACTh2,66,94662,6694662
Thailand,DTACTh2,66,94663,6694663
Thailand,DTACTh2,66,94664,6694664
Thailand,DTACTh2,66,94665,6694665
Thailand,DTACTh2,66,94667,6694667
Thailand,DTACTh2,66,94668,6694668
Thailand,DTACTh2,66,94669,6694669
Thailand,DTACTh2,66,94670,6694670
Thailand,DTACTh2,66,94671,6694671
Thailand,DTACTh2,66,94672,6694672
Thailand,DTACTh2,66,94673,6694673
Thailand,DTACTh2,66,94674,6694674
Thailand,DTACTh2,66,94675,6694675
Thailand,DTACTh2,66,94676,6694676
Thailand,DTACTh2,66,94678,6694678
Thailand,DTACTh2,66,94679,6694679
Thailand,DTACTh2,66,94680,6694680
Thailand,DTACTh2,66,94681,6694681
Thailand,DTACTh2,66,94682,6694682
Thailand,DTACTh2,66,94683,6694683
Thailand,DTACTh2,66,94684,6694684
Thailand,DTACTh2,66,94685,6694685
Thailand,DTACTh2,66,94686,6694686
Thailand,DTACTh2,66,94687,6694687
Thailand,DTACTh2,66,94689,6694689
Thailand,DTACTh2,66,94690,6694690
Thailand,DTACTh2,66,94691,6694691
Thailand,DTACTh2,66,94692,6694692
Thailand,DTACTh2,66,94693,6694693
Thailand,DTACTh2,66,94694,6694694
Thailand,DTACTh2,66,94695,6694695
Thailand,DTACTh2,66,94696,6694696
Thailand,DTACTh2,66,94697,6694697
Thailand,DTACTh2,66,94698,6694698
Thailand,DTACTh2,66,94701,6694701
Thailand,DTACTh2,66,94702,6694702
Thailand,DTACTh2,66,94703,6694703
Thailand,DTACTh2,66,94704,6694704
Thailand,DTACTh2,66,94705,6694705
Thailand,DTACTh2,66,94706,6694706
Thailand,DTACTh2,66,94707,6694707
Thailand,DTACTh2,66,94708,6694708
Thailand,DTACTh2,66,94709,6694709
Thailand,DTACTh2,66,94710,6694710
Thailand,DTACTh2,66,94712,6694712
Thailand,DTACTh2,66,94713,6694713
Thailand,DTACTh2,66,94714,6694714
Thailand,DTACTh2,66,94715,6694715
Thailand,DTACTh2,66,94716,6694716
Thailand,DTACTh2,66,94717,6694717
Thailand,DTACTh2,66,94718,6694718
Thailand,DTACTh2,66,94719,6694719
Thailand,DTACTh2,66,94720,6694720
Thailand,DTACTh2,66,94721,6694721
Thailand,DTACTh2,66,94723,6694723
Thailand,DTACTh2,66,94724,6694724
Thailand,DTACTh2,66,94725,6694725
Thailand,DTACTh2,66,94726,6694726
Thailand,DTACTh2,66,94727,6694727
Thailand,DTACTh2,66,94728,6694728
Thailand,DTACTh2,66,94729,6694729
Thailand,DTACTh2,66,94730,6694730
Thailand,DTACTh2,66,94731,6694731
Thailand,DTACTh2,66,94732,6694732
Thailand,DTACTh2,66,94734,6694734
Thailand,DTACTh2,66,94735,6694735
Thailand,DTACTh2,66,94736,6694736
Thailand,DTACTh2,66,94737,6694737
Thailand,DTACTh2,66,94738,6694738
Thailand,DTACTh2,66,94739,6694739
Thailand,DTACTh2,66,94740,6694740
Thailand,DTACTh2,66,94741,6694741
Thailand,DTACTh2,66,94742,6694742
Thailand,DTACTh2,66,94743,6694743
Thailand,DTACTh2,66,94745,6694745
Thailand,DTACTh2,66,94746,6694746
Thailand,DTACTh2,66,94747,6694747
Thailand,DTACTh2,66,94748,6694748
Thailand,DTACTh2,66,94749,6694749
Thailand,DTACTh2,66,94750,6694750
Thailand,DTACTh2,66,94751,6694751
Thailand,DTACTh2,66,94752,6694752
Thailand,DTACTh2,66,94753,6694753
Thailand,DTACTh2,66,94754,6694754
Thailand,DTACTh2,66,94756,6694756
Thailand,DTACTh2,66,94757,6694757
Thailand,DTACTh2,66,94758,6694758
Thailand,DTACTh2,66,94759,6694759
Thailand,DTACTh2,66,94760,6694760
Thailand,DTACTh2,66,94761,6694761
Thailand,DTACTh2,66,94762,6694762
Thailand,DTACTh2,66,94763,6694763
Thailand,DTACTh2,66,94764,6694764
Thailand,DTACTh2,66,94765,6694765
Thailand,DTACTh2,66,94767,6694767
Thailand,DTACTh2,66,94768,6694768
Thailand,DTACTh2,66,94769,6694769
Thailand,DTACTh2,66,94770,6694770
Thailand,DTACTh2,66,94771,6694771
Thailand,DTACTh2,66,94772,6694772
Thailand,DTACTh2,66,94773,6694773
Thailand,DTACTh2,66,94774,6694774
Thailand,DTACTh2,66,94775,6694775
Thailand,DTACTh2,66,94776,6694776
Thailand,DTACTh2,66,94778,6694778
Thailand,DTACTh2,66,94779,6694779
Thailand,DTACTh2,66,94780,6694780
Thailand,DTACTh2,66,94781,6694781
Thailand,DTACTh2,66,94782,6694782
Thailand,DTACTh2,66,94783,6694783
Thailand,DTACTh2,66,94784,6694784
Thailand,DTACTh2,66,94785,6694785
Thailand,DTACTh2,66,94786,6694786
Thailand,DTACTh2,66,94787,6694787
Thailand,DTACTh2,66,94789,6694789
Thailand,DTACTh2,66,94790,6694790
Thailand,DTACTh2,66,94791,6694791
Thailand,DTACTh2,66,94792,6694792
Thailand,DTACTh2,66,94793,6694793
Thailand,DTACTh2,66,94794,6694794
Thailand,DTACTh2,66,94795,6694795
Thailand,DTACTh2,66,94796,6694796
Thailand,DTACTh2,66,94797,6694797
Thailand,DTACTh2,66,94798,6694798
Thailand,DTACTh2,66,94801,6694801
Thailand,DTACTh2,66,94802,6694802
Thailand,DTACTh2,66,94803,6694803
Thailand,DTACTh2,66,94804,6694804
Thailand,DTACTh2,66,94805,6694805
Thailand,DTACTh2,66,94806,6694806
Thailand,DTACTh2,66,94807,6694807
Thailand,DTACTh2,66,94808,6694808
Thailand,DTACTh2,66,94809,6694809
Thailand,DTACTh2,66,94810,6694810
Thailand,DTACTh2,66,94812,6694812
Thailand,DTACTh2,66,94813,6694813
Thailand,DTACTh2,66,94814,6694814
Thailand,DTACTh2,66,94815,6694815
Thailand,DTACTh2,66,94816,6694816
Thailand,DTACTh2,66,94817,6694817
Thailand,DTACTh2,66,94818,6694818
Thailand,DTACTh2,66,94819,6694819
Thailand,DTACTh2,66,94820,6694820
Thailand,DTACTh2,66,94821,6694821
Thailand,DTACTh2,66,94823,6694823
Thailand,DTACTh2,66,94824,6694824
Thailand,DTACTh2,66,94825,6694825
Thailand,DTACTh2,66,94826,6694826
Thailand,DTACTh2,66,94827,6694827
Thailand,DTACTh2,66,94828,6694828
Thailand,DTACTh2,66,94829,6694829
Thailand,DTACTh2,66,94830,6694830
Thailand,DTACTh2,66,94831,6694831
Thailand,DTACTh2,66,94832,6694832
Thailand,DTACTh2,66,94834,6694834
Thailand,DTACTh2,66,94835,6694835
Thailand,DTACTh2,66,94836,6694836
Thailand,DTACTh2,66,94837,6694837
Thailand,DTACTh2,66,94838,6694838
Thailand,DTACTh2,66,94839,6694839
Thailand,DTACTh2,66,94840,6694840
Thailand,DTACTh2,66,94841,6694841
Thailand,DTACTh2,66,94842,6694842
Thailand,DTACTh2,66,94843,6694843
Thailand,DTACTh2,66,94845,6694845
Thailand,DTACTh2,66,94846,6694846
Thailand,DTACTh2,66,94847,6694847
Thailand,DTACTh2,66,94848,6694848
Thailand,DTACTh2,66,94849,6694849
Thailand,DTACTh2,66,94850,6694850
Thailand,DTACTh2,66,94851,6694851
Thailand,DTACTh2,66,94852,6694852
Thailand,DTACTh2,66,94853,6694853
Thailand,DTACTh2,66,94854,6694854
Thailand,DTACTh2,66,94856,6694856
Thailand,DTACTh2,66,94857,6694857
Thailand,DTACTh2,66,94858,6694858
Thailand,DTACTh2,66,94859,6694859
Thailand,DTACTh2,66,94860,6694860
Thailand,DTACTh2,66,94861,6694861
Thailand,DTACTh2,66,94862,6694862
Thailand,DTACTh2,66,94863,6694863
Thailand,DTACTh2,66,94864,6694864
Thailand,DTACTh2,66,94865,6694865
Thailand,DTACTh2,66,94867,6694867
Thailand,DTACTh2,66,94868,6694868
Thailand,DTACTh2,66,94869,6694869
Thailand,DTACTh2,66,94870,6694870
Thailand,DTACTh2,66,94871,6694871
Thailand,DTACTh2,66,94872,6694872
Thailand,DTACTh2,66,94873,6694873
Thailand,DTACTh2,66,94874,6694874
Thailand,DTACTh2,66,94875,6694875
Thailand,DTACTh2,66,94876,6694876
Thailand,DTACTh2,66,94878,6694878
Thailand,DTACTh2,66,94879,6694879
Thailand,DTACTh2,66,94880,6694880
Thailand,DTACTh2,66,94881,6694881
Thailand,DTACTh2,66,94882,6694882
Thailand,DTACTh2,66,94883,6694883
Thailand,DTACTh2,66,94884,6694884
Thailand,DTACTh2,66,94885,6694885
Thailand,DTACTh2,66,94886,6694886
Thailand,DTACTh2,66,94887,6694887
Thailand,DTACTh2,66,94889,6694889
Thailand,DTACTh2,66,94890,6694890
Thailand,DTACTh2,66,94891,6694891
Thailand,DTACTh2,66,94892,6694892
Thailand,DTACTh2,66,94893,6694893
Thailand,DTACTh2,66,94894,6694894
Thailand,DTACTh2,66,94895,6694895
Thailand,DTACTh2,66,94896,6694896
Thailand,DTACTh2,66,94897,6694897
Thailand,DTACTh2,66,94898,6694898
Thailand,DTACTh2,66,94901,6694901
Thailand,DTACTh2,66,94902,6694902
Thailand,DTACTh2,66,94903,6694903
Thailand,DTACTh2,66,94904,6694904
Thailand,DTACTh2,66,94905,6694905
Thailand,DTACTh2,66,94906,6694906
Thailand,DTACTh2,66,94907,6694907
Thailand,DTACTh2,66,94908,6694908
Thailand,DTACTh2,66,94909,6694909
Thailand,DTACTh2,66,94910,6694910
Thailand,DTACTh2,66,94912,6694912
Thailand,DTACTh2,66,94913,6694913
Thailand,DTACTh2,66,94914,6694914
Thailand,DTACTh2,66,94915,6694915
Thailand,DTACTh2,66,94916,6694916
Thailand,DTACTh2,66,94917,6694917
Thailand,DTACTh2,66,94918,6694918
Thailand,DTACTh2,66,94919,6694919
Thailand,DTACTh2,66,94920,6694920
Thailand,DTACTh2,66,94921,6694921
Thailand,DTACTh2,66,94923,6694923
Thailand,DTACTh2,66,94924,6694924
Thailand,DTACTh2,66,94925,6694925
Thailand,DTACTh2,66,94926,6694926
Thailand,DTACTh2,66,94927,6694927
Thailand,DTACTh2,66,94928,6694928
Thailand,DTACTh2,66,94929,6694929
Thailand,DTACTh2,66,94930,6694930
Thailand,DTACTh2,66,94931,6694931
Thailand,DTACTh2,66,94932,6694932
Thailand,DTACTh2,66,94934,6694934
Thailand,DTACTh2,66,94935,6694935
Thailand,DTACTh2,66,94936,6694936
Thailand,DTACTh2,66,94937,6694937
Thailand,DTACTh2,66,94938,6694938
Thailand,DTACTh2,66,94939,6694939
Thailand,DTACTh2,66,94940,6694940
Thailand,DTACTh2,66,94941,6694941
Thailand,DTACTh2,66,94942,6694942
Thailand,DTACTh2,66,94943,6694943
Thailand,DTACTh2,66,94945,6694945
Thailand,DTACTh2,66,94946,6694946
Thailand,DTACTh2,66,94947,6694947
Thailand,DTACTh2,66,94948,6694948
Thailand,DTACTh2,66,94949,6694949
Thailand,DTACTh2,66,94950,6694950
Thailand,DTACTh2,66,94951,6694951
Thailand,DTACTh2,66,94952,6694952
Thailand,DTACTh2,66,94953,6694953
Thailand,DTACTh2,66,94954,6694954
Thailand,DTACTh2,66,94956,6694956
Thailand,DTACTh2,66,94957,6694957
Thailand,DTACTh2,66,94958,6694958
Thailand,DTACTh2,66,94959,6694959
Thailand,DTACTh2,66,94960,6694960
Thailand,DTACTh2,66,94961,6694961
Thailand,DTACTh2,66,94962,6694962
Thailand,DTACTh2,66,94963,6694963
Thailand,DTACTh2,66,94964,6694964
Thailand,DTACTh2,66,94965,6694965
Thailand,DTACTh2,66,94967,6694967
Thailand,DTACTh2,66,94968,6694968
Thailand,DTACTh2,66,94969,6694969
Thailand,DTACTh2,66,94970,6694970
Thailand,DTACTh2,66,94971,6694971
Thailand,DTACTh2,66,94972,6694972
Thailand,DTACTh2,66,94973,6694973
Thailand,DTACTh2,66,94974,6694974
Thailand,DTACTh2,66,94975,6694975
Thailand,DTACTh2,66,94976,6694976
Thailand,DTACTh2,66,94978,6694978
Thailand,DTACTh2,66,94979,6694979
Thailand,DTACTh2,66,94980,6694980
Thailand,DTACTh2,66,94981,6694981
Thailand,DTACTh2,66,94982,6694982
Thailand,DTACTh2,66,94983,6694983
Thailand,DTACTh2,66,94984,6694984
Thailand,DTACTh2,66,94985,6694985
Thailand,DTACTh2,66,94986,6694986
Thailand,DTACTh2,66,94987,6694987
Thailand,DTACTh2,66,94989,6694989
Thailand,DTACTh2,66,94990,6694990
Thailand,DTACTh2,66,94991,6694991
Thailand,DTACTh2,66,94992,6694992
Thailand,DTACTh2,66,94993,6694993
Thailand,DTACTh2,66,94994,6694994
Thailand,DTACTh2,66,94995,6694995
Thailand,DTACTh2,66,94996,6694996
Thailand,DTACTh2,66,94997,6694997
Thailand,DTACTh2,66,94998,6694998
Thailand,DTACTh2,66,95001,6695001
Thailand,DTACTh2,66,95002,6695002
Thailand,DTACTh2,66,95003,6695003
Thailand,DTACTh2,66,95004,6695004
Thailand,DTACTh2,66,95005,6695005
Thailand,DTACTh2,66,95006,6695006
Thailand,DTACTh2,66,95007,6695007
Thailand,DTACTh2,66,95008,6695008
Thailand,DTACTh2,66,95009,6695009
Thailand,DTACTh2,66,95010,6695010
Thailand,DTACTh2,66,95012,6695012
Thailand,DTACTh2,66,95013,6695013
Thailand,DTACTh2,66,95014,6695014
Thailand,DTACTh2,66,95015,6695015
Thailand,DTACTh2,66,95016,6695016
Thailand,DTACTh2,66,95017,6695017
Thailand,DTACTh2,66,95018,6695018
Thailand,DTACTh2,66,95019,6695019
Thailand,DTACTh2,66,95020,6695020
Thailand,DTACTh2,66,95021,6695021
Thailand,DTACTh2,66,95023,6695023
Thailand,DTACTh2,66,95024,6695024
Thailand,DTACTh2,66,95025,6695025
Thailand,DTACTh2,66,95026,6695026
Thailand,DTACTh2,66,95027,6695027
Thailand,DTACTh2,66,95028,6695028
Thailand,DTACTh2,66,95029,6695029
Thailand,DTACTh2,66,95030,6695030
Thailand,DTACTh2,66,95031,6695031
Thailand,DTACTh2,66,95032,6695032
Thailand,DTACTh2,66,95034,6695034
Thailand,DTACTh2,66,95035,6695035
Thailand,DTACTh2,66,95036,6695036
Thailand,DTACTh2,66,95037,6695037
Thailand,DTACTh2,66,95038,6695038
Thailand,DTACTh2,66,95039,6695039
Thailand,DTACTh2,66,95040,6695040
Thailand,DTACTh2,66,95041,6695041
Thailand,DTACTh2,66,95042,6695042
Thailand,DTACTh2,66,95043,6695043
Thailand,DTACTh2,66,95045,6695045
Thailand,DTACTh2,66,95046,6695046
Thailand,DTACTh2,66,95047,6695047
Thailand,DTACTh2,66,95048,6695048
Thailand,DTACTh2,66,95049,6695049
Thailand,DTACTh2,66,95050,6695050
Thailand,DTACTh2,66,95051,6695051
Thailand,DTACTh2,66,95052,6695052
Thailand,DTACTh2,66,95053,6695053
Thailand,DTACTh2,66,95054,6695054
Thailand,DTACTh2,66,95056,6695056
Thailand,DTACTh2,66,95057,6695057
Thailand,DTACTh2,66,95058,6695058
Thailand,DTACTh2,66,95059,6695059
Thailand,DTACTh2,66,95060,6695060
Thailand,DTACTh2,66,95061,6695061
Thailand,DTACTh2,66,95062,6695062
Thailand,DTACTh2,66,95063,6695063
Thailand,DTACTh2,66,95064,6695064
Thailand,DTACTh2,66,95065,6695065
Thailand,DTACTh2,66,95067,6695067
Thailand,DTACTh2,66,95068,6695068
Thailand,DTACTh2,66,95069,6695069
Thailand,DTACTh2,66,95070,6695070
Thailand,DTACTh2,66,95071,6695071
Thailand,DTACTh2,66,95072,6695072
Thailand,DTACTh2,66,95073,6695073
Thailand,DTACTh2,66,95074,6695074
Thailand,DTACTh2,66,95075,6695075
Thailand,DTACTh2,66,95076,6695076
Thailand,DTACTh2,66,95078,6695078
Thailand,DTACTh2,66,95079,6695079
Thailand,DTACTh2,66,95080,6695080
Thailand,DTACTh2,66,95081,6695081
Thailand,DTACTh2,66,95082,6695082
Thailand,DTACTh2,66,95083,6695083
Thailand,DTACTh2,66,95084,6695084
Thailand,DTACTh2,66,95085,6695085
Thailand,DTACTh2,66,95086,6695086
Thailand,DTACTh2,66,95087,6695087
Thailand,DTACTh2,66,95089,6695089
Thailand,DTACTh2,66,95090,6695090
Thailand,DTACTh2,66,95091,6695091
Thailand,DTACTh2,66,95092,6695092
Thailand,DTACTh2,66,95093,6695093
Thailand,DTACTh2,66,95094,6695094
Thailand,DTACTh2,66,95095,6695095
Thailand,DTACTh2,66,95096,6695096
Thailand,DTACTh2,66,95097,6695097
Thailand,DTACTh2,66,95098,6695098
Thailand,DTACTh2,66,95101,6695101
Thailand,DTACTh2,66,95102,6695102
Thailand,DTACTh2,66,95103,6695103
Thailand,DTACTh2,66,95104,6695104
Thailand,DTACTh2,66,95105,6695105
Thailand,DTACTh2,66,95106,6695106
Thailand,DTACTh2,66,95107,6695107
Thailand,DTACTh2,66,95108,6695108
Thailand,DTACTh2,66,95109,6695109
Thailand,DTACTh2,66,95110,6695110
Thailand,DTACTh2,66,95112,6695112
Thailand,DTACTh2,66,95113,6695113
Thailand,DTACTh2,66,95114,6695114
Thailand,DTACTh2,66,95115,6695115
Thailand,DTACTh2,66,95116,6695116
Thailand,DTACTh2,66,95117,6695117
Thailand,DTACTh2,66,95118,6695118
Thailand,DTACTh2,66,95119,6695119
Thailand,DTACTh2,66,95120,6695120
Thailand,DTACTh2,66,95121,6695121
Thailand,DTACTh2,66,95123,6695123
Thailand,DTACTh2,66,95124,6695124
Thailand,DTACTh2,66,95125,6695125
Thailand,DTACTh2,66,95126,6695126
Thailand,DTACTh2,66,95127,6695127
Thailand,DTACTh2,66,95128,6695128
Thailand,DTACTh2,66,95129,6695129
Thailand,DTACTh2,66,99,6699
Thailand,DTACTh2,66,99018,6699018
Thailand,DTACTh2,66,99019,6699019
Thailand,DTACTh2,66,99020,6699020
Thailand,DTACTh2,66,99021,6699021
Thailand,DTACTh2,66,99023,6699023
Thailand,DTACTh2,66,99024,6699024
Thailand,DTACTh2,66,99025,6699025
Thailand,DTACTh2,66,99026,6699026
Thailand,DTACTh2,66,99027,6699027
Thailand,DTACTh2,66,99028,6699028
Thailand,DTACTh2,66,99029,6699029
Thailand,DTACTh2,66,99030,6699030
Thailand,DTACTh2,66,99031,6699031
Thailand,DTACTh2,66,99032,6699032
Thailand,DTACTh2,66,99034,6699034
Thailand,DTACTh2,66,99035,6699035
Thailand,DTACTh2,66,99036,6699036
Thailand,DTACTh2,66,99037,6699037
Thailand,DTACTh2,66,99038,6699038
Thailand,DTACTh2,66,99039,6699039
Thailand,DTACTh2,66,99040,6699040
Thailand,DTACTh2,66,99041,6699041
Thailand,DTACTh2,66,99042,6699042
Thailand,DTACTh2,66,99043,6699043
Thailand,DTACTh2,66,99045,6699045
Thailand,DTACTh2,66,99046,6699046
Thailand,DTACTh2,66,99047,6699047
Thailand,DTACTh2,66,99048,6699048
Thailand,DTACTh2,66,99049,6699049
Thailand,DTACTh2,66,99050,6699050
Thailand,DTACTh2,66,99051,6699051
Thailand,DTACTh2,66,99052,6699052
Thailand,DTACTh2,66,99053,6699053
Thailand,DTACTh2,66,99054,6699054
Thailand,DTACTh2,66,99056,6699056
Thailand,DTACTh2,66,99057,6699057
Thailand,DTACTh2,66,99058,6699058
Thailand,DTACTh2,66,99059,6699059
Thailand,DTACTh2,66,99060,6699060
Thailand,DTACTh2,66,99061,6699061
Thailand,DTACTh2,66,99062,6699062
Thailand,DTACTh2,66,99063,6699063
Thailand,DTACTh2,66,99064,6699064
Thailand,DTACTh2,66,99065,6699065
Thailand,DTACTh2,66,99067,6699067
Thailand,DTACTh2,66,99068,6699068
Thailand,DTACTh2,66,99069,6699069
Thailand,DTACTh2,66,99070,6699070
Thailand,DTACTh2,66,99071,6699071
Thailand,DTACTh2,66,99072,6699072
Thailand,DTACTh2,66,99073,6699073
Thailand,DTACTh2,66,99074,6699074
Thailand,DTACTh2,66,99075,6699075
Thailand,DTACTh2,66,99076,6699076
Thailand,DTACTh2,66,99078,6699078
Thailand,DTACTh2,66,99079,6699079
Thailand,DTACTh2,66,99080,6699080
Thailand,DTACTh2,66,99081,6699081
Thailand,DTACTh2,66,99082,6699082
Thailand,DTACTh2,66,99083,6699083
Thailand,DTACTh2,66,99084,6699084
Thailand,DTACTh2,66,99085,6699085
Thailand,DTACTh2,66,99086,6699086
Thailand,DTACTh2,66,99087,6699087
Thailand,DTACTh2,66,99089,6699089
Thailand,DTACTh2,66,99090,6699090
Thailand,DTACTh2,66,99091,6699091
Thailand,DTACTh2,66,99092,6699092
Thailand,DTACTh2,66,99093,6699093
Thailand,DTACTh2,66,99094,6699094
Thailand,DTACTh2,66,99095,6699095
Thailand,DTACTh2,66,99096,6699096
Thailand,DTACTh2,66,99097,6699097
Thailand,DTACTh2,66,99098,6699098
Thailand,DTACTh2,66,99101,6699101
Thailand,DTACTh2,66,99102,6699102
Thailand,DTACTh2,66,99103,6699103
Thailand,DTACTh2,66,99104,6699104
Thailand,DTACTh2,66,99105,6699105
Thailand,DTACTh2,66,99106,6699106
Thailand,DTACTh2,66,99107,6699107
Thailand,DTACTh2,66,99108,6699108
Thailand,DTACTh2,66,99109,6699109
Thailand,DTACTh2,66,99110,6699110
Thailand,DTACTh2,66,99112,6699112
Thailand,DTACTh2,66,99113,6699113
Thailand,DTACTh2,66,99114,6699114
Thailand,DTACTh2,66,99115,6699115
Thailand,DTACTh2,66,99116,6699116
Thailand,DTACTh2,66,99117,6699117
Thailand,DTACTh2,66,99118,6699118
Thailand,DTACTh2,66,99119,6699119
Thailand,DTACTh2,66,99120,6699120
Thailand,DTACTh2,66,99121,6699121
Thailand,DTACTh2,66,99123,6699123
Thailand,DTACTh2,66,99124,6699124
Thailand,DTACTh2,66,99125,6699125
Thailand,DTACTh2,66,99126,6699126
Thailand,DTACTh2,66,99127,6699127
Thailand,DTACTh2,66,99128,6699128
Thailand,DTACTh2,66,99129,6699129
Thailand,DTACTh2,66,99130,6699130
Thailand,DTACTh2,66,99131,6699131
Thailand,DTACTh2,66,99132,6699132
Thailand,DTACTh2,66,99134,6699134
Thailand,DTACTh2,66,99135,6699135
Thailand,DTACTh2,66,99136,6699136
Thailand,DTACTh2,66,99137,6699137
Thailand,DTACTh2,66,99138,6699138
Thailand,DTACTh2,66,99139,6699139
Thailand,DTACTh2,66,99140,6699140
Thailand,DTACTh2,66,99141,6699141
Thailand,DTACTh2,66,99142,6699142
Thailand,DTACTh2,66,99143,6699143
Thailand,DTACTh2,66,99145,6699145
Thailand,DTACTh2,66,99146,6699146
Thailand,DTACTh2,66,99147,6699147
Thailand,DTACTh2,66,99148,6699148
Thailand,DTACTh2,66,99149,6699149
Thailand,DTACTh2,66,99150,6699150
Thailand,DTACTh2,66,99151,6699151
Thailand,DTACTh2,66,99152,6699152
Thailand,DTACTh2,66,99153,6699153
Thailand,DTACTh2,66,99154,6699154
Thailand,DTACTh2,66,99156,6699156
Thailand,DTACTh2,66,99157,6699157
Thailand,DTACTh2,66,99158,6699158
Thailand,DTACTh2,66,99159,6699159
Thailand,DTACTh2,66,99160,6699160
Thailand,DTACTh2,66,99161,6699161
Thailand,DTACTh2,66,99162,6699162
Thailand,DTACTh2,66,99163,6699163
Thailand,DTACTh2,66,99164,6699164
Thailand,DTACTh2,66,99165,6699165
Thailand,DTACTh2,66,99167,6699167
Thailand,DTACTh2,66,99168,6699168
Thailand,DTACTh2,66,99169,6699169
Thailand,DTACTh2,66,99170,6699170
Thailand,DTACTh2,66,99171,6699171
Thailand,DTACTh2,66,99172,6699172
Thailand,DTACTh2,66,99173,6699173
Thailand,DTACTh2,66,99174,6699174
Thailand,DTACTh2,66,99175,6699175
Thailand,DTACTh2,66,99176,6699176
Thailand,DTACTh2,66,99178,6699178
Thailand,DTACTh2,66,99179,6699179
Thailand,DTACTh2,66,99180,6699180
Thailand,DTACTh2,66,99181,6699181
Thailand,DTACTh2,66,99182,6699182
Thailand,DTACTh2,66,99183,6699183
Thailand,DTACTh2,66,99184,6699184
Thailand,DTACTh2,66,99185,6699185
Thailand,DTACTh2,66,99186,6699186
Thailand,DTACTh2,66,99187,6699187
Thailand,DTACTh2,66,99189,6699189
Thailand,DTACTh2,66,99190,6699190
Thailand,DTACTh2,66,99191,6699191
Thailand,DTACTh2,66,99192,6699192
Thailand,DTACTh2,66,99193,6699193
Thailand,DTACTh2,66,99194,6699194
Thailand,DTACTh2,66,99195,6699195
Thailand,DTACTh2,66,99196,6699196
Thailand,DTACTh2,66,99197,6699197
Thailand,DTACTh2,66,99198,6699198
Thailand,DTACTh2,66,99201,6699201
Thailand,DTACTh2,66,99202,6699202
Thailand,DTACTh2,66,99203,6699203
Thailand,DTACTh2,66,99204,6699204
Thailand,DTACTh2,66,99205,6699205
Thailand,DTACTh2,66,99206,6699206
Thailand,DTACTh2,66,99207,6699207
Thailand,DTACTh2,66,99208,6699208
Thailand,DTACTh2,66,99209,6699209
Thailand,DTACTh2,66,99210,6699210
Thailand,DTACTh2,66,99212,6699212
Thailand,DTACTh2,66,99213,6699213
Thailand,DTACTh2,66,99214,6699214
Thailand,DTACTh2,66,99215,6699215
Thailand,DTACTh2,66,99216,6699216
Thailand,DTACTh2,66,99217,6699217
Thailand,DTACTh2,66,99218,6699218
Thailand,DTACTh2,66,99219,6699219
Thailand,DTACTh2,66,99220,6699220
Thailand,DTACTh2,66,99221,6699221
Thailand,DTACTh2,66,99223,6699223
Thailand,DTACTh2,66,99224,6699224
Thailand,DTACTh2,66,99225,6699225
Thailand,DTACTh2,66,99226,6699226
Thailand,DTACTh2,66,99227,6699227
Thailand,DTACTh2,66,99228,6699228
Thailand,DTACTh2,66,99229,6699229
Thailand,DTACTh2,66,99230,6699230
Thailand,DTACTh2,66,99231,6699231
Thailand,DTACTh2,66,99232,6699232
Thailand,DTACTh2,66,99234,6699234
Thailand,DTACTh2,66,99235,6699235
Thailand,DTACTh2,66,99236,6699236
Thailand,DTACTh2,66,99237,6699237
Thailand,DTACTh2,66,99238,6699238
Thailand,DTACTh2,66,99239,6699239
Thailand,DTACTh2,66,99240,6699240
Thailand,DTACTh2,66,99241,6699241
Thailand,DTACTh2,66,99242,6699242
Thailand,DTACTh2,66,99243,6699243
Thailand,DTACTh2,66,99245,6699245
Thailand,DTACTh2,66,99246,6699246
Thailand,DTACTh2,66,99248,6699248
Thailand,DTACTh2,66,99249,6699249
Thailand,DTACTh2,66,99250,6699250
Thailand,DTACTh2,66,99251,6699251
Thailand,DTACTh2,66,99252,6699252
Thailand,DTACTh2,66,99253,6699253
Thailand,DTACTh2,66,99254,6699254
Thailand,DTACTh2,66,99256,6699256
Thailand,DTACTh2,66,99257,6699257
Thailand,DTACTh2,66,99258,6699258
Thailand,DTACTh2,66,99259,6699259
Thailand,DTACTh2,66,99260,6699260
Thailand,DTACTh2,66,99261,6699261
Thailand,DTACTh2,66,99262,6699262
Thailand,DTACTh2,66,99263,6699263
Thailand,DTACTh2,66,99264,6699264
Thailand,DTACTh2,66,99265,6699265
Thailand,DTACTh2,66,99267,6699267
Thailand,DTACTh2,66,99268,6699268
Thailand,DTACTh2,66,99269,6699269
Thailand,DTACTh2,66,99270,6699270
Thailand,DTACTh2,66,99271,6699271
Thailand,DTACTh2,66,99272,6699272
Thailand,DTACTh2,66,99273,6699273
Thailand,DTACTh2,66,99274,6699274
Thailand,DTACTh2,66,99275,6699275
Thailand,DTACTh2,66,99276,6699276
Thailand,DTACTh2,66,99278,6699278
Thailand,DTACTh2,66,99279,6699279
Thailand,DTACTh2,66,99280,6699280
Thailand,DTACTh2,66,99281,6699281
Thailand,DTACTh2,66,99282,6699282
Thailand,DTACTh2,66,99283,6699283
Thailand,DTACTh2,66,99284,6699284
Thailand,DTACTh2,66,99285,6699285
Thailand,DTACTh2,66,99286,6699286
Thailand,DTACTh2,66,99287,6699287
Thailand,DTACTh2,66,99289,6699289
Thailand,DTACTh2,66,99290,6699290
Thailand,DTACTh2,66,99291,6699291
Thailand,DTACTh2,66,99292,6699292
Thailand,DTACTh2,66,99293,6699293
Thailand,DTACTh2,66,99294,6699294
Thailand,DTACTh2,66,99295,6699295
Thailand,DTACTh2,66,99296,6699296
Thailand,DTACTh2,66,99297,6699297
Thailand,DTACTh2,66,99298,6699298
Thailand,DTACTh2,66,99301,6699301
Thailand,DTACTh2,66,99302,6699302
Thailand,DTACTh2,66,99303,6699303
Thailand,DTACTh2,66,99304,6699304
Thailand,DTACTh2,66,99305,6699305
Thailand,DTACTh2,66,99306,6699306
Thailand,DTACTh2,66,99307,6699307
Thailand,DTACTh2,66,99308,6699308
Thailand,DTACTh2,66,99309,6699309
Thailand,DTACTh2,66,99310,6699310
Thailand,DTACTh2,66,99312,6699312
Thailand,DTACTh2,66,99313,6699313
Thailand,DTACTh2,66,99314,6699314
Thailand,DTACTh2,66,99315,6699315
Thailand,DTACTh2,66,99316,6699316
Thailand,DTACTh2,66,99317,6699317
Thailand,DTACTh2,66,99318,6699318
Thailand,DTACTh2,66,99319,6699319
Thailand,DTACTh2,66,99320,6699320
Thailand,DTACTh2,66,99321,6699321
Thailand,DTACTh2,66,99323,6699323
Thailand,DTACTh2,66,99324,6699324
Thailand,DTACTh2,66,99325,6699325
Thailand,DTACTh2,66,99326,6699326
Thailand,DTACTh2,66,99327,6699327
Thailand,DTACTh2,66,99328,6699328
Thailand,DTACTh2,66,99329,6699329
Thailand,DTACTh2,66,99330,6699330
Thailand,DTACTh2,66,99331,6699331
Thailand,DTACTh2,66,99332,6699332
Thailand,DTACTh2,66,99334,6699334
Thailand,DTACTh2,66,99335,6699335
Thailand,DTACTh2,66,99336,6699336
Thailand,DTACTh2,66,99337,6699337
Thailand,DTACTh2,66,99338,6699338
Thailand,DTACTh2,66,99339,6699339
Thailand,DTACTh2,66,99340,6699340
Thailand,DTACTh2,66,99341,6699341
Thailand,DTACTh2,66,99342,6699342
Thailand,DTACTh2,66,99343,6699343
Thailand,DTACTh2,66,99345,6699345
Thailand,DTACTh2,66,99346,6699346
Thailand,DTACTh2,66,99347,6699347
Thailand,DTACTh2,66,99348,6699348
Thailand,DTACTh2,66,99349,6699349
Thailand,DTACTh2,66,99350,6699350
Thailand,DTACTh2,66,99351,6699351
Thailand,DTACTh2,66,99352,6699352
Thailand,DTACTh2,66,99353,6699353
Thailand,DTACTh2,66,99354,6699354
Thailand,DTACTh2,66,99356,6699356
Thailand,DTACTh2,66,99357,6699357
Thailand,DTACTh2,66,99358,6699358
Thailand,DTACTh2,66,99359,6699359
Thailand,DTACTh2,66,99360,6699360
Thailand,DTACTh2,66,99361,6699361
Thailand,DTACTh2,66,99362,6699362
Thailand,DTACTh2,66,99363,6699363
Thailand,DTACTh2,66,99364,6699364
Thailand,DTACTh2,66,99365,6699365
Thailand,DTACTh2,66,99367,6699367
Thailand,DTACTh2,66,99368,6699368
Thailand,DTACTh2,66,99369,6699369
Thailand,DTACTh2,66,99370,6699370
Thailand,DTACTh2,66,99371,6699371
Thailand,DTACTh2,66,99372,6699372
Thailand,DTACTh2,66,99373,6699373
Thailand,DTACTh2,66,99374,6699374
Thailand,DTACTh2,66,99375,6699375
Thailand,DTACTh2,66,99376,6699376
Thailand,DTACTh2,66,99378,6699378
Thailand,DTACTh2,66,99379,6699379
Thailand,DTACTh2,66,99380,6699380
Thailand,DTACTh2,66,99381,6699381
Thailand,DTACTh2,66,99382,6699382
Thailand,DTACTh2,66,99383,6699383
Thailand,DTACTh2,66,99384,6699384
Thailand,DTACTh2,66,99385,6699385
Thailand,DTACTh2,66,99386,6699386
Thailand,DTACTh2,66,99387,6699387
Thailand,DTACTh2,66,99389,6699389
Thailand,DTACTh2,66,99390,6699390
Thailand,DTACTh2,66,99391,6699391
Thailand,DTACTh2,66,99392,6699392
Thailand,DTACTh2,66,99393,6699393
Thailand,DTACTh2,66,99394,6699394
Thailand,DTACTh2,66,99395,6699395
Thailand,DTACTh2,66,99396,6699396
Thailand,DTACTh2,66,99397,6699397
Thailand,DTACTh2,66,99398,6699398
Thailand,DTACTh2,66,99401,6699401
Thailand,DTACTh2,66,99402,6699402
Thailand,DTACTh2,66,99403,6699403
Thailand,DTACTh2,66,99404,6699404
Thailand,DTACTh2,66,99405,6699405
Thailand,DTACTh2,66,99406,6699406
Thailand,DTACTh2,66,99407,6699407
Thailand,DTACTh2,66,99408,6699408
Thailand,DTACTh2,66,99409,6699409
Thailand,DTACTh2,66,99410,6699410
Thailand,DTACTh2,66,99412,6699412
Thailand,DTACTh2,66,99413,6699413
Thailand,DTACTh2,66,99414,6699414
Thailand,DTACTh2,66,99415,6699415
Thailand,DTACTh2,66,99416,6699416
Thailand,DTACTh2,66,99417,6699417
Thailand,DTACTh2,66,99418,6699418
Thailand,DTACTh2,66,99419,6699419
Thailand,DTACTh2,66,99420,6699420
Thailand,DTACTh2,66,99421,6699421
Thailand,DTACTh2,66,99423,6699423
Thailand,DTACTh2,66,99424,6699424
Thailand,DTACTh2,66,99425,6699425
Thailand,DTACTh2,66,99426,6699426
Thailand,DTACTh2,66,99427,6699427
Thailand,DTACTh2,66,99428,6699428
Thailand,DTACTh2,66,99429,6699429
Thailand,DTACTh2,66,99430,6699430
Thailand,DTACTh2,66,99431,6699431
Thailand,DTACTh2,66,99432,6699432
Thailand,DTACTh2,66,99434,6699434
Thailand,DTACTh2,66,99435,6699435
Thailand,DTACTh2,66,99436,6699436
Thailand,DTACTh2,66,99437,6699437
Thailand,DTACTh2,66,99438,6699438
Thailand,DTACTh2,66,99439,6699439
Thailand,DTACTh2,66,99440,6699440
Thailand,DTACTh2,66,99441,6699441
Thailand,DTACTh2,66,99442,6699442
Thailand,DTACTh2,66,99443,6699443
Thailand,DTACTh2,66,99445,6699445
Thailand,DTACTh2,66,99446,6699446
Thailand,DTACTh2,66,99447,6699447
Thailand,DTACTh2,66,99448,6699448
Thailand,DTACTh2,66,99449,6699449
Thailand,DTACTh2,66,99450,6699450
Thailand,DTACTh2,66,99451,6699451
Thailand,DTACTh2,66,99452,6699452
Thailand,DTACTh2,66,99453,6699453
Thailand,DTACTh2,66,99454,6699454
Thailand,DTACTh2,66,99456,6699456
Thailand,DTACTh2,66,99457,6699457
Thailand,DTACTh2,66,99458,6699458
Thailand,DTACTh2,66,99459,6699459
Thailand,DTACTh2,66,99460,6699460
Thailand,DTACTh2,66,99461,6699461
Thailand,DTACTh2,66,99462,6699462
Thailand,DTACTh2,66,99463,6699463
Thailand,DTACTh2,66,99464,6699464
Thailand,DTACTh2,66,99465,6699465
Thailand,DTACTh2,66,99467,6699467
Thailand,DTACTh2,66,99468,6699468
Thailand,DTACTh2,66,99469,6699469
Thailand,DTACTh2,66,99470,6699470
Thailand,DTACTh2,66,99471,6699471
Thailand,DTACTh2,66,99472,6699472
Thailand,DTACTh2,66,99473,6699473
Thailand,DTACTh2,66,99474,6699474
Thailand,DTACTh2,66,99475,6699475
Thailand,DTACTh2,66,99476,6699476
Thailand,DTACTh2,66,99478,6699478
Thailand,DTACTh2,66,99479,6699479
Thailand,DTACTh2,66,99480,6699480
Thailand,DTACTh2,66,99481,6699481
Thailand,DTACTh2,66,99482,6699482
Thailand,DTACTh2,66,99483,6699483
Thailand,DTACTh2,66,99484,6699484
Thailand,DTACTh2,66,99485,6699485
Thailand,DTACTh2,66,99486,6699486
Thailand,DTACTh2,66,99489,6699489
Thailand,DTACTh2,66,99490,6699490
Thailand,DTACTh2,66,99491,6699491
Thailand,DTACTh2,66,99492,6699492
Thailand,DTACTh2,66,99493,6699493
Thailand,DTACTh2,66,99494,6699494
Thailand,DTACTh2,66,99495,6699495
Thailand,DTACTh2,66,99496,6699496
Thailand,DTACTh2,66,99497,6699497
Thailand,DTACTh2,66,99498,6699498
Thailand,DTACTh2,66,99501,6699501
Thailand,DTACTh2,66,99502,6699502
Thailand,DTACTh2,66,99503,6699503
Thailand,DTACTh2,66,99504,6699504
Thailand,DTACTh2,66,99505,6699505
Thailand,DTACTh2,66,99506,6699506
Togo,Moov,228,03,22803
Togo,Togocel,228,90,22890
Togo,Togocel,228,91,22891
Togo,Togocel,228,92,22892
Togo,Moov,228,96,22896
Togo,Moov,228,97,22897
Togo,Moov,228,98,22898
Togo,Moov,228,99,22899
Tokelau,,690,,690
Tonga,TongaComCorp,676,01,67601
Tonga,,676,15,67615
Tonga,,676,16,67616
Tonga,,676,17,67617
Tonga,,676,18,67618
Tonga,,676,19,67619
Tonga,TongaComCorp,676,7,6767
Tonga,Digicel,676,84,67684
Tonga,,676,87,67687
Tonga,,676,88,67688
Tonga,,676,89,67689
Trinidad And Tobago,TSTT,1,,1
Trinidad And Tobago,TSTT,1,12,112
Trinidad And Tobago,TrndadTobago,1,130,1130
Trinidad And Tobago,TSTT,1,868,1868
Tristan da Cunha,,290,8,2908
Tunisia,OTN-B2B,,,
Tunisia,Cayon Cloud,216,,216
Tunisia,Ooredoo,216,2,2162
Tunisia,Orange,216,3,2163
Tunisia,Tunisie Telecom,216,4,2164
Tunisia,Lyca mobile,216,43,21643
Tunisia,Cayon Cloud,216,470,216470
Tunisia,Cayon Cloud,216,471,216471
Tunisia,Orange,216,5,2165
Tunisia,Tunisie Telecom,216,9,2169
Turkey,AVEA1,90,,90
Turkey,Turkcell Ile,90,01,9001
Turkey,AVEA1,90,03,9003
Turkey,AVEA2,90,4,904
Turkey,AVEA1,90,50,9050
Turkey,AVEA1,90,500,90500
Turkey,AVEA1,90,505,90505
Turkey,AVEA1,90,5059,905059
Turkey,Turkcell,90,53,9053
Turkey,Turkcell Ile,90,532,90532
Turkey,Vodafone,90,54,9054
Turkey,AVEA1,90,55,9055
Turkey,AVEA1,90,559,90559
Turkmenistan,ALTYN Turkm,993,,993
Turkmenistan,ALTYN Turkm,993,02,99302
Turkmenistan,ALTYN Turkm,993,62,99362
Turkmenistan,TMCELL,993,65,99365
Turkmenistan,BCTI,993,66,99366
Turkmenistan,BCTI,993,67,99367
Turks And Caicos Islands,CWWI,1,,1
Turks And Caicos Islands,CWWI,1,350,1350
Turks And Caicos Islands,TurksCaicos,1,360,1360
Turks And Caicos Islands,,1,649,1649
Turks And Caicos Islands,CWWI,1,64923,164923
Tuvalu,,688,,688
Uganda,Celtel,256,,256
Uganda,Airtel,256,01,25601
Uganda,Celtel,256,1,2561
Uganda,MTN,256,10,25610
Uganda,Orange,256,14,25614
Uganda,Smart,256,18,25618
Uganda,Smart,256,20,25620
Uganda,Airtel,256,200,256200
Uganda,Airtel,256,201,256201
Uganda,Airtel,256,207,256207
Uganda,MTN,256,39,25639
Uganda,,256,7,2567
Uganda,Airtel,256,70,25670
Uganda,Smart,256,74,25674
Uganda,Airtel,256,75,25675
Uganda,Orange,256,79,25679
Ukraine,Golden Telecom,380,39,38039
Ukraine,Vodafone,380,50,38050
Ukraine,Lifecell,380,63,38063
Ukraine,Vodafone,380,66,38066
Ukraine,Kyivstar,380,67,38067
Ukraine,Beeline,380,68,38068
Ukraine,UTEL,380,91,38091
Ukraine,PEOPLEnet,380,92,38092
Ukraine,Lifecell,380,93,38093
Ukraine,Intertelecom,380,94,38094
Ukraine,Vodafone,380,95,38095
Ukraine,Kyivstar,380,96,38096
Ukraine,Kyivstar,380,97,38097
Ukraine,Kyivstar,380,98,38098
Ukraine,Vodafone,380,99,38099
United Arab Emirates,Etisalet,971,,971
United Arab Emirates,Etisalet,971,02,97102
United Arab Emirates,du UAE,971,03,97103
United Arab Emirates,Etisalat,971,50,97150
United Arab Emirates,Etisalet,971,50601,97150601
United Arab Emirates,Etisalet,971,50602,97150602
United Arab Emirates,Etisalet,971,50603,97150603
United Arab Emirates,Etisalet,971,50604,97150604
United Arab Emirates,Etisalet,971,50605,97150605
United Arab Emirates,Etisalet,971,50606,97150606
United Arab Emirates,Etisalet,971,50607,97150607
United Arab Emirates,Etisalet,971,50608,97150608
United Arab Emirates,Etisalet,971,50609,97150609
United Arab Emirates,Etisalet,971,50648,97150648
United Arab Emirates,Du,971,52,97152
United Arab Emirates,Etisalat,971,54,97154
United Arab Emirates,Du,971,55,97155
United Arab Emirates,Etisalat,971,56,97156
United Arab Emirates,Du,971,58,97158
United Kingdom,Astelit,380,,380
United Kingdom,MTS,380,01,38001
United Kingdom,Kyivstar,380,03,38003
United Kingdom,Astelit,380,06,38006
United Kingdom,UtelUkraine,380,07,38007
United Kingdom,MTS,380,50,38050
United Kingdom,Astelit,380,63,38063
United Kingdom,MTS,380,66,38066
United Kingdom,Kyivstar,380,67,38067
United Kingdom,UtelUkraine,380,91,38091
United Kingdom,MTS,380,95,38095
United Kingdom,Kyivstar,380,96,38096
United Kingdom,Kyivstar,380,97,38097
United Kingdom,Kyivstar,380,98,38098
United Kingdom,MTS,380,99,38099
United Kingdom,,44,,44
United Kingdom,Airtel,44,03,4403
United Kingdom,O2,44,10,4410
United Kingdom,Airtel,44,148152,44148152
United Kingdom,Vodafone,44,15,4415
United Kingdom,Airtel,44,153452,44153452
United Kingdom,Airtel,44,153453,44153453
United Kingdom,H3G,44,20,4420
United Kingdom,T-Mobile,44,30,4430
United Kingdom,Orange,44,33,4433
United Kingdom,Vodafone,44,385,44385
United Kingdom,Sky,44,57,4457
United Kingdom,ManxTelecom,44,58,4458
United Kingdom,Vodafone,44,7000,447000
United Kingdom,Vodafone,44,7002,447002
United Kingdom,Vodafone,44,7074,447074
United Kingdom,,44,71,4471
United Kingdom,,44,72,4472
United Kingdom,,44,73,4473
United Kingdom,Sky,44,73590,4473590
United Kingdom,Sky,44,73591,4473591
United Kingdom,Sky,44,73592,4473592
United Kingdom,Sky,44,73593,4473593
United Kingdom,Sky,44,73681,4473681
United Kingdom,Sky,44,73682,4473682
United Kingdom,Sky,44,73683,4473683
United Kingdom,Sky,44,73684,4473684
United Kingdom,Sky,44,73685,4473685
United Kingdom,Sky,44,73686,4473686
United Kingdom,Sky,44,73688,4473688
United Kingdom,Sky,44,73689,4473689
United Kingdom,Sky,44,73692,4473692
United Kingdom,,44,74,4474
United Kingdom,Hutchison,44,7400,447400
United Kingdom,O2,44,7404,447404
United Kingdom,O2,44,7405,447405
United Kingdom,ManxTelecom,44,74066,4474066
United Kingdom,Airtel,44,74068,4474068
United Kingdom,Vodafone,44,7407,447407
United Kingdom,Vodafone,44,74080,4474080
United Kingdom,Vodafone,44,74081,4474081
United Kingdom,Vodafone,44,74082,4474082
United Kingdom,Vodafone,44,74088,4474088
United Kingdom,Vodafone,44,74089,4474089
United Kingdom,O2,44,741,44741
United Kingdom,O2,44,7417,447417
United Kingdom,Airtel,44,74172,4474172
United Kingdom,Airtel,44,74179,4474179
United Kingdom,ManxTelecom,44,74184,4474184
United Kingdom,Vodafone,44,7423,447423
United Kingdom,O2,44,7424,447424
United Kingdom,Vodafone,44,7425,447425
United Kingdom,O2,44,743,44743
United Kingdom,Vodafone,44,7435,447435
United Kingdom,Vodafone,44,7436,447436
United Kingdom,Vodafone,44,7437,447437
United Kingdom,O2,44,7438,447438
United Kingdom,O2,44,744,44744
United Kingdom,O2,44,7440,447440
United Kingdom,ManxTelecom,44,74410,4474410
United Kingdom,Airtel,44,74418,4474418
United Kingdom,Vodafone,44,7442,447442
United Kingdom,Vodafone,44,7443,447443
United Kingdom,Vodafone,44,7444,447444
United Kingdom,ManxTelecom,44,74520,4474520
United Kingdom,ManxTelecom,44,74521,4474521
United Kingdom,ManxTelecom,44,74522,4474522
United Kingdom,ManxTelecom,44,74523,4474523
United Kingdom,ManxTelecom,44,74524,4474524
United Kingdom,ManxTelecom,44,7452410,447452410
United Kingdom,ManxTelecom,44,74525,4474525
United Kingdom,ManxTelecom,44,7452560,447452560
United Kingdom,ManxTelecom,44,7452563,447452563
United Kingdom,ManxTelecom,44,7452565,447452565
United Kingdom,ManxTelecom,44,7452566,447452566
United Kingdom,ManxTelecom,44,7452577,447452577
United Kingdom,ManxTelecom,44,7452578,447452578
United Kingdom,ManxTelecom,44,7452579,447452579
United Kingdom,ManxTelecom,44,74526,4474526
United Kingdom,O2,44,7466,447466
United Kingdom,Sky,44,74882,4474882
United Kingdom,Sky,44,74883,4474883
United Kingdom,,44,75,4475
United Kingdom,Vodafone,44,7500,447500
United Kingdom,Vodafone,44,7501,447501
United Kingdom,Vodafone,44,7502,447502
United Kingdom,Vodafone,44,7503,447503
United Kingdom,O2,44,751,44751
United Kingdom,O2,44,7510,447510
United Kingdom,O2,44,752,44752
United Kingdom,Hutchison,44,7533,447533
United Kingdom,T-Mobile,44,7534,447534
United Kingdom,ManxTelecom,44,75373,4475373
United Kingdom,Vodafone,44,75374,4475374
United Kingdom,ManxTelecom,44,75376,4475376
United Kingdom,O2,44,754,44754
United Kingdom,Vodafone,44,7551,447551
United Kingdom,Vodafone,44,7552,447552
United Kingdom,Vodafone,44,7553,447553
United Kingdom,Vodafone,44,7554,447554
United Kingdom,Vodafone,44,7555,447555
United Kingdom,Vodafone,44,7557,447557
United Kingdom,Airtel,44,75597,4475597
United Kingdom,O2,44,756,44756
United Kingdom,Vodafone,44,7570,447570
United Kingdom,Hutchison,44,7575,447575
United Kingdom,Hutchison,44,7576,447576
United Kingdom,Hutchison,44,7577,447577
United Kingdom,Hutchison,44,7578,447578
United Kingdom,Vodafone,44,7584,447584
United Kingdom,Vodafone,44,7585,447585
United Kingdom,Vodafone,44,7586,447586
United Kingdom,Vodafone,44,7587,447587
United Kingdom,Hutchison,44,7588,447588
United Kingdom,O2,44,759,44759
United Kingdom,ManxTelecom,44,76006,4476006
United Kingdom,ManxTelecom,44,7620,447620
United Kingdom,Isle of Man,44,7624,447624
United Kingdom,ManxTelecom,44,76241,4476241
United Kingdom,ManxTelecom,44,76243,4476243
United Kingdom,ManxTelecom,44,76244,4476244
United Kingdom,ManxTelecom,44,76245,4476245
United Kingdom,ManxTelecom,44,76246,4476246
United Kingdom,ManxTelecom,44,76247,4476247
United Kingdom,ManxTelecom,44,76248,4476248
United Kingdom,ManxTelecom,44,76249,4476249
United Kingdom,Airtel,44,76400,4476400
United Kingdom,ManxTelecom,44,76606,4476606
United Kingdom,ManxTelecom,44,76660,4476660
United Kingdom,ManxTelecom,44,76770,4476770
United Kingdom,Airtel,44,76778,4476778
United Kingdom,,44,77,4477
United Kingdom,O2,44,770,44770
United Kingdom,O2,44,771,44771
United Kingdom,Vodafone,44,7717,447717
United Kingdom,O2,44,772,44772
United Kingdom,Vodafone,44,7721,447721
United Kingdom,H3G,44,7723,447723
United Kingdom,Hutchison,44,7727,447727
United Kingdom,Hutchison,44,7728,447728
United Kingdom,O2,44,773,44773
United Kingdom,Vodafone,44,7733,447733
United Kingdom,Hutchison,44,7735,447735
United Kingdom,Hutchison,44,7737,447737
United Kingdom,O2,44,774,44774
United Kingdom,Vodafone,44,7741,447741
United Kingdom,Vodafone,44,7747,447747
United Kingdom,Vodafone,44,7748,447748
United Kingdom,O2,44,775,44775
United Kingdom,O2,44,776,44776
United Kingdom,Vodafone,44,7760,447760
United Kingdom,Vodafone,44,7765,447765
United Kingdom,Vodafone,44,7766,447766
United Kingdom,Vodafone,44,7767,447767
United Kingdom,Vodafone,44,7768,447768
United Kingdom,Vodafone,44,7769,447769
United Kingdom,Vodafone,44,7770,447770
United Kingdom,Vodafone,44,7771,447771
United Kingdom,Orange,44,7773,447773
United Kingdom,Vodafone,44,7774,447774
United Kingdom,Vodafone,44,7775,447775
United Kingdom,Vodafone,44,7776,447776
United Kingdom,Vodafone,44,7777,447777
United Kingdom,Vodafone,44,7778,447778
United Kingdom,O2,44,778,44778
United Kingdom,Vodafone,44,7780,447780
United Kingdom,Hutchison,44,7782,447782
United Kingdom,Vodafone,44,7785,447785
United Kingdom,Vodafone,44,7786,447786
United Kingdom,Vodafone,44,7787,447787
United Kingdom,Vodafone,44,7788,447788
United Kingdom,Vodafone,44,7789,447789
United Kingdom,O2,44,779,44779
United Kingdom,Vodafone,44,7795,447795
United Kingdom,Vodafone,44,7796,447796
United Kingdom,Vodafone,44,7798,447798
United Kingdom,Vodafone,44,7799,447799
United Kingdom,,44,78,4478
United Kingdom,O2,44,780,44780
United Kingdom,O2,44,781,44781
United Kingdom,Vodafone,44,7810,447810
United Kingdom,Vodafone,44,7818,447818
United Kingdom,O2,44,782,44782
United Kingdom,ManxTelecom,44,78221,4478221
United Kingdom,Vodafone,44,7823,447823
United Kingdom,Vodafone,44,7824,447824
United Kingdom,Vodafone,44,7825,447825
United Kingdom,Vodafone,44,7826,447826
United Kingdom,Vodafone,44,7827,447827
United Kingdom,Hutchison,44,7828,447828
United Kingdom,Airtel,44,78297,4478297
United Kingdom,Airtel,44,78298,4478298
United Kingdom,Airtel,44,78299,4478299
United Kingdom,O2,44,783,44783
United Kingdom,Hutchison,44,7830,447830
United Kingdom,Vodafone,44,7831,447831
United Kingdom,Hutchison,44,7832,447832
United Kingdom,Vodafone,44,7833,447833
United Kingdom,Vodafone,44,7836,447836
United Kingdom,Hutchison,44,7838,447838
United Kingdom,Airtel,44,78391,4478391
United Kingdom,Airtel,44,78392,4478392
United Kingdom,Airtel,44,78397,4478397
United Kingdom,O2,44,784,44784
United Kingdom,Hutchison,44,7846,447846
United Kingdom,Hutchison,44,7848,447848
United Kingdom,O2,44,785,44785
United Kingdom,Hutchison,44,7853,447853
United Kingdom,Hutchison,44,7859,447859
United Kingdom,O2,44,786,44786
United Kingdom,Hutchison,44,7861,447861
United Kingdom,Hutchison,44,7862,447862
United Kingdom,Hutchison,44,7863,447863
United Kingdom,Hutchison,44,7865,447865
United Kingdom,Vodafone,44,7867,447867
United Kingdom,Hutchison,44,7868,447868
United Kingdom,Hutchison,44,7869,447869
United Kingdom,O2,44,787,44787
United Kingdom,Vodafone,44,7876,447876
United Kingdom,Hutchison,44,7877,447877
United Kingdom,Hutchison,44,7878,447878
United Kingdom,Vodafone,44,7879,447879
United Kingdom,O2,44,788,44788
United Kingdom,Vodafone,44,7880,447880
United Kingdom,Vodafone,44,7881,447881
United Kingdom,Hutchison,44,7882,447882
United Kingdom,Hutchison,44,7883,447883
United Kingdom,Vodafone,44,7884,447884
United Kingdom,Hutchison,44,7886,447886
United Kingdom,Vodafone,44,7887,447887
United Kingdom,Hutchison,44,7888,447888
United Kingdom,O2,44,789,44789
United Kingdom,ManxTelecom,44,78931,4478931
United Kingdom,Hutchison,44,7897,447897
United Kingdom,Hutchison,44,7898,447898
United Kingdom,Vodafone,44,7899,447899
United Kingdom,,44,79,4479
United Kingdom,O2,44,790,44790
United Kingdom,Vodafone,44,7900,447900
United Kingdom,Vodafone,44,7901,447901
United Kingdom,Vodafone,44,7909,447909
United Kingdom,O2,44,791,44791
United Kingdom,ManxTelecom,44,79112,4479112
United Kingdom,ManxTelecom,44,79118,4479118
United Kingdom,Hutchison,44,7915,447915
United Kingdom,Hutchison,44,7916,447916
United Kingdom,Vodafone,44,7917,447917
United Kingdom,Vodafone,44,7918,447918
United Kingdom,Vodafone,44,7919,447919
United Kingdom,O2,44,792,44792
United Kingdom,Vodafone,44,7920,447920
United Kingdom,ManxTelecom,44,79240,4479240
United Kingdom,ManxTelecom,44,79241,4479241
United Kingdom,ManxTelecom,44,79242,4479242
United Kingdom,ManxTelecom,44,79243,4479243
United Kingdom,ManxTelecom,44,79244,4479244
United Kingdom,ManxTelecom,44,79246,4479246
United Kingdom,ManxTelecom,44,79247,4479247
United Kingdom,ManxTelecom,44,79248,4479248
United Kingdom,ManxTelecom,44,79249,4479249
United Kingdom,O2,44,793,44793
United Kingdom,O2,44,795,44795
United Kingdom,Vodafone,44,7979,447979
United Kingdom,Hutchison,44,7988,447988
United Kingdom,O2,44,799,44799
United Kingdom,Vodafone,44,7990,447990
United States,,1,,1
United States,AT&T,1,000,1000
United States,UnionFone,1,020,1020
United States,ATTUSACC,1,030,1030
United States,ATTUSAFN,1,100,1100
United States,AT&T,1,150,1150
United States,T-Mobile,1,160,1160
United States,AT&T,1,170,1170
United States,WrelesMarTme,1,18,118
United States,MobileUSA,1,2,12
United States,T-Mobile,1,200,1200
United States,T-Mobile,1,20623,120623
United States,T-Mobile,1,20631,120631
United States,UnionFone,1,208,1208
United States,AT&T,1,208597,1208597
United States,AT&T,1,2085978,12085978
United States,AT&T,1,2085979,12085979
United States,T-Mobile,1,20990,120990
United States,AT&T,1,209904,1209904
United States,AT&T,1,209904 ,1209904 
United States,T-Mobile,1,220,1220
United States,T-Mobile,1,230,1230
United States,AT&T,1,231203,1231203
United States,T-Mobile,1,240,1240
United States,AT&T,1,240449,1240449
United States,T-Mobile,1,250,1250
United States,T-Mobile,1,260,1260
United States,T-Mobile,1,270,1270
United States,ATTUSAMF,1,280,1280
United States,T-Mobile,1,30333,130333
United States,AT&T,1,304777,1304777
United States,UnionFone,1,307,1307
United States,CorWireless,1,308695,1308695
United States,T-Mobile,1,310,1310
United States,AT&T,1,312314,1312314
United States,CorWireless,1,319327,1319327
United States,CommnetLLC,1,320,1320
United States,CorWireless,1,320292,1320292
United States,AT&T,1,320334,1320334
United States,CorWireless,1,320460,1320460
United States,CorWireless,1,320469,1320469
United States,CorWireless,1,320774,1320774
United States,CorWireless,1,320844,1320844
United States,AT&T,1,330531,1330531
United States,T-Mobile,1,33433,133433
United States,CommnetLLC,1,340220,1340220
United States,CommnetLLC,1,340228,1340228
United States,CommnetLLC,1,340422,1340422
United States,CommnetLLC,1,340423,1340423
United States,CommnetLLC,1,340717,1340717
United States,CommnetLLC,1,340725,1340725
United States,CommnetLLC,1,340727,1340727
United States,CommnetLLC,1,340771,1340771
United States,AT&T,1,360339,1360339
United States,AT&T,1,380,1380
United States,T-Mobile,1,40445,140445
United States,AT&T,1,404725,1404725
United States,AT&T,1,404725 ,1404725 
United States,ATTUSAFN,1,404726,1404726
United States,AT&T,1,404726 ,1404726 
United States,T-Mobile,1,40541,140541
United States,T-Mobile,1,40547,140547
United States,AT&T,1,410,1410
United States,WrelesMarTme,1,4133791,14133791
United States,Cincinnati B,1,420,1420
United States,UnionFone,1,435,1435
United States,ATTAAZUS,1,440,1440
United States,NewWireless,1,460,1460
United States,T-Mobile,1,46923,146923
United States,T-Mobile,1,490,1490
United States,T-Mobile,1,50351,150351
United States,T-Mobile,1,50545,150545
United States,T-Mobile,1,51255,151255
United States,Cincinnati B,1,513240,1513240
United States,T-Mobile,1,51577,151577
United States,CorWireless,1,530,1530
United States,AT&T,1,54084893,154084893
United States,AT&T,1,541287,1541287
United States,T-Mobile,1,56227,156227
United States,IndiGoWirels,1,5705123,15705123
United States,IndiGoWirels,1,5706050,15706050
United States,IndiGoWirels,1,5706051,15706051
United States,IndiGoWirels,1,5706053,15706053
United States,IndiGoWirels,1,5706625,15706625
United States,IndiGoWirels,1,5706626,15706626
United States,IndiGoWirels,1,5706993,15706993
United States,IndiGoWirels,1,5707073,15707073
United States,IndiGoWirels,1,570787,1570787
United States,IndiGoWirels,1,5708584,15708584
United States,IndiGoWirels,1,5708589,15708589
United States,T-Mobile,1,580,1580
United States,CorWireless,1,580520,1580520
United States,CorWireless,1,580553,1580553
United States,CorWireless,1,605314,1605314
United States,AT&T,1,605408,1605408
United States,AT&T,1,636384,1636384
United States,CorWireless,1,641594,1641594
United States,T-Mobile,1,64662,164662
United States,T-Mobile,1,660,1660
United States,AT&T,1,678667,1678667
United States,AT&T,1,6787618,16787618
United States,CorWireless,1,701455,1701455
United States,T-Mobile,1,70434,170434
United States,AT&T,1,704410,1704410
United States,AT&T,1,704502,1704502
United States,CorWireless,1,715217,1715217
United States,CorWireless,1,715253,1715253
United States,CorWireless,1,715454,1715454
United States,CorWireless,1,715750,1715750
United States,T-Mobile,1,71720,171720
United States,CorWireless,1,763207,1763207
United States,CorWireless,1,763217,1763217
United States,NewWireless,1,763240,1763240
United States,NewWireless,1,763288,1763288
United States,NewWireless,1,763309,1763309
United States,AT&T,1,787590,1787590
United States,T-Mobile,1,800,1800
United States,T-Mobile,1,80163,180163
United States,T-Mobile,1,80185,180185
United States,T-Mobile,1,80825,180825
United States,T-Mobile,1,81326,181326
United States,IndiGoWirels,1,8143023,18143023
United States,IndiGoWirels,1,8143202,18143202
United States,IndiGoWirels,1,8143266,18143266
United States,IndiGoWirels,1,8143671,18143671
United States,IndiGoWirels,1,8145190,18145190
United States,IndiGoWirels,1,8145193,18145193
United States,IndiGoWirels,1,8145194,18145194
United States,MobileUSA,1,882,1882
United States,CorWireless,1,907368,1907368
United States,CorWireless,1,907448,1907448
United States,CorWireless,1,907480,1907480
United States,AT&T,1,907599,1907599
United States,CorWireless,1,907633,1907633
United States,AT&T,1,907831,1907831
United States,CorWireless,1,907833,1907833
United States,CorWireless,1,907925,1907925
United States,T-Mobile,1,91790,191790
United States,UnionFone,1,970,1970
United States,AT&T,1,970306,1970306
United States,AT&T,1,970376,1970376
United States,AT&T,1,970706,1970706
United States,AT&T,1,989707,1989707
United States Virgin Islands,,1,340,1340
Uruguay,ANTEL,598,,598
Uruguay,ANTEL,598,01,59801
Uruguay,ANTEL,598,91,59891
Uruguay,Movistar,598,93,59893
Uruguay,Movistar,598,94,59894
Uruguay,Movistar,598,95,59895
Uruguay,Claro,598,96,59896
Uruguay,Claro,598,97,59897
Uruguay,ANTEL,598,98,59898
Uruguay,ANTEL,598,99,59899
Uzbekistan,Unitel,998,,998
Uzbekistan,Unitel,998,04,99804
Uzbekistan,CoscomLLC,998,05,99805
Uzbekistan,Uzbektelecom,998,08,99808
Uzbekistan,Beeline,998,90,99890
Uzbekistan,Unitel,998,90913,99890913
Uzbekistan,Unitel,998,90923,99890923
Uzbekistan,Beeline,998,91,99891
Uzbekistan,CoscomLLC,998,93,99893
Uzbekistan,CoscomLLC,998,94,99894
Uzbekistan,UMS,998,97,99897
Uzbekistan,Uzbektelecom,998,99,99899
Vanuatu,TVLVan,678,01,67801
Vanuatu,,678,4,6784
Vanuatu,,678,5,6785
Vanuatu,TVLVan,678,771,678771
Vanuatu,TVLVan,678,772,678772
Vanuatu,TVLVan,678,774,678774
Vanuatu,TVLVan,678,775,678775
Vanuatu,TVLVan,678,776,678776
Vanuatu,TVLVan,678,777,678777
Vanuatu,TVLVan,678,778,678778
Vanuatu,TVLVan,678,779,678779
Vatican City,,39,06698,3906698
"Venezuela, Bolivarian Republic Of",,58,4,584
"Venezuela, Bolivarian Republic Of",Digitel GSM,58,412,58412
"Venezuela, Bolivarian Republic Of",Movistar,58,414,58414
"Venezuela, Bolivarian Republic Of",Movilnet,58,416,58416
"Venezuela, Bolivarian Republic Of",Movistar,58,424,58424
"Venezuela, Bolivarian Republic Of",Movilnet,58,426,58426
Viet Nam,Gtel,84,,84
Viet Nam,Mobifone,84,01,8401
Viet Nam,Vinaphone,84,02,8402
Viet Nam,Viettel,84,040,84040
Viet Nam,Viettel,84,041,84041
Viet Nam,Viettel,84,0420,840420
Viet Nam,Viettel,84,0421,840421
Viet Nam,Viettel,84,0422,840422
Viet Nam,Viettel,84,0423,840423
Viet Nam,Viettel,84,0424,840424
Viet Nam,Viettel,84,0425,840425
Viet Nam,Viettel,84,0426,840426
Viet Nam,Viettel,84,0427,840427
Viet Nam,Viettel,84,0428,840428
Viet Nam,Viettel,84,0429,840429
Viet Nam,Viettel,84,043,84043
Viet Nam,Viettel,84,044,84044
Viet Nam,Viettel,84,045,84045
Viet Nam,Viettel,84,046,84046
Viet Nam,Viettel,84,047,84047
Viet Nam,Viettel,84,048,84048
Viet Nam,Viettel,84,049,84049
Viet Nam,Vietnamobile,84,05,8405
Viet Nam,Gtel,84,07,8407
Viet Nam,,84,1,841
Viet Nam,Mobifone,84,120,84120
Viet Nam,Mobifone,84,121,84121
Viet Nam,Mobifone,84,122,84122
Viet Nam,Vinaphone,84,123,84123
Viet Nam,Vinaphone,84,124,84124
Viet Nam,Vinaphone,84,125,84125
Viet Nam,Mobifone,84,126,84126
Viet Nam,Vinaphone,84,127,84127
Viet Nam,Mobifone,84,128,84128
Viet Nam,Vinaphone,84,129,84129
Viet Nam,Viettel,84,162,84162
Viet Nam,Viettel,84,163,84163
Viet Nam,Viettel,84,164,84164
Viet Nam,Viettel,84,165,84165
Viet Nam,Viettel,84,166,84166
Viet Nam,Viettel,84,167,84167
Viet Nam,Viettel,84,168,84168
Viet Nam,Viettel,84,169,84169
Viet Nam,Vietnamobile,84,186,84186
Viet Nam,Vietnamobile,84,188,84188
Viet Nam,Gtel,84,199,84199
Viet Nam,Viettel,84,4,844
Viet Nam,,84,8,848
Viet Nam,,84,9,849
Viet Nam,Mobifone,84,90,8490
Viet Nam,Vinaphone,84,91,8491
Viet Nam,Vietnamobile,84,922,84922
Viet Nam,Vietnamobile,84,923,84923
Viet Nam,Vietnamobile,84,924,84924
Viet Nam,Vietnamobile,84,925,84925
Viet Nam,Vietnamobile,84,926,84926
Viet Nam,Vietnamobile,84,927,84927
Viet Nam,Vietnamobile,84,928,84928
Viet Nam,Vietnamobile,84,929,84929
Viet Nam,Mobifone,84,93,8493
Viet Nam,Vinaphone,84,94,8494
Viet Nam,Viettel,84,96,8496
Viet Nam,Viettel,84,97,8497
Viet Nam,Viettel,84,98,8498
Viet Nam,Gtel,84,996,84996
Virgin Islands (British),CCT,128,,128
Virgin Islands (British),CCT,128,284440,128284440
Virgin Islands (British),,1,284,1284
Virgin Islands (British),CCT,128,570,128570
Virgin Islands (British),Digicel,1,770,1770
Virgin Islands (US),,1,340,1340
Wales,,44,,44
Wallis And Futuna,,681,,681
Yemen,Yemen Compan,967,,967
Yemen,Y Telecom,967,04,96704
Yemen,Yemen Compan,967,1,9671
Yemen,,967,7,9677
Yemen,Y,967,70,96770
Yemen,Sabafon,967,71,96771
Yemen,MTN,967,73,96773
Yemen,Yemen Mobile,967,77,96777
Zambia,Airtel,260,,260
Zambia,MTN,260,02,26002
Zambia,Zamtel,260,03,26003
Zambia,Airtel,260,1,2601
Zambia,Telecel,260,2,2602
Zambia,MTN,260,76,26076
Zambia,Airtel,260,77,26077
Zambia,,260,9,2609
Zambia,Zamtel,260,95,26095
Zambia,MTN,260,96,26096
Zambia,Airtel,260,97,26097
Zimbabwe,Netone,263,01,26301
Zimbabwe,EconetWirel,263,04,26304
Zimbabwe,Net One,263,71,26371
Zimbabwe,Telecel,263,73,26373
Zimbabwe,Econet Zimbabwe,263,77,26377
Zimbabwe,EconetWirel,263,78,26378
Åland Islands,,358,457,358457
