Country,Operator,PLMN,MCC,MNC,TADIG,ISO
Abkhazia,A-Mobile LLSC,28988,289,88,,GE
Abkhazia,Aquafon JSC,28967,289,67,,GE
Afghanistan,Afghan Telecom,41280,412,80,,AF
Afghanistan,Afghan Telecom,41288,412,88,,AF
Afghanistan,Afghan Wireless Communication Company,41201,412,1,AFGAW,AF
Afghanistan,Etisalat,41250,412,50,AFGEA,AF
Afghanistan,MTN,41240,412,40,AFGAR,AF
Afghanistan,Telecom Development Company Afghanistan Ltd.,41220,412,20,AFGTD,AF
Afghanistan,WASEL Afghanistan,41255,412,55,,AF
Albania,Albtelecom,27603,276,3,ALBEM,AL
Albania,Plus,27604,276,4,ALBM4,AL
Albania,Telekom Albania,27601,276,1,ALBAM,AL
Albania,Vodafone,27602,276,2,ALBVF,AL
Algeria,Mobilis,60301,603,1,DZAA1,DZ
Algeria,Mobilis,60307,603,7,,DZ
Algeria,Mobilis,60309,603,9,,DZ
Algeria,Anesrif,60321,603,21,,DZ
Algeria,Optimum Telecom Algérie Spa,60302,603,2,DZAOT,DZ
Algeria,Wataniya Telecom Algérie,60303,603,3,DZAWT,DZ
American Samoa (USA),American Samoa Telecommunications,311780,311,780,,AS
American Samoa (USA),Bluesky,54411,544,11,,AS
Andorra,Servei De Tele. DAndorra,21303,213,3,ANDMA,AD
Angola,MOVICEL Telecommunications S.A.,63104,631,4,,AO
Angola,UNITEL S.a.r.l.,63102,631,2,AGOUT,AO
Anguilla (UK),Cable & Wireless,365840,365,840,AIACW,AI
Anguilla (UK),Digicel,365010,365,10,,AI
Antigua and Barbuda,AT&T Wireless,344930,344,930,,AG
Antigua and Barbuda,Antigua Public Utilities Authority,344030,344,30,,AG
Antigua and Barbuda,Antigua Wireless Ventures Limited,344050,344,50,,AG
Antigua and Barbuda,Cable & Wireless Caribbean Cellular (Antigua) Limited,344920,344,920,ATGCW,AG
Argentina,AMX Argentina S.A.,722310,722,310,ARGCM,AR
Argentina,AMX Argentina S.A.,722320,722,320,,AR
Argentina,AMX Argentina S.A.,722330,722,330,,AR
Argentina,Hutchison Telecommunications Argentina S.A.,722350,722,350,,AR
Argentina,NII Holdings,722020,722,20,,AR
Argentina,TE.SA.M Argentina S.A.,722040,722,40,,AR
Argentina,Telecom Personal S.A.,722034,722,34,,AR
Argentina,Telecom Personal S.A.,722341,722,341,,AR
Argentina,Telefónica Móviles Argentina S.A.,722010,722,10,,AR
Argentina,Telefónica Móviles Argentina S.A.,722070,722,70,,AR
Armenia,K Telecom CJSC,28305,283,5,ARM05,AM
Armenia,Karabakh Telecom,28304,283,4,,AM
Armenia,Ucom LLC,28310,283,10,ARMOR,AM
Armenia,Veon Armenia CJSC,28301,283,1,ARM01,AM
Aruba,Digicel Aruba,36302,363,2,ABWDC,AW
Aruba,Servicio di Telecomunicacion di Aruba,36301,363,1,,AW
Australia,Advanced Communications Technologies Pty. Ltd.,50524,505,24,,AU
Australia,AngloGold Ashanti Australia Ltd,50546,505,46,,AU
Australia,Aqura Technologies Pty,50541,505,41,,AU
Australia,Arrow Energy Pty Ltd,50543,505,43,,AU
Australia,Ausgrid Corporation,50520,505,20,,AU
Australia,BHP Billiton,50531,505,31,,AU
Australia,CITIC Pacific Mining,50540,505,40,,AU
Australia,CLX Networks Pty Ltd,50533,505,33,,AU
Australia,Challenge Networks Pty Ltd,50523,505,23,,AU
Australia,Clermont Coal Operations Pty Ltd,50545,505,45,,AU
Australia,Commtel Network Solutions Pty Ltd,50561,505,61,,AU
Australia,Compatel Limited,50530,505,30,,AU
Australia,Department of Defence,50504,505,4,,AU
Australia,Dialogue Communications Pty. Ltd.,50526,505,26,,AU
Australia,Groote Eylandt Mining Company Pty Ltd,50542,505,42,,AU
Australia,Lycamobile Pty Ltd,50519,505,19,,AU
Australia,MessageBird Pty Ltd,50535,505,35,,AU
Australia,National Broadband Network Co.,50562,505,62,,AU
Australia,National Broadband Network Co.,50568,505,68,,AU
Australia,Nexium Telecommunications,50527,505,27,,AU
Australia,Norfolk Telecom,50510,505,10,,AU
Australia,One.Tel,50599,505,99,,AU
Australia,One.Tel Limited,50508,505,8,,AU
Australia,Optus,50517,505,17,,AU
Australia,Optus Mobile Pty. Ltd.,50536,505,36,,AU
Australia,Pactel International Pty Ltd,50518,505,18,,AU
Australia,Pilbara Iron Company Services Pty Ltd,50525,505,25,,AU
Australia,Pivotel Group Pty Limited,50550,505,50,,AU
Australia,Pivotel Group Pty Limited,50588,505,88,,AU
Australia,Queensland Rail Limited,50521,505,21,,AU
Australia,RCOM International Pty Ltd,50528,505,28,,AU
Australia,"Railcorp, Transport for New South Wales",50513,505,13,,AU
Australia,Roy Hill Iron Ore Pty Ltd,50544,505,44,,AU
Australia,Santos Limited,50534,505,34,,AU
Australia,Singtel Optus Proprietary Limited,50502,505,2,AUSOP,AU
Australia,Singtel Optus Proprietary Limited,50590,505,90,,AU
Australia,TPG Telecom,50514,505,14,,AU
Australia,Telstra Corporation Limited,50501,505,1,AUSTA,AU
Australia,Telstra Corporation Limited,50571,505,71,,AU
Australia,Telstra Corporation Limited,50572,505,72,,AU
Australia,Telstra Corporation Ltd.,50511,505,11,,AU
Australia,Telstra Corporation Ltd.,50539,505,39,,AU
Australia,Thales Australia,50532,505,32,,AU
Australia,Titan ICT Pty Ltd,50548,505,48,,AU
Australia,Truphone Pty Ltd,50538,505,38,,AU
Australia,Victorian Rail Track,50516,505,16,,AU
Australia,Vodafone Hutchison Australia Proprietary Limited,50503,505,3,AUSVF,AU
Australia,Vodafone Hutchison Australia Proprietary Limited,50506,505,6,,AU
Australia,Vodafone Hutchison Australia Proprietary Limited,50512,505,12,,AU
Australia,Vodafone Network Pty. Ltd.,50507,505,7,,AU
Australia,Woodside Energy Limited,50547,505,47,,AU
Australia,Yancoal Australia Ltd,50537,505,37,,AU
Australia,iiNet Ltd,50522,505,22,,AU
Australia,,50505,505,5,,AU
Australia,,50509,505,9,,AU
Australia,,50515,505,15,,AU
Austria,A1 Telekom Austria,23201,232,1,AUTPT,AT
Austria,A1 Telekom Austria,23202,232,2,,AT
Austria,A1 Telekom Austria,23209,232,9,,AT
Austria,A1 Telekom Austria,23211,232,11,,AT
Austria,A1 Telekom Austria,23212,232,12,,AT
Austria,ArgoNET GmbH,23292,232,92,,AT
Austria,Hutchison Drei Austria,23205,232,5,AUTCA,AT
Austria,Hutchison Drei Austria,23210,232,10,,AT
Austria,Hutchison Drei Austria,23214,232,14,,AT
Austria,Hutchison Drei Austria,23216,232,16,,AT
Austria,Hutchison Drei Austria,23219,232,19,,AT
Austria,Lycamobile Austria,23208,232,8,,AT
Austria,MASS Response Service GmbH,23217,232,17,,AT
Austria,MTEL Austrija GmbH,23220,232,20,,AT
Austria,Mundio Mobile Austria,23215,232,15,,AT
Austria,Orange Austria GmbH,23206,232,6,,AT
Austria,Plintron Austria Limited,23222,232,22,,AT
Austria,"Salzburg AG für Energie, Verkehr und Telekommunikation",23221,232,21,,AT
Austria,Smartel Services GmbH,23224,232,24,,AT
Austria,T-Mobile Austria,23207,232,7,,AT
Austria,T-Mobile Austria GmbH,23203,232,3,AUTMM,AT
Austria,T-Mobile Austria GmbH,23204,232,4,,AT
Austria,T-Mobile Austria GmbH,23213,232,13,,AT
Austria,T-Mobile Austria GmbH,23223,232,23,,AT
Austria,smartspace GmbH,23218,232,18,,AT
Austria,ÖBB,23291,232,91,,AT
Azerbaijan,Azerfon,40004,400,4,AZEAF,AZ
Azerbaijan,CATEL,40003,400,3,,AZ
Azerbaijan,Nakhtel LLC,40006,400,6,,AZ
Azerbaijan,Special State Protection Service of the Republic of Azerbaijan,40005,400,5,,AZ
Azerbaijan,,40001,400,1,AZEAC,AZ
Azerbaijan,,40002,400,2,AZEBC,AZ
Bahamas,Cable Bahamas Ltd,36449,364,49,BHSNC,BS
Bahamas,The Bahamas Telecommunications Company Ltd (BaTelCo),36439,364,39,BHSBH,BS
Bahrain,Bahrain Telecommunications Company,42605,426,5,BHRB2,BH
Bahrain,Bahrain Telecommunications Company,42601,426,1,BHRBT,BH
Bahrain,Civil Aviation Authority,42603,426,3,,BH
Bahrain,STC Bahrain,42604,426,4,,BH
Bahrain,Zain Bahrain,42602,426,2,BHRMV,BH
Bangladesh,Axiata Bangladesh Ltd.,47002,470,2,,BD
Bangladesh,Bangladesh Internet Exchange Limited (BIEL),47009,470,9,,BD
Bangladesh,Banglalink Digital Communications Ltd.,47003,470,3,BGDBL,BD
Bangladesh,Banglalion Communications Ltd.,47010,470,10,,BD
Bangladesh,Bharti Airtel Bangladesh Ltd.,47007,470,7,,BD
Bangladesh,Grameenphone Ltd.,47001,470,1,BGDGP,BD
Bangladesh,Pacific Bangladesh Telecom Limited,47005,470,5,,BD
Bangladesh,Teletalk Bangladesh Limited,47004,470,4,,BD
Barbados,Digicel (Barbados) Limited,342750,342,750,,BB
Barbados,LIME (formerly known as Cable & Wireless),342600,342,600,BRBCW,BB
Barbados,Ozone Wireless Inc.,342800,342,800,,BB
Barbados,Sunbeach Communications,342820,342,820,,BB
Belarus,A1 Belarus,25701,257,1,BLRMD,BY
Belarus,BelCel,25703,257,3,,BY
Belarus,Belarusian Telecommunications Network,25704,257,4,,BY
Belarus,Belorussian Cloud Technologies,25706,257,6,,BY
Belarus,Beltelecom,25705,257,5,,BY
Belarus,Mobile TeleSystems,25702,257,2,BLR02,BY
Belgium,BICS,20628,206,28,,BE
Belgium,Belgacom Mobile,20601,206,1,BELTB,BE
Belgium,Belgacom Mobile,20600,206,0,,BE
Belgium,Dense Air Belgium SPRL,20625,206,25,,BE
Belgium,Elephant Talk Communications Schweiz GmbH,20615,206,15,,BE
Belgium,Ericsson NV,20633,206,33,,BE
Belgium,IP Nexia,20650,206,50,,BE
Belgium,Infrabel,20602,206,2,,BE
Belgium,JOIN Experience (Belgium),20640,206,40,,BE
Belgium,Lycamobile sprl,20606,206,6,,BE
Belgium,Mundio Mobile Belgium nv,20607,206,7,,BE
Belgium,Nethys,20608,206,8,,BE
Belgium,NextGen Mobile Ltd.,20616,206,16,,BE
Belgium,Orange S.A.,20610,206,10,BELMO,BE
Belgium,Telenet,20620,206,20,BELKO,BE
Belgium,Telenet,20605,206,5,,BE
Belgium,Unleashed NV,20630,206,30,,BE
Belgium,Voxbone mobile,20609,206,9,,BE
Belize,Belize Telemedia Limited (BTL),70267,702,67,BLZ67,BZ
Belize,International Telecommunications Ltd.,70268,702,68,,BZ
Belize,Speednet Communications Limited,70269,702,69,BLZSC,BZ
Belize,Speednet Communications Limited,70299,702,99,,BZ
Benin,Bell Benin Communications,61604,616,4,,BJ
Benin,Benin Telecoms Mobile,61601,616,1,,BJ
Benin,Glo Communication Benin,61605,616,5,,BJ
Benin,Spacetel Benin,61603,616,3,,BJ
Benin,Telecel Benin,61602,616,2,BEN02,BJ
Bermuda,Bermuda Digital Communications Ltd.,35000,350,0,,BM
Bermuda,Deltronics,35011,350,11,,BM
Bermuda,FKB Net Ltd.,35015,350,15,,BM
Bermuda,M3 Wireless,35002,350,2,,BM
Bermuda,Telecom Networks,35005,350,5,,BM
Bermuda,Telecommunications (Bermuda & West Indies) Ltd,35001,350,1,,BM
Bermuda,,338050,338,50,JAMDC,BM
Bermuda,,31059,310,59,,BM
Bhutan,B-Mobile / Bhutan Telecom Ltd.,40211,402,11,,BT
Bhutan,Tashi InfoComm Limited,40277,402,77,,BT
Bolivia,Entel SA,73602,736,2,,BO
Bolivia,Nuevatel PCS De Bolivia SA,73601,736,1,BOLNT,BO
Bolivia,Telefónica Celular De Bolivia S.A,73603,736,3,BOLTE,BO
Bosnia and Herzegovina,BH Telecom,21890,218,90,BIHPT,BA
Bosnia and Herzegovina,Public Enterprise Croatian Telecom Ltd.,21803,218,3,BIHER,BA
Bosnia and Herzegovina,RS Telecommunications JSC Banja Luka,21805,218,5,BIHMS,BA
Botswana,Botswana Telecommunications Corporation,65204,652,4,BWABC,BW
Botswana,Mascom Wireless (Pty) Limited,65201,652,1,BWAGA,BW
Botswana,Orange (Botswana) Pty Limited,65202,652,2,,BW
Brazil,Algar Telecom S.A.,72434,724,34,BRAC4,BR
Brazil,Algar Telecom S.A.,72432,724,32,,BR
Brazil,Algar Telecom S.A.,72433,724,33,,BR
Brazil,Amazonia Celular,72424,724,24,,BR
Brazil,Brasil Telecom GSM,72416,724,16,BRABT,BR
Brazil,Claro,72405,724,5,BRACL,BR
Brazil,Claro,72438,724,38,,BR
Brazil,Correios Celular,72417,724,17,,BR
Brazil,Datora (Vodafone),72418,724,18,,BR
Brazil,"NII Holdings, Inc.",72400,724,0,,BR
Brazil,"NII Holdings, Inc.",72439,724,39,,BR
Brazil,Options Telecomunicações,72436,724,36,,BR
Brazil,PORTO SEGURO TELECOMUNICAÇÔES,72454,724,54,,BR
Brazil,SISTEER DO BRASIL TELECOMUNICAÇÔES,72401,724,1,,BR
Brazil,Sercomtel Celular,72415,724,15,,BR
Brazil,TNL PCS Oi,72431,724,31,BRATM,BR
Brazil,TNL PCS Oi,72430,724,30,,BR
Brazil,Telcom Telecomunicações,72435,724,35,,BR
Brazil,Telecom Italia Mobile,72404,724,4,BRACS,BR
Brazil,Telecom Italia Mobile,72402,724,2,BRARN,BR
Brazil,Telecom Italia Mobile,72403,724,3,BRASP,BR
Brazil,Telefônica Brasil S.A.,72423,724,23,BRATC,BR
Brazil,Telefônica Brasil S.A.,72410,724,10,BRAV1,BR
Brazil,Telefônica Brasil S.A.,72406,724,6,BRAV2,BR
Brazil,Telefônica Brasil S.A.,72411,724,11,BRAV3,BR
Brazil,Unicel,72437,724,37,,BR
Brazil,,72428,724,28,,BR
Brazil,,72499,724,99,,BR
British Indian Ocean Territory (UK),Sure (Diego Garcia) Ltd,99501,995,1,,IO
British Virgin Islands (UK),BVI Cable TV Ltd,348370,348,370,,VG
British Virgin Islands (UK),Cable & Wireless,348170,348,170,VGBCW,VG
British Virgin Islands (UK),Caribbean Cellular Telephone,348570,348,570,VGBCC,VG
British Virgin Islands (UK),Digicel (BVI) Limited,348770,348,770,VGBDC,VG
Brunei,Data Stream Technology Sdn Bhd,52811,528,11,BRNDS,BN
Brunei,Progresif Cellular Sdn Bhd,52802,528,2,BRNBR,BN
Brunei,Telekom Brunei Berhad,52801,528,1,,BN
Brunei,Unified National Networks Sdn Bhd,52803,528,3,,BN
Bulgaria,A1 Bulgaria,28401,284,1,BGR01,BG
Bulgaria,BTC,28403,284,3,,BG
Bulgaria,Bulsatcom,28411,284,11,,BG
Bulgaria,COMPATEL LIMITED,28409,284,9,,BG
Bulgaria,Telenor (Bulgaria),28405,284,5,BGRCM,BG
Bulgaria,Ti.com JSC,28413,284,13,,BG
Bulgaria,НАЦИОНАЛНА КОМПАНИЯ ЖЕЛЕЗОПЪТНА ИНФРАСТРУКТУРА,28407,284,7,,BG
Burkina Faso,Onatel,61301,613,1,,BF
Burkina Faso,Orange Burkina Faso,61302,613,2,BFACT,BF
Burkina Faso,Telecel Faso SA,61303,613,3,,BF
Burundi,Econet Wireless Burundi PLC,64201,642,1,,BI
Burundi,Econet Wireless Burundi PLC,64282,642,82,,BI
Burundi,LACELL SU,64207,642,7,BDIL1,BI
Burundi,Onatel,64203,642,3,,BI
Burundi,VTEL MEA,64202,642,2,,BI
Burundi,Viettel Burundi,64208,642,8,BDIVG,BI
Cambodia,CamGSM / The Royal Group,45601,456,1,KHMGM,KH
Cambodia,Cambodia Advance Communications Co. Ltd,45604,456,4,KHMCC,KH
Cambodia,Cambodia Advance Communications Co. Ltd,45603,456,3,,KH
Cambodia,SEATEL Cambodia,45611,456,11,,KH
Cambodia,Smart Axiata Co. Ltd,45602,456,2,,KH
Cambodia,Smart Axiata Co. Ltd,45605,456,5,,KH
Cambodia,Smart Axiata Co. Ltd,45606,456,6,,KH
Cambodia,The Royal Group,45618,456,18,,KH
Cambodia,Viettel,45608,456,8,KHMVC,KH
Cambodia,Viettel,45609,456,9,,KH
Cameroon,Camtel,62403,624,3,,CM
Cameroon,Mobile Telephone Network Cameroon Ltd,62401,624,1,CMRMT,CM
Cameroon,Orange Cameroun S.A.,62402,624,2,,CM
Cameroon,Viettel Cameroun,62404,624,4,CMRVG,CM
Canada,A.B.C. Allen Business Communications Ltd.,302420,302,420,,CA
Canada,ALO Mobile Inc.,302250,302,250,,CA
Canada,Airtel Wireless,302290,302,290,,CA
Canada,Ambra Solutions,302300,302,300,,CA
Canada,Ambra Solutions,302310,302,310,,CA
Canada,BC Tel Mobility (Telus),302652,302,652,,CA
Canada,Bell Aliant,302630,302,630,,CA
Canada,Bell MTS,302655,302,655,,CA
Canada,Bell MTS,302660,302,660,,CA
Canada,Bell Mobility,302610,302,610,CANBM,CA
Canada,Bell Mobility,302640,302,640,,CA
Canada,Bell Mobility,302690,302,690,,CA
Canada,Blue Canada Wireless Inc.,302330,302,330,,CA
Canada,Bragg Communications,302270,302,270,,CA
Canada,CityWest,302670,302,670,,CA
Canada,Cogeco Connexion Inc.,302150,302,150,,CA
Canada,Data on Tap Inc.,302100,302,100,,CA
Canada,Dryden Mobility,302390,302,390,,CA
Canada,Ericsson Canada,302990,302,990,,CA
Canada,Execulink,302340,302,340,,CA
Canada,FIRST Networks Operations,302350,302,350,,CA
Canada,Fido Solutions (Rogers Wireless),302370,302,370,CANMC,CA
Canada,Halton Regional Police Service,302991,302,991,,CA
Canada,ICE Wireless,302620,302,620,,CA
Canada,Iristel,302600,302,600,,CA
Canada,Keewaytinook Okimakanak Mobile,302380,302,380,,CA
Canada,Keewaytinook Okimakanak Mobile,302530,302,530,,CA
Canada,LightSquared,302570,302,570,,CA
Canada,Lynx Mobility,302560,302,560,,CA
Canada,MB Tel Mobility,302701,302,701,,CA
Canada,MT&T Mobility (Aliant),302702,302,702,,CA
Canada,NetSet Communications,302790,302,790,,CA
Canada,New Tel Mobility (Aliant),302703,302,703,,CA
Canada,Quadro Communications Co-op,302590,302,590,,CA
Canada,Rogers Communications,302720,302,720,CANRW,CA
Canada,Rogers Communications,302320,302,320,,CA
Canada,Rogers Communications,302721,302,721,,CA
Canada,Rogers Communications,302820,302,820,,CA
Canada,Rogers Communications,302920,302,920,,CA
Canada,Rovvr Communications Inc.,302540,302,540,,CA
Canada,SSi Connexions,302480,302,480,,CA
Canada,SaskTel Mobility,302780,302,780,CANST,CA
Canada,SaskTel Mobility,302680,302,680,,CA
Canada,SaskTel Mobility,302750,302,750,,CA
Canada,"Shared Telus, Bell, and SaskTel",302880,302,880,,CA
Canada,Shaw Communications,302490,302,490,,CA
Canada,Shaw Communications,302491,302,491,,CA
Canada,Shaw Communications,302740,302,740,,CA
Canada,Star Solutions International Inc.,302550,302,550,,CA
Canada,TNW Wireless Inc.,302770,302,770,,CA
Canada,Telus Mobility,302220,302,220,CANTS,CA
Canada,Telus Mobility,302221,302,221,,CA
Canada,Telus Mobility,302222,302,222,,CA
Canada,Telus Mobility,302360,302,360,,CA
Canada,Telus Mobility,302361,302,361,,CA
Canada,Telus Mobility,302653,302,653,,CA
Canada,Telus Mobility,302657,302,657,,CA
Canada,Telus Mobility,302760,302,760,,CA
Canada,Telus Mobility,302860,302,860,,CA
Canada,TerreStar Networks,302730,302,730,,CA
Canada,Thunder Bay Telephone,302650,302,650,,CA
Canada,Thunder Bay Telephone Mobility,302656,302,656,,CA
Canada,Videotron,302500,302,500,CANVT,CA
Canada,Videotron,302510,302,510,,CA
Canada,Videotron,302520,302,520,,CA
Canada,Wightman Telecom,302940,302,940,,CA
Canada,Xplornet Communications,302130,302,130,,CA
Canada,Xplornet Communications,302131,302,131,,CA
Canada,,302710,302,710,,CA
Cape Verde,"CVMóvel, S.A.",62501,625,1,CPVCV,CV
Cape Verde,"UNITEL T+ TELECOMUNICACÕES, S.A.",62502,625,2,CPVTM,CV
Cayman Islands (UK),Cable & Wireless (Cayman Islands) Limited,346140,346,140,CYMCW,KY
Cayman Islands (UK),Digicel Cayman Ltd.,346050,346,50,,KY
Cayman Islands (UK),WestTel Ltd.,346001,346,1,,KY
Central African Republic,Atlantique Telecom Centrafrique SA,62301,623,1,,CF
Central African Republic,Azur RCA,62304,623,4,,CF
Central African Republic,Orange RCA,62303,623,3,CAF03,CF
Central African Republic,Telecel Centrafrique,62302,623,2,,CF
Chad,Bharti Airtel SA,62201,622,1,TCDCT,TD
Chad,Millicom,62203,622,3,TCDML,TD
Chad,SotelTchad,62202,622,2,,TD
Chad,SotelTchad,62207,622,7,,TD
Chile,Blue Two Chile S.A.,73006,730,6,,CL
Chile,COMPATEL Chile Limitada,73017,730,17,,CL
Chile,Cellplus SpA,73022,730,22,,CL
Chile,Celupago S.A.,73011,730,11,,CL
Chile,Cibeles Telecom S.A.,73015,730,15,,CL
Chile,Cibeles Telecom S.A.,73027,730,27,,CL
Chile,Claro Chile S.A.,73003,730,3,CHLSM,CL
Chile,Claro Servicios Empresariales S. A.,73023,730,23,,CL
Chile,Empresas Bunker S.A.,73018,730,18,,CL
Chile,Entel Telefonía Móvil S.A.,73001,730,1,CHLMV,CL
Chile,Entel Telefonía Móvil S.A.,73010,730,10,,CL
Chile,Inversiones Santa Fe Limitada,73020,730,20,,CL
Chile,Multikom S.A.,73005,730,5,,CL
Chile,Netline Telefónica Móvil Ltda,73014,730,14,,CL
Chile,Nomade Telecomunicaciones S.A.,73016,730,16,,CL
Chile,Novator Partners,73004,730,4,,CL
Chile,Novator Partners,73009,730,9,,CL
Chile,Sociedad Falabella Móvil SPA,73019,730,19,,CL
Chile,Telefónica Móvil de Chile,73002,730,2,CHLTM,CL
Chile,Telefónica Móvil de Chile,73007,730,7,,CL
Chile,Telestar Móvil S.A.,73012,730,12,,CL
Chile,Tribe Mobile Chile SPA,73013,730,13,,CL
Chile,VTR S.A.,73008,730,8,,CL
Chile,WILL S.A.,73026,730,26,,CL
Chile,WILL Telefonía,73099,730,99,,CL
China,China Mobile,46002,460,2,CHNCM,CN
China,China Mobile,46000,460,0,CHNCT,CN
China,China Mobile,46007,460,7,CHNTD,CN
China,China Mobile,46008,460,8,,CN
China,China Telecom,46011,460,11,CHNDX,CN
China,China Telecom,46003,460,3,,CN
China,China Telecom,46005,460,5,,CN
China,China Tietong,46020,460,20,,CN
China,China Unicom,46001,460,1,CHNCU,CN
China,China Unicom,46006,460,6,,CN
China,China Unicom,46009,460,9,,CN
China,Global Star Satellite,46004,460,4,,CN
Colombia,Avantel S.A.S,732130,732,130,,CO
Colombia,Bellsouth Colombia,732102,732,102,,CO
Colombia,COMCEL S.A.,732101,732,101,COLCM,CO
Colombia,COMPATEL COLOMBIA SAS,732004,732,4,,CO
Colombia,Colombia Móvil S.A. ESP,732111,732,111,COLCO,CO
Colombia,Colombia Móvil S.A. ESP,732103,732,103,,CO
Colombia,Colombia Móvil S.A. ESP,732165,732,165,,CO
Colombia,Colombia Telecomunicaciones S.A. ESP,732123,732,123,COLTM,CO
Colombia,Colombia Telecomunicaciones S.A. ESP,732001,732,1,,CO
Colombia,DirecTV Colombia Ltda,732176,732,176,,CO
Colombia,Edatel S.A. ESP,732002,732,2,,CO
Colombia,Empresa de Telecomunicaciones de Bogotá S.A. ESP,732187,732,187,,CO
Colombia,Empresas Municipales de Cali,732099,732,99,,CO
Colombia,Hablame Colombia SAS ESP,732210,732,210,,CO
Colombia,LLEIDA S.A.S.,732003,732,3,,CO
Colombia,Libre Tecnologias SAS,732220,732,220,,CO
Colombia,Logistica Flash Colombia SAS,732240,732,240,,CO
Colombia,SUMA Movil SAS,732199,732,199,,CO
Colombia,Setroc Mobile Group SAS,732230,732,230,,CO
Colombia,UFF Movil SAS,732208,732,208,,CO
Colombia,Une EPM Telecomunicaciones S.A. E.S.P.,732020,732,20,,CO
Colombia,Une EPM Telecomunicaciones S.A. E.S.P.,732142,732,142,,CO
Colombia,Virgin Mobile Colombia S.A.S.,732154,732,154,,CO
Comoros,Comores Telecom,65401,654,1,COMHR,KM
Comoros,Telecom Malagasy (Telma),65402,654,2,COMTM,KM
Congo,Celtel Congo,62901,629,1,COGCT,CG
Congo,MTN CONGO S.A,62910,629,10,,CG
Congo,Warid Telecom,62907,629,7,,CG
Cook Islands (Pacific Ocean),Telecom Cook Islands,54801,548,1,,CK
Costa Rica,Claro CR Telecomunicaciones (Aló),71203,712,3,CRICL,CR
Costa Rica,Instituto Costarricense de Electricidad,71201,712,1,CRICR,CR
Costa Rica,Instituto Costarricense de Electricidad,71202,712,2,,CR
Costa Rica,Telefónica Móviles Costa Rica,71204,712,4,CRITC,CR
Costa Rica,Virtualis S.A.,71220,712,20,,CR
Croatia,A1 Hrvatska,21910,219,10,HRVVI,HR
Croatia,T-Hrvatski Telekom,21901,219,1,HRVCN,HR
Croatia,TELE FOCUS d.o.o.,21912,219,12,,HR
Croatia,Tele2,21902,219,2,HRVT2,HR
Cuba,"Empresa de Telecomunicaciones de Cuba, SA",36801,368,1,CUB01,CU
Cyprus,Cyprus Telecommunications Authority,28001,280,1,CYPCT,CY
Cyprus,Cyprus Telecommunications Authority,28002,280,2,,CY
Cyprus,Lemontel Ltd,28022,280,22,,CY
Cyprus,Monaco Telecom,28010,280,10,CYPSC,CY
Cyprus,Mundio Mobile Cyprus Ltd.,28023,280,23,,CY
Cyprus,PrimeTel PLC,28020,280,20,CYPPT,CY
Czech Republic,"ASTELNET, s.r.o.",23007,230,7,,CZ
Czech Republic,Compatel s.r.o.,23008,230,8,,CZ
Czech Republic,Mundio Distribution Czech Republic s.r.o.,23009,230,9,,CZ
Czech Republic,Nordic Telecom 5G a.s.,23006,230,6,,CZ
Czech Republic,Nordic Telecom s.r.o.,23004,230,4,,CZ
Czech Republic,O2 Czech Republic,23002,230,2,CZEET,CZ
Czech Republic,PODA a.s.,23005,230,5,,CZ
Czech Republic,"Správa železniční dopravní cesty, s.o.",23098,230,98,,CZ
Czech Republic,T-Mobile Czech Republic,23001,230,1,CZERM,CZ
Czech Republic,Vodafone Czech Republic,23003,230,3,CZECM,CZ
Czech Republic,Vodafone Czech Republic,23099,230,99,,CZ
Democratic Republic of the Congo,Africell RDC sprl,63090,630,90,CODAC,CD
Democratic Republic of the Congo,Airtel sprl,63002,630,2,CODCT,CD
Democratic Republic of the Congo,Orange RDC sarl,63086,630,86,CODOR,CD
Democratic Republic of the Congo,Orange RDC sarl,63089,630,89,CODSA,CD
Democratic Republic of the Congo,Supercell SPRL,63005,630,5,,CD
Democratic Republic of the Congo,Vodacom Congo RDC sprl,63001,630,1,CODVC,CD
Democratic Republic of the Congo,Yozma Timeturns sprl,63088,630,88,,CD
Denmark,Banedanmark,23823,238,23,,DK
Denmark,Compatel Limited,23813,238,13,,DK
Denmark,Cubic Telecom,23818,238,18,,DK
Denmark,Dansk Beredskabskommunikation A/S,23805,238,5,,DK
Denmark,Dansk Beredskabskommunikation A/S,23809,238,9,,DK
Denmark,Dansk Beredskabskommunikation A/S,23811,238,11,,DK
Denmark,Ericsson Danmark A/S,23840,238,40,,DK
Denmark,Gotanet AB,23817,238,17,,DK
Denmark,Greenwave Mobile IoT ApS,23842,238,42,,DK
Denmark,Hi3G Denmark ApS,23806,238,6,DNKHU,DK
Denmark,Ice Danmark ApS,23815,238,15,,DK
Denmark,Interactive digital media GmbH,23830,238,30,,DK
Denmark,LINK Mobile A/S,23828,238,28,,DK
Denmark,Lycamobile Denmark Ltd,23812,238,12,,DK
Denmark,MobiWeb Limited,23843,238,43,,DK
Denmark,Monty UK Global Limited,23814,238,14,,DK
Denmark,Mundio Mobile (Denmark) Limited,23807,238,7,,DK
Denmark,NextGen Mobile Ltd T/A CardBoardFish,23804,238,4,,DK
Denmark,Onomondo ApS,23873,238,73,,DK
Denmark,SMS Provider Corp.,23825,238,25,,DK
Denmark,Syniverse Technologies,23803,238,3,,DK
Denmark,TDC A/S,23801,238,1,DNKTD,DK
Denmark,TDC A/S,23810,238,10,,DK
Denmark,TT-Netværket P/S,23866,238,66,,DK
Denmark,Telenor Denmark,23802,238,2,DNKDM,DK
Denmark,Telenor Denmark,23877,238,77,,DK
Denmark,Telia,23820,238,20,DNKIA,DK
Denmark,Telia Danmark,23896,238,96,,DK
Denmark,Tismi B.V.,23816,238,16,,DK
Denmark,Voxbone mobile,23808,238,8,,DK
Djibouti,Djibouti Telecom SA,63801,638,1,DJIDJ,DJ
Dominica,Cable &  Wireless,366110,366,110,DMACW,DM
Dominica,Digicel Group Limited,366020,366,20,,DM
Dominican Republic,Altice Group,37001,370,1,,DO
Dominican Republic,Altice Group,37003,370,3,,DO
Dominican Republic,Compañía Dominicana de Teléfonos,37002,370,2,DOMCL,DO
Dominican Republic,"Trilogy Dominicana, S.A.",37004,370,4,,DO
Dominican Republic,"WIND Telecom, S.A",37005,370,5,,DO
East Timor,PT Telekomunikasi Indonesia International,51401,514,1,,TL
East Timor,Timor Telecom,51402,514,2,,TL
East Timor,Viettel Timor-Leste,51403,514,3,TLSVG,TL
Ecuador,CONECEL S.A.,74001,740,1,ECUPG,EC
Ecuador,Corporación Nacional de Telecomunicaciones (CNT EP),74002,740,2,ECUAL,EC
Ecuador,Otecel S.A.,74000,740,0,ECUOT,EC
Ecuador,Otecel S.A.,74003,740,3,,EC
Egypt,Etisalat Egypt,60203,602,3,EGYEM,EG
Egypt,Orange Egypt,60201,602,1,EGYAR,EG
Egypt,Telecom Egypt,60204,602,4,,EG
Egypt,Vodafone Egypt,60202,602,2,EGYMS,EG
El Salvador,"CTE Telecom Personal, S.A. de C.V.",70601,706,1,SLVTP,SV
El Salvador,"Digicel, S.A. de C.V.",70602,706,2,SLVDC,SV
El Salvador,"INTELFON, S.A. de C.V.",70605,706,5,,SV
El Salvador,Telefónica Móviles El Salvador,70604,706,4,SLVTS,SV
El Salvador,Telemovil El Salvador S.A.,70603,706,3,SLVTM,SV
Equatorial Guinea,GETESA,62701,627,1,,GQ
Equatorial Guinea,Green Com S.A.,62703,627,3,GNQHT,GQ
Eritrea,Eritrea Telecommunications Services Corporation,65701,657,1,,ER
Estonia,Baltergo OÜ,24817,248,17,,EE
Estonia,Bravo Telecom,24809,248,9,,EE
Estonia,CSC Telecom Estonia OÜ,24805,248,5,,EE
Estonia,Elisa Eesti,24802,248,2,ESTRE,EE
Estonia,Estonian Crafts OÜ,24814,248,14,,EE
Estonia,Ntel Solutions OÜ,24812,248,12,,EE
Estonia,OY Top Connect,24804,248,4,,EE
Estonia,Premium Net International S.R.L. Eesti filiaal,24815,248,15,,EE
Estonia,Progroup Holding,24806,248,6,,EE
Estonia,Siseministeerium (Ministry of Interior),24871,248,71,,EE
Estonia,SmartTel Plus OÜ,24816,248,16,,EE
Estonia,Telcotrade OÜ,24810,248,10,,EE
Estonia,Tele2 Eesti,24803,248,3,ESTRB,EE
Estonia,Televõrgu AS,24807,248,7,,EE
Estonia,Telia Eesti,24801,248,1,ESTEM,EE
Estonia,Telia Eesti AS,24813,248,13,,EE
Estonia,UAB Raystorm Eesti filiaal,24811,248,11,,EE
Estonia,VIVEX OU,24808,248,8,,EE
Ethiopia,Ethio Telecom,63601,636,1,ETH01,ET
Falkland Islands (UK),Sure South Atlantic Ltd.,750001,750,1,,FK
Faroe Islands,Faroese Telecom,28801,288,1,FROFT,FO
Faroe Islands,Tosa Sp/F,28803,288,3,,FO
Faroe Islands,Vodafone Faroe Islands,28802,288,2,FROKA,FO
Federated States of Micronesia,FSMTC,55001,550,1,,FM
Fiji,Digicel Fiji,54202,542,2,FJIDP,FJ
Fiji,Telecom Fiji Ltd,54203,542,3,,FJ
Fiji,Vodafone Fiji,54201,542,1,,FJ
Finland,Aalto-korkeakoulusäätiö sr,24450,244,50,,FI
Finland,Aalto-korkeakoulusäätiö sr,24451,244,51,,FI
Finland,Aalto-korkeakoulusäätiö sr,24452,244,52,,FI
Finland,Aalto-korkeakoulusäätiö sr,24453,244,53,,FI
Finland,Aalto-korkeakoulusäätiö sr,24454,244,54,,FI
Finland,Aalto-korkeakoulusäätiö sr,24455,244,55,,FI
Finland,Aalto-korkeakoulusäätiö sr,24456,244,56,,FI
Finland,Aalto-korkeakoulusäätiö sr,24457,244,57,,FI
Finland,Aalto-korkeakoulusäätiö sr,24458,244,58,,FI
Finland,Aalto-korkeakoulusäätiö sr,24459,244,59,,FI
Finland,Bittium Wireless Oy,24434,244,34,,FI
Finland,Compatel Ltd,24426,244,26,,FI
Finland,DNA Oy,24412,244,12,FIN2G,FI
Finland,DNA Oy,24403,244,3,FINTA,FI
Finland,DNA Oy,24404,244,4,,FI
Finland,DNA Oy,24413,244,13,,FI
Finland,EXFO Oy,24422,244,22,,FI
Finland,EXFO Oy,24423,244,23,,FI
Finland,Elisa Oyj,24405,244,5,FINRL,FI
Finland,Elisa Oyj,24406,244,6,,FI
Finland,Elisa Oyj,24421,244,21,,FI
Finland,Fortum Power and Heat Oy,24425,244,25,,FI
Finland,Liikennevirasto,24417,244,17,,FI
Finland,Mundio Mobile Oy,24430,244,30,,FI
Finland,Nokia Solutions and Networks Oy,24407,244,7,,FI
Finland,Nokia Solutions and Networks Oy,24408,244,8,,FI
Finland,Nokia Solutions and Networks Oy,24409,244,9,,FI
Finland,Nokia Solutions and Networks Oy,24438,244,38,,FI
Finland,Nokia Solutions and Networks Oy,24439,244,39,,FI
Finland,Nokia Solutions and Networks Oy,24440,244,40,,FI
Finland,Nokia Solutions and Networks Oy,24441,244,41,,FI
Finland,Oy Finland Tele2 AB,24416,244,16,,FI
Finland,SCNL Truphone,24429,244,29,,FI
Finland,SMS Provider Corp.,24442,244,42,,FI
Finland,Satakunnan ammattikorkeakoulu Oy,24415,244,15,,FI
Finland,Suomen Virveverkko Oy,24433,244,33,,FI
Finland,TTY-säätiö,24424,244,24,,FI
Finland,Teknologian tutkimuskeskus VTT Oy,24427,244,27,,FI
Finland,Teknologian tutkimuskeskus VTT Oy,24428,244,28,,FI
Finland,Telavox AB / Telavox Oy,24443,244,43,,FI
Finland,Telia Finland Oyj,24491,244,91,FINTF,FI
Finland,Telia Finland Oyj,24420,244,20,,FI
Finland,Telia Finland Oyj / Suomen Yhteisverkko Oy,24436,244,36,,FI
Finland,TeliaSonera Finland Oyj,24492,244,92,,FI
Finland,Tismi BV,24437,244,37,,FI
Finland,Traficom,24410,244,10,,FI
Finland,Traficom,24411,244,11,,FI
Finland,Turun ammattikorkeakoulu Oy,24444,244,44,,FI
Finland,Ukko Mobile Oy,24431,244,31,,FI
Finland,Ukkoverkot Oy,24435,244,35,,FI
Finland,Voxbone SA,24432,244,32,,FI
Finland,Ålands Telekommunikation Ab,24414,244,14,FINAM,FI
Former Netherlands Antilles,Antiliano Por N.V.,36276,362,76,,BQ/CW/SX
Former Netherlands Antilles,Bòbò Frus N.V.,36294,362,94,,BQ/CW/SX
Former Netherlands Antilles,CSC N.V.,36263,362,63,,BQ/CW/SX
Former Netherlands Antilles,Curaçao Telecom N.V.,36269,362,69,ANTCT,BQ/CW/SX
Former Netherlands Antilles,Curaçao Telecom N.V.,36268,362,68,,BQ/CW/SX
Former Netherlands Antilles,E.O.C.G. Wireless,36295,362,95,,BQ/CW/SX
Former Netherlands Antilles,East Caribbean Cellular,36254,362,54,,BQ/CW/SX
Former Netherlands Antilles,Eutel N.V.,36231,362,31,,BQ/CW/SX
Former Netherlands Antilles,PCS N.V.,36274,362,74,,BQ/CW/SX
Former Netherlands Antilles,Telcell N.V.,36251,362,51,ANTTC,BQ/CW/SX
Former Netherlands Antilles,Telefonia Bonairiano N.V.,36278,362,78,,BQ/CW/SX
Former Netherlands Antilles,United Telecommunication Service N.V. (UTS),36259,362,59,,BQ/CW/SX
Former Netherlands Antilles,United Telecommunication Service N.V. (UTS),36260,362,60,,BQ/CW/SX
Former Netherlands Antilles,United Telecommunication Service N.V. (UTS),36291,362,91,,BQ/CW/SX
Former Netherlands Antilles,WICC N.V.,36233,362,33,,BQ/CW/SX
France,Airbus Defence and Space SAS,20828,208,28,,FR
France,Altice,20810,208,10,FRAF2,FR
France,Altice,20808,208,8,,FR
France,Altice,20809,208,9,,FR
France,Altice,20811,208,11,,FR
France,Altice,20813,208,13,,FR
France,Association Plate-forme Télécom,20892,208,92,,FR
France,Bouygues,20820,208,20,FRAF3,FR
France,Bouygues,20821,208,21,,FR
France,Bouygues,20888,208,88,,FR
France,Cellhire France,20834,208,34,,FR
France,Coriolis Telecom,20827,208,27,,FR
France,Cubic télécom France,20829,208,29,,FR
France,Département des Pyrénées-Atlantiques,20833,208,33,,FR
France,EDF,20850,208,50,,FR
France,Euro-Information Telecom SAS,20826,208,26,,FR
France,Fondation b-com,20889,208,89,,FR
France,Globalstar Europe,20805,208,5,,FR
France,Globalstar Europe,20806,208,6,,FR
France,Globalstar Europe,20807,208,7,,FR
France,Halys,20894,208,94,,FR
France,Haute-Garonne numérique,20819,208,19,,FR
France,Free,20815,208,15,FRAFM,FR
France,Free,20816,208,16,,FR
France,Images & Réseaux,20890,208,90,,FR
France,Local Exchange Global Operation Services,20817,208,17,,FR
France,LycaMobile,20825,208,25,,FR
France,MobiquiThings,20803,208,3,,FR
France,MobiquiThings,20824,208,24,,FR
France,Mundio Mobile,20831,208,31,,FR
France,Orange,20801,208,1,FRAF1,FR
France,Orange,20802,208,2,,FR
France,Orange,20832,208,32,,FR
France,Orange,20891,208,91,,FR
France,Orange,20895,208,95,,FR
France,Régie autonome des transports parisiens,20887,208,87,,FR
France,Région Bourgogne-Franche-Comté,20896,208,96,,FR
France,SEM@FOR77,20886,208,86,,FR
France,SNCF Réseau,20814,208,14,,FR
France,Societe d'ingenierie systeme telecom et reseaux,20804,208,4,,FR
France,Société Air France,20898,208,98,,FR
France,Syma Mobile,20830,208,30,,FR
France,Syndicat mixte ouvert Charente Numérique,20823,208,23,,FR
France,Thales Communications & Security SAS,20893,208,93,,FR
France,Thales Communications & Security SAS,20897,208,97,,FR
France,Transatel,20822,208,22,,FR
France,Truphone France,20812,208,12,,FR
France,Voxbone mobile,20818,208,18,,FR
France,Weaccess group,20870,208,70,,FR
French Antilles (France),DIGICEL Antilles Française Guyane,34020,340,20,FRAF4,BL/GF/GP/MF/MQ
French Antilles (France),Dauphin Telecom,34008,340,8,,BL/GF/GP/MF/MQ
French Antilles (France),Free,34009,340,9,,BL/GF/GP/MF/MQ
French Antilles (France),Guadeloupe Téléphone Mobile,34010,340,10,,BL/GF/GP/MF/MQ
French Antilles (France),Guyane Téléphone Mobile,34011,340,11,,BL/GF/GP/MF/MQ
French Antilles (France),Martinique Téléphone Mobile,34012,340,12,,BL/GF/GP/MF/MQ
French Antilles (France),Orange Caraïbe,34001,340,1,GLP01,BL/GF/GP/MF/MQ
French Antilles (France),Outremer Telecom,34002,340,2,,BL/GF/GP/MF/MQ
French Antilles (France),UTS Caraïbe,34003,340,3,,BL/GF/GP/MF/MQ
French Indian Ocean Territories (France),BJT Partners,64701,647,1,,YT/RE
French Indian Ocean Territories (France),Orange La Réunion,64700,647,0,,YT/RE
French Indian Ocean Territories (France),Société Réunionnaise du Radiotéléphone,64710,647,10,,YT/RE
French Indian Ocean Territories (France),Telco OI,64702,647,2,,YT/RE
French Indian Ocean Territories (France),Telco OI,64703,647,3,,YT/RE
French Indian Ocean Territories (France),Zeop mobile,64704,647,4,,YT/RE
French Polynesia (France),Mara Telecom,54710,547,10,,PF
French Polynesia (France),Onati S.A.S.,54720,547,20,FRATK,PF
French Polynesia (France),Pacific Mobile Telecom,54715,547,15,,PF
French Polynesia (France),VITI,54705,547,5,,PF
Gabon,Airtel,62803,628,3,GABCT,GA
Gabon,Moov Africa,62801,628,1,GAB01,GA
Gabon,Moov Africa,62802,628,2,GABTL,GA
Gabon,Réseau de l’Administration Gabonaise,62805,628,5,,GA
Gabon,USAN Gabon S.A.,62804,628,4,GABAZ,GA
Gambia,Africell,60702,607,2,GMBAC,GM
Gambia,Comium,60703,607,3,,GM
Gambia,Gamcel,60701,607,1,,GM
Gambia,Gamtel-Ecowan,60705,607,5,,GM
Gambia,NETPAGE,60706,607,6,,GM
Gambia,QCell Gambia,60704,607,4,GMBQC,GM
Georgia,Asanet Ltd,28213,282,13,,GE
Georgia,Datacomm Ltd,28212,282,12,,GE
Georgia,GlobalCell,28207,282,7,,GE
Georgia,Gmobile,28209,282,9,,GE
Georgia,JSC Compatel,28206,282,6,,GE
Georgia,MagtiCom,28202,282,2,,GE
Georgia,MagtiCom,28203,282,3,,GE
Georgia,Mobilive,28211,282,11,,GE
Georgia,Mobitel,28204,282,4,GEOMT,GE
Georgia,Premium Net International SRL,28210,282,10,,GE
Georgia,Silknet,28201,282,1,GEOGC,GE
Georgia,Silknet,28205,282,5,,GE
Georgia,Silknet,28208,282,8,,GE
Germany,Chaos Computer Club,26242,262,42,,DE
Germany,Core Network Dynamics GmbH,26275,262,75,,DE
Germany,DB Netz AG,26210,262,10,,DE
Germany,DB Telematik,26260,262,60,,DE
Germany,Drillisch Online AG,26223,262,23,,DE
Germany,Ericsson GmbH,26272,262,72,,DE
Germany,First Telecom GmbH,26241,262,41,,DE
Germany,GSMK,26271,262,71,,DE
Germany,Group 3G UMTS,26214,262,14,,DE
Germany,Inquam Deutschland,26219,262,19,,DE
Germany,Lycamobile,26243,262,43,,DE
Germany,Mobilcom Multimedia,26213,262,13,,DE
Germany,Multiconnect GmbH,26221,262,21,,DE
Germany,Nash Technologies,26292,262,92,,DE
Germany,NetCologne,26218,262,18,,DE
Germany,Nokia,26273,262,73,,DE
Germany,Qualcomm CDMA Technologies GmbH,26274,262,74,,DE
Germany,Siemens AG,26276,262,76,,DE
Germany,TelcoVillage GmbH,26224,262,24,,DE
Germany,Telefónica Germany GmbH & Co. oHG,26207,262,7,DEUE2,DE
Germany,Telefónica Germany GmbH & Co. oHG,26203,262,3,,DE
Germany,Telefónica Germany GmbH & Co. oHG,26205,262,5,,DE
Germany,Telefónica Germany GmbH & Co. oHG,26208,262,8,,DE
Germany,Telefónica Germany GmbH & Co. oHG,26211,262,11,,DE
Germany,Telefónica Germany GmbH & Co. oHG,26217,262,17,,DE
Germany,Telefónica Germany GmbH & Co. oHG,26277,262,77,,DE
Germany,Telekom Deutschland GmbH,26201,262,1,DEUD1,DE
Germany,Telekom Deutschland GmbH,26206,262,6,,DE
Germany,Telekom Deutschland GmbH,26278,262,78,,DE
Germany,Telogic Germany GmbH,26216,262,16,,DE
Germany,Vodafone,26202,262,2,DEUD2,DE
Germany,Vodafone,26204,262,4,,DE
Germany,Vodafone,26209,262,9,,DE
Germany,Voiceworks GmbH,26220,262,20,,DE
Germany,ng4T GmbH,26279,262,79,,DE
Germany,sipgate GmbH,26212,262,12,,DE
Germany,sipgate GmbH,26233,262,33,,DE
Germany,sipgate Wireless GmbH,26222,262,22,,DE
Germany,,26215,262,15,,DE
Ghana,Airtel,62006,620,6,GHAZN,GH
Ghana,BTL,62012,620,12,,GH
Ghana,Blu Telecommunications,62010,620,10,,GH
Ghana,BusyInternet,62014,620,14,,GH
Ghana,Globacom Group,62007,620,7,GHAGM,GH
Ghana,Goldkey,62013,620,13,,GH
Ghana,Kasapa / Hutchison Telecom,62004,620,4,,GH
Ghana,Lebara,62015,620,15,,GH
Ghana,MTN Group,62001,620,1,GHASC,GH
Ghana,Millicom Ghana,62003,620,3,GHAMT,GH
Ghana,National Information Technology Agency,62009,620,9,,GH
Ghana,National Security,62005,620,5,,GH
Ghana,Netafrique Dot Com Ltd,62011,620,11,,GH
Ghana,Surfline Communications Ltd,62008,620,8,,GH
Ghana,Telesol,62016,620,16,,GH
Ghana,Vodafone Group,62002,620,2,GHAGT,GH
Ghana,iBurst Africa,62017,620,17,,GH
Gibraltar (UK),CTS Gibraltar,26606,266,6,,GI
Gibraltar (UK),Eazitelecom,26609,266,9,,GI
Gibraltar (UK),GibFibre Ltd,26603,266,3,,GI
Gibraltar (UK),Gibtelecom,26601,266,1,GIBGT,GI
Greece,AMD Telecom,20207,202,7,,GR
Greece,BWS,20215,202,15,,GR
Greece,COSMOTE - Mobile Telecommunications S.A.,20201,202,1,GRCCO,GR
Greece,COSMOTE - Mobile Telecommunications S.A.,20202,202,2,,GR
Greece,CYTA,20214,202,14,GRCCT,GR
Greece,Compatel Limited,20213,202,13,,GR
Greece,Cosmoline,20206,202,6,,GR
Greece,Inter Telecom,20216,202,16,,GR
Greece,OSE,20204,202,4,,GR
Greece,OTE,20203,202,3,,GR
Greece,Vodafone Greece,20205,202,5,GRCPF,GR
Greece,Wind Hellas Telecommunications S.A.,20210,202,10,GRCSH,GR
Greece,Wind Hellas Telecommunications S.A.,20209,202,9,,GR
Greece,Yuboto,20212,202,12,,GR
Greece,interConnect,20211,202,11,,GR
Greenland,TELE Greenland A/S,29001,290,1,GRLTG,GL
Greenland,inu:it a/s,29002,290,2,,GL
Grenada,Cable & Wireless Grenada Ltd.,352110,352,110,GRDCW,GD
Grenada,Digicel Grenada Ltd.,352030,352,30,,GD
Guam (USA),Guam Telephone Authority,310033,310,33,,GU
Guam (USA),"IT&E Overseas, Inc",310032,310,32,,GU
Guam (USA),NTT DoCoMo Pacific,310370,310,370,GUMDP,GU
Guam (USA),NTT DoCoMo Pacific,310470,310,470,GUMHT,GU
Guam (USA),"Teleguam Holdings, LLC",310140,310,140,,GU
Guam (USA),Wave Runner LLC,310400,310,400,,GU
Guam (USA),Wave Runner LLC,310480,310,480,,GU
Guam (USA),Wave Runner LLC,311120,311,120,,GU
Guam (USA),Wave Runner LLC,311250,311,250,,GU
Guatemala,Millicom / Local partners,70402,704,2,,GT
Guatemala,"Telecomunicaciones de Guatemala, S.A.",70401,704,1,GTMSC,GT
Guatemala,Telefónica Móviles Guatemala (Telefónica),70403,704,3,GTMTG,GT
Guernsey (UK),Guernsey Airtel Ltd,23403,234,3,,GG
Guernsey (UK),JT Group Limited,23450,234,50,GBRJT,GG
Guernsey (UK),Sure (Guernsey) Limited,23455,234,55,,GG
Guinea,Areeba Guinea,61104,611,4,GINAG,GN
Guinea,Cellcom,61105,611,5,,GN
Guinea,INTERCEL Guinée,61103,611,3,,GN
Guinea,Orange S.A.,61101,611,1,GINGS,GN
Guinea,Sotelgui Lagui,61102,611,2,,GN
Guinea-Bissau,Guinétel S.A.,63201,632,1,,GW
Guinea-Bissau,Guinétel S.A.,63207,632,7,,GW
Guinea-Bissau,Spacetel Guiné-Bissau S.A.,63202,632,2,GNBSB,GW
Guinea-Bissau,,63203,632,3,,GW
Guyana,Guyana Telephone & Telegraph Co.,738002,738,2,,GY
Guyana,Quark Communications Inc.,738003,738,3,,GY
Guyana,U-Mobile (Cellular) Inc.,73801,738,1,GUYUM,GY
Guyana,"eGovernment Unit, Ministry of the Presidency",73805,738,5,,GY
Haiti,Communication Cellulaire d'Haiti S.A.,37201,372,1,HTICL,HT
Haiti,NATCOM S.A.,37203,372,3,HTIVT,HT
Haiti,Unigestion Holding S.A.,37202,372,2,,HT
Honduras,Celtel,708002,708,2,,HN
Honduras,Digicel de Honduras,708040,708,40,HNDDC,HN
Honduras,Empresa Hondureña de Telecomunicaciones,708030,708,30,,HN
Honduras,Servicios de Comunicaciones de Honduras S.A. de C.V.,708001,708,1,HNDME,HN
Hong Kong,21Vianet Mobile Ltd.,45421,454,21,,HK
Hong Kong,263 Mobile Communications (HongKong) Limited,45422,454,22,,HK
Hong Kong,CITIC Telecom 1616,45401,454,1,,HK
Hong Kong,CSL Limited,45410,454,10,HKGNW,HK
Hong Kong,CSL Limited,45400,454,0,HKGTC,HK
Hong Kong,CSL Limited,45402,454,2,,HK
Hong Kong,CSL Limited,45418,454,18,,HK
Hong Kong,China Data Enterprises Ltd,45430,454,30,,HK
Hong Kong,China Mobile Hong Kong Company Limited,45412,454,12,HKGPP,HK
Hong Kong,China Mobile Hong Kong Company Limited,45413,454,13,,HK
Hong Kong,China Motion Telecom,45409,454,9,,HK
Hong Kong,China Telecom Global Limited,45431,454,31,,HK
Hong Kong,China Unicom (Hong Kong) Limited,45407,454,7,,HK
Hong Kong,China-Hong Kong Telecom,45411,454,11,,HK
Hong Kong,Hong Kong Broadband Network Ltd,45432,454,32,,HK
Hong Kong,Hong Kong Government,45425,454,25,,HK
Hong Kong,Hong Kong Government,45426,454,26,,HK
Hong Kong,Hutchison Telecom,45403,454,3,HKGH3,HK
Hong Kong,Hutchison Telecom,45404,454,4,HKGHT,HK
Hong Kong,Hutchison Telecom,45405,454,5,,HK
Hong Kong,Hutchison Telecom,45414,454,14,,HK
Hong Kong,Lycamobile Hong Kong Ltd,45423,454,23,,HK
Hong Kong,Multibyte Info Technology Ltd,45424,454,24,,HK
Hong Kong,PCCW,45416,454,16,HKGMC,HK
Hong Kong,PCCW-HKT,45419,454,19,HKGM3,HK
Hong Kong,PCCW-HKT,45420,454,20,,HK
Hong Kong,PCCW-HKT,45429,454,29,,HK
Hong Kong,SmarTone Mobile Communications Limited,45406,454,6,HKGSM,HK
Hong Kong,SmarTone Mobile Communications Limited,45415,454,15,,HK
Hong Kong,SmarTone Mobile Communications Limited,45417,454,17,,HK
Hong Kong,Truphone Limited,45408,454,8,,HK
Hong Kong,Webbing Hong Kong Ltd,45435,454,35,,HK
Hungary,DIGI Telecommunication Ltd.,21603,216,3,,HU
Hungary,Invitech ICT Services Ltd.,21604,216,4,,HU
Hungary,MVM Net Ltd.,21602,216,2,,HU
Hungary,Magyar Telekom Plc,21630,216,30,HUNH2,HU
Hungary,Magyar Államvasutak,21699,216,99,,HU
Hungary,Telenor Magyarország Zrt.,21601,216,1,HUNH1,HU
Hungary,UPC Hungary Ltd.,21671,216,71,,HU
Hungary,Vodafone Magyarország Zrt.,21670,216,70,HUNVR,HU
Iceland,Halló Frjáls fjarskipti hf.,27405,274,5,,IS
Iceland,IMC Island ehf,27404,274,4,ISLVW,IS
Iceland,IP fjarskipti,27412,274,12,,IS
Iceland,IceCell ehf,27407,274,7,,IS
Iceland,Iceland Telecom,27401,274,1,ISLPS,IS
Iceland,Iceland Telecom,27408,274,8,,IS
Iceland,Iceland Telecom,27431,274,31,,IS
Iceland,Landhelgisgæslan (Icelandic Coast Guard),27422,274,22,,IS
Iceland,Nova ehf,27411,274,11,ISLNO,IS
Iceland,Núll níu ehf,27406,274,6,,IS
Iceland,Og fjarskipti hf,27402,274,2,ISLTL,IS
Iceland,Og fjarskipti hf,27403,274,3,,IS
Iceland,Tismi BV,27416,274,16,,IS
India,Andaman Nicobar,40479,404,79,,IN
India,Andhra Pradesh,405854,405,854,INDJ2,IN
India,Andhra Pradesh and Telangana,40407,404,7,IND07,IN
India,Andhra Pradesh and Telangana,405801,405,801,IND23,IN
India,Andhra Pradesh and Telangana,40449,404,49,INDJH,IN
India,Andhra Pradesh and Telangana,405025,405,25,INDT0,IN
India,Andhra Pradesh and Telangana,40413,404,13,,IN
India,Andhra Pradesh and Telangana,40473,404,73,,IN
India,Andhra Pradesh and Telangana,40501,405,1,,IN
India,Andhra Pradesh and Telangana,405819,405,819,,IN
India,Andhra Pradesh and Telangana,405908,405,908,,IN
India,Andhra Pradesh and Telangana,405912,405,912,,IN
India,Assam,40429,404,29,IND06,IN
India,Assam,40556,405,56,IND15,IN
India,Assam,405855,405,855,INDJ3,IN
India,Assam,40409,404,9,,IN
India,Assam,40438,404,38,,IN
India,Assam,405026,405,26,,IN
India,Assam,405751,405,751,,IN
India,Assam,405824,405,824,,IN
India,Assam,405845,405,845,,IN
India,Assam,405875,405,875,,IN
India,Assam,405881,405,881,,IN
India,Bihar,40425,404,25,IND04,IN
India,Bihar,405856,405,856,INDJ4,IN
India,Bihar,40475,404,75,,IN
India,Bihar,40503,405,3,,IN
India,Bihar & Jharkhand,40552,405,52,IND12,IN
India,Bihar & Jharkhand,40570,405,70,INDIB,IN
India,Bihar & Jharkhand,40436,404,36,,IN
India,Bihar & Jharkhand,405752,405,752,,IN
India,Bihar/Jharkhand,405027,405,27,INDTB,IN
India,Chennai,40441,404,41,INDRC,IN
India,Chennai,40440,404,40,INDSC,IN
India,Chennai,40464,404,64,,IN
India,Chennai,40484,404,84,,IN
India,Chennai,405028,405,28,,IN
India,Chennai,40504,405,4,,IN
India,Delhi,405872,405,872,INDJV,IN
India,Delhi,405029,405,29,INDTD,IN
India,Delhi,405909,405,909,,IN
India,Delhi & NCR,405800,405,800,IND19,IN
India,Delhi & NCR,40410,404,10,INDAT,IN
India,Delhi & NCR,40468,404,68,INDDL,IN
India,Delhi & NCR,40411,404,11,INDE1,IN
India,Delhi & NCR,40404,404,4,INDID,IN
India,Delhi & NCR,40505,405,5,,IN
India,Delhi & NCR,405844,405,844,,IN
India,Delhi & NCR,405913,405,913,,IN
India,Gujarat,405802,405,802,IND28,IN
India,Gujarat,40498,404,98,INDA3,IN
India,Gujarat,40424,404,24,INDBI,IN
India,Gujarat,40405,404,5,INDF1,IN
India,Gujarat,405857,405,857,INDJ5,IN
India,Gujarat,405030,405,30,INDTG,IN
India,Gujarat,40457,404,57,,IN
India,Gujarat,40506,405,6,,IN
India,Gujarat,405827,405,827,,IN
India,Gujarat,405914,405,914,,IN
India,Gujarat,405927,405,927,,IN
India,Haryana,405807,405,807,IND29,IN
India,Haryana,40496,404,96,INDA5,IN
India,Haryana,40412,404,12,INDEH,IN
India,Haryana,405858,405,858,INDJ6,IN
India,Haryana,405031,405,31,INDTH,IN
India,Haryana,40401,404,1,,IN
India,Haryana,40434,404,34,,IN
India,Haryana,40507,405,7,,IN
India,Haryana,405910,405,910,,IN
India,Himachal Pradesh,40435,404,35,IND02,IN
India,Himachal Pradesh,40403,404,3,INDBL,IN
India,Himachal Pradesh,40482,404,82,INDIH,IN
India,Himachal Pradesh,405859,405,859,INDJ7,IN
India,Himachal Pradesh,405032,405,32,INDT4,IN
India,Himachal Pradesh,40418,404,18,,IN
India,Himachal Pradesh,40451,404,51,,IN
India,Himachal Pradesh,40508,405,8,,IN
India,Himachal Pradesh,405754,405,754,,IN
India,Jammu & Kashmir,40437,404,37,,IN
India,Jammu & Kashmir,40462,404,62,,IN
India,Jammu & Kashmir,405033,405,33,,IN
India,Jammu & Kashmir,40509,405,9,,IN
India,Jammu & Kashmir,40555,405,55,,IN
India,Jammu & Kashmir,405750,405,750,,IN
India,Jammu & Kashmir,405846,405,846,,IN
India,Jammu & Kashmir,405860,405,860,,IN
India,Karnataka,405803,405,803,IND22,IN
India,Karnataka,40445,404,45,INDJ8,IN
India,Karnataka,405861,405,861,INDJ9,IN
India,Karnataka,40444,404,44,INDSK,IN
India,Karnataka,405034,405,34,INDT1,IN
India,Karnataka,40486,404,86,,IN
India,Karnataka,40510,405,10,,IN
India,Karnataka,405820,405,820,,IN
India,Karnataka,405847,405,847,,IN
India,Karnataka (Bangalore),40471,404,71,,IN
India,Kerala,405809,405,809,IND20,IN
India,Kerala,40495,404,95,INDA7,IN
India,Kerala,40446,404,46,INDBK,IN
India,Kerala,40419,404,19,INDEK,IN
India,Kerala,405862,405,862,INDJL,IN
India,Kerala,405035,405,35,INDT3,IN
India,Kerala,40472,404,72,,IN
India,Kerala,40511,405,11,,IN
India,Kerala,405821,405,821,,IN
India,Kerala,405917,405,917,,IN
India,Kolkata,40491,404,91,IND09,IN
India,Kolkata,40430,404,30,INDCC,IN
India,Kolkata,405848,405,848,INDIK,IN
India,Kolkata,405873,405,873,INDJW,IN
India,Kolkata,40431,404,31,INDMT,IN
India,Kolkata,405036,405,36,INDTK,IN
India,Kolkata,40481,404,81,,IN
India,Kolkata,40483,404,83,,IN
India,Kolkata,40512,405,12,,IN
India,Kolkata,405822,405,822,,IN
India,Madhya Pradesh,405808,405,808,IND27,IN
India,Madhya Pradesh,40493,404,93,INDA8,IN
India,Madhya Pradesh,405863,405,863,INDJM,IN
India,Madhya Pradesh,405038,405,38,INDT5,IN
India,Madhya Pradesh,40514,405,14,,IN
India,Madhya Pradesh,405834,405,834,,IN
India,Madhya Pradesh & Chattishgarh,40478,404,78,INDMP,IN
India,Madhya Pradesh & Chhattisgarh,40467,404,67,INDRM,IN
India,Madhya Pradesh & Chhattisgarh,40458,404,58,,IN
India,Madhya Pradesh & Chhattisgarh,405756,405,756,,IN
India,Maharashtra,40490,404,90,INDA2,IN
India,Maharashtra,405864,405,864,INDJN,IN
India,Maharashtra,405911,405,911,,IN
India,Maharashtra,405929,405,929,,IN
India,Maharashtra & Goa,405804,405,804,IND24,IN
India,Maharashtra & Goa,40427,404,27,INDBM,IN
India,Maharashtra & Goa,40422,404,22,INDBO,IN
India,Maharashtra & Goa,405037,405,37,INDT6,IN
India,Maharashtra & Goa,40466,404,66,,IN
India,Maharashtra & Goa,40513,405,13,,IN
India,Mumbai,405805,405,805,IND21,IN
India,Mumbai,40492,404,92,INDA1,IN
India,Mumbai,40420,404,20,INDHM,IN
India,Mumbai,405799,405,799,INDIM,IN
India,Mumbai,405874,405,874,INDJX,IN
India,Mumbai,40469,404,69,INDMB,IN
India,Mumbai,405039,405,39,INDTM,IN
India,Mumbai,40421,404,21,,IN
India,Mumbai,40515,405,15,,IN
India,North East,40416,404,16,IND16,IN
India,North East,405865,405,865,INDJO,IN
India,North East,40450,404,50,,IN
India,North East,40477,404,77,,IN
India,North East,405755,405,755,,IN
India,North East,405849,405,849,,IN
India,Orissa,40428,404,28,IND05,IN
India,Orissa,40553,405,53,IND11,IN
India,Orissa,405850,405,850,INDIO,IN
India,Orissa,405866,405,866,INDJP,IN
India,Orissa,405041,405,41,INDTO,IN
India,Orissa,40452,404,52,,IN
India,Orissa,40476,404,76,,IN
India,Orissa,40517,405,17,,IN
India,Orissa,405753,405,753,,IN
India,Punjab,405812,405,812,IND25,IN
India,Punjab,40402,404,2,INDA9,IN
India,Punjab,405867,405,867,INDJQ,IN
India,Punjab,40414,404,14,INDSP,IN
India,Punjab,405042,405,42,INDTP,IN
India,Punjab,40453,404,53,,IN
India,Punjab,40518,405,18,,IN
India,Punjab,405851,405,851,,IN
India,Rajasthan,405806,405,806,IND26,IN
India,Rajasthan,40470,404,70,INDH1,IN
India,Rajasthan,40487,404,87,INDIR,IN
India,Rajasthan,405868,405,868,INDJR,IN
India,Rajasthan,405043,405,43,INDTR,IN
India,Rajasthan,40459,404,59,,IN
India,Rajasthan,40460,404,60,,IN
India,Rajasthan,40519,405,19,,IN
India,Tamil Nadu,40494,404,94,INDA4,IN
India,Tamil Nadu,40442,404,42,INDAC,IN
India,Tamil Nadu,40443,404,43,INDBT,IN
India,Tamil Nadu,405852,405,852,INDIT,IN
India,Tamil Nadu,40480,404,80,,IN
India,Tamil Nadu,40520,405,20,,IN
India,Tamil Nadu (incl. Chennai),405869,405,869,INDJS,IN
India,Tamil Nadu including Chennai,405044,405,44,INDT2,IN
India,Unknown,40448,404,48,,IN
India,Uttar Pradesh (E),405045,405,45,INDT7,IN
India,Uttar Pradesh (East),40554,405,54,IND10,IN
India,Uttar Pradesh (East),405810,405,810,IND17,IN
India,Uttar Pradesh (East),40489,404,89,INDIU,IN
India,Uttar Pradesh (East),405871,405,871,INDJU,IN
India,Uttar Pradesh (East),40415,404,15,,IN
India,Uttar Pradesh (East),40455,404,55,,IN
India,Uttar Pradesh (East),40521,405,21,,IN
India,Uttar Pradesh (W) & Uttarakhand,405046,405,46,INDT8,IN
India,Uttar Pradesh (West),405811,405,811,IND18,IN
India,Uttar Pradesh (West),40497,404,97,INDA6,IN
India,Uttar Pradesh (West),40456,404,56,INDEU,IN
India,Uttar Pradesh (West),405870,405,870,INDJT,IN
India,Uttar Pradesh (West),40454,404,54,,IN
India,Uttar Pradesh (West),40522,405,22,,IN
India,Uttar Pradesh (West),40566,405,66,,IN
India,Uttar Pradesh (West),405818,405,818,,IN
India,Vodafone Punjab,40488,404,88,,IN
India,West Bengal,40417,404,17,IND03,IN
India,West Bengal,40551,405,51,IND14,IN
India,West Bengal,405853,405,853,INDIW,IN
India,West Bengal,405840,405,840,INDJ1,IN
India,West Bengal,405047,405,47,INDT9,IN
India,West Bengal,40474,404,74,INDWB,IN
India,West Bengal,40485,404,85,,IN
India,West Bengal,40523,405,23,,IN
India,West Bengal,40567,405,67,,IN
India,West Bengal,405880,405,880,,IN
Indonesia,PT Bakrie Telecom,51099,510,99,,ID
Indonesia,PT Berca Hardayaperkasa,51078,510,78,,ID
Indonesia,PT Hutchison CP Telecommunications,51089,510,89,IDN89,ID
Indonesia,PT Indonesian Satellite Corporation Tbk (INDOSAT),51021,510,21,IDNIM,ID
Indonesia,PT Indonesian Satellite Corporation Tbk (INDOSAT),51001,510,1,IDNSL,ID
Indonesia,PT Indosat Tbk,51003,510,3,,ID
Indonesia,PT Internux,51088,510,88,,ID
Indonesia,PT Mobile-8 Telecom,51028,510,28,,ID
Indonesia,PT Natrindo Telepon Seluler,51008,510,8,IDNLT,ID
Indonesia,PT Pasifik Satelit Nusantara (ACeS),51000,510,0,,ID
Indonesia,PT Sampoerna Telekomunikasi Indonesia,51027,510,27,,ID
Indonesia,PT Smartfren Telecom,51009,510,9,,ID
Indonesia,PT Telekomunikasi Selular,51010,510,10,IDNTS,ID
Indonesia,PT Telkom,51007,510,7,,ID
Indonesia,PT Telkom Indonesia Tbk,51020,510,20,,ID
Indonesia,PT XL Axiata Tbk,51011,510,11,IDNEX,ID
Iran,Arya Resaneh Tadbir,43250,432,50,,IR
Iran,Azartel Mobile,43202,432,2,,IR
Iran,Dadeh Dostar asr Novin p.j.s. co & Information Technology Company of Iran,43212,432,12,,IR
Iran,Ertebatat Iran,43201,432,1,,IR
Iran,Ertebatat Mobinnet,43240,432,40,,IR
Iran,Farzanegan Pars,43293,432,93,,IR
Iran,IRAPHONE GHESHM of Iran,43290,432,90,,IR
Iran,Iraphone,43293,432,93,,IR
Iran,MTN Irancell Telecommunications Services Company,43235,432,35,IRNMI,IR
Iran,Mobile Communications Company of Iran (MCI),43211,432,11,IRN11,IR
Iran,Mobile Telecommunications Company of Esfahan,43219,432,19,,IR
Iran,Samantel Mobile,43210,432,10,,IR
Iran,Shatel Mobile,43208,432,8,,IR
Iran,Social Security Investment Co.,43220,432,20,IRNTT,IR
Iran,Social Security Investment Co.,43221,432,21,,IR
Iran,TCI of Iran and Iran Mobin,43232,432,32,,IR
Iran,TCI of Iran and Rightel,43299,432,99,,IR
Iran,Telecommunication Kish Company,43214,432,14,,IR
Iran,Telephone Communications Company of Iran,43270,432,70,,IR
Iran,Telephone Communications Company of Iran,43271,432,71,,IR
Iraq,Asia Cell Telecommunications Company,41805,418,5,IRQAC,IQ
Iraq,Asia Cell Telecommunications Company,41800,418,0,,IQ
Iraq,Itisaluna Wireless CO.,41862,418,62,,IQ
Iraq,Mobitel Co. Ltd.,41845,418,45,,IQ
Iraq,Omnnea Wireless,41892,418,92,,IQ
Iraq,Telecom Ltd,41840,418,40,,IQ
Iraq,Zain Iraq,41820,418,20,,IQ
Iraq,Zain Iraq,41830,418,30,,IQ
Iraq,,41808,418,8,,IQ
Ireland,Access Telecom,27204,272,4,,IE
Ireland,Carphone Warehouse,27216,272,16,,IE
Ireland,Clever Communications Ltd.,27209,272,9,,IE
Ireland,Cubic Telecom Limited,27218,272,18,,IE
Ireland,Eir Group plc,27203,272,3,IRLME,IE
Ireland,Eir Group plc,27207,272,7,,IE
Ireland,Eir Group plc,27208,272,8,,IE
Ireland,Hutchison 3G Ireland limited,27202,272,2,IRLDF,IE
Ireland,Hutchison 3G Ireland limited,27205,272,5,IRLH3,IE
Ireland,Hutchison 3G Ireland limited,27217,272,17,,IE
Ireland,Liffey Telecom,27211,272,11,,IE
Ireland,Lycamobile,27213,272,13,,IE
Ireland,Net Feasa Limited,27221,272,21,,IE
Ireland,UPC,27215,272,15,,IE
Ireland,Vodafone Ireland,27201,272,1,IRLEC,IE
Isle of Man (UK),Bluewave Communications Ltd.,23473,234,73,,IM
Isle of Man (UK),Cloud 9 Mobile Communications PLC,23418,234,18,,IM
Isle of Man (UK),Manx Telecom,23458,234,58,GBRMT,IM
Isle of Man (UK),Sure Isle of Man Ltd.,23436,234,36,,IM
Israel,019 Communication Services Ltd. / TELZAR,42519,425,19,,IL
Israel,365 Telecom,42511,425,11,,IL
Israel,Alon Cellular Ltd.,42514,425,14,,IL
Israel,B.I.P. Communications Ltd.,42521,425,21,,IL
Israel,Beezz Communication Solutions Ltd.,42523,425,23,,IL
Israel,Bezeq The Israeli Telecommunication Corp Ltd.,42520,425,20,,IL
Israel,CG Networks,42529,425,29,,IL
Israel,Cellact Communications Ltd.,42518,425,18,,IL
Israel,Cellcom Israel Ltd.,42502,425,2,ISRCL,IL
Israel,Free,42512,425,12,,IL
Israel,Gale Phone,42517,425,17,,IL
Israel,Globalsim Ltd,42504,425,4,,IL
Israel,Golan Telecom Ltd.,42508,425,8,,IL
Israel,Home Cellular Ltd.,42515,425,15,,IL
Israel,Hot Mobile Ltd.,42507,425,7,ISRMS,IL
Israel,Israel Ministry of Defense,42525,425,25,,IL
Israel,Ituran Cellular Communications,42513,425,13,,IL
Israel,LB Annatel Ltd.,42526,425,26,,IL
Israel,Marathon 018 Xphone Ltd.,42509,425,9,,IL
Israel,PHI Networks,42528,425,28,,IL
Israel,Palestine Cellular Communications Ltd.,42505,425,5,PSEJE,IL
Israel,Partner Communications Company Ltd.,42501,425,1,ISR01,IL
Israel,Partner Communications Company Ltd.,42510,425,10,,IL
Israel,Partner Communications Company Ltd.,42524,425,24,,IL
Israel,Pelephone Communications Ltd.,42503,425,3,ISRPL,IL
Israel,Rami Levy Communications Ltd.,42516,425,16,,IL
Israel,Wataniya Palestine Ltd. (Ooredoo),42506,425,6,,IL
Italy,BLU S.p.A.,22298,222,98,,IT
Italy,BT Italia,22234,222,34,,IT
Italy,COOP Voce,22253,222,53,,IT
Italy,Digi Italy S.r.l.,22236,222,36,,IT
Italy,Fastweb S.p.A.,22208,222,8,,IT
Italy,Iliad Italia,22250,222,50,ITAFM,IT
Italy,Linkem S.p.A.,22238,222,38,,IT
Italy,Lycamobile,22235,222,35,,IT
Italy,Mass Response GMBH,22256,222,56,,IT
Italy,Noverca,22207,222,7,,IT
Italy,Poste Mobile S.p.A.,22233,222,33,,IT
Italy,Rete Ferroviaria Italiana,22230,222,30,,IT
Italy,SMS Italia S.r.l.,22239,222,39,,IT
Italy,Telecom Italia S.p.A,22201,222,1,ITASI,IT
Italy,Telecom Italia S.p.A.,22243,222,43,,IT
Italy,Telecom Italia S.p.A.,22248,222,48,,IT
Italy,Tiscali S.p.A.,22247,222,47,,IT
Italy,Vodafone Italia S.p.A.,22210,222,10,ITAOM,IT
Italy,Vodafone Italia S.p.A.,22206,222,6,,IT
Italy,Welcome Italia S.p.A.,22249,222,49,,IT
Italy,Wind Tre,22299,222,99,ITAH3,IT
Italy,Wind Tre,22288,222,88,ITAWI,IT
Italy,Wind Tre,22237,222,37,,IT
Italy,,22202,222,2,,IT
Italy,,22204,222,4,,IT
Italy,,22205,222,5,,IT
Italy,,22254,222,54,,IT
Italy,,22277,222,77,,IT
Ivory Coast,Aircomm,61207,612,7,,CI
Ivory Coast,Atlantique Cellulaire,61202,612,2,CIV02,CI
Ivory Coast,Comium Ivory Coast Inc,61204,612,4,,CI
Ivory Coast,Cora de Comstar,61201,612,1,,CI
Ivory Coast,Loteny Telecom,61205,612,5,CIVTL,CI
Ivory Coast,Orange,61203,612,3,,CI
Ivory Coast,Oricel,61206,612,6,,CI
Ivory Coast,YooMee,61218,612,18,,CI
Jamaica,Cable & Wireless Communications,338180,338,180,JAMCW,JM
Jamaica,Cable & Wireless Communications,338110,338,110,,JM
Jamaica,Digicel (Jamaica) Limited,338050,338,50,JAMDC,JM
Jamaica,LIME (Cable & Wireless),338020,338,20,,JM
Jamaica,Oceanic Digital Jamaica Limited,338070,338,70,,JM
Jamaica,Symbiote Investment Limited,338040,338,40,,JM
Japan,"Cable media waiwai Co., Ltd.",44012,440,12,,JP
Japan,"Hanshin Cable Engineering Co., Ltd.",44002,440,2,,JP
Japan,Internet Initiative Japan Inc.,44003,440,3,,JP
Japan,"Japan Radio Company, Ltd.",44004,440,4,,JP
Japan,KDDI Corporation,44051,440,51,JPNKI,JP
Japan,KDDI Corporation,44050,440,50,,JP
Japan,KDDI Corporation,44052,440,52,,JP
Japan,KDDI Corporation,44053,440,53,,JP
Japan,KDDI Corporation,44054,440,54,,JP
Japan,KDDI Corporation,44070,440,70,,JP
Japan,KDDI Corporation,44071,440,71,,JP
Japan,KDDI Corporation,44072,440,72,,JP
Japan,KDDI Corporation,44073,440,73,,JP
Japan,KDDI Corporation,44074,440,74,,JP
Japan,KDDI Corporation,44075,440,75,,JP
Japan,KDDI Corporation,44076,440,76,,JP
Japan,"LTE-X, Inc.",44007,440,7,,JP
Japan,Marubeni Wireless Communications Inc.,44009,440,9,,JP
Japan,"NTT DoCoMo, Inc.",44010,440,10,JPNDO,JP
Japan,Okinawa Cellular Telephone,44078,440,78,,JP
Japan,"Panasonic Systems Solutions Japan Co., Ltd.",44008,440,8,,JP
Japan,"Rakuten Mobile Network, Inc.",44011,440,11,,JP
Japan,SAKURA Internet Inc.,44006,440,6,,JP
Japan,SoftBank Corp.,44020,440,20,JPNJP,JP
Japan,SoftBank Corp.,44000,440,0,,JP
Japan,SoftBank Corp.,44021,440,21,,JP
Japan,SoftBank Corp.,44101,441,1,,JP
Japan,Tokyo Organising Committee of the Olympic and Paralympic Games,44091,440,91,,JP
Japan,UQ Communications Inc.,44001,440,1,,JP
Japan,UQ Communications Inc.,44110,441,10,,JP
Japan,Wireless City Planning Inc.,44005,440,5,,JP
Jersey (UK),JT Group Limited,23450,234,50,GBRJT,JE
Jersey (UK),Jersey Airtel Limited,23403,234,3,,JE
Jersey (UK),Marathon Telecom Limited,23428,234,28,,JE
Jersey (UK),Sure (Jersey) Limited,23455,234,55,,JE
Jordan,Jordan Mobile Telephone Services,41601,416,1,JORFL,JO
Jordan,Petra Jordanian Mobile Telecommunications Company (MobileCom),41677,416,77,JORMC,JO
Jordan,Umniah Mobile Company,41603,416,3,JORUM,JO
Jordan,XPress Telecom,41602,416,2,,JO
Kazakhstan,Altel,40107,401,7,,KZ
Kazakhstan,KaR-Tel LLP,40101,401,1,KAZKT,KZ
Kazakhstan,Kcell JSC,40102,401,2,KAZKZ,KZ
Kazakhstan,MTS,40177,401,77,KAZ77,KZ
Kazakhstan,,40108,401,8,,KZ
Kenya,Bharti Airtel,63903,639,3,KENKC,KE
Kenya,Essar Telecom Kenya,63905,639,5,KENEC,KE
Kenya,Finserve Africa Limited,63906,639,6,,KE
Kenya,Homeland Media Group Limited,63909,639,9,,KE
Kenya,Jamii Telecommunications Limited,63910,639,10,,KE
Kenya,Mobile Pay Kenya Limited,63904,639,4,,KE
Kenya,Safaricom Limited,63902,639,2,KENSA,KE
Kenya,Safaricom Limited,63901,639,1,,KE
Kenya,Sema Mobile Services Limited,63908,639,8,,KE
Kenya,Telkom Kenya,63907,639,7,KENTK,KE
Kenya,WiAfrica Kenya Limited,63911,639,11,,KE
Kiribati,Amalgamated Telecom Holdings Kiribati Limited,54501,545,1,KIRKL,KI
Kiribati,Amalgamated Telecom Holdings Kiribati Limited,54509,545,9,,KI
Kiribati,OceanLink,54502,545,2,,KI
Kosovo,Dardaphone.Net LLC,22106,221,6,,XK
Kosovo,Dukagjini Telecommunications LLC,22107,221,7,,XK
Kosovo,IPKO,22102,221,2,K0001,XK
Kosovo,Telecom of Kosovo J.S.C.,22101,221,1,,XK
Kuwait,National Mobile Telecommunications,41903,419,3,KWTNM,KW
Kuwait,STC,41904,419,4,KWTKT,KW
Kuwait,Zain Kuwait,41902,419,2,KWTMT,KW
Kyrgyzstan,7 Mobile,43703,437,3,,KG
Kyrgyzstan,Alfa Telecom CJSC,43705,437,5,,KG
Kyrgyzstan,NurTelecom LLC,43709,437,9,,KG
Kyrgyzstan,Saima Telecom,43710,437,10,,KG
Kyrgyzstan,Sky Mobile LLC,43701,437,1,KGZ01,KG
Kyrgyzstan,iTel,43711,437,11,,KG
Laos,Enterprise of Telecommunications Lao,45702,457,2,LAOET,LA
Laos,Lao Telecom,45701,457,1,LAOTC,LA
Laos,"Star Telecom Co., Ltd",45703,457,3,LAOAS,LA
Laos,VimpelCom Lao Ltd,45708,457,8,LAOTL,LA
Latvia,Beta Telecom,24704,247,4,,LV
Latvia,Bite Latvija,24705,247,5,,LV
Latvia,Camel Mobile,24709,247,9,,LV
Latvia,IZZI,24708,247,8,,LV
Latvia,Latvian Mobile Telephone,24701,247,1,LVALM,LV
Latvia,Rigatta,24706,247,6,,LV
Latvia,"SIA ""MEGATEL""",24707,247,7,,LV
Latvia,Tele2,24702,247,2,LVABC,LV
Latvia,Telekom Baltija,24703,247,3,,LV
Lebanon,MIC 1,41501,415,1,LBNFL,LB
Lebanon,MIC 2,41503,415,3,LBNLC,LB
Lebanon,Ogero Telecom,41505,415,5,,LB
Lesotho,Econet Ezi-cel,65102,651,2,LSOET,LS
Lesotho,Vodacom Lesotho (Pty) Ltd,65101,651,1,LSOVL,LS
Lesotho,Vodacom Lesotho (Pty) Ltd,65110,651,10,,LS
Liberia,Atlantic Wireless (Liberia) Inc.,61802,618,2,,LR
Liberia,Liberia Telecommunications Corporation,61820,618,20,,LR
Liberia,Lonestar Communications Corporation,61801,618,1,,LR
Liberia,Novafone Inc.,61804,618,4,,LR
Liberia,Orange Liberia,61807,618,7,,LR
Libya,Al-Jeel Al-Jadeed,60602,606,2,,LY
Libya,Al-Madar Al-Jadeed,60601,606,1,LBY01,LY
Libya,Hatef Libya,60606,606,6,,LY
Libya,Libya Telecom & Technology (LTT),60603,606,3,,LY
Libya,Libyana,60600,606,0,,LY
Liechtenstein,Alpcom AG,29577,295,77,LIETG,LI
Liechtenstein,Cubic Telecom AG,29506,295,6,,LI
Liechtenstein,DIMOCO Messaging AG,29511,295,11,,LI
Liechtenstein,EMnify GmbH,29509,295,9,,LI
Liechtenstein,First Mobile AG,29507,295,7,,LI
Liechtenstein,Salt Liechtenstein AG,29502,295,2,LIEVE,LI
Liechtenstein,Soracom LI Ltd.,29510,295,10,,LI
Liechtenstein,Swisscom Schweiz AG,29501,295,1,,LI
Liechtenstein,Telecom Liechtenstein AG,29505,295,5,LIEMK,LI
Lithuania,Compatel Ltd.,24607,246,7,,LT
Lithuania,DATASIM OU,24611,246,11,,LT
Lithuania,Interactive Digital Media GmbH,24609,246,9,,LT
Lithuania,LR vidaus reikalų ministerija (Ministry of the Interior),24604,246,4,,LT
Lithuania,Lietuvos geležinkeliai (Lithuanian Railways),24605,246,5,,LT
Lithuania,Lietuvos radijo ir televizijos centras,24608,246,8,,LT
Lithuania,Telia Lietuva,24601,246,1,LTUOM,LT
Lithuania,UAB Bitė Lietuva,24602,246,2,LTUMT,LT
Lithuania,UAB Mediafon,24606,246,6,,LT
Lithuania,"UAB Tele2 (Tele2 AB, Sweden)",24603,246,3,LTU03,LT
Luxembourg,Blue Communications,27010,270,10,,LU
Luxembourg,Bouygues Telecom S.A.,27007,270,7,,LU
Luxembourg,E-Lux Mobile Telecommunication S.A.,27081,270,81,,LU
Luxembourg,Interactive digital media GmbH,27078,270,78,,LU
Luxembourg,MTX Connect S.a.r.l.,27002,270,2,,LU
Luxembourg,Mitto AG,27079,270,79,,LU
Luxembourg,Orange S.A.,27099,270,99,LUXVM,LU
Luxembourg,POST Luxembourg,27001,270,1,LUXPT,LU
Luxembourg,Société Nationale des Chemins de Fer Luxembourgeois,27071,270,71,,LU
Luxembourg,Syniverse Technologies S.à r.l.,27080,270,80,,LU
Luxembourg,Tango SA,27077,270,77,LUXTG,LU
Macau (China),China Telecom (Macau) Company Limited,45502,455,2,,MO
Macau (China),China Telecom (Macau) Limitada,45507,455,7,,MO
Macau (China),"Companhia de Telecomunicações de Macau, S.A.R.L.",45501,455,1,MACCT,MO
Macau (China),"Companhia de Telecomunicações de Macau, S.A.R.L.",45504,455,4,,MO
Macau (China),"Hutchison Telephone (Macau), Limitada",45503,455,3,MACHT,MO
Macau (China),"Hutchison Telephone (Macau), Limitada",45505,455,5,,MO
Macau (China),"Smartone – Comunicações Móveis, S.A.",45500,455,0,MACSM,MO
Macau (China),"Smartone – Comunicações Móveis, S.A.",45506,455,6,,MO
Madagascar,Bharti Airtel,64601,646,1,MDGCO,MG
Madagascar,Gulfsat Madagascar S.A.,64605,646,5,,MG
Madagascar,Orange Madagascar S.A.,64602,646,2,,MG
Madagascar,Sacel Madagascar S.A.,64603,646,3,,MG
Madagascar,Telma Mobile S.A.,64604,646,4,MDGTM,MG
Malawi,Access Communications Ltd,65002,650,2,,MW
Malawi,Airtel Malawi Limited,65010,650,10,MWICT,MW
Malawi,Telecom Network Malawi,65001,650,1,MWICP,MW
Malaysia,Altel Communications Sdn Bhd,502156,502,156,,MY
Malaysia,Baraka Telecom Sdn Bhd,502151,502,151,,MY
Malaysia,Celcom Axiata Berhad,50219,502,19,MYSCC,MY
Malaysia,Celcom Axiata Berhad,50213,502,13,MYSMR,MY
Malaysia,Clixster Mobile Sdn Bhd,502155,502,155,,MY
Malaysia,DiGi Telecommunications,50216,502,16,MYSMT,MY
Malaysia,Electcoms Berhad,50220,502,20,,MY
Malaysia,Maxis Communications Berhad,50212,502,12,MYSBC,MY
Malaysia,Maxis Communications Berhad,50217,502,17,,MY
Malaysia,"Maxis, DiGi, Celcom, XOX",50210,502,10,,MY
Malaysia,Talk Focus Sdn Bhd,502154,502,154,,MY
Malaysia,Telekom Malaysia Berhad for PSTN SMS,50214,502,14,,MY
Malaysia,Telekom Malaysia Bhd,50201,502,1,,MY
Malaysia,Telekom Malaysia Bhd,50211,502,11,,MY
Malaysia,Telekomunikasi Indonesia International (M) Sdn Bhd,502157,502,157,,MY
Malaysia,Tune Talk Sdn Bhd,502150,502,150,,MY
Malaysia,U Mobile Sdn Bhd,50218,502,18,MYSMI,MY
Malaysia,Webe Digital Sdn Bhd,502153,502,153,,MY
Malaysia,YTL Communications Sdn Bhd,502152,502,152,,MY
Maldives,Dhivehi Raajjeyge Gulhun,47201,472,1,MDV01,MV
Maldives,Wataniya Telecom Maldives,47202,472,2,MDVWM,MV
Mali,Alpha Telecommunication Mali S.A.,61003,610,3,,ML
Mali,Malitel SA,61001,610,1,,ML
Mali,Orange Mali SA,61002,610,2,MLI02,ML
Malta,Melita,27877,278,77,,MT
Malta,Mobile Communications Limited,27821,278,21,MLTGO,MT
Malta,Mobile Communications Limited,27830,278,30,,MT
Malta,Vodafone Malta,27801,278,1,MLTTL,MT
Malta,YOM Ltd.,27811,278,11,,MT
Marshall Islands,Marshall Islands National Telecommunications Authority (MINTA),55101,551,1,,MH
Mauritania,Chinguitel,60902,609,2,,MR
Mauritania,Mattel,60901,609,1,MRTMT,MR
Mauritania,Mauritel Mobiles,60910,609,10,,MR
Mauritius,Cellplus Mobile Communications Ltd.,61701,617,1,MUSCP,MU
Mauritius,Emtel Ltd.,61710,617,10,MUSEM,MU
Mauritius,Mahanagar Telephone Mauritius Limited (MTML),61703,617,3,MUSMT,MU
Mauritius,Mahanagar Telephone Mauritius Limited (MTML),61702,617,2,,MU
Mexico,AT&T Mexico,334050,334,50,MEXIU,MX
Mexico,AT&T Mexico,334090,334,90,MEXN3,MX
Mexico,AT&T Mexico,334010,334,10,,MX
Mexico,AT&T Mexico,334040,334,40,,MX
Mexico,AT&T Mexico,334070,334,70,,MX
Mexico,AT&T Mexico,334080,334,80,,MX
Mexico,Altán Redes S.A.P.I. de C.V.,334140,334,140,MEXAL,MX
Mexico,América Móvil,334020,334,20,MEXTL,MX
Mexico,"Axtel, S.A.B. de C.V.",334130,334,130,,MX
Mexico,"Comunicaciones Digitales Del Norte, S.A. de C.V.",334001,334,1,,MX
Mexico,"Maxcom Telecomunicaciones, S.A.B. de C.V.",334110,334,110,,MX
Mexico,"Quickly Phone, S.A. de C.V.",334120,334,120,,MX
Mexico,"Servicios de Acceso Inalambrico, S.A. de C.V.",334060,334,60,,MX
Mexico,Telecomunicaciones de México,334100,334,100,,MX
Mexico,"Telefonos de México, S.A.B. de C.V.",334066,334,66,,MX
Mexico,Telefónica,334030,334,30,MEXMS,MX
Mexico,"Ultravisión, S.A. de C.V.",334150,334,150,,MX
Moldova,Eventis Telecom,25904,259,4,,MD
Moldova,Interdnestrcom,25500,255,0,,MD
Moldova,Interdnestrcom,25915,259,15,,MD
Moldova,Moldtelecom,25903,259,3,,MD
Moldova,Moldtelecom,25905,259,5,,MD
Moldova,Moldtelecom,25999,259,99,,MD
Moldova,Orange Moldova,25901,259,1,MDAVX,MD
Moldova,,25902,259,2,MDAMC,MD
Monaco,Monaco Telecom,21210,212,10,MCOM2,MC
Mongolia,G-Mobile LLC,42898,428,98,,MN
Mongolia,Mobicom Corporation,42899,428,99,MNGMC,MN
Mongolia,Skytel LLC,42891,428,91,,MN
Mongolia,Unitel LLC,42888,428,88,MNGMN,MN
Montenegro,MTEL CG,29703,297,3,MNEMT,ME
Montenegro,T-Mobile Montenegro LLC,29702,297,2,,ME
Montenegro,Telenor Montenegro,29701,297,1,MNEPM,ME
Montserrat (UK),Cable & Wireless,354860,354,860,MSRCW,MS
Morocco,Al Houria Telecom,60404,604,4,,MA
Morocco,Al Houria Telecom,60499,604,99,,MA
Morocco,Maroc Telecom,60401,604,1,MARM1,MA
Morocco,Maroc Telecom,60406,604,6,,MA
Morocco,Orange,60400,604,0,MARMT,MA
Morocco,inwi,60402,604,2,MARM3,MA
Morocco,inwi,60405,604,5,,MA
Mozambique,Mocambique Celular S.A.,64301,643,1,MOZ01,MZ
Mozambique,"Movitel, SA",64303,643,3,MOZVG,MZ
Mozambique,"Vodacom Mozambique, S.A.",64304,643,4,MOZVC,MZ
Myanmar,"Amara Communication Co., Ltd",41420,414,20,,MM
Myanmar,"Amara Communication Co., Ltd",41421,414,21,,MM
Myanmar,"Fortune Telecom Co., Ltd",41422,414,22,,MM
Myanmar,"Global Technology Co., Ltd",41423,414,23,,MM
Myanmar,Myanmar Economic Corporation,41403,414,3,,MM
Myanmar,"Myanmar National Tele & Communication Co., Ltd",41409,414,9,,MM
Myanmar,Myanmar Posts and Telecommunications,41401,414,1,MMRPT,MM
Myanmar,Myanmar Posts and Telecommunications,41400,414,0,,MM
Myanmar,Myanmar Posts and Telecommunications,41402,414,2,,MM
Myanmar,Myanmar Posts and Telecommunications,41404,414,4,,MM
Myanmar,Ooredoo Myanmar,41405,414,5,MMROM,MM
Myanmar,Telenor Myanmar,41406,414,6,MMRTN,MM
Namibia,Demshi Investments CC,64905,649,5,,
Namibia,MTC Namibia,64901,649,1,NAM01,
Namibia,MTN Namibia,64906,649,6,,
Namibia,Paratus Telecommunications (Pty),64904,649,4,,
Namibia,Telecom Namibia,64903,649,3,NAM03,
Namibia,Telecom Namibia,64902,649,2,,
Nauru,Digicel (Nauru) Corporation,53602,536,2,,NR
Nepal,Ncell Pvt. Ltd.,42902,429,2,NPLM2,NP
Nepal,Nepal Telecom (NDCL),42901,429,1,NPLNM,NP
Nepal,Smart Telecom Pvt. Ltd. (STPL),42904,429,4,,NP
Nepal,United Telecom Limited,42903,429,3,,NP
Netherlands,6GMOBILE B.V.,20414,204,14,,NL
Netherlands,AGMS Netherlands B.V.,20465,204,65,,NL
Netherlands,BodyTrace Netherlands B.V.,20461,204,61,,NL
Netherlands,Breezz Nederland B.V.,20427,204,27,,NL
Netherlands,CapX B.V.,20425,204,25,,NL
Netherlands,Elephant Talk Communications Premium Rate Services,20405,204,5,,NL
Netherlands,Intercity Mobile Communications B.V.,20417,204,17,,NL
Netherlands,KPN B.V.,20410,204,10,,NL
Netherlands,KPN Mobile The Netherlands B.V.,20408,204,8,NLDPT,NL
Netherlands,KPN Mobile The Netherlands B.V.,20412,204,12,,NL
Netherlands,KPN Mobile The Netherlands B.V.,20469,204,69,,NL
Netherlands,Koning en Hartman B.V.,20467,204,67,,NL
Netherlands,Lancelot B.V.,20428,204,28,,NL
Netherlands,Lycamobile Netherlands Limited,20409,204,9,,NL
Netherlands,Ministerie van Defensie,20422,204,22,,NL
Netherlands,Mixe Communication Solutions B.V.,20419,204,19,,NL
Netherlands,Mundio Mobile (Netherlands) Ltd,20406,204,6,,NL
Netherlands,Nextgen Mobile Ltd,20460,204,60,,NL
Netherlands,Odido,20420,204,20,NLDDT,NL
Netherlands,Odido,20416,204,16,NLDPN,NL
Netherlands,Private Mobile Ltd,20429,204,29,,NL
Netherlands,Private Mobility Nederland B.V.,20424,204,24,,NL
Netherlands,ProRail B.V.,20421,204,21,,NL
Netherlands,RadioAccess Network Services,20401,204,1,,NL
Netherlands,Roamware (Netherlands) B.V.,20468,204,68,,NL
Netherlands,SpeakUp B.V.,20426,204,26,,NL
Netherlands,Tele2 Nederland B.V.,20402,204,2,,NL
Netherlands,Teleena (MVNE),20407,204,7,,NL
Netherlands,UPC Nederland B.V.,20418,204,18,,NL
Netherlands,Unica Installatietechniek B.V.,20413,204,13,,NL
Netherlands,Utility Connect B.V.,20466,204,66,,NL
Netherlands,Vodafone Libertel B.V.,20404,204,4,NLDLT,NL
Netherlands,Voiceworks B.V.,20403,204,3,,NL
Netherlands,VoipIT B.V.,20411,204,11,,NL
Netherlands,Voxbone mobile,20462,204,62,,NL
Netherlands,Wyless Nederland B.V.,20423,204,23,,NL
Netherlands,Zetacom B.V.,20464,204,64,,NL
Netherlands,Ziggo B.V.,20415,204,15,,NL
New Caledonia (France),OPT New Caledonia,54601,546,1,NCLPT,NC
New Zealand,2degrees,53024,530,24,NZLNH,NZ
New Zealand,Bluereach Limited,53007,530,7,,NZ
New Zealand,Spark New Zealand,53005,530,5,NZLTM,NZ
New Zealand,Spark New Zealand,53006,530,6,,NZ
New Zealand,Telecom New Zealand,53000,530,0,,NZ
New Zealand,Telecom New Zealand,53002,530,2,,NZ
New Zealand,TelstraClear New Zealand,53004,530,4,,NZ
New Zealand,Vodafone New Zealand,53001,530,1,NZLBS,NZ
New Zealand,Woosh Wireless,53003,530,3,,NZ
Nicaragua,"Empresa Nicaragüense de Telecomunicaciones, S.A. (ENITEL) (América Móvil)",71021,710,21,NICEN,NI
Nicaragua,Servicios de Comunicaciones S.A.,71073,710,73,NICSC,NI
Nicaragua,"Telefonía Celular de Nicaragua, S.A. (Telefónica, S.A.)",71030,710,30,,NI
Niger,Atlantique Telecom (subsidiary of Etisalat),61403,614,3,,NE
Niger,Bharti Airtel Limited,61402,614,2,NERCT,NE
Niger,La Société Sahélienne de Télécommunications (SahelCom),61401,614,1,,NE
Niger,Orange Niger,61404,614,4,NEROR,NE
Nigeria,Bharti Airtel Limited,62120,621,20,NGAET,NG
Nigeria,Capcom,62100,621,0,,NG
Nigeria,Emerging Markets Telecommunication Services Ltd.,62160,621,60,NGAEM,NG
Nigeria,Globacom Ltd,62150,621,50,NGAGM,NG
Nigeria,InterC Network Ltd.,62122,621,22,,NG
Nigeria,MTN Nigeria Communications Limited,62130,621,30,NGAMN,NG
Nigeria,Nigerian Mobile Telecommunications Limited,62140,621,40,NGANT,NG
Nigeria,Smile Communications Nigeria,62127,621,27,,NG
Nigeria,Spectranet,62124,621,24,,NG
Nigeria,Swift,62126,621,26,,NG
Nigeria,Visafone Communications Ltd.,62125,621,25,,NG
Niue,Telecom Niue,55501,555,1,,NU
Norfolk Island,Norfolk Telecom,50510,505,10,,NF
North Korea,Cheo Technology Jv Company,46705,467,5,,KP
North Korea,Cheo Technology Jv Company,46706,467,6,,KP
North Korea,Korea Posts and Telecommunications Corporation,467193,467,193,,KP
North Macedonia,Lycamobile LLC,29404,294,4,,MK
North Macedonia,MOBIK TELEKOMUNIKACII DOOEL Skopje,29411,294,11,,MK
North Macedonia,Makedonski Telekom,29401,294,1,,MK
North Macedonia,ONE.VIP DOO,29403,294,3,MKDNO,MK
North Macedonia,ONE.VIP DOO,29402,294,2,,MK
North Macedonia,WTI Macedonia,29410,294,10,,MK
Northern Mariana Islands (USA),NTT DoCoMo Pacific,310370,310,370,GUMDP,MP
Northern Mariana Islands (USA),PTI Pacifica Inc.,310110,310,110,USAGU,MP
Norway,Altibox AS,24222,242,22,,NO
Norway,Com4 AS,24209,242,9,,NO
Norway,Forsvarets kompetansesenter KKIS,24225,242,25,,NO
Norway,ICE Communication Norge AS,24214,242,14,,NO
Norway,ICE Norge AS,24206,242,6,,NO
Norway,Jernbaneverket AS,24220,242,20,,NO
Norway,Jernbaneverket AS,24221,242,21,,NO
Norway,Lyca Mobile Ltd,24223,242,23,,NO
Norway,Mobile Norway AS,24224,242,24,,NO
Norway,Nokia Solutions and Networks Norge AS,24290,242,90,,NO
Norway,Norwegian Communications Authority,24210,242,10,,NO
Norway,Phonero AS,24207,242,7,,NO
Norway,SystemNet AS,24211,242,11,,NO
Norway,TampNet AS,24299,242,99,AAMT1,NO
Norway,Tele2 (Mobile Norway AS),24204,242,4,,NO
Norway,Telenor Norge AS,24201,242,1,NORTM,NO
Norway,Telenor Norge AS,24212,242,12,,NO
Norway,Televerket AS,24203,242,3,,NO
Norway,Telia Norge AS,24205,242,5,NORNN,NO
Norway,Telia Norge AS,24208,242,8,NORTD,NO
Norway,Telia Norge AS,24202,242,2,,NO
Norway,eRate Norway AS,24215,242,15,,NO
Oman,Oman Telecommunications Company,42202,422,2,OMNGT,OM
Oman,Oman Telecommunications Company,42204,422,4,,OM
Oman,Omani Qatari Telecommunications Company SAOC,42203,422,3,OMNNT,OM
Pakistan,China Mobile,41004,410,4,,PK
Pakistan,Mobilink-PMCL,41001,410,1,PAKMK,PK
Pakistan,PTCL,41002,410,2,,PK
Pakistan,Pakistan Telecommunication Mobile Ltd,41003,410,3,PAKUF,PK
Pakistan,SCO Mobile Ltd,41005,410,5,,PK
Pakistan,SCO Mobile Ltd,41008,410,8,,PK
Pakistan,Telenor Pakistan,41006,410,6,PAKTP,PK
Pakistan,WaridTel,41007,410,7,PAKWA,PK
Palau,Palau Equipment Company Inc.,55202,552,2,,PW
Palau,Palau Mobile Communications Inc.,55299,552,99,,PW
Palau,Palau Mobile Corporation,55280,552,80,,PW
Palau,Palau National Communications Corp.,55201,552,1,,PW
Palestine,"Palestine Cellular Communications, Ltd.",42505,425,5,PSEJE,PS
Palestine,Wataniya Palestine Mobile Telecommunications Company,42506,425,6,,PS
Panama,América Móvil,71403,714,3,PANCL,PA
Panama,Cable & Wireless Panama S.A.,71401,714,1,PANCW,PA
Panama,Digicel Group,71404,714,4,PANDC,PA
Panama,"Telefónica Moviles Panama S.A, Bell South Corp. (BSC)",71402,714,2,,PA
Panama,Telefónica Móviles de Panama S.A,714020,714,20,PANMS,PA
Papua New Guinea,Bemobile Limited,53701,537,1,PNGPM,PG
Papua New Guinea,Digicel PNG,53703,537,3,PNGDP,PG
Papua New Guinea,Telikom PNG Ltd.,53702,537,2,,PG
Paraguay,AMX Paraguay S.A.,74402,744,2,PRYHT,PY
Paraguay,Compañia Privada de Comunicaciones S.A.,74403,744,3,,PY
Paraguay,Copaco S.A.,74406,744,6,,PY
Paraguay,Hola Paraguay S.A.,74401,744,1,PRYVX,PY
Paraguay,Núcleo S.A. (TIM),74405,744,5,PRYNP,PY
Paraguay,Telefónica Celular Del Paraguay S.A. (Telecel),74404,744,4,PRYTC,PY
Peru,América Móvil Perú,71610,716,10,PERTM,PE
Peru,Entel Perú S.A.,71607,716,7,,PE
Peru,Entel Perú S.A.,71617,716,17,,PE
Peru,Telefónica del Perú S.A.A.,71606,716,6,PERMO,PE
Peru,Viettel Peru S.A.C.,71615,716,15,PERVG,PE
Philippines,ABS-CBN Convergence with Globe Telecom,51524,515,24,,PH
Philippines,Digital Telecommunications Philippines,51505,515,5,PHLDG,PH
Philippines,Globe Telecom,51502,515,2,PHLGT,PH
Philippines,Globe Telecom via Innove Communications,51501,515,1,,PH
Philippines,Next Mobile Inc.,51588,515,88,,PH
Philippines,PLDT via ACeS Philippines,51511,515,11,,PH
Philippines,PLDT via Smart Communications,51503,515,3,PHLSR,PH
Philippines,PLDT via Smart's Connectivity Unlimited Resources Enterprise,51518,515,18,,PH
Poland,AGILE TELECOM S.P.A.,26048,260,48,,PL
Poland,AMD Telecom S.A.,26018,260,18,,PL
Poland,Advanced Technology & Experience Sp. z o.o.,26026,260,26,,PL
Poland,Aero 2 Sp. z o.o.,26004,260,4,,PL
Poland,Aero 2 Sp. z o.o.,26015,260,15,,PL
Poland,Aero 2 Sp. z o.o.,26016,260,16,,PL
Poland,Aero 2 Sp. z o.o.,26017,260,17,,PL
Poland,Arcomm Sp. z o.o.,26022,260,22,,PL
Poland,CALLFREEDOM Sp. z o.o.,26038,260,38,,PL
Poland,Claude ICT Poland Sp. z o.o.,26025,260,25,,PL
Poland,Compatel Limited,26032,260,32,,PL
Poland,Cyfrowy Polsat S.A.,26012,260,12,,PL
Poland,E-Telko Sp. z o.o.,26008,260,8,,PL
Poland,EZ PHONE MOBILE Sp. z o.o.,26041,260,41,,PL
Poland,Exteri Sp. z o.o.,26021,260,21,,PL
Poland,GrandTel Sp. z o.o.,26030,260,30,,PL
Poland,IT Partners Telco Sp. z o.o.,26024,260,24,,PL
Poland,Interactive Digital Media GmbH,26040,260,40,,PL
Poland,Interfonica Sp. z o.o.,26029,260,29,,PL
Poland,Lycamobile Sp. z o.o.,26009,260,9,,PL
Poland,Messagebird B.V.,26049,260,49,,PL
Poland,MobiWeb Telecom Limited,26042,260,42,,PL
Poland,Move Telecom S.A.,26013,260,13,,PL
Poland,Mundio Mobile,26036,260,36,,PL
Poland,NEXTGEN MOBILE LTD,26037,260,37,,PL
Poland,Netia S.A.,26007,260,7,,PL
Poland,Nordisk Polska Sp. z o.o.,26011,260,11,,PL
Poland,P4 Sp. z o.o.,26006,260,6,POLP4,PL
Poland,P4 Sp. z o.o.,26098,260,98,,PL
Poland,PGE Systemy S.A.,26023,260,23,,PL
Poland,PKP Polskie Linie Kolejowe S.A.,26035,260,35,,PL
Poland,Phone IT Sp. z o.o.,26031,260,31,,PL
Poland,PhoneNet Sp. z o.o.,26028,260,28,,PL
Poland,Polkomtel Sp. z o.o.,26001,260,1,POLKM,PL
Poland,Polska Telefonia Komórkowa Centertel Sp. z o.o.,26003,260,3,POL03,PL
Poland,Polska Telefonia Komórkowa Centertel Sp. z o.o.,26005,260,5,,PL
Poland,Rebtel Poland Sp. z o.o.,26044,260,44,,PL
Poland,SIA NetBalt,26019,260,19,,PL
Poland,SIA Ntel Solutions,26027,260,27,,PL
Poland,SMShighway Limited,26047,260,47,,PL
Poland,Smart Idea International Sp. z o.o.,26043,260,43,,PL
Poland,T-Mobile Polska S.A.,26002,260,2,POL02,PL
Poland,T-Mobile Polska S.A.,26010,260,10,,PL
Poland,T-Mobile Polska S.A.,26034,260,34,,PL
Poland,Telco Leaders Ltd,26014,260,14,,PL
Poland,Terra Telekom Sp. z o.o.,26046,260,46,,PL
Poland,Truphone Poland Sp. z o.o.,26033,260,33,,PL
Poland,VOXBONE SA,26039,260,39,,PL
Poland,Virgin Mobile Polska Sp. z o.o.,26045,260,45,,PL
Poland,Wysyłaj SMS Polska Sp. z o.o.,26020,260,20,,PL
Portugal,"Compatel, Limited",26811,268,11,,PT
Portugal,"G9Telecom, S.A.",26813,268,13,,PT
Portugal,"Infraestruturas de Portugal, S.A.",26812,268,12,,PT
Portugal,LycaMobile,26804,268,4,,PT
Portugal,Mundio Mobile (Portugal) Limited,26807,268,7,,PT
Portugal,NOS Comunicações,26803,268,3,PRTOP,PT
Portugal,"Oniway - Inforcomunicaçôes, S.A.",26805,268,5,,PT
Portugal,Telecomunicações Móveis Nacionais,26806,268,6,PRTTM,PT
Portugal,Telecomunicações Móveis Nacionais,26802,268,2,,PT
Portugal,Telecomunicações Móveis Nacionais,26880,268,80,,PT
Portugal,Vodafone Portugal,26801,268,1,PRTTL,PT
Portugal,Vodafone Portugal,26891,268,91,,PT
Portugal,Zapp Portugal,26821,268,21,,PT
Puerto Rico,América Móvil,330110,330,110,PRICL,PR
Puerto Rico,PR Wireless,330000,330,0,,PR
Puerto Rico,PR Wireless,330120,330,120,,PR
Qatar,Ministry of Interior,42705,427,5,,QA
Qatar,Ministry of Interior,42706,427,6,,QA
Qatar,Vodafone Qatar,42702,427,2,QATB1,QA
Qatar,ooredoo,42701,427,1,QATQT,QA
Romania,Căile Ferate Române,22619,226,19,,RO
Romania,Enigma-System,22611,226,11,,RO
Romania,Idilis,22615,226,15,,RO
Romania,Lycamobile Romania,22616,226,16,,RO
Romania,Orange România,22610,226,10,ROMMR,RO
Romania,RCS&RDS,22605,226,5,,RO
Romania,Telekom Romania,22603,226,3,ROMCS,RO
Romania,Telekom Romania,22602,226,2,,RO
Romania,Telekom Romania,22604,226,4,,RO
Romania,Telekom Romania,22606,226,6,,RO
Romania,Vodafone România,22601,226,1,ROMMF,RO
Russian Federation,Baykal Westcom / New Telephone Company / Far Eastern Cellular,25012,250,12,,RU
Russian Federation,Beeline,25028,250,28,,RU
Russian Federation,Bezlimitno.ru,25050,250,50,,RU
Russian Federation,CJSC Saratov System of Cellular Communications,25006,250,6,,RU
Russian Federation,"CS ""VainahTelecom""",25008,250,8,,RU
Russian Federation,Central Telecommunication Company,25038,250,38,,RU
Russian Federation,Dontelekom,25010,250,10,,RU
Russian Federation,EKATERINBURG-2000,25035,250,35,RUSEC,RU
Russian Federation,GTNT,25023,250,23,,RU
Russian Federation,INDIGO,25019,250,19,,RU
Russian Federation,Intertelecom,25061,250,61,,RU
Russian Federation,Iridium Communications,25029,250,29,,RU
Russian Federation,"JSC ""GlobalTel""",25021,250,21,,RU
Russian Federation,JSC Uralsvyazinform,25017,250,17,,RU
Russian Federation,K-Telecom,25032,250,32,,RU
Russian Federation,KTK Telecom,25060,250,60,,RU
Russian Federation,Khabarovsky Cellular Phone,25009,250,9,,RU
Russian Federation,Krymtelekom,25034,250,34,,RU
Russian Federation,Kuban GSM,25013,250,13,,RU
Russian Federation,MegaFon OJSC,25014,250,14,,RU
Russian Federation,MegaFon PJSC,25002,250,2,RUSNW,RU
Russian Federation,Miatel,25016,250,16,,RU
Russian Federation,Mobile TeleSystems,25001,250,1,RUS01,RU
Russian Federation,Nizhegorodskaya Cellular Communications,25003,250,3,,RU
Russian Federation,OJSC Vimpel-Communications,25099,250,99,RUSBD,RU
Russian Federation,Primtelefon,25092,250,92,,RU
Russian Federation,ROSTELECOM,25039,250,39,,RU
Russian Federation,"SMARTS Ufa, SMARTS Uljanovsk",25015,250,15,,RU
Russian Federation,Scartel,25011,250,11,,RU
Russian Federation,Sevtelekom,25033,250,33,,RU
Russian Federation,Sibchallenge,25004,250,4,,RU
Russian Federation,Sonic Duo CJSC,25091,250,91,,RU
Russian Federation,Stavtelesot / North Caucasian GSM,25044,250,44,,RU
Russian Federation,Tattelecom,25027,250,27,,RU
Russian Federation,Tattelecom,25054,250,54,,RU
Russian Federation,Tele2,25020,250,20,RUST2,RU
Russian Federation,Telecom XXI,25093,250,93,,RU
Russian Federation,Tinkoff Mobile,25062,250,62,,RU
Russian Federation,Vainakh Telecom,25022,250,22,,RU
Russian Federation,Votek Mobile,250811,250,811,,RU
Russian Federation,Yeniseytelecom,25005,250,5,,RU
Russian Federation,Zao SMARTS,25007,250,7,,RU
Russian Federation,,25012,250,12,,RU
Russian Federation,,25018,250,18,,RU
Rwanda,Airtel RWANDA,63514,635,14,RWAAR,RW
Rwanda,Airtel RWANDA,63513,635,13,RWATG,RW
Rwanda,MTN Rwandacell SARL,63510,635,10,RWAMN,RW
Rwanda,Olleh Rwanda Networks,63517,635,17,,RW
Rwanda,Rwandatel S.A.,63511,635,11,,RW
Rwanda,Rwandatel S.A.,63512,635,12,,RW
"Saint Helena, Ascension and Tristan da Cunha",Sure South Atlantic Ltd.,65801,658,1,,SH
Saint Kitts and Nevis,Cable & Wireless St. Kitts & Nevis Ltd,356110,356,110,KNACW,KN
Saint Kitts and Nevis,UTS,356070,356,70,,KN
Saint Kitts and Nevis,Wireless Ventures (St Kitts-Nevis) Limited,356050,356,50,,KN
Saint Lucia,Cable &  Wireless,358110,358,110,LCACW,LC
Saint Lucia,Digicel,338050,338,50,JAMDC,LC
Saint Pierre and Miquelon (France),GLOBALTEL,30802,308,2,,PM
Saint Pierre and Miquelon (France),St. Pierre-et-Miquelon Télécom,30801,308,1,,PM
Saint Vincent and the Grenadines,Cable & Wireless (St. Vincent & the Grenadines) Ltd,360110,360,110,VCTCW,VC
Saint Vincent and the Grenadines,Digicel (St. Vincent and the Grenadines) Limited,360050,360,50,,VC
Saint Vincent and the Grenadines,,360100,360,100,,VC
Samoa,Bluesky Samoa Ltd,54927,549,27,,WS
Samoa,Digicel Pacific Ltd.,54900,549,0,WSMDP,WS
Samoa,Digicel Pacific Ltd.,54901,549,1,,WS
San Marino,San Marino Telecom,29201,292,1,,SM
Sao Tome and Principe,Companhia Santomese de Telecomunicaçôe,62601,626,1,STPST,ST
Sao Tome and Principe,Unitel Sao Tome and Principe,62602,626,2,,ST
Saudi Arabia,Etihad Etisalat Company,42003,420,3,SAUET,SA
Saudi Arabia,Lebara Mobile,42006,420,6,SAULB,SA
Saudi Arabia,Saudi Railways GSM,42021,420,21,,SA
Saudi Arabia,STC,42001,420,1,SAUAJ,SA
Saudi Arabia,Virgin Mobile Saudi Arabia,42005,420,5,,SA
Saudi Arabia,Zain Saudi Arabia,42004,420,4,SAUZN,SA
Senegal,CSU-SA,60804,608,4,,SN
Senegal,Millicom International Cellular S.A.,60802,608,2,SENSG,SN
Senegal,Sonatel,60801,608,1,,SN
Senegal,Sudatel,60803,608,3,SENEX,SN
Serbia,GLOBALTEL d.o.o.,22011,220,11,,RS
Serbia,MUNDIO MOBILE d.o.o.,22009,220,9,,RS
Serbia,Orion Telekom,22007,220,7,,RS
Serbia,T-Mobile Montenegro LLC,22004,220,4,,RS
Serbia,Telekom Srbija,22003,220,3,,RS
Serbia,Telenor Montenegro,22002,220,2,,RS
Serbia,Telenor Serbia,22001,220,1,YUGMT,RS
Serbia,VIP Mobile,22005,220,5,SRBNO,RS
Seychelles,Cable & Wireless Seychelles,63301,633,1,SYCCW,SC
Seychelles,Mediatech International,63302,633,2,,SC
Seychelles,Telecom Seychelles Ltd,63310,633,10,SYCAT,SC
Sierra Leone,Comium (Sierra Leone) Ltd.,61904,619,4,,SL
Sierra Leone,Datatel (SL) Ltd.,61940,619,40,,SL
Sierra Leone,Datatel (SL) Ltd.,61950,619,50,,SL
Sierra Leone,InterGroup Telecom SL,61909,619,9,,SL
Sierra Leone,Lintel Sierra Leone Limited,61905,619,5,SLEAC,SL
Sierra Leone,Lintel Sierra Leone Limited,61902,619,2,,SL
Sierra Leone,Lintel Sierra Leone Limited,61903,619,3,,SL
Sierra Leone,Mobitel,61925,619,25,,SL
Sierra Leone,Orange SL Limited,61901,619,1,SLECT,SL
Sierra Leone,Qcell Sierra Leone,61907,619,7,,SL
Sierra Leone,Sierra Leone Telephony,61906,619,6,,SL
Singapore,GRID Communications Pte Ltd.,52512,525,12,,SG
Singapore,Liberty Wireless Pte Ltd,52509,525,9,,SG
Singapore,M1 Limited,52503,525,3,SGPM1,SG
Singapore,M1 Limited,52511,525,11,,SG
Singapore,Singapore Telecom,52502,525,2,SGPML,SG
Singapore,Singapore Telecom,52501,525,1,SGPST,SG
Singapore,Singapore Telecom,52507,525,7,,SG
Singapore,StarHub Mobile,52508,525,8,SGPMM,SG
Singapore,StarHub Mobile,52505,525,5,SGPSH,SG
Singapore,StarHub Mobile,52506,525,6,,SG
Singapore,TPG Telecom Pte Ltd,52510,525,10,,SG
Slovakia,"DSI DATA, a.s.",23109,231,9,,SK
Slovakia,"HMZ RÁDIOKOMUNIKÁCIE, spol. s r.o.",23110,231,10,,SK
Slovakia,O2 Slovakia,23106,231,6,SVKO2,SK
Slovakia,Orange Slovensko,23101,231,1,SVKGT,SK
Slovakia,Orange Slovensko,23105,231,5,,SK
Slovakia,"SWAN Mobile, a.s.",23103,231,3,,SK
Slovakia,Slovak Telekom,23102,231,2,SVKET,SK
Slovakia,Slovak Telekom,23104,231,4,,SK
Slovakia,"Towercom, a. s.",23107,231,7,,SK
Slovakia,"Uniphone, s.r.o.",23108,231,8,,SK
Slovakia,Železnice Slovenskej Republiky,23199,231,99,,SK
Slovenia,A1 Slovenija,29340,293,40,SVNSM,SI
Slovenia,COMPATEL Ltd,29320,293,20,,SI
Slovenia,"SŽ - Infrastruktura, d.o.o.",29310,293,10,,SI
Slovenia,T-2 d.o.o.,29364,293,64,,SI
Slovenia,Telekom Slovenije,29341,293,41,SVNMT,SI
Slovenia,Tušmobil d.o.o.,29370,293,70,,SI
Solomon Islands,BMobile (SI) Ltd,54002,540,2,,SB
Solomon Islands,Our Telekom,54001,540,1,,SB
Somalia,Golis Telecom Somalia,63730,637,30,,SO
Somalia,HTG Group Somalia,63767,637,67,,SO
Somalia,Hormuud Telecom Somalia Inc,63750,637,50,,SO
Somalia,NationLink Telecom,63710,637,10,,SO
Somalia,Nationlink Telecom,63760,637,60,,SO
Somalia,Onkod Telecom Ltd.,63770,637,70,,SO
Somalia,SOMNET,63720,637,20,,SO
Somalia,Somafone FZLLC,63704,637,4,,SO
Somalia,Somtel,63771,637,71,,SO
Somalia,Telcom Somalia,63782,637,82,,SO
Somalia,Telesom,63701,637,1,SOM01,SO
Somalia,UNITEL S.a.r.l.,63757,637,57,,SO
South Africa,A to Z Vaal Industrial Supplies Pty Ltd,65527,655,27,,ZA
South Africa,Airports Company South Africa,65575,655,75,,ZA
South Africa,Amatole Telecommunications Pty Ltd,65536,655,36,,ZA
South Africa,Bokamoso Consortium,65530,655,30,,ZA
South Africa,Bokone Telecoms Pty Ltd,65534,655,34,,ZA
South Africa,Cape Town Metropolitan Council,65521,655,21,,ZA
South Africa,Cell C (Pty) Ltd,65507,655,7,ZAFCC,ZA
South Africa,Ericsson South Africa (Pty) Ltd,65550,655,50,,ZA
South Africa,Hymax Talking Solutions (Pty) Ltd,65528,655,28,,ZA
South Africa,Ilizwi Telecommunications,65532,655,32,,ZA
South Africa,Integrat (Pty) Ltd,65551,655,51,,ZA
South Africa,Karabo Telecoms (Pty) Ltd.,65531,655,31,,ZA
South Africa,Kingdom Communications Pty Ltd,65535,655,35,,ZA
South Africa,Lycamobile (Pty) Ltd,65553,655,53,,ZA
South Africa,MTN Group,65510,655,10,ZAFMN,ZA
South Africa,MTN Group,65512,655,12,,ZA
South Africa,Neotel Pty Ltd,65513,655,13,,ZA
South Africa,Neotel Pty Ltd,65514,655,14,,ZA
South Africa,Phoenix System Integration (Pty) Ltd,65516,655,16,,ZA
South Africa,SMS Cellular Services (Pty) Ltd,65546,655,46,,ZA
South Africa,SMSPortal (Pty) Ltd.,65524,655,24,,ZA
South Africa,Sasol (Pty) Ltd.,65504,655,4,,ZA
South Africa,Sentech (Pty) Ltd,65506,655,6,,ZA
South Africa,Sishen Iron Ore Company (Ltd) Pty,65517,655,17,,ZA
South Africa,South African Police Service,65541,655,41,,ZA
South Africa,South African Police Service Gauteng,65511,655,11,,ZA
South Africa,Telkom SA Ltd,65505,655,5,,ZA
South Africa,Telkom SA SOC Ltd,65502,655,2,ZAFJT,ZA
South Africa,Thinta Thinta Telecommunications Pty Ltd,65533,655,33,,ZA
South Africa,Vodacom,65501,655,1,ZAFVC,ZA
South Africa,Vodacom Pty Ltd,65565,655,65,,ZA
South Africa,Wireless Business Solutions (Pty) Ltd,65519,655,19,,ZA
South Africa,Wireless Business Solutions (Pty) Ltd,65538,655,38,,ZA
South Africa,Wireless Business Solutions (Pty) Ltd,65573,655,73,,ZA
South Africa,Wireless Business Solutions (Pty) Ltd,65574,655,74,,ZA
South Africa,Wirels Connect,65525,655,25,,ZA
South Korea,Globalstar Asia Pacific,45001,450,1,,KR
South Korea,KT,45008,450,8,KORKF,KR
South Korea,KT,45002,450,2,,KR
South Korea,KT,45004,450,4,,KR
South Korea,KT,45007,450,7,,KR
South Korea,Korea Cable Telecom,45011,450,11,,KR
South Korea,LG Telecom,45006,450,6,KORLU,KR
South Korea,SK Telecom,45005,450,5,KORSK,KR
South Korea,SK Telecom,45012,450,12,,KR
South Korea,"Shinsegi Telecom, Inc.",45003,450,3,,KR
South Sudan,Gemtel,65903,659,3,,SS
South Sudan,MTN South Sudan,65902,659,2,SSDMN,SS
South Sudan,Network of the World (NOW),65904,659,4,,SS
South Sudan,Sudani,65907,659,7,,SS
South Sudan,Zain South Sudan,65906,659,6,SSDZS,SS
Spain,"ALAI OPERADOR DE TELECOMUNICACIONES, S.L",21436,214,36,,ES
Spain,Administrador de Infraestructuras Ferroviarias,21451,214,51,,ES
Spain,"Aire Networks del Mediterráneo, S.L.U.",21434,214,34,,ES
Spain,Alta Tecnologia en Comunicacions SL,21402,214,2,,ES
Spain,BT Group España Compañia de Servicios Globales de Telecomunicaciones S.A.U.,21415,214,15,,ES
Spain,Best Spain Telecom,21422,214,22,,ES
Spain,Compatel Limited,21430,214,30,,ES
Spain,"Consorcio de Telecomunicaciones Avanzadas, S.A.",21428,214,28,,ES
Spain,Fonyou Telecom S.L.,21420,214,20,,ES
Spain,"INGENIUM OUTSOURCING SERVICES, S.L.",21435,214,35,,ES
Spain,Incotel Servicioz Avanzados SL,21414,214,14,,ES
Spain,"Lleida Networks Serveis Telemátics, SL",21426,214,26,,ES
Spain,LycaMobile S.L.,21425,214,25,,ES
Spain,Orange Espagne S.A.U,21403,214,3,ESPRT,ES
Spain,Orange Espagne S.A.U,21409,214,9,,ES
Spain,Orange Espagne S.A.U.,21421,214,21,,ES
Spain,Orange España Virtual Sl.,21419,214,19,,ES
Spain,R Cable y Telecomunicaciones Galicia S.A.,21416,214,16,,ES
Spain,R Cable y Telecomunicaciones Galicia S.A.,21417,214,17,,ES
Spain,"Red Digital De Telecomunicaciones de las Islas Baleares, S.L.",21431,214,31,,ES
Spain,"SAC CONVERGENT AGGREGATION SERVICES, S.L.U.",21412,214,12,,ES
Spain,"SCN Truphone, S.L.",21427,214,27,,ES
Spain,"SYMA MOBILE ESPAÑA, S.L.",21413,214,13,,ES
Spain,"TELECOM CASTILLA-LA MANCHA, S.A.",21411,214,11,,ES
Spain,Telefónica Móviles España,21407,214,7,ESPTE,ES
Spain,Telefónica Móviles España,21405,214,5,,ES
Spain,Telefónica Móviles España,21432,214,32,,ES
Spain,"Telefónica Móviles España, S.A.U.",21438,214,38,,ES
Spain,"VODAFONE ESPAÑA, S.A.U.",21424,214,24,,ES
Spain,Vodafone Spain,21401,214,1,ESPAT,ES
Spain,Vodafone Spain,21406,214,6,,ES
Spain,Vodafone Spain,21418,214,18,,ES
Spain,Vodafone Spain,21437,214,37,,ES
Spain,Xfera Moviles S.A.U.,21423,214,23,,ES
Spain,Xfera Moviles S.A.U.,21429,214,29,,ES
Spain,Xfera Moviles SA,21404,214,4,ESPXF,ES
Spain,"Xfera Móviles, S.A.U.",21433,214,33,,ES
Spain,"ZINNIA TELECOMUNICACIONES, S.L.U.",21410,214,10,,ES
Spain,,21408,214,8,,ES
Sri Lanka,Bharti Airtel Lanka (Pvt) Ltd,41305,413,5,,LK
Sri Lanka,Dialog Axiata PLC,41302,413,2,LKADG,LK
Sri Lanka,Dialog Broadband Networks (Pvt) Ltd,41311,413,11,,LK
Sri Lanka,Etisalat Lanka (Pvt) Ltd,41303,413,3,LKACT,LK
Sri Lanka,Hutchison Telecommunications Lanka (Pvt) Ltd,41308,413,8,LKAHT,LK
Sri Lanka,Hutchison Telecommunications Lanka (Pvt) Ltd,41309,413,9,,LK
Sri Lanka,Lanka Bell Ltd,41304,413,4,,LK
Sri Lanka,Mobitel (Pvt) Ltd,41301,413,1,LKA71,LK
Sri Lanka,Sri Lanka Telecom PLC,41312,413,12,,LK
Sudan,Canar Telecom,63405,634,5,,SD
Sudan,MTN Sudan,63402,634,2,SDNBT,SD
Sudan,MTN Sudan,63403,634,3,,SD
Sudan,NEC,63409,634,9,,SD
Sudan,Sudatel Group,63407,634,7,,SD
Sudan,Zain Group - Sudan,63401,634,1,SUDMO,SD
Suriname,Digicel Group Limited,74603,746,3,SURDC,SR
Suriname,Digicel Group Limited,74604,746,4,,SR
Suriname,Telecommunications Company Suriname (Telesur),74602,746,2,SURTG,SR
Suriname,Telecommunications Company Suriname (Telesur),74605,746,5,,SR
Swaziland,SPTC,65301,653,1,,SZ
Swaziland,Swazi MTN Limited,65310,653,10,SWZMN,SZ
Swaziland,Swazi Mobile Limited,65302,653,2,,SZ
Sweden,3G Infrastructure Services AB,24004,240,4,,SE
Sweden,42 Telecom AB,24016,240,16,,SE
Sweden,42 Telecom LTD,24035,240,35,,SE
Sweden,Alltele Företag Sverige AB,24013,240,13,,SE
Sweden,Borderlight AB,24039,240,39,,SE
Sweden,CLX Networks AB,24037,240,37,,SE
Sweden,ComHem AB,24011,240,11,,SE
Sweden,Communication for Devices in Sweden AB,24009,240,9,,SE
Sweden,Compatel Limited,24032,240,32,,SE
Sweden,EuTel AB,24022,240,22,,SE
Sweden,Fink Telecom Services,24063,240,63,,SE
Sweden,Generic Mobile Systems Sweden AB,24018,240,18,,SE
Sweden,GlobeTouch AB,24027,240,27,,SE
Sweden,Götalandsnätet AB,24017,240,17,,SE
Sweden,HI3G Access AB,24002,240,2,SWEHU,SE
Sweden,Infobip Limited (UK),24023,240,23,,SE
Sweden,LINK Mobile A/S,24028,240,28,,SE
Sweden,Lycamobile Sweden Limited,24012,240,12,,SE
Sweden,Mercury International Carrier Services,24029,240,29,,SE
Sweden,MessageBird B.V.,24061,240,61,,SE
Sweden,MobiWeb Ltd.,24043,240,43,,SE
Sweden,Mobile Arts AB,24033,240,33,,SE
Sweden,Monty UK Global Ltd,24025,240,25,,SE
Sweden,Mundio Mobile (Sweden) Limited,24019,240,19,,SE
Sweden,Net4Mobility HB,24024,240,24,,SE
Sweden,Netett Sverige AB,24003,240,3,,SE
Sweden,Netmore Group AB,24040,240,40,,SE
Sweden,NextGen Mobile Ltd.,24030,240,30,,SE
Sweden,RebTel Network AB,24031,240,31,,SE
Sweden,SMS Provider Corp.,24046,240,46,,SE
Sweden,Shyam Telecom UK Ltd.,24041,240,41,,SE
Sweden,Sierra Wireless Sweden AB,24015,240,15,,SE
Sweden,Spirius AB,24045,240,45,,SE
Sweden,Svenska UMTS-Nät AB,24005,240,5,,SE
Sweden,Tele2 Business AB,24014,240,14,,SE
Sweden,Tele2 Sverige AB,24007,240,7,SWEIQ,SE
Sweden,Tele2 Sverige AB,24010,240,10,,SE
Sweden,Telefonaktiebolaget LM Ericsson,24060,240,60,,SE
Sweden,Telenabler AB,24044,240,44,,SE
Sweden,Telenor Connexion AB,24042,240,42,SWECN,SE
Sweden,Telenor Sverige AB,24008,240,8,SWEEP,SE
Sweden,Telenor Sverige AB,24006,240,6,,SE
Sweden,Telia Sverige AB,24001,240,1,SWETR,SE
Sweden,Tismi BV,24048,240,48,,SE
Sweden,Trafikverket ICT,24021,240,21,,SE
Sweden,Trafikverket centralfunktion IT,24034,240,34,,SE
Sweden,Twilio Sweden AB,24026,240,26,,SE
Sweden,Viatel Sweden AB,24047,240,47,,SE
Sweden,Voxbone mobile,24038,240,38,,SE
Sweden,Wireless Maingate Messaging Services AB,24020,240,20,,SE
Sweden,interactive digital media GmbH,24036,240,36,,SE
Switzerland,3G Mobile AG,22850,228,50,,CH
Switzerland,Barablu,22852,228,52,,CH
Switzerland,Beeone Communications SA,22858,228,58,,CH
Switzerland,Comfone AG,22805,228,5,,CH
Switzerland,Comfone AG,22809,228,9,,CH
Switzerland,Compatel Ltd.,22861,228,61,,CH
Switzerland,Fink Telecom Services,22863,228,63,,CH
Switzerland,IN&Phone SA,22807,228,7,,CH
Switzerland,Lycamobile AG,22854,228,54,,CH
Switzerland,Mitto AG,22857,228,57,,CH
Switzerland,Mundio Mobile Limited,22859,228,59,,CH
Switzerland,Nth AG,22864,228,64,,CH
Switzerland,SBB AG,22806,228,6,,CH
Switzerland,SMSRelay AG,22856,228,56,,CH
Switzerland,Salt Mobile SA,22803,228,3,CHEOR,CH
Switzerland,Stadt Polizei Zürich,22810,228,10,,CH
Switzerland,Sunrise Communications AG,22802,228,2,CHEDX,CH
Switzerland,Sunrise Communications AG,22812,228,12,,CH
Switzerland,Sunrise Communications AG,22860,228,60,,CH
Switzerland,Swisscom AG,22801,228,1,CHEC1,CH
Switzerland,Swisscom Broadcast AG,22811,228,11,,CH
Switzerland,Swisscom Broadcast AG,22899,228,99,,CH
Switzerland,TelCommunication Services AG,22808,228,8,,CH
Switzerland,Telecom26 AG,22862,228,62,,CH
Switzerland,UPC Schweiz GmbH,22853,228,53,,CH
Switzerland,WeMobile SA,22855,228,55,,CH
Switzerland,relario AG,22851,228,51,,CH
Syria,MTN Syria,41702,417,2,SYRSP,SY
Syria,Syrian Telecom,41709,417,9,,SY
Syria,Syriatel Mobile Telecom,41701,417,1,,SY
Taiwan,Ambit Microsystems,46612,466,12,,TW
Taiwan,Asia Pacific Telecom,46605,466,5,,TW
Taiwan,Chunghwa Telecom,46692,466,92,TWNLD,TW
Taiwan,Far EasTone Telecommunications Co Ltd,46601,466,1,TWNFE,TW
Taiwan,Far EasTone Telecommunications Co Ltd,46602,466,2,,TW
Taiwan,Far EasTone Telecommunications Co Ltd,46603,466,3,,TW
Taiwan,Far EasTone Telecommunications Co Ltd,46606,466,6,,TW
Taiwan,Far EasTone Telecommunications Co Ltd,46607,466,7,,TW
Taiwan,Far EasTone Telecommunications Co Ltd,46688,466,88,,TW
Taiwan,First International Telecom,46656,466,56,,TW
Taiwan,Global Mobile Corp.,46610,466,10,,TW
Taiwan,LDTA/Chunghwa Telecom,46611,466,11,,TW
Taiwan,Mobitai Communications,46693,466,93,,TW
Taiwan,Taiwan Mobile Co. Ltd,46697,466,97,TWNPC,TW
Taiwan,Taiwan Star Telecom,46689,466,89,TWNTG,TW
Taiwan,Taiwan Star Telecom,46690,466,90,,TW
Taiwan,Tatung InfoComm,46668,466,68,,TW
Taiwan,TransAsia Telecoms,46699,466,99,,TW
Taiwan,Vmax Telecom,46609,466,9,,TW
Tajikistan,Babilon-Mobile,43604,436,4,,TJ
Tajikistan,Babilon-T,43610,436,10,,TJ
Tajikistan,Indigo,43612,436,12,,TJ
Tajikistan,Indigo Tajikistan,43602,436,2,,TJ
Tajikistan,JV Somoncom,43601,436,1,,TJ
Tajikistan,TT Mobile,43603,436,3,,TJ
Tajikistan,Tacom,43605,436,5,TJK91,TJ
Tanzania,Benson Informatics Limited,64008,640,8,TZAYA,TZ
Tanzania,Bharti Airtel,64005,640,5,TZACT,TZ
Tanzania,Dovetel Limited,64006,640,6,,TZ
Tanzania,MIC Tanzania Limited,64002,640,2,TZAMB,TZ
Tanzania,MyCell Limited,64012,640,12,,TZ
Tanzania,Rural NetCo Limited,64001,640,1,,TZ
Tanzania,Smile Telecoms Holdings Ltd.,64011,640,11,,TZ
Tanzania,Tanzania Telecommunication Company LTD (TTCL),64007,640,7,,TZ
Tanzania,Viettel Tanzania Limited,64009,640,9,TZAVG,TZ
Tanzania,Vodacom Tanzania Limited,64004,640,4,TZAVC,TZ
Tanzania,Wiafrica Tanzania Limited,64013,640,13,,TZ
Tanzania,Zanzibar Telecom Ltd,64003,640,3,TZAZN,TZ
Thailand,ACeS,52020,520,20,,TH
Thailand,Advanced Info Service,52001,520,1,,TH
Thailand,Advanced Wireless Network Company Ltd.,52003,520,3,THAWN,TH
Thailand,CAT Telecom,52000,520,0,THACT,TH
Thailand,CAT Telecom,52002,520,2,,TH
Thailand,DTAC TriNet Company Ltd.,52005,520,5,THADT,TH
Thailand,Digital Phone Company Ltd.,52023,520,23,,TH
Thailand,Royal Thai Police,52009,520,9,,TH
Thailand,TOT Public Company Limited,52015,520,15,,TH
Thailand,TOT Public Company Limited,52047,520,47,,TH
Thailand,Total Access Communications Public Company Ltd.,52018,520,18,THAWP,TH
Thailand,True Corporation,52099,520,99,THACO,TH
Thailand,True Corporation,52025,520,25,,TH
Thailand,True Move H Universal Communication Company Ltd.,52004,520,4,THACA,TH
Togo,Moov Togo,61503,615,3,TGOTL,TG
Togo,Togo Telecom,61501,615,1,TGOTC,TG
Tokelau,Teletok,55401,554,1,,TK
Tonga,Digicel (Tonga) Limited,53988,539,88,TONDP,TO
Tonga,Shoreline Communication,53943,539,43,,TO
Tonga,Tonga Communications Corporation,53901,539,1,,TO
Trinidad and Tobago,Digicel (Trinidad & Tobago) Limited,374130,374,130,TTODL,TT
Trinidad and Tobago,LaqTel Ltd.,374140,374,140,,TT
Trinidad and Tobago,TSTT,37412,374,12,,TT
Tunisia,Orange,60501,605,1,TUNOR,TN
Tunisia,Tunisie Telecom,60502,605,2,TUNTT,TN
Tunisia,Ooredoo,60503,605,3,TUNTA,TN
Turkey,Aycell,28604,286,4,TURAC,TR
Turkey,Turkcell Iletisim Hizmetleri A.S.,28601,286,1,TURTC,TR
Turkey,Türk Telekom,28603,286,3,TURIS,TR
Turkey,Vodafone Turkey,28602,286,2,TURTS,TR
Turkmenistan,Altyn Asyr,43802,438,2,,TM
Turkmenistan,AŞTU,43803,438,3,,TM
Turkmenistan,MTS Turkmenistan,43801,438,1,,TM
Turks and Caicos Islands,Cable & Wireless West Indies Ltd (Turks & Caicos),376350,376,350,TCACW,TC
Turks and Caicos Islands,Cable & Wireless West Indies Ltd (Turks & Caicos),376352,376,352,,TC
Turks and Caicos Islands,Cable & Wireless West Indies Ltd (Turks & Caicos),376360,376,360,,TC
Turks and Caicos Islands,Digicel (Turks & Caicos) Limited,338050,338,50,JAMDC,TC
Turks and Caicos Islands,Digicel (Turks & Caicos) Limited,376351,376,351,,TC
Tuvalu,Tuvalu Telecom,55301,553,1,,TV
Uganda,Africell Uganda,64114,641,14,UGAOR,UG
Uganda,Afrimax Uganda,64106,641,6,,UG
Uganda,Anupam Global Soft Uganda Limited,64130,641,30,,UG
Uganda,Bharti Airtel,64101,641,1,UGACE,UG
Uganda,Bharti Airtel,64122,641,22,UGAWT,UG
Uganda,Civil Aviation Authority (CAA),64140,641,40,,UG
Uganda,K2 Telecom Ltd,64144,641,44,,UG
Uganda,Lycamobile Network Services Uganda Limited,64126,641,26,,UG
Uganda,MTN Uganda,64110,641,10,UGAMN,UG
Uganda,SimbaNET Uganda Limited,64116,641,16,,UG
Uganda,Smile Communications Uganda Limited,64133,641,33,,UG
Uganda,Suretelecom Uganda Ltd.,64118,641,18,UGASU,UG
Uganda,Tangerine Uganda Limited,64104,641,4,,UG
Uganda,Uganda Telecom Ltd.,64111,641,11,UGATL,UG
Uganda,i-Tel Ltd,64166,641,66,,UG
Ukraine,Atlantis Telecom LLC,25510,255,10,,UA
Ukraine,Intertelecom LLC,25504,255,4,,UA
Ukraine,Intertelecom LLC,25523,255,23,,UA
Ukraine,JSC Ukrtelecom,25508,255,8,,UA
Ukraine,"PRJSC ""Farlep-Invest""",25509,255,9,,UA
Ukraine,"PRJSC ""Kyivstar""",25503,255,3,UKRKS,UA
Ukraine,"PRJSC ""Kyivstar""",25502,255,2,UKRRS,UA
Ukraine,"PRJSC ""Kyivstar""",25505,255,5,,UA
Ukraine,"PRJSC ""Telesystems of Ukraine""",25521,255,21,,UA
Ukraine,"PRJSC ""Telesystems of Ukraine""",25525,255,25,,UA
Ukraine,"PRJSC ""VF Ukraine""",25501,255,1,UKRUM,UA
Ukraine,Phoenix,25599,255,99,,UA
Ukraine,Trimob LLC,25507,255,7,UKRUT,UA
Ukraine,lifecell LLC,25506,255,6,UKRAS,UA
United Arab Emirates,DU,42403,424,3,AREDU,AE
United Arab Emirates,Etisalat,42402,424,2,ARETC,AE
United Kingdom,(aq) Limited,23429,234,29,,GB
United Kingdom,AMSUK Ltd.,23470,234,70,,GB
United Kingdom,Airwave Solutions Ltd,23478,234,78,,GB
United Kingdom,BT Group,23400,234,0,,GB
United Kingdom,BT Group,23476,234,76,,GB
United Kingdom,BT Group,23577,235,77,,GB
United Kingdom,BT OnePhone (UK) Ltd,23408,234,8,,GB
United Kingdom,Bluewave Communications Ltd,23473,234,73,,GB
United Kingdom,CESG,23456,234,56,,GB
United Kingdom,COLT Mobile Telecommunications Limited,23405,234,5,,GB
United Kingdom,Cloud9,23418,234,18,,GB
United Kingdom,EE,23430,234,30,GBRME,GB
United Kingdom,EE,23433,234,33,GBROR,GB
United Kingdom,EE,23431,234,31,,GB
United Kingdom,EE,23432,234,32,,GB
United Kingdom,EE,23434,234,34,,GB
United Kingdom,EE,23486,234,86,,GB
United Kingdom,EE,23501,235,1,,GB
United Kingdom,EE,23502,235,2,,GB
United Kingdom,FMS Solutions Ltd,23404,234,4,,GB
United Kingdom,FleXtel Limited,23417,234,17,,GB
United Kingdom,Gamma Telecom Holdings Ltd.,23439,234,39,,GB
United Kingdom,Hanhaa Limited,23472,234,72,,GB
United Kingdom,Hay Systems Ltd,23414,234,14,,GB
United Kingdom,Home Office,23471,234,71,,GB
United Kingdom,Hutchison 3G UK Ltd,23420,234,20,GBRHU,GB
United Kingdom,Hutchison 3G UK Ltd,23594,235,94,,GB
United Kingdom,Icron Network Limited,23423,234,23,,GB
United Kingdom,Internet Computer Bureau Limited,23406,234,6,,GB
United Kingdom,JSC Ingenium (UK) Limited,23435,234,35,,GB
United Kingdom,JT Group Limited,23450,234,50,GBRJT,GB
United Kingdom,Jersey Airtel Ltd,23403,234,3,,GB
United Kingdom,Limitless Mobile Ltd,23453,234,53,,GB
United Kingdom,Limitless Mobile Ltd,23459,234,59,,GB
United Kingdom,LogicStar Ltd,23421,234,21,,GB
United Kingdom,Lycamobile UK Limited,23426,234,26,,GB
United Kingdom,Manx Telecom,23458,234,58,GBRMT,GB
United Kingdom,Marathon Telecom Limited,23428,234,28,,GB
United Kingdom,Mundio Mobile Limited,23401,234,1,,GB
United Kingdom,Network Rail Infrastructure Limited,23595,235,95,,GB
United Kingdom,Network Rail Infrastructure Ltd,23412,234,12,,GB
United Kingdom,Network Rail Infrastructure Ltd,23413,234,13,,GB
United Kingdom,Shyam Telecom UK Ltd,23452,234,52,,GB
United Kingdom,Sky UK Limited,23457,234,57,,GB
United Kingdom,Stour Marine Limited,23424,234,24,,GB
United Kingdom,Sure (Guernsey) Limited,23455,234,55,,GB
United Kingdom,Sure Isle of Man Ltd.,23436,234,36,,GB
United Kingdom,Synectiv Ltd,23437,234,37,,GB
United Kingdom,TalkTalk Communications Limited,23416,234,16,,GB
United Kingdom,Teleena UK Limited,23427,234,27,,GB
United Kingdom,Telefónica Europe,23410,234,10,GBRCN,GB
United Kingdom,Telefónica Europe,23402,234,2,,GB
United Kingdom,Telefónica Europe,23411,234,11,,GB
United Kingdom,Telesign Mobile Limited,23422,234,22,,GB
United Kingdom,Telet Research (N.I.) Limited,23588,235,88,,GB
United Kingdom,Teleware plc,23419,234,19,,GB
United Kingdom,The Carphone Warehouse Limited,23454,234,54,,GB
United Kingdom,Tismi BV,23409,234,9,,GB
United Kingdom,Truphone,23425,234,25,,GB
United Kingdom,UK Broadband Limited,23451,234,51,,GB
United Kingdom,UK Broadband Limited,23503,235,3,,GB
United Kingdom,University of Strathclyde,23504,235,4,,GB
United Kingdom,University of Strathclyde,23506,235,6,,GB
United Kingdom,University of Strathclyde,23507,235,7,,GB
United Kingdom,Virgin Media,23438,234,38,,GB
United Kingdom,Vodafone,23415,234,15,GBRVF,GB
United Kingdom,Vodafone,23407,234,7,,GB
United Kingdom,Vodafone United Kingdom,23591,235,91,,GB
United Kingdom,Vodafone United Kingdom,23592,235,92,,GB
United States of America,365 Wireless LLC,312650,312,650,,US
United States of America,700 MHz Public Safety Broadband,313100,313,100,,US
United States of America,700 MHz Public Safety Broadband,313110,313,110,,US
United States of America,AB Spectrum LLC,312500,312,500,,US
United States of America,ANIN,312520,312,520,,US
United States of America,ARINC,311200,311,200,,US
United States of America,AT&T Mobility,310410,310,410,USACG,US
United States of America,AT&T Mobility,310016,310,16,,US
United States of America,AT&T Mobility,310030,310,30,,US
United States of America,AT&T Mobility,310070,310,70,,US
United States of America,AT&T Mobility,310080,310,80,,US
United States of America,AT&T Mobility,310090,310,90,,US
United States of America,AT&T Mobility,310150,310,150,,US
United States of America,AT&T Mobility,310170,310,170,,US
United States of America,AT&T Mobility,310280,310,280,,US
United States of America,AT&T Mobility,310380,310,380,,US
United States of America,AT&T Mobility,310560,310,560,,US
United States of America,AT&T Mobility,310670,310,670,,US
United States of America,AT&T Mobility,310680,310,680,,US
United States of America,AT&T Mobility,310950,310,950,,US
United States of America,AT&T Mobility,311070,311,70,,US
United States of America,AT&T Mobility,311090,311,90,,US
United States of America,AT&T Mobility,311180,311,180,,US
United States of America,AT&T Mobility,311190,311,190,,US
United States of America,AT&T Mobility,312090,312,90,,US
United States of America,AT&T Mobility,312670,312,670,,US
United States of America,AT&T Mobility,312680,312,680,,US
United States of America,AT&T Mobility,313210,313,210,,US
United States of America,Adams Networks Inc,312070,312,70,,US
United States of America,"Advantage Cellular Systems, Inc.",310880,310,880,,US
United States of America,"Aeris Communications, Inc.",310850,310,850,,US
United States of America,Agri-Valley Communications,310630,310,630,,US
United States of America,Airpeak,310034,310,34,,US
United States of America,Alaska Communications,310050,310,50,,US
United States of America,Alaska Communications,310190,310,190,,US
United States of America,Albemarle County Public Schools,312880,312,880,,US
United States of America,Alltel US,310054,310,54,,US
United States of America,"Altice USA Wireless, Inc.",313390,313,390,,US
United States of America,"Altiostar Networks, Inc.",311770,311,770,,US
United States of America,American Samoa Telecommunications Authority,311780,311,780,,US
United States of America,Americell PA 3 Partnership,311030,311,30,USAIN,US
United States of America,Arctic Slope Telephone Association Cooperative,310710,310,710,,US
United States of America,Arctic Slope Telephone Association Cooperative,312760,312,760,,US
United States of America,Artemis Networks LLC,312750,312,750,,US
United States of America,"Arvig Enterprises, Inc.",313440,313,440,,US
United States of America,"Aspenta International, Inc.",312210,312,210,,US
United States of America,Bend Cable Communications LLC,311570,311,570,,US
United States of America,"Big River Broadband, LLC",311970,311,970,,US
United States of America,Blackstar Management,313270,313,270,,US
United States of America,Bluegrass Cellular LLC,311440,311,440,,US
United States of America,Bluegrass Cellular LLC,311800,311,800,,US
United States of America,Bluegrass Cellular LLC,311810,311,810,,US
United States of America,Bristol Bay Telephone Cooperative,312810,312,810,,US
United States of America,Broadband In Hand LLC,312540,312,540,,US
United States of America,"Buffalo-Lake Erie Wireless Systems Co., LLC",312570,312,570,,US
United States of America,Bug Tussel Wireless LLC,311330,311,330,,US
United States of America,"CAL.NET, Inc.",313310,313,310,,US
United States of America,Cable & Communications Corporation,310900,310,900,,US
United States of America,Cable & Communications Corporation,312450,312,450,,US
United States of America,"Cambio WiFi of Delmarva, LLC",313300,313,300,,US
United States of America,Cambridge Telephone Company Inc.,313020,313,20,,US
United States of America,Carolina West Wireless,310130,310,130,,US
United States of America,Carolina West Wireless,312470,312,470,,US
United States of America,Cellular Network Partnership,310360,310,360,,US
United States of America,Cellular Network Partnership,312270,312,270,,US
United States of America,Cellular Network Partnership,312280,312,280,,US
United States of America,Cellular South Inc.,311230,311,230,,US
United States of America,Cellular South Inc.,311630,311,630,,US
United States of America,Central LTE Holdings,312260,312,260,,US
United States of America,CenturyTel Broadband Services LLC,313330,313,330,,US
United States of America,Chariton Valley Communications,311010,311,10,,US
United States of America,"Chariton Valley Communications Corporation, Inc",312010,312,10,,US
United States of America,"Chariton Valley Communications Corporation, Inc.",312220,312,220,,US
United States of America,Cincinnati Bell Wireless,310420,310,420,USACB,US
United States of America,Circle Gx,312890,312,890,,US
United States of America,Cirrus Core Networks,312800,312,800,,US
United States of America,Citizens Broadband Radio Service,315010,315,10,,US
United States of America,"Clear Stream Communications, LLC",312310,312,310,,US
United States of America,"ClearSky Technologies, Inc.",312100,312,100,,US
United States of America,"Cleveland Unlimited, Inc.",312140,312,140,,US
United States of America,"Coleman County Telephone Cooperative, Inc.",311790,311,790,,US
United States of America,Commnet Wireless,311320,311,320,USACD,US
United States of America,Commnet Wireless,311040,311,40,USACO,US
United States of America,Commnet Wireless,312370,312,370,,US
United States of America,Commnet Wireless LLC,311550,311,550,,US
United States of America,Consolidated Telcom,310060,310,60,,US
United States of America,Consolidated Telcom,312440,312,440,,US
United States of America,Copper Valley Wireless,310930,310,930,,US
United States of America,Copper Valley Wireless,312380,312,380,,US
United States of America,Cordova Wireless,311240,311,240,,US
United States of America,Country Wireless,313060,313,60,,US
United States of America,CoverageCo,312060,312,60,,US
United States of America,Cross Telephone Company,311140,311,140,,US
United States of America,Cross Valiant Cellular Partnership,310700,310,700,,US
United States of America,Cross Wireless,312030,312,30,,US
United States of America,Cross Wireless LLC,313010,313,10,,US
United States of America,Custer Telephone Co-op (CTCI),312040,312,40,,US
United States of America,Custer Telephone Co-op (CTCI),312950,312,950,,US
United States of America,Custer Telephone Co-op (CTCI),313220,313,220,,US
United States of America,D. D. Inc.,310780,310,780,,US
United States of America,Dish Network,313340,313,340,,US
United States of America,Dish Network,313350,313,350,,US
United States of America,Dish Network,313360,313,360,,US
United States of America,"ETEX Communications, LP",310035,310,35,,US
United States of America,Eagle Telephone System Inc.,313030,313,30,,US
United States of America,"East Kentucky Network, LLC",310750,310,750,,US
United States of America,"East Kentucky Network, LLC",312120,312,120,,US
United States of America,"East Kentucky Network, LLC",312130,312,130,,US
United States of America,"East Kentucky Network, LLC",312910,312,910,,US
United States of America,Edigen Inc.,311760,311,760,,US
United States of America,Electric Imp Inc.,311460,311,460,,US
United States of America,Elkhart Telephone Co.,310610,310,610,,US
United States of America,"Eltopia Communications, LLC",312410,312,410,,US
United States of America,Enhanced Telecommmunications Corp.,311950,311,950,,US
United States of America,Evolve Cellular Inc.,310990,310,990,,US
United States of America,Expeto Wireless Inc.,313260,313,260,,US
United States of America,FTC Communications LLC,312390,312,390,,US
United States of America,Farmers Wireless,310311,310,311,,US
United States of America,"Flat West Wireless, LLC",312900,312,900,,US
United States of America,Flat Wireless LLC,311750,311,750,,US
United States of America,"Flat Wireless, LLC",312860,312,860,,US
United States of America,"Florida Broadband, Inc.",313520,313,520,,US
United States of America,Fuego Wireless,312050,312,50,,US
United States of America,"Fundamental Holdings, Corp.",313240,313,240,,US
United States of America,GCI Communications Corp.,310430,310,430,,US
United States of America,General Communication Inc.,311370,311,370,USAGC,US
United States of America,GigSky,311900,311,900,,US
United States of America,"GigSky Mobile, LLC",312870,312,870,,US
United States of America,Gila Electronics,312790,312,790,,US
United States of America,Globalstar,310970,310,970,,US
United States of America,GlobeTouch Inc.,312620,312,620,,US
United States of America,Globecomm Network Services Corporation,311890,311,890,,US
United States of America,Great North Woods Wireless LLC,312710,312,710,,US
United States of America,"Great Plains Communications, Inc.",312550,312,550,,US
United States of America,GreenFly LLC,311680,311,680,,US
United States of America,Guam Telephone Authority,310033,310,33,,US
United States of America,Gulf Coast Broadband LLC,313290,313,290,,US
United States of America,"Hewlett-Packard Communication Services, LLC",312930,312,930,,US
United States of America,Hilliary Communications,310540,310,540,,US
United States of America,Hudson Valley Wireless,313420,313,420,,US
United States of America,IOSAZ Intellectual Property LLC,312970,312,970,,US
United States of America,"IT&E Overseas, Inc",310032,310,32,,US
United States of America,Illinois Valley Cellular,311340,311,340,,US
United States of America,Imperial County Office of Education,313250,313,250,,US
United States of America,"Infrastructure Networks, LLC",312020,312,20,,US
United States of America,Inland Cellular Telephone Company,310580,310,580,,US
United States of America,Iowa RSA No. 2 LP,311410,311,410,,US
United States of America,Iowa RSA No. 2 LP,312170,312,170,,US
United States of America,Iowa Wireless Services,310770,310,770,,US
United States of America,Iowa Wireless Services LLC,310530,310,530,,US
United States of America,"James Valley Wireless, LLC",310920,310,920,,US
United States of America,Jasper Technologies,310650,310,650,,US
United States of America,"KDDI America, Inc.",312740,312,740,,US
United States of America,Kaplan Telephone Company,310870,310,870,,US
United States of America,Ketchikan Public Utilities (KPU),312460,312,460,,US
United States of America,"King Street Wireless, LP",313280,313,280,,US
United States of America,Kings County Office of Education,312830,312,830,,US
United States of America,Leaco Rural Telephone Company Inc.,311310,311,310,,US
United States of America,LigTel Communications,311980,311,980,,US
United States of America,Ligado Networks,311510,311,510,,US
United States of America,Lightsquared L.P.,311130,311,130,,US
United States of America,Lightsquared L.P.,311160,311,160,,US
United States of America,Lightsquared L.P.,311520,311,520,,US
United States of America,Limitless Mobile LLC,312180,312,180,,US
United States of America,"Limitless Mobile, LLC",310690,310,690,USACW,US
United States of America,"Limitless Mobile, LLC",310340,310,340,,US
United States of America,"Limitless Mobile, LLC",311600,311,600,,US
United States of America,Lycamobile USA Inc.,311960,311,960,,US
United States of America,Lynch 3G Communications Corporation,310760,310,760,,US
United States of America,"M&A Technology, Inc.",312960,312,960,,US
United States of America,MainePCS LLC,311720,311,720,,US
United States of America,"Manti Tele Communications Company, Inc.",313050,313,50,,US
United States of America,Mark Twain Communications Company,312980,312,980,,US
United States of America,"Matanuska Telephone Association, Inc.",310040,310,40,,US
United States of America,"Matanuska Telephone Association, Inc.",312340,312,340,,US
United States of America,Mercury Network Corporation,313200,313,200,,US
United States of America,Metro by T-Mobile,311660,311,660,,US
United States of America,Mid-Rivers Telephone Cooperative,312400,312,400,,US
United States of America,Mid-Tex Cellular Ltd.,311000,311,0,,US
United States of America,Midwest Network Solutions Hub LLC,311700,311,700,,US
United States of America,Midwest Network Solutions Hub LLC,313070,313,70,,US
United States of America,Mile High Networks LLC,313550,313,550,,US
United States of America,Missouri RSA 5 Partnership,311020,311,20,,US
United States of America,Missouri RSA 5 Partnership,311920,311,920,,US
United States of America,"Mobi, Inc.",313460,313,460,,US
United States of America,"Morgan, Lewis & Bockius LLP",312580,312,580,,US
United States of America,Mosaic Telecom,311500,311,500,,US
United States of America,NEP Cellcorp Inc.,310290,310,290,,US
United States of America,NHLT Inc.,312560,312,560,,US
United States of America,NTT DoCoMo Pacific,310370,310,370,GUMDP,US
United States of America,NTT DoCoMo Pacific,310470,310,470,GUMHT,US
United States of America,"Nemont Communications, Inc.",312330,312,330,,US
United States of America,"NetGenuity, Inc.",312630,312,630,,US
United States of America,New Dimension Wireless Ltd.,311380,311,380,,US
United States of America,New Mexico RSA 4 East LP,310100,310,100,,US
United States of America,NewCell Inc.,310600,310,600,,US
United States of America,NewCore Wireless LLC,310460,310,460,,US
United States of America,NewCore Wireless LLC,311530,311,530,,US
United States of America,Nex-Tech Wireless,311100,311,100,,US
United States of America,Nex-Tech Wireless,312420,312,420,,US
United States of America,Nextel Communications,316010,316,10,,US
United States of America,"Nexus Communications, Inc.",311300,311,300,,US
United States of America,Nokia Innovations US LLC,313540,313,540,,US
United States of America,North Dakota Network Co.,311610,311,610,,US
United States of America,North Dakota Network Co.,312230,312,230,,US
United States of America,North Sight Communications Inc.,310017,310,17,,US
United States of America,Northeast Wireless Networks LLC,311710,311,710,,US
United States of America,Northeast Wireless Networks LLC,312920,312,920,,US
United States of America,Northern Michigan University,312590,312,590,,US
United States of America,Northwest Missouri Cellular LP,311420,311,420,,US
United States of America,Northwest Missouri Cellular LP,312150,312,150,,US
United States of America,Nsight,310510,310,510,,US
United States of America,Nsight,311840,311,840,,US
United States of America,Nsight,311850,311,850,,US
United States of America,Nsighttel Wireless LLC,310620,310,620,,US
United States of America,Nucla-Naturita Telephone Company,313040,313,40,,US
United States of America,Numerex,310440,310,440,,US
United States of America,Numerex,310640,310,640,,US
United States of America,"OTZ Communications, Inc.",311560,311,560,,US
United States of America,"Onvoy Spectrum, LLC",312850,312,850,,US
United States of America,OptimERA Inc.,313380,313,380,,US
United States of America,PTI Pacifica Inc.,310110,310,110,USAGU,US
United States of America,Pacific Lightwave Inc.,310810,310,810,,US
United States of America,Paladin Wireless,313320,313,320,,US
United States of America,Panhandle Telecommunication Systems Inc.,311450,311,450,,US
United States of America,PinPoint Communications Inc.,310790,310,790,,US
United States of America,PinPoint Communications Inc.,311290,311,290,,US
United States of America,Pine Belt Cellular Inc.,311670,311,670,,US
United States of America,Pine Telephone Company,311080,311,80,,US
United States of America,Premier Holdings LLC,312990,312,990,,US
United States of America,Proximiti Mobility Inc.,311540,311,540,,US
United States of America,Proximiti Mobility Inc.,311730,311,730,,US
United States of America,Public Service Cellular Inc.,310500,310,500,,US
United States of America,Puerto Rico Telecom Company,313510,313,510,,US
United States of America,"Puloli, Inc.",313490,313,490,,US
United States of America,RSA 1 LP,311430,311,430,,US
United States of America,RSA1 Limited Partnership,312160,312,160,,US
United States of America,RTC Communications LLC,312320,312,320,,US
United States of America,"Ready Wireless, LLC",313480,313,480,,US
United States of America,"Red Truck Wireless, LLC",313370,313,370,,US
United States of America,Redzone Wireless,312780,312,780,,US
United States of America,Reserved for Public Safety,314100,314,100,,US
United States of America,SI Wireless LLC,311910,311,910,,US
United States of America,"Sagebrush Cellular, Inc.",311350,311,350,,US
United States of America,"Sagebrush Cellular, Inc.",312480,312,480,,US
United States of America,"Sagebrush Cellular, Inc.",312600,312,600,,US
United States of America,"Sagebrush Cellular, Inc.",312640,312,640,,US
United States of America,San Diego Gas & Electric Company,313470,313,470,,US
United States of America,"Santel Communications Cooperative, Inc.",312820,312,820,,US
United States of America,"Shelcomm, Inc.",313500,313,500,,US
United States of America,Silver Star Communications,312430,312,430,,US
United States of America,"Smith Bagley, Inc.",310320,310,320,,US
United States of America,Sonus Networks,311820,311,820,,US
United States of America,South Georgia Regional Information Technology Authority,312080,312,80,,US
United States of America,South Georgia Regional Information Technology Authority,312840,312,840,,US
United States of America,Southern Communications,310015,310,15,,US
United States of America,Southern Communications Services,312720,312,720,,US
United States of America,Southern Communications Services,316011,316,11,,US
United States of America,Space Data Corporation,311060,311,60,,US
United States of America,"Spectrum Wireless Holdings, LLC",313450,313,450,,US
United States of America,Speedwavz LLP,313080,313,80,,US
United States of America,Sprint,310053,310,53,,US
United States of America,Sprint Corporation,310120,310,120,USASP,US
United States of America,Sprint Corporation,310830,310,830,,US
United States of America,Sprint Corporation,311260,311,260,,US
United States of America,Sprint Corporation,311490,311,490,,US
United States of America,Sprint Corporation,311870,311,870,,US
United States of America,Sprint Corporation,311880,311,880,,US
United States of America,Sprint Corporation,311882,311,882,,US
United States of America,Sprint Corporation,311940,311,940,,US
United States of America,Sprint Corporation,312190,312,190,,US
United States of America,Sprint Corporation,312240,312,240,,US
United States of America,Sprint Corporation,312250,312,250,,US
United States of America,Sprint Corporation,312530,312,530,,US
United States of America,Standing Rock Telecommunications,311640,311,640,,US
United States of America,Stelera Wireless,311360,311,360,,US
United States of America,Syniverse Technologies,310550,310,550,,US
United States of America,Syniverse Technologies,310720,310,720,,US
United States of America,Syringa Wireless,311930,311,930,,US
United States of America,T-Mobile,310200,310,200,,US
United States of America,T-Mobile,310210,310,210,,US
United States of America,T-Mobile,310220,310,220,,US
United States of America,T-Mobile,310230,310,230,,US
United States of America,T-Mobile,310240,310,240,,US
United States of America,T-Mobile,310250,310,250,,US
United States of America,T-Mobile,310270,310,270,,US
United States of America,T-Mobile,310310,310,310,,US
United States of America,T-Mobile,310490,310,490,,US
United States of America,T-Mobile,310800,310,800,,US
United States of America,T-Mobile US,310160,310,160,,US
United States of America,T-Mobile USA,310260,310,260,USAW6,US
United States of America,"TGS, LLC",312690,312,690,,US
United States of America,"TX RSA 15B2, LP",310860,310,860,,US
United States of America,"TX-10, LLC and Central Louisiana Cellular, LLC (MTPCS)",310570,310,570,,US
United States of America,"TX-11 Acquisition, LLC",310390,310,390,,US
United States of America,Tampnet,311170,311,170,USAPE,US
United States of America,Telalaska Cellular,311740,311,740,,US
United States of America,TeleBEEPER of New Mexico,311690,311,690,,US
United States of America,"Telecom North America Mobile, Inc.",310840,310,840,,US
United States of America,"Telecom North America Mobile, Inc.",312300,312,300,,US
United States of America,"Teleguam Holdings, LLC",310140,310,140,,US
United States of America,Telnyx LLC,311210,311,210,,US
United States of America,Tennessee Wireless,313000,313,0,,US
United States of America,"TerreStar Networks, Inc.",311620,311,620,,US
United States of America,Texas Energy Network LLC,312110,312,110,,US
United States of America,Texas RSA 7B3,310980,310,980,,US
United States of America,"Texoma Communications, LLC",313400,313,400,,US
United States of America,Thumb Cellular LP,311050,311,50,,US
United States of America,Thumb Cellular LP,311830,311,830,,US
United States of America,Transaction Network Services,310520,310,520,,US
United States of America,Transit Wireless LLC,313560,313,560,,US
United States of America,Triangle Communication System Inc.,312350,312,350,,US
United States of America,Triangle Communication System Inc.,312730,312,730,,US
United States of America,"TrustComm, Inc.",312490,312,490,,US
United States of America,Tyntec Inc.,310940,310,940,,US
United States of America,U.S. Cellular,311580,311,580,USAUD,US
United States of America,U.S. Cellular,310066,310,66,,US
United States of America,U.S. Cellular,310730,310,730,,US
United States of America,U.S. Cellular,311220,311,220,,US
United States of America,UBET Wireless,310960,310,960,,US
United States of America,Uintah Basin Electronic Telecommunications,311860,311,860,,US
United States of America,Uintah Basin Electronic Telecommunications,312290,312,290,,US
United States of America,Union Telephone Company,310020,310,20,USAUN,US
United States of America,United Wireless,311650,311,650,,US
United States of America,VTel Wireless,311990,311,990,,US
United States of America,Velocity Communications Inc.,313230,313,230,,US
United States of America,Verizon Wireless,311480,311,480,USAVZ,US
United States of America,Verizon Wireless,310004,310,4,,US
United States of America,Verizon Wireless,310005,310,5,,US
United States of America,Verizon Wireless,310006,310,6,,US
United States of America,Verizon Wireless,310010,310,10,,US
United States of America,Verizon Wireless,310012,310,12,,US
United States of America,Verizon Wireless,310013,310,13,,US
United States of America,Verizon Wireless,310350,310,350,,US
United States of America,Verizon Wireless,310590,310,590,,US
United States of America,Verizon Wireless,310820,310,820,,US
United States of America,Verizon Wireless,310890,310,890,,US
United States of America,Verizon Wireless,310910,310,910,,US
United States of America,Verizon Wireless,311012,311,12,,US
United States of America,Verizon Wireless,311110,311,110,,US
United States of America,Verizon Wireless,311270,311,270,,US
United States of America,Verizon Wireless,311271,311,271,,US
United States of America,Verizon Wireless,311272,311,272,,US
United States of America,Verizon Wireless,311273,311,273,,US
United States of America,Verizon Wireless,311274,311,274,,US
United States of America,Verizon Wireless,311275,311,275,,US
United States of America,Verizon Wireless,311276,311,276,,US
United States of America,Verizon Wireless,311277,311,277,,US
United States of America,Verizon Wireless,311278,311,278,,US
United States of America,Verizon Wireless,311279,311,279,,US
United States of America,Verizon Wireless,311280,311,280,,US
United States of America,Verizon Wireless,311281,311,281,,US
United States of America,Verizon Wireless,311282,311,282,,US
United States of America,Verizon Wireless,311283,311,283,,US
United States of America,Verizon Wireless,311284,311,284,,US
United States of America,Verizon Wireless,311285,311,285,,US
United States of America,Verizon Wireless,311286,311,286,,US
United States of America,Verizon Wireless,311287,311,287,,US
United States of America,Verizon Wireless,311288,311,288,,US
United States of America,Verizon Wireless,311289,311,289,,US
United States of America,Verizon Wireless,311390,311,390,,US
United States of America,Verizon Wireless,311481,311,481,,US
United States of America,Verizon Wireless,311482,311,482,,US
United States of America,Verizon Wireless,311483,311,483,,US
United States of America,Verizon Wireless,311484,311,484,,US
United States of America,Verizon Wireless,311485,311,485,,US
United States of America,Verizon Wireless,311486,311,486,,US
United States of America,Verizon Wireless,311487,311,487,,US
United States of America,Verizon Wireless,311488,311,488,,US
United States of America,Verizon Wireless,311489,311,489,,US
United States of America,Verizon Wireless,311590,311,590,,US
United States of America,Verizon Wireless,312770,312,770,,US
United States of America,Viaero Wireless,310450,310,450,USACI,US
United States of America,Viaero Wireless,310740,310,740,,US
United States of America,Vitelcom Cellular Inc.,311470,311,470,,US
United States of America,"Vivint Wireless, Inc.",313090,313,90,,US
United States of America,Voyager Mobility LLC,312200,312,200,,US
United States of America,WUE Inc.,312510,312,510,,US
United States of America,Wave Runner LLC,310400,310,400,,US
United States of America,Wave Runner LLC,310480,310,480,,US
United States of America,Wave Runner LLC,311120,311,120,,US
United States of America,Wave Runner LLC,311250,311,250,,US
United States of America,Webformix,312940,312,940,,US
United States of America,"Wes-Tex Telecommunications, Ltd.",312360,312,360,,US
United States of America,West Central Wireless,310180,310,180,,US
United States of America,Wilkes Cellular,311150,311,150,,US
United States of America,"Wireless Partners, LLC",310330,310,330,,US
United States of America,"Wireless Partners, LLC",312700,312,700,,US
United States of America,"iSmart Mobile, LLC",310300,310,300,,US
United States of America,"nTelos Licenses, Inc.",312610,312,610,,US
United States of America,nTelos Wireless,312660,312,660,,US
United States of America,pdvWireless,313410,313,410,,US
United States of America,,310014,310,14,,US
United States of America,,310660,310,660,,US
United States of America,,311400,311,400,,US
Uruguay,AM Wireless Uruguay S.A.,74810,748,10,URYAM,UY
Uruguay,Administración Nacional de Telecomunicaciones,74800,748,0,,UY
Uruguay,Administración Nacional de Telecomunicaciones,74801,748,1,,UY
Uruguay,Administración Nacional de Telecomunicaciones,74803,748,3,,UY
Uruguay,Telefónica Móviles Uruguay,74807,748,7,URYTM,UY
Uzbekistan,Buztel,43401,434,1,,UZ
Uzbekistan,Coscom,43405,434,5,UZB05,UZ
Uzbekistan,OOO «Super iMAX»,43409,434,9,,UZ
Uzbekistan,RUBICON WIRELESS COMMUNICATION,43406,434,6,,UZ
Uzbekistan,Unitel LLC,43404,434,4,UZBDU,UZ
Uzbekistan,Universal Mobile Systems,43407,434,7,,UZ
Uzbekistan,Uzbektelekom,43403,434,3,,UZ
Uzbekistan,Uzbektelekom,43408,434,8,,UZ
Uzbekistan,Uzmacom,43402,434,2,,UZ
Vanuatu,ACeS International (AIL),54100,541,0,,VU
Vanuatu,Digicel Vanuatu Ltd,54105,541,5,VUTDP,VU
Vanuatu,Telecom Vanuatu Ltd,54101,541,1,,VU
Vanuatu,WanTok Vanuatu Ltd,54107,541,7,,VU
Venezuela,Corporacion Digitel C.A.,73401,734,1,,VE
Venezuela,Corporacion Digitel C.A.,73402,734,2,,VE
Venezuela,Galaxy Entertainment de Venezuela C.A.,73403,734,3,,VE
Venezuela,Telecomunicaciones Movilnet,73406,734,6,,VE
Venezuela,Telefónica Móviles Venezuela,73404,734,4,VENMS,VE
Vietnam,EVN Telecom,45206,452,6,,VN
Vietnam,GTEL Mobile JSC,45207,452,7,,VN
Vietnam,Hanoi Telecom,45205,452,5,VNMVM,VN
Vietnam,Indochina Telecom,45208,452,8,,VN
Vietnam,S-Telecom,45203,452,3,,VN
Vietnam,Vietnam Mobile Telecom Services Company,45201,452,1,VNMMO,VN
Vietnam,Vietnam Telecom Services Company,45202,452,2,VNMVI,VN
Vietnam,Viettel Telecom,45204,452,4,VNMVT,VN
Wallis and Futuna,Service des Postes et Télécommunications des Îles Wallis et Futuna (SPT),54301,543,1,,WF
Worldwide,1NCE GmbH,90167,901,67,,XX
Worldwide,AT&T Inc.,90144,901,44,,XX
Worldwide,AT&T Mobility,90118,901,18,BMU01,XX
Worldwide,Advanced Wireless Network Company Limited,90145,901,45,,XX
Worldwide,AeroMobile AS,90114,901,14,NORAM,XX
Worldwide,Azerfon,90136,901,36,,XX
Worldwide,BebbiCell AG,90113,901,13,,XX
Worldwide,Beezz Communication Solutions Ltd.,90155,901,55,,XX
Worldwide,Belgacom ICS SA,90158,901,58,,XX
Worldwide,BodyTrace Netherlands B.V.,90141,901,41,,XX
Worldwide,"Cisco Systems, Inc.",90116,901,16,,XX
Worldwide,Communication for Devices in Sweden AB,90148,901,48,,XX
Worldwide,DCN Hub ehf,90142,901,42,,XX
Worldwide,Deutsche Telekom AG,90140,901,40,,XX
Worldwide,Deutsche Telekom AG,90153,901,53,,XX
Worldwide,EMnify GmbH,90143,901,43,,XX
Worldwide,EchoStar Mobile,90150,901,50,,XX
Worldwide,European Telecommunications Standards Institute,90156,901,56,,XX
Worldwide,GDSP (Vodafone's Global Data Service Platform),90128,901,28,,XX
Worldwide,GloTel B.V.,90163,901,63,,XX
Worldwide,Globecomm Network Services,90135,901,35,,XX
Worldwide,Intermatica,90120,901,20,,XX
Worldwide,JT Group Limited,90117,901,17,,XX
Worldwide,Legos,90169,901,69,,XX
Worldwide,Limitless Mobile LLC,90166,901,66,,XX
Worldwide,MTN Management Services,90161,901,61,,XX
Worldwide,MTX Connect Ltd,90139,901,39,,XX
Worldwide,Maersk Line A/S,90168,901,68,,XX
Worldwide,Manx Telecom Trading Ltd.,90152,901,52,,XX
Worldwide,MediaLincc Ltd,90122,901,22,,XX
Worldwide,MegaFon,90132,901,32,,XX
Worldwide,MessageBird B.V.,90159,901,59,,XX
Worldwide,Monaco Telecom,90127,901,27,AAMOM,XX
Worldwide,MulteFire Allicance,90201,902,1,,XX
Worldwide,Multiregional TransitTelecom (MTT),90138,901,38,,XX
Worldwide,OnAir Switzerland Sarl,90115,901,15,,XX
Worldwide,OneWeb,90160,901,60,,XX
Worldwide,Ooredoo,90147,901,47,,XX
Worldwide,Orange S.A.,90131,901,31,,XX
Worldwide,Plintron Global Technology Solutions Pty Ltd,90165,901,65,,XX
Worldwide,SAP,90157,901,57,,XX
Worldwide,Smart Communications,90133,901,33,,XX
Worldwide,"Syniverse Technologies, LLC",90164,901,64,,XX
Worldwide,Telecom Italia Mobile,90126,901,26,ITAGT,XX
Worldwide,Telecom26 AG,90146,901,46,,XX
Worldwide,Teleena Holding B.V.,90154,901,54,,XX
Worldwide,Telenor Maritime AS,90112,901,12,NORMC,XX
Worldwide,Thuraya RMSS Network,90105,901,5,ARETH,XX
Worldwide,Thuraya Satellite Telecommunications Company,90106,901,6,,XX
Worldwide,Transatel,90137,901,37,,XX
Worldwide,Twilio Inc.,90162,901,62,,XX
Worldwide,UN Office for the Coordination of Humanitarian Affairs (OCHA),90188,901,88,,XX
Worldwide,VisionNG,90151,901,51,,XX
Worldwide,Vodafone Malta Maritime,90119,901,19,MLTMA,XX
Worldwide,Voxbone,90124,901,24,,XX
Worldwide,Wins Limited,90121,901,21,,XX
Worldwide,World's Global Telecom,99101,991,1,,XX
Worldwide,Zain Kuwait,90149,901,49,,XX
Worldwide,tyntec GmbH,90134,901,34,,XX
Worldwide,,90103,901,3,,XX
Worldwide,,90110,901,10,,XX
Worldwide,,90111,901,11,,XX
Worldwide,,90129,901,29,,XX
Yemen,Spacetel Yemen,42102,421,2,,YE
Yemen,Y,42104,421,4,,YE
Yemen,Yemen Mobile,42103,421,3,,YE
Yemen,,42101,421,1,YEMSA,YE
Zambia,Bharti Airtel,64501,645,1,ZMBCE,ZM
Zambia,MTN Group,64502,645,2,,ZM
Zambia,Zambia Telecommunications Company Ltd,64503,645,3,ZMBCZ,ZM
Zimbabwe,Econet Wireless,64804,648,4,ZWEET,ZW
Zimbabwe,Net*One Cellular (Pvt) Ltd,64801,648,1,,ZW
Zimbabwe,Telecel Zimbabwe (PVT) Ltd,64803,648,3,ZWEN3,ZW
