carrier_name,country,CC,NDC,country_upper,carrier_name_upper
Etisalet,Afghanistan,93.0,78,AFGHANISTAN,ETISALETAFGH
Etisalet,Afghanistan,93.0,,AFGHANISTAN,ETISALETAFGH
Etisalet,Afghanistan,93.0,50,AFGHANISTAN,ETISALETAFGH
MTN,Afghanistan,93.0,40,AFGHANISTAN,MTNAFGWL
MTN,Afghanistan,93.0,77,AFGHANISTAN,MTNAFGWL
MTN,Afghanistan,93.0,76,AFGHANISTAN,MTNAFGWL
TDC afgh,Afghanistan,93.0,72,AFGHANISTAN,TDC AFGH
TDC afgh,Afghanistan,93.0,79,AFGHANISTAN,TDC AFGH
TDC afgh,Afghanistan,93.0,20,AFGHANISTAN,TDC AFGH
ALBtelecom,Albania,355.0,67,ALBANIA,ALBTELECOM
ALBtelecom,Albania,355.0,,ALBANIA,ALBTELECOM
ALBtelecom,Albania,355.0,03,ALBANIA,ALBTELECOM
Plus Albania,Albania,355.0,663,ALBANIA,PLUS ALBANIA
Plus Albania,Albania,355.0,667,ALBANIA,PLUS ALBANIA
Plus Albania,Albania,355.0,662,ALBANIA,PLUS ALBANIA
Plus Albania,Albania,355.0,664,ALBANIA,PLUS ALBANIA
Plus Albania,Albania,355.0,669,ALBANIA,PLUS ALBANIA
Plus Albania,Albania,355.0,666,ALBANIA,PLUS ALBANIA
Plus Albania,Albania,355.0,04,ALBANIA,PLUS ALBANIA
Plus Albania,Albania,355.0,665,ALBANIA,PLUS ALBANIA
Plus Albania,Albania,355.0,668,ALBANIA,PLUS ALBANIA
Plus Albania,Albania,355.0,,ALBANIA,PLUS ALBANIA
Telekom Alb,Albania,355.0,,ALBANIA,TELEKOM ALB
Telekom Alb,Albania,355.0,01,ALBANIA,TELEKOM ALB
Telekom Alb,Albania,355.0,68,ALBANIA,TELEKOM ALB
Telenor,Albania,355.0,,ALBANIA,TELENORSERB
Telenor,Albania,355.0,01,ALBANIA,TELENORSERB
Telenor,Albania,355.0,68,ALBANIA,TELENORSERB
Vodafone,Albania,355.0,69,ALBANIA,VODAFONEAL
Vodafone,Albania,355.0,02,ALBANIA,VODAFONEAL
Vodafone,Albania,355.0,,ALBANIA,VODAFONEAL
Mobilis,Algeria,213.0,660,ALGERIA,ATM MOBILIS
Mobilis,Algeria,213.0,,ALGERIA,ATM MOBILIS
Mobilis,Algeria,213.0,01,ALGERIA,ATM MOBILIS
Ooredoo,Algeria,213.0,551,ALGERIA,OOREDOO ALG
Ooredoo,Algeria,213.0,552,ALGERIA,OOREDOO ALG
Ooredoo,Algeria,213.0,559,ALGERIA,OOREDOO ALG
Ooredoo,Algeria,213.0,555,ALGERIA,OOREDOO ALG
Ooredoo,Algeria,213.0,558,ALGERIA,OOREDOO ALG
Ooredoo,Algeria,213.0,03,ALGERIA,OOREDOO ALG
Ooredoo,Algeria,213.0,550,ALGERIA,OOREDOO ALG
Ooredoo,Algeria,213.0,556,ALGERIA,OOREDOO ALG
Ooredoo,Algeria,213.0,560,ALGERIA,OOREDOO ALG
Ooredoo,Algeria,213.0,553,ALGERIA,OOREDOO ALG
Ooredoo,Algeria,213.0,554,ALGERIA,OOREDOO ALG
Ooredoo,Algeria,213.0,557,ALGERIA,OOREDOO ALG
Djezzy,Algeria,213.0,,ALGERIA,OPTIMUMTELEC
Djezzy,Algeria,213.0,02,ALGERIA,OPTIMUMTELEC
Djezzy,Algeria,213.0,70,ALGERIA,OPTIMUMTELEC
Bluesky,American Samoa,1.0,684,AMERICAN SAMOA,BLUESKYSAMA
Bluesky,American Samoa,1.0,110,AMERICAN SAMOA,BLUESKYSAMA
AndorraTelec,Andorra,376.0,5,ANDORRA,ANDORRATELEC
AndorraTelec,Andorra,376.0,6,ANDORRA,ANDORRATELEC
AndorraTelec,Andorra,376.0,3,ANDORRA,ANDORRATELEC
AndorraTelec,Andorra,376.0,03,ANDORRA,ANDORRATELEC
CWWI,Angilla,1.0,26447,ANGILLA,CWWIANG
CWWI,Angilla,1.0,,ANGILLA,CWWIANG
CWWI,Angilla,1.0,840,ANGILLA,CWWIANG
Africell,Angola,244.0,95,ANGOLA,AFRICELLSA
Africell,Angola,244.0,05,ANGOLA,AFRICELLSA
unitel,Angola,244.0,92,ANGOLA,UNITEL
unitel,Angola,244.0,93,ANGOLA,UNITEL
unitel,Angola,244.0,94,ANGOLA,UNITEL
unitel,Angola,244.0,02,ANGOLA,UNITEL
unitel,Angola,244.0,,ANGOLA,UNITEL
CWWI,Antigua And Barbuda,1.0,,ANTIGUA,CWWIANT
CWWI,Antigua And Barbuda,1.0,26876,ANTIGUA,CWWIANT
CWWI,Antigua And Barbuda,1.0,920,ANTIGUA,CWWIANT
Setel,AntillesNDL,599.0,4167,ANTILLESNDL,SETEL
Setel,AntillesNDL,599.0,554,ANTILLESNDL,SETEL
Setel,AntillesNDL,599.0,796,ANTILLESNDL,SETEL
Setel,AntillesNDL,599.0,954,ANTILLESNDL,SETEL
Setel,AntillesNDL,599.0,952,ANTILLESNDL,SETEL
Setel,AntillesNDL,599.0,9531,ANTILLESNDL,SETEL
Setel,AntillesNDL,599.0,91,ANTILLESNDL,SETEL
Setel,AntillesNDL,599.0,3181,ANTILLESNDL,SETEL
Setel,AntillesNDL,599.0,3184,ANTILLESNDL,SETEL
Setel,AntillesNDL,599.0,553,ANTILLESNDL,SETEL
Setel,AntillesNDL,599.0,585,ANTILLESNDL,SETEL
Setel,AntillesNDL,599.0,795,ANTILLESNDL,SETEL
Setel,AntillesNDL,599.0,584,ANTILLESNDL,SETEL
Setel,AntillesNDL,599.0,951,ANTILLESNDL,SETEL
Setel,AntillesNDL,599.0,581,ANTILLESNDL,SETEL
Setel,AntillesNDL,599.0,9530,ANTILLESNDL,SETEL
Setel,AntillesNDL,599.0,3185,ANTILLESNDL,SETEL
Setel,AntillesNDL,599.0,586,ANTILLESNDL,SETEL
Setel,AntillesNDL,599.0,4165,ANTILLESNDL,SETEL
Setel,AntillesNDL,599.0,4166,ANTILLESNDL,SETEL
Setel,AntillesNDL,599.0,580,ANTILLESNDL,SETEL
Setel,AntillesNDL,599.0,587,ANTILLESNDL,SETEL
Setel,AntillesNDL,599.0,588,ANTILLESNDL,SETEL
Setel,AntillesNDL,599.0,956,ANTILLESNDL,SETEL
O2,Argentina,54.0,2202,ARGENTINA,O2 ARGENTINA
O2,Argentina,54.0,2227,ARGENTINA,O2 ARGENTINA
O2,Argentina,54.0,2243,ARGENTINA,O2 ARGENTINA
O2,Argentina,54.0,2244,ARGENTINA,O2 ARGENTINA
O2,Argentina,54.0,2266,ARGENTINA,O2 ARGENTINA
O2,Argentina,54.0,2267,ARGENTINA,O2 ARGENTINA
O2,Argentina,54.0,2272,ARGENTINA,O2 ARGENTINA
O2,Argentina,54.0,2286,ARGENTINA,O2 ARGENTINA
O2,Argentina,54.0,2292,ARGENTINA,O2 ARGENTINA
O2,Argentina,54.0,2344,ARGENTINA,O2 ARGENTINA
O2,Argentina,54.0,237,ARGENTINA,O2 ARGENTINA
O2,Argentina,54.0,2392,ARGENTINA,O2 ARGENTINA
O2,Argentina,54.0,2478,ARGENTINA,O2 ARGENTINA
O2,Argentina,54.0,2657,ARGENTINA,O2 ARGENTINA
O2,Argentina,54.0,2921,ARGENTINA,O2 ARGENTINA
O2,Argentina,54.0,2922,ARGENTINA,O2 ARGENTINA
O2,Argentina,54.0,2946,ARGENTINA,O2 ARGENTINA
O2,Argentina,54.0,2953,ARGENTINA,O2 ARGENTINA
O2,Argentina,54.0,3327,ARGENTINA,O2 ARGENTINA
O2,Argentina,54.0,3454,ARGENTINA,O2 ARGENTINA
O2,Argentina,54.0,3466,ARGENTINA,O2 ARGENTINA
O2,Argentina,54.0,3471,ARGENTINA,O2 ARGENTINA
O2,Argentina,54.0,3476,ARGENTINA,O2 ARGENTINA
O2,Argentina,54.0,3489,ARGENTINA,O2 ARGENTINA
O2,Argentina,54.0,3496,ARGENTINA,O2 ARGENTINA
O2,Argentina,54.0,3497,ARGENTINA,O2 ARGENTINA
O2,Argentina,54.0,351,ARGENTINA,O2 ARGENTINA
O2,Argentina,54.0,353,ARGENTINA,O2 ARGENTINA
O2,Argentina,54.0,3533,ARGENTINA,O2 ARGENTINA
O2,Argentina,54.0,3547,ARGENTINA,O2 ARGENTINA
O2,Argentina,54.0,3573,ARGENTINA,O2 ARGENTINA
O2,Argentina,54.0,3711,ARGENTINA,O2 ARGENTINA
O2,Argentina,54.0,3725,ARGENTINA,O2 ARGENTINA
O2,Argentina,54.0,3731,ARGENTINA,O2 ARGENTINA
O2,Argentina,54.0,3741,ARGENTINA,O2 ARGENTINA
O2,Argentina,54.0,3781,ARGENTINA,O2 ARGENTINA
O2,Argentina,54.0,3782,ARGENTINA,O2 ARGENTINA
O2,Argentina,54.0,383,ARGENTINA,O2 ARGENTINA
O2,Argentina,54.0,3844,ARGENTINA,O2 ARGENTINA
O2,Argentina,54.0,3855,ARGENTINA,O2 ARGENTINA
O2,Argentina,54.0,3877,ARGENTINA,O2 ARGENTINA
O2,Argentina,54.0,07,ARGENTINA,O2 ARGENTINA
O2,Argentina,54.0,220,ARGENTINA,O2 ARGENTINA
O2,Argentina,54.0,221,ARGENTINA,O2 ARGENTINA
O2,Argentina,54.0,2223,ARGENTINA,O2 ARGENTINA
O2,Argentina,54.0,2261,ARGENTINA,O2 ARGENTINA
O2,Argentina,54.0,2283,ARGENTINA,O2 ARGENTINA
O2,Argentina,54.0,2326,ARGENTINA,O2 ARGENTINA
O2,Argentina,54.0,260,ARGENTINA,O2 ARGENTINA
O2,Argentina,54.0,264,ARGENTINA,O2 ARGENTINA
O2,Argentina,54.0,2656,ARGENTINA,O2 ARGENTINA
O2,Argentina,54.0,2903,ARGENTINA,O2 ARGENTINA
O2,Argentina,54.0,2942,ARGENTINA,O2 ARGENTINA
O2,Argentina,54.0,2945,ARGENTINA,O2 ARGENTINA
O2,Argentina,54.0,2966,ARGENTINA,O2 ARGENTINA
O2,Argentina,54.0,3329,ARGENTINA,O2 ARGENTINA
O2,Argentina,54.0,3385,ARGENTINA,O2 ARGENTINA
O2,Argentina,54.0,3388,ARGENTINA,O2 ARGENTINA
O2,Argentina,54.0,341,ARGENTINA,O2 ARGENTINA
O2,Argentina,54.0,342,ARGENTINA,O2 ARGENTINA
O2,Argentina,54.0,3438,ARGENTINA,O2 ARGENTINA
O2,Argentina,54.0,3447,ARGENTINA,O2 ARGENTINA
O2,Argentina,54.0,3522,ARGENTINA,O2 ARGENTINA
O2,Argentina,54.0,3564,ARGENTINA,O2 ARGENTINA
O2,Argentina,54.0,3582,ARGENTINA,O2 ARGENTINA
O2,Argentina,54.0,3583,ARGENTINA,O2 ARGENTINA
O2,Argentina,54.0,3584,ARGENTINA,O2 ARGENTINA
O2,Argentina,54.0,3718,ARGENTINA,O2 ARGENTINA
O2,Argentina,54.0,3756,ARGENTINA,O2 ARGENTINA
O2,Argentina,54.0,3772,ARGENTINA,O2 ARGENTINA
O2,Argentina,54.0,3774,ARGENTINA,O2 ARGENTINA
O2,Argentina,54.0,3786,ARGENTINA,O2 ARGENTINA
O2,Argentina,54.0,379,ARGENTINA,O2 ARGENTINA
O2,Argentina,54.0,381,ARGENTINA,O2 ARGENTINA
O2,Argentina,54.0,3861,ARGENTINA,O2 ARGENTINA
O2,Argentina,54.0,3868,ARGENTINA,O2 ARGENTINA
O2,Argentina,54.0,3892,ARGENTINA,O2 ARGENTINA
O2,Argentina,54.0,2224,ARGENTINA,O2 ARGENTINA
O2,Argentina,54.0,2241,ARGENTINA,O2 ARGENTINA
O2,Argentina,54.0,2242,ARGENTINA,O2 ARGENTINA
O2,Argentina,54.0,2264,ARGENTINA,O2 ARGENTINA
O2,Argentina,54.0,2268,ARGENTINA,O2 ARGENTINA
O2,Argentina,54.0,2281,ARGENTINA,O2 ARGENTINA
O2,Argentina,54.0,2285,ARGENTINA,O2 ARGENTINA
O2,Argentina,54.0,2302,ARGENTINA,O2 ARGENTINA
O2,Argentina,54.0,2334,ARGENTINA,O2 ARGENTINA
O2,Argentina,54.0,2343,ARGENTINA,O2 ARGENTINA
O2,Argentina,54.0,2394,ARGENTINA,O2 ARGENTINA
O2,Argentina,54.0,2395,ARGENTINA,O2 ARGENTINA
O2,Argentina,54.0,2477,ARGENTINA,O2 ARGENTINA
O2,Argentina,54.0,2648,ARGENTINA,O2 ARGENTINA
O2,Argentina,54.0,280,ARGENTINA,O2 ARGENTINA
O2,Argentina,54.0,2923,ARGENTINA,O2 ARGENTINA
O2,Argentina,54.0,2925,ARGENTINA,O2 ARGENTINA
O2,Argentina,54.0,2931,ARGENTINA,O2 ARGENTINA
O2,Argentina,54.0,2932,ARGENTINA,O2 ARGENTINA
O2,Argentina,54.0,2936,ARGENTINA,O2 ARGENTINA
O2,Argentina,54.0,2982,ARGENTINA,O2 ARGENTINA
O2,Argentina,54.0,299,ARGENTINA,O2 ARGENTINA
O2,Argentina,54.0,3409,ARGENTINA,O2 ARGENTINA
O2,Argentina,54.0,3437,ARGENTINA,O2 ARGENTINA
O2,Argentina,54.0,3442,ARGENTINA,O2 ARGENTINA
O2,Argentina,54.0,3445,ARGENTINA,O2 ARGENTINA
O2,Argentina,54.0,345,ARGENTINA,O2 ARGENTINA
O2,Argentina,54.0,3467,ARGENTINA,O2 ARGENTINA
O2,Argentina,54.0,3469,ARGENTINA,O2 ARGENTINA
O2,Argentina,54.0,3585,ARGENTINA,O2 ARGENTINA
O2,Argentina,54.0,364,ARGENTINA,O2 ARGENTINA
O2,Argentina,54.0,3754,ARGENTINA,O2 ARGENTINA
O2,Argentina,54.0,3775,ARGENTINA,O2 ARGENTINA
O2,Argentina,54.0,3826,ARGENTINA,O2 ARGENTINA
O2,Argentina,54.0,3856,ARGENTINA,O2 ARGENTINA
O2,Argentina,54.0,3878,ARGENTINA,O2 ARGENTINA
O2,Argentina,54.0,3887,ARGENTINA,O2 ARGENTINA
O2,Argentina,54.0,2229,ARGENTINA,O2 ARGENTINA
O2,Argentina,54.0,2252,ARGENTINA,O2 ARGENTINA
O2,Argentina,54.0,2296,ARGENTINA,O2 ARGENTINA
O2,Argentina,54.0,2333,ARGENTINA,O2 ARGENTINA
O2,Argentina,54.0,2345,ARGENTINA,O2 ARGENTINA
O2,Argentina,54.0,2352,ARGENTINA,O2 ARGENTINA
O2,Argentina,54.0,2353,ARGENTINA,O2 ARGENTINA
O2,Argentina,54.0,2354,ARGENTINA,O2 ARGENTINA
O2,Argentina,54.0,2356,ARGENTINA,O2 ARGENTINA
O2,Argentina,54.0,2622,ARGENTINA,O2 ARGENTINA
O2,Argentina,54.0,2658,ARGENTINA,O2 ARGENTINA
O2,Argentina,54.0,291,ARGENTINA,O2 ARGENTINA
O2,Argentina,54.0,2934,ARGENTINA,O2 ARGENTINA
O2,Argentina,54.0,2940,ARGENTINA,O2 ARGENTINA
O2,Argentina,54.0,2962,ARGENTINA,O2 ARGENTINA
O2,Argentina,54.0,297,ARGENTINA,O2 ARGENTINA
O2,Argentina,54.0,298,ARGENTINA,O2 ARGENTINA
O2,Argentina,54.0,3400,ARGENTINA,O2 ARGENTINA
O2,Argentina,54.0,3444,ARGENTINA,O2 ARGENTINA
O2,Argentina,54.0,3446,ARGENTINA,O2 ARGENTINA
O2,Argentina,54.0,3458,ARGENTINA,O2 ARGENTINA
O2,Argentina,54.0,3463,ARGENTINA,O2 ARGENTINA
O2,Argentina,54.0,3464,ARGENTINA,O2 ARGENTINA
O2,Argentina,54.0,3472,ARGENTINA,O2 ARGENTINA
O2,Argentina,54.0,348,ARGENTINA,O2 ARGENTINA
O2,Argentina,54.0,3482,ARGENTINA,O2 ARGENTINA
O2,Argentina,54.0,3521,ARGENTINA,O2 ARGENTINA
O2,Argentina,54.0,3524,ARGENTINA,O2 ARGENTINA
O2,Argentina,54.0,3537,ARGENTINA,O2 ARGENTINA
O2,Argentina,54.0,3541,ARGENTINA,O2 ARGENTINA
O2,Argentina,54.0,3544,ARGENTINA,O2 ARGENTINA
O2,Argentina,54.0,3572,ARGENTINA,O2 ARGENTINA
O2,Argentina,54.0,358,ARGENTINA,O2 ARGENTINA
O2,Argentina,54.0,370,ARGENTINA,O2 ARGENTINA
O2,Argentina,54.0,3755,ARGENTINA,O2 ARGENTINA
O2,Argentina,54.0,376,ARGENTINA,O2 ARGENTINA
O2,Argentina,54.0,3777,ARGENTINA,O2 ARGENTINA
O2,Argentina,54.0,380,ARGENTINA,O2 ARGENTINA
O2,Argentina,54.0,3835,ARGENTINA,O2 ARGENTINA
O2,Argentina,54.0,3845,ARGENTINA,O2 ARGENTINA
O2,Argentina,54.0,3854,ARGENTINA,O2 ARGENTINA
O2,Argentina,54.0,3869,ARGENTINA,O2 ARGENTINA
O2,Argentina,54.0,387,ARGENTINA,O2 ARGENTINA
O2,Argentina,54.0,3888,ARGENTINA,O2 ARGENTINA
O2,Argentina,54.0,11,ARGENTINA,O2 ARGENTINA
O2,Argentina,54.0,2254,ARGENTINA,O2 ARGENTINA
O2,Argentina,54.0,2291,ARGENTINA,O2 ARGENTINA
O2,Argentina,54.0,230,ARGENTINA,O2 ARGENTINA
O2,Argentina,54.0,2342,ARGENTINA,O2 ARGENTINA
O2,Argentina,54.0,2358,ARGENTINA,O2 ARGENTINA
O2,Argentina,54.0,2393,ARGENTINA,O2 ARGENTINA
O2,Argentina,54.0,2474,ARGENTINA,O2 ARGENTINA
O2,Argentina,54.0,2475,ARGENTINA,O2 ARGENTINA
O2,Argentina,54.0,2625,ARGENTINA,O2 ARGENTINA
O2,Argentina,54.0,263,ARGENTINA,O2 ARGENTINA
O2,Argentina,54.0,2646,ARGENTINA,O2 ARGENTINA
O2,Argentina,54.0,2920,ARGENTINA,O2 ARGENTINA
O2,Argentina,54.0,2929,ARGENTINA,O2 ARGENTINA
O2,Argentina,54.0,2933,ARGENTINA,O2 ARGENTINA
O2,Argentina,54.0,2983,ARGENTINA,O2 ARGENTINA
O2,Argentina,54.0,3401,ARGENTINA,O2 ARGENTINA
O2,Argentina,54.0,3407,ARGENTINA,O2 ARGENTINA
O2,Argentina,54.0,3408,ARGENTINA,O2 ARGENTINA
O2,Argentina,54.0,343,ARGENTINA,O2 ARGENTINA
O2,Argentina,54.0,3435,ARGENTINA,O2 ARGENTINA
O2,Argentina,54.0,3460,ARGENTINA,O2 ARGENTINA
O2,Argentina,54.0,3462,ARGENTINA,O2 ARGENTINA
O2,Argentina,54.0,3465,ARGENTINA,O2 ARGENTINA
O2,Argentina,54.0,3468,ARGENTINA,O2 ARGENTINA
O2,Argentina,54.0,3487,ARGENTINA,O2 ARGENTINA
O2,Argentina,54.0,3491,ARGENTINA,O2 ARGENTINA
O2,Argentina,54.0,3532,ARGENTINA,O2 ARGENTINA
O2,Argentina,54.0,3542,ARGENTINA,O2 ARGENTINA
O2,Argentina,54.0,3549,ARGENTINA,O2 ARGENTINA
O2,Argentina,54.0,3576,ARGENTINA,O2 ARGENTINA
O2,Argentina,54.0,3716,ARGENTINA,O2 ARGENTINA
O2,Argentina,54.0,3734,ARGENTINA,O2 ARGENTINA
O2,Argentina,54.0,3735,ARGENTINA,O2 ARGENTINA
O2,Argentina,54.0,3827,ARGENTINA,O2 ARGENTINA
O2,Argentina,54.0,3841,ARGENTINA,O2 ARGENTINA
O2,Argentina,54.0,3873,ARGENTINA,O2 ARGENTINA
O2,Argentina,54.0,3885,ARGENTINA,O2 ARGENTINA
O2,Argentina,54.0,3894,ARGENTINA,O2 ARGENTINA
O2,Argentina,54.0,2221,ARGENTINA,O2 ARGENTINA
O2,Argentina,54.0,2226,ARGENTINA,O2 ARGENTINA
O2,Argentina,54.0,2245,ARGENTINA,O2 ARGENTINA
O2,Argentina,54.0,2246,ARGENTINA,O2 ARGENTINA
O2,Argentina,54.0,2257,ARGENTINA,O2 ARGENTINA
O2,Argentina,54.0,2265,ARGENTINA,O2 ARGENTINA
O2,Argentina,54.0,2273,ARGENTINA,O2 ARGENTINA
O2,Argentina,54.0,2314,ARGENTINA,O2 ARGENTINA
O2,Argentina,54.0,2324,ARGENTINA,O2 ARGENTINA
O2,Argentina,54.0,2336,ARGENTINA,O2 ARGENTINA
O2,Argentina,54.0,2357,ARGENTINA,O2 ARGENTINA
O2,Argentina,54.0,2651,ARGENTINA,O2 ARGENTINA
O2,Argentina,54.0,2902,ARGENTINA,O2 ARGENTINA
O2,Argentina,54.0,294,ARGENTINA,O2 ARGENTINA
O2,Argentina,54.0,2948,ARGENTINA,O2 ARGENTINA
O2,Argentina,54.0,2963,ARGENTINA,O2 ARGENTINA
O2,Argentina,54.0,2964,ARGENTINA,O2 ARGENTINA
O2,Argentina,54.0,336,ARGENTINA,O2 ARGENTINA
O2,Argentina,54.0,3406,ARGENTINA,O2 ARGENTINA
O2,Argentina,54.0,3436,ARGENTINA,O2 ARGENTINA
O2,Argentina,54.0,3455,ARGENTINA,O2 ARGENTINA
O2,Argentina,54.0,3456,ARGENTINA,O2 ARGENTINA
O2,Argentina,54.0,3493,ARGENTINA,O2 ARGENTINA
O2,Argentina,54.0,3525,ARGENTINA,O2 ARGENTINA
O2,Argentina,54.0,3543,ARGENTINA,O2 ARGENTINA
O2,Argentina,54.0,3546,ARGENTINA,O2 ARGENTINA
O2,Argentina,54.0,3548,ARGENTINA,O2 ARGENTINA
O2,Argentina,54.0,3562,ARGENTINA,O2 ARGENTINA
O2,Argentina,54.0,3574,ARGENTINA,O2 ARGENTINA
O2,Argentina,54.0,362,ARGENTINA,O2 ARGENTINA
O2,Argentina,54.0,3758,ARGENTINA,O2 ARGENTINA
O2,Argentina,54.0,3825,ARGENTINA,O2 ARGENTINA
O2,Argentina,54.0,385,ARGENTINA,O2 ARGENTINA
O2,Argentina,54.0,3858,ARGENTINA,O2 ARGENTINA
O2,Argentina,54.0,3865,ARGENTINA,O2 ARGENTINA
O2,Argentina,54.0,3867,ARGENTINA,O2 ARGENTINA
O2,Argentina,54.0,388,ARGENTINA,O2 ARGENTINA
O2,Argentina,54.0,,ARGENTINA,O2 ARGENTINA
O2,Argentina,54.0,2271,ARGENTINA,O2 ARGENTINA
O2,Argentina,54.0,2297,ARGENTINA,O2 ARGENTINA
O2,Argentina,54.0,2316,ARGENTINA,O2 ARGENTINA
O2,Argentina,54.0,2320,ARGENTINA,O2 ARGENTINA
O2,Argentina,54.0,2323,ARGENTINA,O2 ARGENTINA
O2,Argentina,54.0,2325,ARGENTINA,O2 ARGENTINA
O2,Argentina,54.0,2331,ARGENTINA,O2 ARGENTINA
O2,Argentina,54.0,2335,ARGENTINA,O2 ARGENTINA
O2,Argentina,54.0,2337,ARGENTINA,O2 ARGENTINA
O2,Argentina,54.0,2338,ARGENTINA,O2 ARGENTINA
O2,Argentina,54.0,2346,ARGENTINA,O2 ARGENTINA
O2,Argentina,54.0,2355,ARGENTINA,O2 ARGENTINA
O2,Argentina,54.0,236,ARGENTINA,O2 ARGENTINA
O2,Argentina,54.0,2396,ARGENTINA,O2 ARGENTINA
O2,Argentina,54.0,2473,ARGENTINA,O2 ARGENTINA
O2,Argentina,54.0,261,ARGENTINA,O2 ARGENTINA
O2,Argentina,54.0,2624,ARGENTINA,O2 ARGENTINA
O2,Argentina,54.0,2655,ARGENTINA,O2 ARGENTINA
O2,Argentina,54.0,266,ARGENTINA,O2 ARGENTINA
O2,Argentina,54.0,2901,ARGENTINA,O2 ARGENTINA
O2,Argentina,54.0,2926,ARGENTINA,O2 ARGENTINA
O2,Argentina,54.0,2927,ARGENTINA,O2 ARGENTINA
O2,Argentina,54.0,2928,ARGENTINA,O2 ARGENTINA
O2,Argentina,54.0,2952,ARGENTINA,O2 ARGENTINA
O2,Argentina,54.0,3387,ARGENTINA,O2 ARGENTINA
O2,Argentina,54.0,3402,ARGENTINA,O2 ARGENTINA
O2,Argentina,54.0,3404,ARGENTINA,O2 ARGENTINA
O2,Argentina,54.0,3498,ARGENTINA,O2 ARGENTINA
O2,Argentina,54.0,3563,ARGENTINA,O2 ARGENTINA
O2,Argentina,54.0,3571,ARGENTINA,O2 ARGENTINA
O2,Argentina,54.0,3715,ARGENTINA,O2 ARGENTINA
O2,Argentina,54.0,3751,ARGENTINA,O2 ARGENTINA
O2,Argentina,54.0,3773,ARGENTINA,O2 ARGENTINA
O2,Argentina,54.0,3821,ARGENTINA,O2 ARGENTINA
O2,Argentina,54.0,3846,ARGENTINA,O2 ARGENTINA
O2,Argentina,54.0,3857,ARGENTINA,O2 ARGENTINA
O2,Argentina,54.0,3862,ARGENTINA,O2 ARGENTINA
O2,Argentina,54.0,3863,ARGENTINA,O2 ARGENTINA
O2,Argentina,54.0,3876,ARGENTINA,O2 ARGENTINA
O2,Argentina,54.0,3886,ARGENTINA,O2 ARGENTINA
O2,Argentina,54.0,2225,ARGENTINA,O2 ARGENTINA
O2,Argentina,54.0,223,ARGENTINA,O2 ARGENTINA
O2,Argentina,54.0,2255,ARGENTINA,O2 ARGENTINA
O2,Argentina,54.0,2262,ARGENTINA,O2 ARGENTINA
O2,Argentina,54.0,2274,ARGENTINA,O2 ARGENTINA
O2,Argentina,54.0,2284,ARGENTINA,O2 ARGENTINA
O2,Argentina,54.0,2317,ARGENTINA,O2 ARGENTINA
O2,Argentina,54.0,249,ARGENTINA,O2 ARGENTINA
O2,Argentina,54.0,2626,ARGENTINA,O2 ARGENTINA
O2,Argentina,54.0,2647,ARGENTINA,O2 ARGENTINA
O2,Argentina,54.0,2924,ARGENTINA,O2 ARGENTINA
O2,Argentina,54.0,2935,ARGENTINA,O2 ARGENTINA
O2,Argentina,54.0,2954,ARGENTINA,O2 ARGENTINA
O2,Argentina,54.0,2972,ARGENTINA,O2 ARGENTINA
O2,Argentina,54.0,3382,ARGENTINA,O2 ARGENTINA
O2,Argentina,54.0,3405,ARGENTINA,O2 ARGENTINA
O2,Argentina,54.0,3483,ARGENTINA,O2 ARGENTINA
O2,Argentina,54.0,3492,ARGENTINA,O2 ARGENTINA
O2,Argentina,54.0,3721,ARGENTINA,O2 ARGENTINA
O2,Argentina,54.0,3743,ARGENTINA,O2 ARGENTINA
O2,Argentina,54.0,3757,ARGENTINA,O2 ARGENTINA
O2,Argentina,54.0,3837,ARGENTINA,O2 ARGENTINA
O2,Argentina,54.0,3838,ARGENTINA,O2 ARGENTINA
O2,Argentina,54.0,3843,ARGENTINA,O2 ARGENTINA
O2,Argentina,54.0,3891,ARGENTINA,O2 ARGENTINA
TelePersoSA,Argentina,54.0,113,ARGENTINA,TELEPERSOSA
TelePersoSA,Argentina,54.0,220,ARGENTINA,TELEPERSOSA
TelePersoSA,Argentina,54.0,230,ARGENTINA,TELEPERSOSA
TelePersoSA,Argentina,54.0,260,ARGENTINA,TELEPERSOSA
TelePersoSA,Argentina,54.0,263,ARGENTINA,TELEPERSOSA
TelePersoSA,Argentina,54.0,265,ARGENTINA,TELEPERSOSA
TelePersoSA,Argentina,54.0,292,ARGENTINA,TELEPERSOSA
TelePersoSA,Argentina,54.0,293,ARGENTINA,TELEPERSOSA
TelePersoSA,Argentina,54.0,344,ARGENTINA,TELEPERSOSA
TelePersoSA,Argentina,54.0,371,ARGENTINA,TELEPERSOSA
TelePersoSA,Argentina,54.0,374,ARGENTINA,TELEPERSOSA
TelePersoSA,Argentina,54.0,376,ARGENTINA,TELEPERSOSA
TelePersoSA,Argentina,54.0,380,ARGENTINA,TELEPERSOSA
TelePersoSA,Argentina,54.0,387,ARGENTINA,TELEPERSOSA
TelePersoSA,Argentina,54.0,389,ARGENTINA,TELEPERSOSA
TelePersoSA,Argentina,54.0,247,ARGENTINA,TELEPERSOSA
TelePersoSA,Argentina,54.0,262,ARGENTINA,TELEPERSOSA
TelePersoSA,Argentina,54.0,290,ARGENTINA,TELEPERSOSA
TelePersoSA,Argentina,54.0,299,ARGENTINA,TELEPERSOSA
TelePersoSA,Argentina,54.0,336,ARGENTINA,TELEPERSOSA
TelePersoSA,Argentina,54.0,338,ARGENTINA,TELEPERSOSA
TelePersoSA,Argentina,54.0,343,ARGENTINA,TELEPERSOSA
TelePersoSA,Argentina,54.0,353,ARGENTINA,TELEPERSOSA
TelePersoSA,Argentina,54.0,358,ARGENTINA,TELEPERSOSA
TelePersoSA,Argentina,54.0,225,ARGENTINA,TELEPERSOSA
TelePersoSA,Argentina,54.0,249,ARGENTINA,TELEPERSOSA
TelePersoSA,Argentina,54.0,295,ARGENTINA,TELEPERSOSA
TelePersoSA,Argentina,54.0,346,ARGENTINA,TELEPERSOSA
TelePersoSA,Argentina,54.0,348,ARGENTINA,TELEPERSOSA
TelePersoSA,Argentina,54.0,364,ARGENTINA,TELEPERSOSA
TelePersoSA,Argentina,54.0,378,ARGENTINA,TELEPERSOSA
TelePersoSA,Argentina,54.0,381,ARGENTINA,TELEPERSOSA
TelePersoSA,Argentina,54.0,115,ARGENTINA,TELEPERSOSA
TelePersoSA,Argentina,54.0,223,ARGENTINA,TELEPERSOSA
TelePersoSA,Argentina,54.0,226,ARGENTINA,TELEPERSOSA
TelePersoSA,Argentina,54.0,229,ARGENTINA,TELEPERSOSA
TelePersoSA,Argentina,54.0,264,ARGENTINA,TELEPERSOSA
TelePersoSA,Argentina,54.0,266,ARGENTINA,TELEPERSOSA
TelePersoSA,Argentina,54.0,347,ARGENTINA,TELEPERSOSA
TelePersoSA,Argentina,54.0,357,ARGENTINA,TELEPERSOSA
TelePersoSA,Argentina,54.0,362,ARGENTINA,TELEPERSOSA
TelePersoSA,Argentina,54.0,370,ARGENTINA,TELEPERSOSA
TelePersoSA,Argentina,54.0,116,ARGENTINA,TELEPERSOSA
TelePersoSA,Argentina,54.0,232,ARGENTINA,TELEPERSOSA
TelePersoSA,Argentina,54.0,233,ARGENTINA,TELEPERSOSA
TelePersoSA,Argentina,54.0,234,ARGENTINA,TELEPERSOSA
TelePersoSA,Argentina,54.0,236,ARGENTINA,TELEPERSOSA
TelePersoSA,Argentina,54.0,237,ARGENTINA,TELEPERSOSA
TelePersoSA,Argentina,54.0,294,ARGENTINA,TELEPERSOSA
TelePersoSA,Argentina,54.0,341,ARGENTINA,TELEPERSOSA
TelePersoSA,Argentina,54.0,345,ARGENTINA,TELEPERSOSA
TelePersoSA,Argentina,54.0,349,ARGENTINA,TELEPERSOSA
TelePersoSA,Argentina,54.0,356,ARGENTINA,TELEPERSOSA
TelePersoSA,Argentina,54.0,375,ARGENTINA,TELEPERSOSA
TelePersoSA,Argentina,54.0,383,ARGENTINA,TELEPERSOSA
TelePersoSA,Argentina,54.0,222,ARGENTINA,TELEPERSOSA
TelePersoSA,Argentina,54.0,224,ARGENTINA,TELEPERSOSA
TelePersoSA,Argentina,54.0,291,ARGENTINA,TELEPERSOSA
TelePersoSA,Argentina,54.0,296,ARGENTINA,TELEPERSOSA
TelePersoSA,Argentina,54.0,221,ARGENTINA,TELEPERSOSA
TelePersoSA,Argentina,54.0,228,ARGENTINA,TELEPERSOSA
TelePersoSA,Argentina,54.0,231,ARGENTINA,TELEPERSOSA
TelePersoSA,Argentina,54.0,235,ARGENTINA,TELEPERSOSA
TelePersoSA,Argentina,54.0,297,ARGENTINA,TELEPERSOSA
TelePersoSA,Argentina,54.0,354,ARGENTINA,TELEPERSOSA
TelePersoSA,Argentina,54.0,372,ARGENTINA,TELEPERSOSA
TelePersoSA,Argentina,54.0,379,ARGENTINA,TELEPERSOSA
TelePersoSA,Argentina,54.0,386,ARGENTINA,TELEPERSOSA
TelePersoSA,Argentina,54.0,34,ARGENTINA,TELEPERSOSA
TelePersoSA,Argentina,54.0,112,ARGENTINA,TELEPERSOSA
TelePersoSA,Argentina,54.0,114,ARGENTINA,TELEPERSOSA
TelePersoSA,Argentina,54.0,227,ARGENTINA,TELEPERSOSA
TelePersoSA,Argentina,54.0,239,ARGENTINA,TELEPERSOSA
TelePersoSA,Argentina,54.0,261,ARGENTINA,TELEPERSOSA
TelePersoSA,Argentina,54.0,280,ARGENTINA,TELEPERSOSA
TelePersoSA,Argentina,54.0,298,ARGENTINA,TELEPERSOSA
TelePersoSA,Argentina,54.0,332,ARGENTINA,TELEPERSOSA
TelePersoSA,Argentina,54.0,340,ARGENTINA,TELEPERSOSA
TelePersoSA,Argentina,54.0,342,ARGENTINA,TELEPERSOSA
TelePersoSA,Argentina,54.0,351,ARGENTINA,TELEPERSOSA
TelePersoSA,Argentina,54.0,352,ARGENTINA,TELEPERSOSA
TelePersoSA,Argentina,54.0,373,ARGENTINA,TELEPERSOSA
TelePersoSA,Argentina,54.0,377,ARGENTINA,TELEPERSOSA
TelePersoSA,Argentina,54.0,382,ARGENTINA,TELEPERSOSA
TelePersoSA,Argentina,54.0,384,ARGENTINA,TELEPERSOSA
TelePersoSA,Argentina,54.0,385,ARGENTINA,TELEPERSOSA
TelePersoSA,Argentina,54.0,388,ARGENTINA,TELEPERSOSA
Armentel,Armenia,374.0,,ARMENIA,ARMENTEL
Armentel,Armenia,374.0,01,ARMENIA,ARMENTEL
Armentel,Armenia,374.0,91,ARMENIA,ARMENTEL
Armentel,Armenia,374.0,96,ARMENIA,ARMENTEL
Armentel,Armenia,374.0,99,ARMENIA,ARMENTEL
KarabArmenia,Armenia,374.0,97,ARMENIA,KARABARMENIA
KarabArmenia,Armenia,374.0,04,ARMENIA,KARABARMENIA
MTS,Armenia,374.0,93,ARMENIA,MTSAR
MTS,Armenia,374.0,94,ARMENIA,MTSAR
MTS,Armenia,374.0,98,ARMENIA,MTSAR
MTS,Armenia,374.0,05,ARMENIA,MTSAR
MTS,Armenia,374.0,77,ARMENIA,MTSAR
Orange,Armenia,374.0,10,ARMENIA,ORANGEARMENI
Orange,Armenia,374.0,95,ARMENIA,ORANGEARMENI
Orange,Armenia,374.0,55,ARMENIA,ORANGEARMENI
Orange,Armenia,374.0,,ARMENIA,ORANGEARMENI
JamaicaIndie,Aruba,297.0,630,ARUBA,JAMAICAINDIE
JamaicaIndie,Aruba,297.0,290,ARUBA,JAMAICAINDIE
JamaicaIndie,Aruba,297.0,641,ARUBA,JAMAICAINDIE
JamaicaIndie,Aruba,297.0,640,ARUBA,JAMAICAINDIE
JamaicaIndie,Aruba,297.0,7,ARUBA,JAMAICAINDIE
JamaicaIndie,Aruba,297.0,642,ARUBA,JAMAICAINDIE
JamaicaIndie,Aruba,297.0,02,ARUBA,JAMAICAINDIE
Setar Aruba,Aruba,297.0,66,ARUBA,SETAR ARUBA
Setar Aruba,Aruba,297.0,69,ARUBA,SETAR ARUBA
Setar Aruba,Aruba,297.0,,ARUBA,SETAR ARUBA
Setar Aruba,Aruba,297.0,56,ARUBA,SETAR ARUBA
Setar Aruba,Aruba,297.0,59,ARUBA,SETAR ARUBA
Setar Aruba,Aruba,297.0,995,ARUBA,SETAR ARUBA
Setar Aruba,Aruba,297.0,01,ARUBA,SETAR ARUBA
SingTelOptus,Australia,61.0,432,AUSTRALIA,SINGTELOPTUS
SingTelOptus,Australia,61.0,479,AUSTRALIA,SINGTELOPTUS
SingTelOptus,Australia,61.0,2,AUSTRALIA,SINGTELOPTUS
SingTelOptus,Australia,61.0,421,AUSTRALIA,SINGTELOPTUS
SingTelOptus,Australia,61.0,422,AUSTRALIA,SINGTELOPTUS
SingTelOptus,Australia,61.0,468,AUSTRALIA,SINGTELOPTUS
SingTelOptus,Australia,61.0,478,AUSTRALIA,SINGTELOPTUS
SingTelOptus,Australia,61.0,423,AUSTRALIA,SINGTELOPTUS
SingTelOptus,Australia,61.0,431,AUSTRALIA,SINGTELOPTUS
SingTelOptus,Australia,61.0,482,AUSTRALIA,SINGTELOPTUS
SingTelOptus,Australia,61.0,1452,AUSTRALIA,SINGTELOPTUS
SingTelOptus,Australia,61.0,401,AUSTRALIA,SINGTELOPTUS
SingTelOptus,Australia,61.0,411,AUSTRALIA,SINGTELOPTUS
SingTelOptus,Australia,61.0,413,AUSTRALIA,SINGTELOPTUS
SingTelOptus,Australia,61.0,,AUSTRALIA,SINGTELOPTUS
SingTelOptus,Australia,61.0,1453,AUSTRALIA,SINGTELOPTUS
SingTelOptus,Australia,61.0,403,AUSTRALIA,SINGTELOPTUS
SingTelOptus,Australia,61.0,435,AUSTRALIA,SINGTELOPTUS
SingTelOptus,Australia,61.0,412,AUSTRALIA,SINGTELOPTUS
SingTelOptus,Australia,61.0,466,AUSTRALIA,SINGTELOPTUS
SingTelOptus,Australia,61.0,1451,AUSTRALIA,SINGTELOPTUS
SingTelOptus,Australia,61.0,402,AUSTRALIA,SINGTELOPTUS
SingTelOptus,Australia,61.0,481,AUSTRALIA,SINGTELOPTUS
SingTelOptus,Australia,61.0,434,AUSTRALIA,SINGTELOPTUS
Vodafone,Australia,61.0,4202,AUSTRALIA,VODAFONEAUST
Vodafone,Australia,61.0,450,AUSTRALIA,VODAFONEAUST
Vodafone,Australia,61.0,410,AUSTRALIA,VODAFONEAUST
Vodafone,Australia,61.0,4205,AUSTRALIA,VODAFONEAUST
Vodafone,Australia,61.0,404,AUSTRALIA,VODAFONEAUST
Vodafone,Australia,61.0,4206,AUSTRALIA,VODAFONEAUST
Vodafone,Australia,61.0,4209,AUSTRALIA,VODAFONEAUST
Vodafone,Australia,61.0,424,AUSTRALIA,VODAFONEAUST
Vodafone,Australia,61.0,433,AUSTRALIA,VODAFONEAUST
Vodafone,Australia,61.0,449,AUSTRALIA,VODAFONEAUST
Vodafone,Australia,61.0,4888,AUSTRALIA,VODAFONEAUST
Vodafone,Australia,61.0,452,AUSTRALIA,VODAFONEAUST
Vodafone,Australia,61.0,03,AUSTRALIA,VODAFONEAUST
Vodafone,Australia,61.0,425,AUSTRALIA,VODAFONEAUST
Vodafone,Australia,61.0,430,AUSTRALIA,VODAFONEAUST
Vodafone,Australia,61.0,,AUSTRALIA,VODAFONEAUST
Vodafone,Australia,61.0,4204,AUSTRALIA,VODAFONEAUST
Vodafone,Australia,61.0,4208,AUSTRALIA,VODAFONEAUST
Vodafone,Australia,61.0,451,AUSTRALIA,VODAFONEAUST
Vodafone,Australia,61.0,453,AUSTRALIA,VODAFONEAUST
Vodafone,Australia,61.0,405,AUSTRALIA,VODAFONEAUST
Vodafone,Australia,61.0,406,AUSTRALIA,VODAFONEAUST
Vodafone,Australia,61.0,416,AUSTRALIA,VODAFONEAUST
Vodafone,Australia,61.0,4203,AUSTRALIA,VODAFONEAUST
Vodafone,Australia,61.0,4207,AUSTRALIA,VODAFONEAUST
Vodafone,Australia,61.0,426,AUSTRALIA,VODAFONEAUST
Vodafone,Australia,61.0,414,AUSTRALIA,VODAFONEAUST
Vodafone,Australia,61.0,415,AUSTRALIA,VODAFONEAUST
A1 Telekom,Austria,43.0,,AUSTRIA,A1TELEKO
A1 Telekom,Austria,43.0,699,AUSTRIA,A1TELEKO
A1 Telekom,Austria,43.0,688,AUSTRIA,A1TELEKO
A1 Telekom,Austria,43.0,11,AUSTRIA,A1TELEKO
A1 Telekom,Austria,43.0,664,AUSTRIA,A1TELEKO
A1 Telekom,Austria,43.0,680,AUSTRIA,A1TELEKO
A1 Telekom,Austria,43.0,688,AUSTRIA,A1TELEKOM
A1 Telekom,Austria,43.0,680,AUSTRIA,A1TELEKOM
A1 Telekom,Austria,43.0,699,AUSTRIA,A1TELEKOM
A1 Telekom,Austria,43.0,,AUSTRIA,A1TELEKOM
A1 Telekom,Austria,43.0,664,AUSTRIA,A1TELEKOM
A1 Telekom,Austria,43.0,01,AUSTRIA,A1TELEKOM
H3G,Austria,43.0,10,AUSTRIA,H3G AUSTRIA
H3G,Austria,43.0,660,AUSTRIA,H3G AUSTRIA
H3G,Austria,43.0,,AUSTRIA,H3G AUSTRIA
Orange,Austria,43.0,677,AUSTRIA,ORANGEAUSTR
Orange,Austria,43.0,688,AUSTRIA,ORANGEAUSTR
Orange,Austria,43.0,05,AUSTRIA,ORANGEAUSTR
Orange,Austria,43.0,650,AUSTRIA,ORANGEAUSTR
Orange,Austria,43.0,676,AUSTRIA,ORANGEAUSTR
Orange,Austria,43.0,678,AUSTRIA,ORANGEAUSTR
Orange,Austria,43.0,680,AUSTRIA,ORANGEAUSTR
Orange,Austria,43.0,661,AUSTRIA,ORANGEAUSTR
Orange,Austria,43.0,664,AUSTRIA,ORANGEAUSTR
Orange,Austria,43.0,,AUSTRIA,ORANGEAUSTR
Orange,Austria,43.0,660,AUSTRIA,ORANGEAUSTR
T-Mobile,Austria,43.0,6772,AUSTRIA,TMOBILEAUTRI
T-Mobile,Austria,43.0,07,AUSTRIA,TMOBILEAUTRI
T-Mobile,Austria,43.0,650,AUSTRIA,TMOBILEAUTRI
T-Mobile,Austria,43.0,03,AUSTRIA,TMOBILEAUTRI
T-Mobile,Austria,43.0,676,AUSTRIA,TMOBILEAUTRI
T-Mobile,Austria,43.0,6778,AUSTRIA,TMOBILEAUTRI
AZERCELL GSM,Azerbaijan,994.0,,AZERBAIJAN,AZERCELL GSM
AZERCELL GSM,Azerbaijan,994.0,50,AZERBAIJAN,AZERCELL GSM
AZERCELL GSM,Azerbaijan,994.0,1,AZERBAIJAN,AZERCELL GSM
Azerfon,Azerbaijan,994.0,70,AZERBAIJAN,AZERFON
Azerfon,Azerbaijan,994.0,77,AZERBAIJAN,AZERFON
Azerfon,Azerbaijan,994.0,,AZERBAIJAN,AZERFON
Azerfon,Azerbaijan,994.0,04,AZERBAIJAN,AZERFON
Azerfon,Azerbaijan,994.0,04,AZERBAIJAN,AZERFONAZER
Azerfon,Azerbaijan,994.0,77,AZERBAIJAN,AZERFONAZER
Azerfon,Azerbaijan,994.0,70,AZERBAIJAN,AZERFONAZER
Bakcell,Azerbaijan,994.0,55,AZERBAIJAN,BAKCELL
Bakcell,Azerbaijan,994.0,,AZERBAIJAN,BAKCELL
Bakcell,Azerbaijan,994.0,02,AZERBAIJAN,BAKCELL
TelBahamas,Bahamas,1.0,242359,BAHAMAS,TELBAHAMAS
TelBahamas,Bahamas,1.0,242436,BAHAMAS,TELBAHAMAS
TelBahamas,Bahamas,1.0,242441,BAHAMAS,TELBAHAMAS
TelBahamas,Bahamas,1.0,242442,BAHAMAS,TELBAHAMAS
TelBahamas,Bahamas,1.0,242458,BAHAMAS,TELBAHAMAS
TelBahamas,Bahamas,1.0,242473,BAHAMAS,TELBAHAMAS
TelBahamas,Bahamas,1.0,242474,BAHAMAS,TELBAHAMAS
TelBahamas,Bahamas,1.0,242544,BAHAMAS,TELBAHAMAS
TelBahamas,Bahamas,1.0,242552,BAHAMAS,TELBAHAMAS
TelBahamas,Bahamas,1.0,242565,BAHAMAS,TELBAHAMAS
TelBahamas,Bahamas,1.0,242636,BAHAMAS,TELBAHAMAS
TelBahamas,Bahamas,1.0,,BAHAMAS,TELBAHAMAS
TelBahamas,Bahamas,1.0,242421,BAHAMAS,TELBAHAMAS
TelBahamas,Bahamas,1.0,242448,BAHAMAS,TELBAHAMAS
TelBahamas,Bahamas,1.0,242472,BAHAMAS,TELBAHAMAS
TelBahamas,Bahamas,1.0,242727,BAHAMAS,TELBAHAMAS
TelBahamas,Bahamas,1.0,242434,BAHAMAS,TELBAHAMAS
TelBahamas,Bahamas,1.0,242478,BAHAMAS,TELBAHAMAS
TelBahamas,Bahamas,1.0,242481,BAHAMAS,TELBAHAMAS
TelBahamas,Bahamas,1.0,242533,BAHAMAS,TELBAHAMAS
TelBahamas,Bahamas,1.0,242554,BAHAMAS,TELBAHAMAS
TelBahamas,Bahamas,1.0,242375,BAHAMAS,TELBAHAMAS
TelBahamas,Bahamas,1.0,242425,BAHAMAS,TELBAHAMAS
TelBahamas,Bahamas,1.0,242429,BAHAMAS,TELBAHAMAS
TelBahamas,Bahamas,1.0,242432,BAHAMAS,TELBAHAMAS
TelBahamas,Bahamas,1.0,242433,BAHAMAS,TELBAHAMAS
TelBahamas,Bahamas,1.0,242453,BAHAMAS,TELBAHAMAS
TelBahamas,Bahamas,1.0,242455,BAHAMAS,TELBAHAMAS
TelBahamas,Bahamas,1.0,242464,BAHAMAS,TELBAHAMAS
TelBahamas,Bahamas,1.0,242475,BAHAMAS,TELBAHAMAS
TelBahamas,Bahamas,1.0,242477,BAHAMAS,TELBAHAMAS
TelBahamas,Bahamas,1.0,242,BAHAMAS,TELBAHAMAS
TelBahamas,Bahamas,1.0,242427,BAHAMAS,TELBAHAMAS
TelBahamas,Bahamas,1.0,242449,BAHAMAS,TELBAHAMAS
TelBahamas,Bahamas,1.0,242451,BAHAMAS,TELBAHAMAS
TelBahamas,Bahamas,1.0,242454,BAHAMAS,TELBAHAMAS
TelBahamas,Bahamas,1.0,242467,BAHAMAS,TELBAHAMAS
TelBahamas,Bahamas,1.0,242479,BAHAMAS,TELBAHAMAS
TelBahamas,Bahamas,1.0,242559,BAHAMAS,TELBAHAMAS
TelBahamas,Bahamas,1.0,242357,BAHAMAS,TELBAHAMAS
TelBahamas,Bahamas,1.0,242376,BAHAMAS,TELBAHAMAS
TelBahamas,Bahamas,1.0,242395,BAHAMAS,TELBAHAMAS
TelBahamas,Bahamas,1.0,242422,BAHAMAS,TELBAHAMAS
TelBahamas,Bahamas,1.0,242426,BAHAMAS,TELBAHAMAS
TelBahamas,Bahamas,1.0,242428,BAHAMAS,TELBAHAMAS
TelBahamas,Bahamas,1.0,242438,BAHAMAS,TELBAHAMAS
TelBahamas,Bahamas,1.0,242452,BAHAMAS,TELBAHAMAS
TelBahamas,Bahamas,1.0,242456,BAHAMAS,TELBAHAMAS
TelBahamas,Bahamas,1.0,242457,BAHAMAS,TELBAHAMAS
TelBahamas,Bahamas,1.0,242465,BAHAMAS,TELBAHAMAS
TelBahamas,Bahamas,1.0,242466,BAHAMAS,TELBAHAMAS
TelBahamas,Bahamas,1.0,242470,BAHAMAS,TELBAHAMAS
TelBahamas,Bahamas,1.0,242476,BAHAMAS,TELBAHAMAS
TelBahamas,Bahamas,1.0,242524,BAHAMAS,TELBAHAMAS
TelBahamas,Bahamas,1.0,242525,BAHAMAS,TELBAHAMAS
TelBahamas,Bahamas,1.0,242557,BAHAMAS,TELBAHAMAS
TelBahamas,Bahamas,1.0,242439,BAHAMAS,TELBAHAMAS
TelBahamas,Bahamas,1.0,242551,BAHAMAS,TELBAHAMAS
TelBahamas,Bahamas,1.0,242577,BAHAMAS,TELBAHAMAS
TelBahamas,Bahamas,1.0,242423,BAHAMAS,TELBAHAMAS
TelBahamas,Bahamas,1.0,242424,BAHAMAS,TELBAHAMAS
TelBahamas,Bahamas,1.0,242431,BAHAMAS,TELBAHAMAS
TelBahamas,Bahamas,1.0,242437,BAHAMAS,TELBAHAMAS
TelBahamas,Bahamas,1.0,242443,BAHAMAS,TELBAHAMAS
TelBahamas,Bahamas,1.0,242445,BAHAMAS,TELBAHAMAS
TelBahamas,Bahamas,1.0,242446,BAHAMAS,TELBAHAMAS
TelBahamas,Bahamas,1.0,242447,BAHAMAS,TELBAHAMAS
TelBahamas,Bahamas,1.0,242462,BAHAMAS,TELBAHAMAS
TelBahamas,Bahamas,1.0,242463,BAHAMAS,TELBAHAMAS
TelBahamas,Bahamas,1.0,242468,BAHAMAS,TELBAHAMAS
TelBahamas,Bahamas,1.0,242471,BAHAMAS,TELBAHAMAS
TelBahamas,Bahamas,1.0,242535,BAHAMAS,TELBAHAMAS
TelBahamas,Bahamas,1.0,242553,BAHAMAS,TELBAHAMAS
TelBahamas,Bahamas,1.0,242556,BAHAMAS,TELBAHAMAS
TelBahamas,Bahamas,1.0,242558,BAHAMAS,TELBAHAMAS
TelBahamas,Bahamas,1.0,242646,BAHAMAS,TELBAHAMAS
TelBahamas,Bahamas,1.0,39,BAHAMAS,TELBAHAMAS
BahrainBSC,Bahrain,973.0,31,BAHRAIN,BAHRAINBSC
BahrainBSC,Bahrain,973.0,667,BAHRAIN,BAHRAINBSC
BahrainBSC,Bahrain,973.0,383,BAHRAIN,BAHRAINBSC
BahrainBSC,Bahrain,973.0,388,BAHRAIN,BAHRAINBSC
BahrainBSC,Bahrain,973.0,389,BAHRAIN,BAHRAINBSC
BahrainBSC,Bahrain,973.0,382,BAHRAIN,BAHRAINBSC
BahrainBSC,Bahrain,973.0,39,BAHRAIN,BAHRAINBSC
BahrainBSC,Bahrain,973.0,384,BAHRAIN,BAHRAINBSC
BahrainBSC,Bahrain,973.0,387,BAHRAIN,BAHRAINBSC
BahrainBSC,Bahrain,973.0,32,BAHRAIN,BAHRAINBSC
BahrainBSC,Bahrain,973.0,380,BAHRAIN,BAHRAINBSC
BahrainBSC,Bahrain,973.0,381,BAHRAIN,BAHRAINBSC
BahrainBSC,Bahrain,973.0,01,BAHRAIN,BAHRAINBSC
Viva,Bahrain,973.0,342,BAHRAIN,VIVABAHREIN
Viva,Bahrain,973.0,343,BAHRAIN,VIVABAHREIN
Viva,Bahrain,973.0,04,BAHRAIN,VIVABAHREIN
Viva,Bahrain,973.0,340,BAHRAIN,VIVABAHREIN
Viva,Bahrain,973.0,344,BAHRAIN,VIVABAHREIN
Viva,Bahrain,973.0,,BAHRAIN,VIVABAHREIN
Viva,Bahrain,973.0,33,BAHRAIN,VIVABAHREIN
Viva,Bahrain,973.0,3381,BAHRAIN,VIVABAHREIN
Viva,Bahrain,973.0,341,BAHRAIN,VIVABAHREIN
Viva,Bahrain,973.0,345,BAHRAIN,VIVABAHREIN
Vodafone,Bahrain,973.0,,BAHRAIN,VODAFONE BAH
Vodafone,Bahrain,973.0,2,BAHRAIN,VODAFONE BAH
Vodafone,Bahrain,973.0,36,BAHRAIN,VODAFONE BAH
Banglalink,Bangladesh,880.0,,BANGLADESH,BANGLALINK
Banglalink,Bangladesh,880.0,19,BANGLADESH,BANGLALINK
Banglalink,Bangladesh,880.0,03,BANGLADESH,BANGLALINK
GrameenPhone,Bangladesh,880.0,130,BANGLADESH,GRAMEENPHONE
GrameenPhone,Bangladesh,880.0,13203 ,BANGLADESH,GRAMEENPHONE
GrameenPhone,Bangladesh,880.0,13210 ,BANGLADESH,GRAMEENPHONE
GrameenPhone,Bangladesh,880.0,1322,BANGLADESH,GRAMEENPHONE
GrameenPhone,Bangladesh,880.0,13240 ,BANGLADESH,GRAMEENPHONE
GrameenPhone,Bangladesh,880.0,13243 ,BANGLADESH,GRAMEENPHONE
GrameenPhone,Bangladesh,880.0,13248,BANGLADESH,GRAMEENPHONE
GrameenPhone,Bangladesh,880.0,13252,BANGLADESH,GRAMEENPHONE
GrameenPhone,Bangladesh,880.0,13254,BANGLADESH,GRAMEENPHONE
GrameenPhone,Bangladesh,880.0,13208 ,BANGLADESH,GRAMEENPHONE
GrameenPhone,Bangladesh,880.0,13235 ,BANGLADESH,GRAMEENPHONE
GrameenPhone,Bangladesh,880.0,13236 ,BANGLADESH,GRAMEENPHONE
GrameenPhone,Bangladesh,880.0,,BANGLADESH,GRAMEENPHONE
GrameenPhone,Bangladesh,880.0,13200 ,BANGLADESH,GRAMEENPHONE
GrameenPhone,Bangladesh,880.0,13242 ,BANGLADESH,GRAMEENPHONE
GrameenPhone,Bangladesh,880.0,13247,BANGLADESH,GRAMEENPHONE
GrameenPhone,Bangladesh,880.0,13250,BANGLADESH,GRAMEENPHONE
GrameenPhone,Bangladesh,880.0,13255,BANGLADESH,GRAMEENPHONE
GrameenPhone,Bangladesh,880.0,1,BANGLADESH,GRAMEENPHONE
GrameenPhone,Bangladesh,880.0,13206 ,BANGLADESH,GRAMEENPHONE
GrameenPhone,Bangladesh,880.0,13230 ,BANGLADESH,GRAMEENPHONE
GrameenPhone,Bangladesh,880.0,13234 ,BANGLADESH,GRAMEENPHONE
GrameenPhone,Bangladesh,880.0,131,BANGLADESH,GRAMEENPHONE
GrameenPhone,Bangladesh,880.0,13207 ,BANGLADESH,GRAMEENPHONE
GrameenPhone,Bangladesh,880.0,13209 ,BANGLADESH,GRAMEENPHONE
GrameenPhone,Bangladesh,880.0,13211 ,BANGLADESH,GRAMEENPHONE
GrameenPhone,Bangladesh,880.0,13215 ,BANGLADESH,GRAMEENPHONE
GrameenPhone,Bangladesh,880.0,13217 ,BANGLADESH,GRAMEENPHONE
GrameenPhone,Bangladesh,880.0,13238 ,BANGLADESH,GRAMEENPHONE
GrameenPhone,Bangladesh,880.0,13249,BANGLADESH,GRAMEENPHONE
GrameenPhone,Bangladesh,880.0,13,BANGLADESH,GRAMEENPHONE
GrameenPhone,Bangladesh,880.0,13202 ,BANGLADESH,GRAMEENPHONE
GrameenPhone,Bangladesh,880.0,13204 ,BANGLADESH,GRAMEENPHONE
GrameenPhone,Bangladesh,880.0,13212 ,BANGLADESH,GRAMEENPHONE
GrameenPhone,Bangladesh,880.0,13218 ,BANGLADESH,GRAMEENPHONE
GrameenPhone,Bangladesh,880.0,13237 ,BANGLADESH,GRAMEENPHONE
GrameenPhone,Bangladesh,880.0,13244 ,BANGLADESH,GRAMEENPHONE
GrameenPhone,Bangladesh,880.0,13246,BANGLADESH,GRAMEENPHONE
GrameenPhone,Bangladesh,880.0,17,BANGLADESH,GRAMEENPHONE
GrameenPhone,Bangladesh,880.0,13201 ,BANGLADESH,GRAMEENPHONE
GrameenPhone,Bangladesh,880.0,13205 ,BANGLADESH,GRAMEENPHONE
GrameenPhone,Bangladesh,880.0,13213 ,BANGLADESH,GRAMEENPHONE
GrameenPhone,Bangladesh,880.0,13214 ,BANGLADESH,GRAMEENPHONE
GrameenPhone,Bangladesh,880.0,13216 ,BANGLADESH,GRAMEENPHONE
GrameenPhone,Bangladesh,880.0,13231 ,BANGLADESH,GRAMEENPHONE
GrameenPhone,Bangladesh,880.0,13232 ,BANGLADESH,GRAMEENPHONE
GrameenPhone,Bangladesh,880.0,13233 ,BANGLADESH,GRAMEENPHONE
GrameenPhone,Bangladesh,880.0,13241 ,BANGLADESH,GRAMEENPHONE
GrameenPhone,Bangladesh,880.0,13251,BANGLADESH,GRAMEENPHONE
GrameenPhone,Bangladesh,880.0,13253,BANGLADESH,GRAMEENPHONE
GrameenPhone,Bangladesh,880.0,13256,BANGLADESH,GRAMEENPHONE
GrameenPhone,Bangladesh,880.0,13219 ,BANGLADESH,GRAMEENPHONE
GrameenPhone,Bangladesh,880.0,13239 ,BANGLADESH,GRAMEENPHONE
GrameenPhone,Bangladesh,880.0,13245 ,BANGLADESH,GRAMEENPHONE
GrameenPhone,Bangladesh,880.0,13257,BANGLADESH,GRAMEENPHONE
RobiAxitaLTD,Bangladesh,880.0,02,BANGLADESH,ROBIAXITALTD
RobiAxitaLTD,Bangladesh,880.0,18,BANGLADESH,ROBIAXITALTD
CWWI,Barbados,1.0,,BARBADOS,CWWIBAR
CWWI,Barbados,1.0,600,BARBADOS,CWWIBAR
CWWI,Barbados,1.0,24625,BARBADOS,CWWIBAR
Bahamas,BeAlivLimted,1.0,49,BEALIVLIMTED,BAHAMAS
Bahamas,BeAlivLimted,1.0,242,BEALIVLIMTED,BAHAMAS
LifeBest,Belarus,375.0,04,BELARUS,LIFEBEST
LifeBest,Belarus,375.0,25,BELARUS,LIFEBEST
MTS,Belarus,375.0,295,BELARUS,MTS BELARUS
MTS,Belarus,375.0,298,BELARUS,MTS BELARUS
MTS,Belarus,375.0,292,BELARUS,MTS BELARUS
MTS,Belarus,375.0,297,BELARUS,MTS BELARUS
MTS,Belarus,375.0,02,BELARUS,MTS BELARUS
MTS,Belarus,375.0,33,BELARUS,MTS BELARUS
MTS,Belarus,375.0,,BELARUS,MTS BELARUS
Velcom,Belarus,375.0,29,BELARUS,VELCOM
Velcom,Belarus,375.0,44,BELARUS,VELCOM
Velcom,Belarus,375.0,,BELARUS,VELCOM
Velcom,Belarus,375.0,01,BELARUS,VELCOM
Belgacom Mob,Belgium,32.0,470,BELGIUM,BELGACOM MOB
Belgacom Mob,Belgium,32.0,01,BELGIUM,BELGACOM MOB
Belgacom Mob,Belgium,32.0,,BELGIUM,BELGACOM MOB
KPN,Belgium,32.0,471,BELGIUM,KPN
KPN,Belgium,32.0,,BELGIUM,KPN
KPN,Belgium,32.0,20,BELGIUM,KPN
Mobistar,Belgium,32.0,10,BELGIUM,MOBISTAR
Mobistar,Belgium,32.0,,BELGIUM,MOBISTAR
Mobistar,Belgium,32.0,493,BELGIUM,MOBISTAR
BelizeTelem,Belize,501.0,603,BELIZE,BELIZETELEM
BelizeTelem,Belize,501.0,605,BELIZE,BELIZETELEM
BelizeTelem,Belize,501.0,607,BELIZE,BELIZETELEM
BelizeTelem,Belize,501.0,633,BELIZE,BELIZETELEM
BelizeTelem,Belize,501.0,67,BELIZE,BELIZETELEM
BelizeTelem,Belize,501.0,600,BELIZE,BELIZETELEM
BelizeTelem,Belize,501.0,620,BELIZE,BELIZETELEM
BelizeTelem,Belize,501.0,623,BELIZE,BELIZETELEM
BelizeTelem,Belize,501.0,629,BELIZE,BELIZETELEM
BelizeTelem,Belize,501.0,634,BELIZE,BELIZETELEM
BelizeTelem,Belize,501.0,638,BELIZE,BELIZETELEM
BelizeTelem,Belize,501.0,601,BELIZE,BELIZETELEM
BelizeTelem,Belize,501.0,622,BELIZE,BELIZETELEM
BelizeTelem,Belize,501.0,626,BELIZE,BELIZETELEM
BelizeTelem,Belize,501.0,628,BELIZE,BELIZETELEM
BelizeTelem,Belize,501.0,639,BELIZE,BELIZETELEM
BelizeTelem,Belize,501.0,602,BELIZE,BELIZETELEM
BelizeTelem,Belize,501.0,611,BELIZE,BELIZETELEM
BelizeTelem,Belize,501.0,637,BELIZE,BELIZETELEM
BelizeTelem,Belize,501.0,606,BELIZE,BELIZETELEM
BelizeTelem,Belize,501.0,609,BELIZE,BELIZETELEM
BelizeTelem,Belize,501.0,621,BELIZE,BELIZETELEM
BelizeTelem,Belize,501.0,630,BELIZE,BELIZETELEM
BelizeTelem,Belize,501.0,631,BELIZE,BELIZETELEM
BelizeTelem,Belize,501.0,624,BELIZE,BELIZETELEM
BelizeTelem,Belize,501.0,627,BELIZE,BELIZETELEM
BelizeTelem,Belize,501.0,632,BELIZE,BELIZETELEM
BelizeTelem,Belize,501.0,635,BELIZE,BELIZETELEM
BelizeTelem,Belize,501.0,604,BELIZE,BELIZETELEM
BelizeTelem,Belize,501.0,610,BELIZE,BELIZETELEM
BelizeTelem,Belize,501.0,625,BELIZE,BELIZETELEM
SpeednetCom,Belize,501.0,662,BELIZE,SPEEDNETCOM
SpeednetCom,Belize,501.0,666,BELIZE,SPEEDNETCOM
SpeednetCom,Belize,501.0,673,BELIZE,SPEEDNETCOM
SpeednetCom,Belize,501.0,678,BELIZE,SPEEDNETCOM
SpeednetCom,Belize,501.0,670,BELIZE,SPEEDNETCOM
SpeednetCom,Belize,501.0,655,BELIZE,SPEEDNETCOM
SpeednetCom,Belize,501.0,676,BELIZE,SPEEDNETCOM
SpeednetCom,Belize,501.0,677,BELIZE,SPEEDNETCOM
SpeednetCom,Belize,501.0,654,BELIZE,SPEEDNETCOM
SpeednetCom,Belize,501.0,661,BELIZE,SPEEDNETCOM
SpeednetCom,Belize,501.0,664,BELIZE,SPEEDNETCOM
SpeednetCom,Belize,501.0,667,BELIZE,SPEEDNETCOM
SpeednetCom,Belize,501.0,668,BELIZE,SPEEDNETCOM
SpeednetCom,Belize,501.0,674,BELIZE,SPEEDNETCOM
SpeednetCom,Belize,501.0,69,BELIZE,SPEEDNETCOM
SpeednetCom,Belize,501.0,653,BELIZE,SPEEDNETCOM
SpeednetCom,Belize,501.0,650,BELIZE,SPEEDNETCOM
SpeednetCom,Belize,501.0,663,BELIZE,SPEEDNETCOM
SpeednetCom,Belize,501.0,665,BELIZE,SPEEDNETCOM
SpeednetCom,Belize,501.0,651,BELIZE,SPEEDNETCOM
SpeednetCom,Belize,501.0,660,BELIZE,SPEEDNETCOM
SpeednetCom,Belize,501.0,669,BELIZE,SPEEDNETCOM
SpeednetCom,Belize,501.0,672,BELIZE,SPEEDNETCOM
SpeednetCom,Belize,501.0,652,BELIZE,SPEEDNETCOM
SpeednetCom,Belize,501.0,671,BELIZE,SPEEDNETCOM
SpeednetCom,Belize,501.0,675,BELIZE,SPEEDNETCOM
SpeednetCom,Belize,501.0,679,BELIZE,SPEEDNETCOM
BELL,Benin,229.0,93,BENIN,BELL
BELL,Benin,229.0,04,BENIN,BELL
BELL,Benin,229.0,,BENIN,BELL
Etisalet,Benin,229.0,64,BENIN,ETISALET BN
Etisalet,Benin,229.0,94,BENIN,ETISALET BN
Etisalet,Benin,229.0,,BENIN,ETISALET BN
Etisalet,Benin,229.0,02,BENIN,ETISALET BN
Etisalet,Benin,229.0,95,BENIN,ETISALET BN
GLOBE,Benin,229.0,68,BENIN,GLOBENIN
GLOBE,Benin,229.0,99,BENIN,GLOBENIN
GLOBE,Benin,229.0,05,BENIN,GLOBENIN
GLOBE,Benin,229.0,98,BENIN,GLOBENIN
MTN,Benin,229.0,97,BENIN,MTN BENIN
MTN,Benin,229.0,3,BENIN,MTN BENIN
MTN,Benin,229.0,,BENIN,MTN BENIN
SBINBenin,Benin,229.0,40,BENIN,SBINBENIN
SBINBenin,Benin,229.0,07,BENIN,SBINBENIN
SpaceteLBnin,Benin,229.0,53,BENIN,SPACETELBNIN
SpaceteLBnin,Benin,229.0,64,BENIN,SPACETELBNIN
SpaceteLBnin,Benin,229.0,96,BENIN,SPACETELBNIN
SpaceteLBnin,Benin,229.0,91,BENIN,SPACETELBNIN
SpaceteLBnin,Benin,229.0,94,BENIN,SPACETELBNIN
SpaceteLBnin,Benin,229.0,98,BENIN,SPACETELBNIN
SpaceteLBnin,Benin,229.0,63,BENIN,SPACETELBNIN
SpaceteLBnin,Benin,229.0,65,BENIN,SPACETELBNIN
SpaceteLBnin,Benin,229.0,69,BENIN,SPACETELBNIN
SpaceteLBnin,Benin,229.0,03,BENIN,SPACETELBNIN
SpaceteLBnin,Benin,229.0,51,BENIN,SPACETELBNIN
SpaceteLBnin,Benin,229.0,52,BENIN,SPACETELBNIN
SpaceteLBnin,Benin,229.0,61,BENIN,SPACETELBNIN
SpaceteLBnin,Benin,229.0,62,BENIN,SPACETELBNIN
SpaceteLBnin,Benin,229.0,67,BENIN,SPACETELBNIN
SpaceteLBnin,Benin,229.0,99,BENIN,SPACETELBNIN
SpaceteLBnin,Benin,229.0,68,BENIN,SPACETELBNIN
SpaceteLBnin,Benin,229.0,95,BENIN,SPACETELBNIN
SpaceteLBnin,Benin,229.0,60,BENIN,SPACETELBNIN
SpaceteLBnin,Benin,229.0,66,BENIN,SPACETELBNIN
SpaceteLBnin,Benin,229.0,90,BENIN,SPACETELBNIN
SpaceteLBnin,Benin,229.0,97,BENIN,SPACETELBNIN
SpaceteLBnin,Benin,229.0,55,BENIN,SPACETELBNIN
Cellone,Bermuda,1.0,000,BERMUDA,CELLONE
Cellone,Bermuda,1.0,441,BERMUDA,CELLONE
BMobile,Bhutan,975.0,17,BHUTAN,BMOBILE
BMobile,Bhutan,975.0,11,BHUTAN,BMOBILE
Telefonica,Bolivia,591.0,75,BOLIVIA,TELEFONICABO
Telefonica,Bolivia,591.0,03,BOLIVIA,TELEFONICABO
Orange,Burkina Faso,226.0,67,BORKINAFASO,ORANGEBORKNA
Orange,Burkina Faso,226.0,54,BORKINAFASO,ORANGEBORKNA
Orange,Burkina Faso,226.0,56,BORKINAFASO,ORANGEBORKNA
Orange,Burkina Faso,226.0,66,BORKINAFASO,ORANGEBORKNA
Orange,Burkina Faso,226.0,74,BORKINAFASO,ORANGEBORKNA
Orange,Burkina Faso,226.0,76,BORKINAFASO,ORANGEBORKNA
Orange,Burkina Faso,226.0,07,BORKINAFASO,ORANGEBORKNA
Orange,Burkina Faso,226.0,57,BORKINAFASO,ORANGEBORKNA
Orange,Burkina Faso,226.0,65,BORKINAFASO,ORANGEBORKNA
Orange,Burkina Faso,226.0,02,BORKINAFASO,ORANGEBORKNA
Orange,Burkina Faso,226.0,55,BORKINAFASO,ORANGEBORKNA
Orange,Burkina Faso,226.0,75,BORKINAFASO,ORANGEBORKNA
Orange,Burkina Faso,226.0,64,BORKINAFASO,ORANGEBORKNA
Orange,Burkina Faso,226.0,77,BORKINAFASO,ORANGEBORKNA
RS Telecom,Bosnia and Herzego,387.0,65,BOSNIA AND HERZEGO,RS TELECOM
RS Telecom,Bosnia and Herzego,387.0,67,BOSNIA AND HERZEGO,RS TELECOM
RS Telecom,Bosnia and Herzego,387.0,66,BOSNIA AND HERZEGO,RS TELECOM
RS Telecom,Bosnia and Herzego,387.0,,BOSNIA AND HERZEGO,RS TELECOM
RS Telecom,Bosnia and Herzego,387.0,05,BOSNIA AND HERZEGO,RS TELECOM
CorpTelBotsw,Botswana,267.0,749,BOTSWANA,CORPTELBOTSW
CorpTelBotsw,Botswana,267.0,73,BOTSWANA,CORPTELBOTSW
CorpTelBotsw,Botswana,267.0,758,BOTSWANA,CORPTELBOTSW
CorpTelBotsw,Botswana,267.0,768,BOTSWANA,CORPTELBOTSW
CorpTelBotsw,Botswana,267.0,04,BOTSWANA,CORPTELBOTSW
MascomWirel,Botswana,267.0,766,BOTSWANA,MASCOMWIREL
MascomWirel,Botswana,267.0,777,BOTSWANA,MASCOMWIREL
MascomWirel,Botswana,267.0,778,BOTSWANA,MASCOMWIREL
MascomWirel,Botswana,267.0,8900,BOTSWANA,MASCOMWIREL
MascomWirel,Botswana,267.0,741,BOTSWANA,MASCOMWIREL
MascomWirel,Botswana,267.0,742,BOTSWANA,MASCOMWIREL
MascomWirel,Botswana,267.0,89001,BOTSWANA,MASCOMWIREL
MascomWirel,Botswana,267.0,754,BOTSWANA,MASCOMWIREL
MascomWirel,Botswana,267.0,759,BOTSWANA,MASCOMWIREL
MascomWirel,Botswana,267.0,767,BOTSWANA,MASCOMWIREL
MascomWirel,Botswana,267.0,771,BOTSWANA,MASCOMWIREL
MascomWirel,Botswana,267.0,745,BOTSWANA,MASCOMWIREL
MascomWirel,Botswana,267.0,746,BOTSWANA,MASCOMWIREL
MascomWirel,Botswana,267.0,71,BOTSWANA,MASCOMWIREL
MascomWirel,Botswana,267.0,740,BOTSWANA,MASCOMWIREL
MascomWirel,Botswana,267.0,747,BOTSWANA,MASCOMWIREL
MascomWirel,Botswana,267.0,762,BOTSWANA,MASCOMWIREL
MascomWirel,Botswana,267.0,755,BOTSWANA,MASCOMWIREL
MascomWirel,Botswana,267.0,756,BOTSWANA,MASCOMWIREL
MascomWirel,Botswana,267.0,776,BOTSWANA,MASCOMWIREL
MascomWirel,Botswana,267.0,321,BOTSWANA,MASCOMWIREL
MascomWirel,Botswana,267.0,760,BOTSWANA,MASCOMWIREL
MascomWirel,Botswana,267.0,761,BOTSWANA,MASCOMWIREL
MascomWirel,Botswana,267.0,770,BOTSWANA,MASCOMWIREL
MascomWirel,Botswana,267.0,01,BOTSWANA,MASCOMWIREL
Orange,Botswana,267.0,2,BOTSWANA,ORANGE BOTSW
Orange,Botswana,267.0,,BOTSWANA,ORANGE BOTSW
Orange,Botswana,267.0,72,BOTSWANA,ORANGE BOTSW
Orange,Botswana,267.0,752,BOTSWANA,ORANGEBOT
Orange,Botswana,267.0,02,BOTSWANA,ORANGEBOT
Orange,Botswana,267.0,743,BOTSWANA,ORANGEBOT
Orange,Botswana,267.0,7920,BOTSWANA,ORANGEBOT
Orange,Botswana,267.0,744,BOTSWANA,ORANGEBOT
Orange,Botswana,267.0,753,BOTSWANA,ORANGEBOT
Orange,Botswana,267.0,2,BOTSWANA,ORANGEBOT
Orange,Botswana,267.0,750,BOTSWANA,ORANGEBOT
Orange,Botswana,267.0,,BOTSWANA,ORANGEBOT
Orange,Botswana,267.0,751,BOTSWANA,ORANGEBOT
Nextel,Brazil,55.0,1194707,BRAZIL,NEXTELBR
Nextel,Brazil,55.0,1194741,BRAZIL,NEXTELBR
Nextel,Brazil,55.0,1297404,BRAZIL,NEXTELBR
Nextel,Brazil,55.0,1597403,BRAZIL,NEXTELBR
Nextel,Brazil,55.0,1697407,BRAZIL,NEXTELBR
Nextel,Brazil,55.0,1997408,BRAZIL,NEXTELBR
Nextel,Brazil,55.0,219642,BRAZIL,NEXTELBR
Nextel,Brazil,55.0,377400,BRAZIL,NEXTELBR
Nextel,Brazil,55.0,457400,BRAZIL,NEXTELBR
Nextel,Brazil,55.0,547400,BRAZIL,NEXTELBR
Nextel,Brazil,55.0,657400,BRAZIL,NEXTELBR
Nextel,Brazil,55.0,697400,BRAZIL,NEXTELBR
Nextel,Brazil,55.0,777400,BRAZIL,NEXTELBR
Nextel,Brazil,55.0,837400,BRAZIL,NEXTELBR
Nextel,Brazil,55.0,1195399,BRAZIL,NEXTELBR
Nextel,Brazil,55.0,1297406,BRAZIL,NEXTELBR
Nextel,Brazil,55.0,1298599,BRAZIL,NEXTELBR
Nextel,Brazil,55.0,1597404,BRAZIL,NEXTELBR
Nextel,Brazil,55.0,1597406,BRAZIL,NEXTELBR
Nextel,Brazil,55.0,1697403,BRAZIL,NEXTELBR
Nextel,Brazil,55.0,1797400,BRAZIL,NEXTELBR
Nextel,Brazil,55.0,1997402,BRAZIL,NEXTELBR
Nextel,Brazil,55.0,2196402,BRAZIL,NEXTELBR
Nextel,Brazil,55.0,2196408,BRAZIL,NEXTELBR
Nextel,Brazil,55.0,2297400,BRAZIL,NEXTELBR
Nextel,Brazil,55.0,2297404,BRAZIL,NEXTELBR
Nextel,Brazil,55.0,2497405,BRAZIL,NEXTELBR
Nextel,Brazil,55.0,387400,BRAZIL,NEXTELBR
Nextel,Brazil,55.0,417400,BRAZIL,NEXTELBR
Nextel,Brazil,55.0,617400,BRAZIL,NEXTELBR
Nextel,Brazil,55.0,647400,BRAZIL,NEXTELBR
Nextel,Brazil,55.0,817400,BRAZIL,NEXTELBR
Nextel,Brazil,55.0,927400,BRAZIL,NEXTELBR
Nextel,Brazil,55.0,977400,BRAZIL,NEXTELBR
Nextel,Brazil,55.0,997400,BRAZIL,NEXTELBR
Nextel,Brazil,55.0,1194740,BRAZIL,NEXTELBR
Nextel,Brazil,55.0,1194742,BRAZIL,NEXTELBR
Nextel,Brazil,55.0,1297407,BRAZIL,NEXTELBR
Nextel,Brazil,55.0,1397401,BRAZIL,NEXTELBR
Nextel,Brazil,55.0,1397402,BRAZIL,NEXTELBR
Nextel,Brazil,55.0,1497400,BRAZIL,NEXTELBR
Nextel,Brazil,55.0,1597402,BRAZIL,NEXTELBR
Nextel,Brazil,55.0,1697402,BRAZIL,NEXTELBR
Nextel,Brazil,55.0,1997407,BRAZIL,NEXTELBR
Nextel,Brazil,55.0,2196401,BRAZIL,NEXTELBR
Nextel,Brazil,55.0,2196403,BRAZIL,NEXTELBR
Nextel,Brazil,55.0,2196405,BRAZIL,NEXTELBR
Nextel,Brazil,55.0,737400,BRAZIL,NEXTELBR
Nextel,Brazil,55.0,747400,BRAZIL,NEXTELBR
Nextel,Brazil,55.0,847400,BRAZIL,NEXTELBR
Nextel,Brazil,55.0,857400,BRAZIL,NEXTELBR
Nextel,Brazil,55.0,877400,BRAZIL,NEXTELBR
Nextel,Brazil,55.0,897400,BRAZIL,NEXTELBR
Nextel,Brazil,55.0,119473,BRAZIL,NEXTELBR
Nextel,Brazil,55.0,1297403,BRAZIL,NEXTELBR
Nextel,Brazil,55.0,1297408,BRAZIL,NEXTELBR
Nextel,Brazil,55.0,1397404,BRAZIL,NEXTELBR
Nextel,Brazil,55.0,1397406,BRAZIL,NEXTELBR
Nextel,Brazil,55.0,1397408,BRAZIL,NEXTELBR
Nextel,Brazil,55.0,1398599,BRAZIL,NEXTELBR
Nextel,Brazil,55.0,1997405,BRAZIL,NEXTELBR
Nextel,Brazil,55.0,1997406,BRAZIL,NEXTELBR
Nextel,Brazil,55.0,1997409,BRAZIL,NEXTELBR
Nextel,Brazil,55.0,219641,BRAZIL,NEXTELBR
Nextel,Brazil,55.0,2297402,BRAZIL,NEXTELBR
Nextel,Brazil,55.0,327400,BRAZIL,NEXTELBR
Nextel,Brazil,55.0,517400,BRAZIL,NEXTELBR
Nextel,Brazil,55.0,637400,BRAZIL,NEXTELBR
Nextel,Brazil,55.0,937400,BRAZIL,NEXTELBR
Nextel,Brazil,55.0,947400,BRAZIL,NEXTELBR
Nextel,Brazil,55.0,987400,BRAZIL,NEXTELBR
Nextel,Brazil,55.0,1194703,BRAZIL,NEXTELBR
Nextel,Brazil,55.0,1194706,BRAZIL,NEXTELBR
Nextel,Brazil,55.0,119471,BRAZIL,NEXTELBR
Nextel,Brazil,55.0,1297405,BRAZIL,NEXTELBR
Nextel,Brazil,55.0,1397405,BRAZIL,NEXTELBR
Nextel,Brazil,55.0,1697401,BRAZIL,NEXTELBR
Nextel,Brazil,55.0,1697404,BRAZIL,NEXTELBR
Nextel,Brazil,55.0,1897400,BRAZIL,NEXTELBR
Nextel,Brazil,55.0,1997403,BRAZIL,NEXTELBR
Nextel,Brazil,55.0,2196404,BRAZIL,NEXTELBR
Nextel,Brazil,55.0,2196406,BRAZIL,NEXTELBR
Nextel,Brazil,55.0,2297401,BRAZIL,NEXTELBR
Nextel,Brazil,55.0,497400,BRAZIL,NEXTELBR
Nextel,Brazil,55.0,797400,BRAZIL,NEXTELBR
Nextel,Brazil,55.0,867400,BRAZIL,NEXTELBR
Nextel,Brazil,55.0,887400,BRAZIL,NEXTELBR
Nextel,Brazil,55.0,957400,BRAZIL,NEXTELBR
Nextel,Brazil,55.0,1194704,BRAZIL,NEXTELBR
Nextel,Brazil,55.0,1194705,BRAZIL,NEXTELBR
Nextel,Brazil,55.0,1297401,BRAZIL,NEXTELBR
Nextel,Brazil,55.0,1297402,BRAZIL,NEXTELBR
Nextel,Brazil,55.0,1597400,BRAZIL,NEXTELBR
Nextel,Brazil,55.0,1597401,BRAZIL,NEXTELBR
Nextel,Brazil,55.0,1597405,BRAZIL,NEXTELBR
Nextel,Brazil,55.0,1997404,BRAZIL,NEXTELBR
Nextel,Brazil,55.0,2196407,BRAZIL,NEXTELBR
Nextel,Brazil,55.0,2497401,BRAZIL,NEXTELBR
Nextel,Brazil,55.0,2497402,BRAZIL,NEXTELBR
Nextel,Brazil,55.0,2497404,BRAZIL,NEXTELBR
Nextel,Brazil,55.0,317400,BRAZIL,NEXTELBR
Nextel,Brazil,55.0,337400,BRAZIL,NEXTELBR
Nextel,Brazil,55.0,357400,BRAZIL,NEXTELBR
Nextel,Brazil,55.0,487400,BRAZIL,NEXTELBR
Nextel,Brazil,55.0,667400,BRAZIL,NEXTELBR
Nextel,Brazil,55.0,827400,BRAZIL,NEXTELBR
Nextel,Brazil,55.0,967400,BRAZIL,NEXTELBR
Nextel,Brazil,55.0,1194702,BRAZIL,NEXTELBR
Nextel,Brazil,55.0,1597407,BRAZIL,NEXTELBR
Nextel,Brazil,55.0,1697400,BRAZIL,NEXTELBR
Nextel,Brazil,55.0,1697405,BRAZIL,NEXTELBR
Nextel,Brazil,55.0,1997401,BRAZIL,NEXTELBR
Nextel,Brazil,55.0,1998599,BRAZIL,NEXTELBR
Nextel,Brazil,55.0,2196099,BRAZIL,NEXTELBR
Nextel,Brazil,55.0,2297403,BRAZIL,NEXTELBR
Nextel,Brazil,55.0,2297405,BRAZIL,NEXTELBR
Nextel,Brazil,55.0,2497403,BRAZIL,NEXTELBR
Nextel,Brazil,55.0,347400,BRAZIL,NEXTELBR
Nextel,Brazil,55.0,437400,BRAZIL,NEXTELBR
Nextel,Brazil,55.0,467400,BRAZIL,NEXTELBR
Nextel,Brazil,55.0,627400,BRAZIL,NEXTELBR
Nextel,Brazil,55.0,717400,BRAZIL,NEXTELBR
Nextel,Brazil,55.0,917400,BRAZIL,NEXTELBR
Nextel,Brazil,55.0,1194708,BRAZIL,NEXTELBR
Nextel,Brazil,55.0,1194709,BRAZIL,NEXTELBR
Nextel,Brazil,55.0,119472,BRAZIL,NEXTELBR
Nextel,Brazil,55.0,1397407,BRAZIL,NEXTELBR
Nextel,Brazil,55.0,1697406,BRAZIL,NEXTELBR
Nextel,Brazil,55.0,2497400,BRAZIL,NEXTELBR
Nextel,Brazil,55.0,2797400,BRAZIL,NEXTELBR
Nextel,Brazil,55.0,2897400,BRAZIL,NEXTELBR
Nextel,Brazil,55.0,427400,BRAZIL,NEXTELBR
Nextel,Brazil,55.0,447400,BRAZIL,NEXTELBR
Nextel,Brazil,55.0,477400,BRAZIL,NEXTELBR
Nextel,Brazil,55.0,537400,BRAZIL,NEXTELBR
Nextel,Brazil,55.0,557400,BRAZIL,NEXTELBR
Nextel,Brazil,55.0,677400,BRAZIL,NEXTELBR
Nextel,Brazil,55.0,687400,BRAZIL,NEXTELBR
Nextel,Brazil,55.0,757400,BRAZIL,NEXTELBR
Nextel,Brazil,55.0,39,BRAZIL,NEXTELBR
OI1Brazil,Brazil,55.0,28,BRAZIL,OI1BRAZIL
OI1Brazil,Brazil,55.0,75,BRAZIL,OI1BRAZIL
OI1Brazil,Brazil,55.0,89,BRAZIL,OI1BRAZIL
OI1Brazil,Brazil,55.0,92,BRAZIL,OI1BRAZIL
OI1Brazil,Brazil,55.0,97,BRAZIL,OI1BRAZIL
OI1Brazil,Brazil,55.0,27,BRAZIL,OI1BRAZIL
OI1Brazil,Brazil,55.0,32,BRAZIL,OI1BRAZIL
OI1Brazil,Brazil,55.0,38,BRAZIL,OI1BRAZIL
OI1Brazil,Brazil,55.0,73,BRAZIL,OI1BRAZIL
OI1Brazil,Brazil,55.0,77,BRAZIL,OI1BRAZIL
OI1Brazil,Brazil,55.0,84,BRAZIL,OI1BRAZIL
OI1Brazil,Brazil,55.0,85,BRAZIL,OI1BRAZIL
OI1Brazil,Brazil,55.0,99,BRAZIL,OI1BRAZIL
OI1Brazil,Brazil,55.0,14,BRAZIL,OI1BRAZIL
OI1Brazil,Brazil,55.0,15,BRAZIL,OI1BRAZIL
OI1Brazil,Brazil,55.0,16,BRAZIL,OI1BRAZIL
OI1Brazil,Brazil,55.0,17,BRAZIL,OI1BRAZIL
OI1Brazil,Brazil,55.0,24,BRAZIL,OI1BRAZIL
OI1Brazil,Brazil,55.0,35,BRAZIL,OI1BRAZIL
OI1Brazil,Brazil,55.0,87,BRAZIL,OI1BRAZIL
OI1Brazil,Brazil,55.0,88,BRAZIL,OI1BRAZIL
OI1Brazil,Brazil,55.0,11,BRAZIL,OI1BRAZIL
OI1Brazil,Brazil,55.0,18,BRAZIL,OI1BRAZIL
OI1Brazil,Brazil,55.0,21,BRAZIL,OI1BRAZIL
OI1Brazil,Brazil,55.0,31,BRAZIL,OI1BRAZIL
OI1Brazil,Brazil,55.0,79,BRAZIL,OI1BRAZIL
OI1Brazil,Brazil,55.0,82,BRAZIL,OI1BRAZIL
OI1Brazil,Brazil,55.0,83,BRAZIL,OI1BRAZIL
OI1Brazil,Brazil,55.0,93,BRAZIL,OI1BRAZIL
OI1Brazil,Brazil,55.0,95,BRAZIL,OI1BRAZIL
OI1Brazil,Brazil,55.0,12,BRAZIL,OI1BRAZIL
OI1Brazil,Brazil,55.0,34,BRAZIL,OI1BRAZIL
OI1Brazil,Brazil,55.0,37,BRAZIL,OI1BRAZIL
OI1Brazil,Brazil,55.0,98,BRAZIL,OI1BRAZIL
OI1Brazil,Brazil,55.0,71,BRAZIL,OI1BRAZIL
OI1Brazil,Brazil,55.0,74,BRAZIL,OI1BRAZIL
OI1Brazil,Brazil,55.0,94,BRAZIL,OI1BRAZIL
OI1Brazil,Brazil,55.0,13,BRAZIL,OI1BRAZIL
OI1Brazil,Brazil,55.0,19,BRAZIL,OI1BRAZIL
OI1Brazil,Brazil,55.0,22,BRAZIL,OI1BRAZIL
OI1Brazil,Brazil,55.0,33,BRAZIL,OI1BRAZIL
OI1Brazil,Brazil,55.0,81,BRAZIL,OI1BRAZIL
OI1Brazil,Brazil,55.0,91,BRAZIL,OI1BRAZIL
OI1Brazil,Brazil,55.0,86,BRAZIL,OI1BRAZIL
OI1Brazil,Brazil,55.0,96,BRAZIL,OI1BRAZIL
OI2Brazil,Brazil,55.0,031,BRAZIL,OI2BRAZIL
OI2Brazil,Brazil,55.0,16,BRAZIL,OI2BRAZIL
OI2Brazil,Brazil,55.0,016,BRAZIL,OI2BRAZIL
TIM (BRACS),Brazil,55.0,4,BRAZIL,TIM (BRACS)
TIM (BRACS),Brazil,55.0,,BRAZIL,TIM (BRACS)
TIM (BRACS),Brazil,55.0,4196,BRAZIL,TIM (BRACS)
TIM (BRARN),Brazil,55.0,,BRAZIL,TIM (BRARN)
TIM (BRARN),Brazil,55.0,2181,BRAZIL,TIM (BRARN)
TIM (BRARN),Brazil,55.0,2,BRAZIL,TIM (BRARN)
TIM (BRASP),Brazil,55.0,3,BRAZIL,TIM (BRASP)
TIM (BRASP),Brazil,55.0,,BRAZIL,TIM (BRASP)
TIM (BRASP),Brazil,55.0,1181,BRAZIL,TIM (BRASP)
VIVOMG1,Brazil,55.0,4192,BRAZIL,VIVOMG1
VIVOMG1,Brazil,55.0,4792,BRAZIL,VIVOMG1
VIVOMG1,Brazil,55.0,5399,BRAZIL,VIVOMG1
VIVOMG1,Brazil,55.0,4291,BRAZIL,VIVOMG1
VIVOMG1,Brazil,55.0,4391,BRAZIL,VIVOMG1
VIVOMG1,Brazil,55.0,5199,BRAZIL,VIVOMG1
VIVOMG1,Brazil,55.0,5499,BRAZIL,VIVOMG1
VIVOMG1,Brazil,55.0,4491,BRAZIL,VIVOMG1
VIVOMG1,Brazil,55.0,4591,BRAZIL,VIVOMG1
VIVOMG1,Brazil,55.0,06,BRAZIL,VIVOMG1
VIVOMG1,Brazil,55.0,6198,BRAZIL,VIVOMG1
VIVOMG1,Brazil,55.0,6696,BRAZIL,VIVOMG1
VIVOMG1,Brazil,55.0,6699,BRAZIL,VIVOMG1
VIVOMG1,Brazil,55.0,6796,BRAZIL,VIVOMG1
VIVOMG1,Brazil,55.0,,BRAZIL,VIVOMG1
VIVOMG1,Brazil,55.0,4891,BRAZIL,VIVOMG1
VIVOMG1,Brazil,55.0,4991,BRAZIL,VIVOMG1
VIVOMG1,Brazil,55.0,5197,BRAZIL,VIVOMG1
VIVOMG1,Brazil,55.0,5599,BRAZIL,VIVOMG1
VIVOMG1,Brazil,55.0,6196,BRAZIL,VIVOMG1
VIVOMG1,Brazil,55.0,6298,BRAZIL,VIVOMG1
VIVOMG1,Brazil,55.0,6299,BRAZIL,VIVOMG1
VIVOMG1,Brazil,55.0,6496,BRAZIL,VIVOMG1
VIVOMG1,Brazil,55.0,6599,BRAZIL,VIVOMG1
VIVOMG1,Brazil,55.0,6799,BRAZIL,VIVOMG1
VIVOMG1,Brazil,55.0,5496,BRAZIL,VIVOMG1
VIVOMG1,Brazil,55.0,5596,BRAZIL,VIVOMG1
VIVOMG1,Brazil,55.0,6296,BRAZIL,VIVOMG1
VIVOMG1,Brazil,55.0,6899,BRAZIL,VIVOMG1
VIVOMG1,Brazil,55.0,6999,BRAZIL,VIVOMG1
VIVOMG1,Brazil,55.0,4691,BRAZIL,VIVOMG1
VIVOMG1,Brazil,55.0,4791,BRAZIL,VIVOMG1
VIVOMG1,Brazil,55.0,5196,BRAZIL,VIVOMG1
VIVOMG1,Brazil,55.0,6199,BRAZIL,VIVOMG1
VIVOMG1,Brazil,55.0,6596,BRAZIL,VIVOMG1
VIVOMG1,Brazil,55.0,4191,BRAZIL,VIVOMG1
VIVOMG1,Brazil,55.0,5198,BRAZIL,VIVOMG1
VIVOMG1,Brazil,55.0,6399,BRAZIL,VIVOMG1
VIVOMG1,Brazil,55.0,6499,BRAZIL,VIVOMG1
VIVOMG2,Brazil,55.0,1198,BRAZIL,VIVOMG2
VIVOMG2,Brazil,55.0,1174,BRAZIL,VIVOMG2
VIVOMG2,Brazil,55.0,1175,BRAZIL,VIVOMG2
VIVOMG2,Brazil,55.0,1196,BRAZIL,VIVOMG2
VIVOMG2,Brazil,55.0,1597,BRAZIL,VIVOMG2
VIVOMG2,Brazil,55.0,,BRAZIL,VIVOMG2
VIVOMG2,Brazil,55.0,1397,BRAZIL,VIVOMG2
VIVOMG2,Brazil,55.0,1497,BRAZIL,VIVOMG2
VIVOMG2,Brazil,55.0,1696,BRAZIL,VIVOMG2
VIVOMG2,Brazil,55.0,10,BRAZIL,VIVOMG2
VIVOMG2,Brazil,55.0,1699,BRAZIL,VIVOMG2
VIVOMG2,Brazil,55.0,1197,BRAZIL,VIVOMG2
VIVOMG2,Brazil,55.0,1496,BRAZIL,VIVOMG2
VIVOMG2,Brazil,55.0,1172,BRAZIL,VIVOMG2
VIVOMG2,Brazil,55.0,1195,BRAZIL,VIVOMG2
VIVOMG2,Brazil,55.0,1199,BRAZIL,VIVOMG2
VIVOMG2,Brazil,55.0,1297,BRAZIL,VIVOMG2
VIVOMG2,Brazil,55.0,1170,BRAZIL,VIVOMG2
VIVOMG2,Brazil,55.0,1171,BRAZIL,VIVOMG2
VIVOMG2,Brazil,55.0,1173,BRAZIL,VIVOMG2
VIVOMG2,Brazil,55.0,1697,BRAZIL,VIVOMG2
VIVOMG3,Brazil,55.0,2199,BRAZIL,VIVOMG3
VIVOMG3,Brazil,55.0,2899,BRAZIL,VIVOMG3
VIVOMG3,Brazil,55.0,7199,BRAZIL,VIVOMG3
VIVOMG3,Brazil,55.0,7499,BRAZIL,VIVOMG3
VIVOMG3,Brazil,55.0,7799,BRAZIL,VIVOMG3
VIVOMG3,Brazil,55.0,11,BRAZIL,VIVOMG3
VIVOMG3,Brazil,55.0,2198,BRAZIL,VIVOMG3
VIVOMG3,Brazil,55.0,2798,BRAZIL,VIVOMG3
VIVOMG3,Brazil,55.0,9291,BRAZIL,VIVOMG3
VIVOMG3,Brazil,55.0,9292,BRAZIL,VIVOMG3
VIVOMG3,Brazil,55.0,2196,BRAZIL,VIVOMG3
VIVOMG3,Brazil,55.0,2197,BRAZIL,VIVOMG3
VIVOMG3,Brazil,55.0,2799,BRAZIL,VIVOMG3
VIVOMG3,Brazil,55.0,7599,BRAZIL,VIVOMG3
VIVOMG3,Brazil,55.0,9691,BRAZIL,VIVOMG3
VIVOMG3,Brazil,55.0,9891,BRAZIL,VIVOMG3
VIVOMG3,Brazil,55.0,2898,BRAZIL,VIVOMG3
VIVOMG3,Brazil,55.0,9191,BRAZIL,VIVOMG3
VIVOMG3,Brazil,55.0,9591,BRAZIL,VIVOMG3
VIVOMG3,Brazil,55.0,9991,BRAZIL,VIVOMG3
VIVOMG3,Brazil,55.0,2298,BRAZIL,VIVOMG3
VIVOMG3,Brazil,55.0,2299,BRAZIL,VIVOMG3
VIVOMG3,Brazil,55.0,2499,BRAZIL,VIVOMG3
VIVOMG3,Brazil,55.0,7399,BRAZIL,VIVOMG3
VIVOMG3,Brazil,55.0,9791,BRAZIL,VIVOMG3
VIVOMG3,Brazil,55.0,9391,BRAZIL,VIVOMG3
VIVOMG3,Brazil,55.0,9192,BRAZIL,VIVOMG3
VIVOMG3,Brazil,55.0,9491,BRAZIL,VIVOMG3
VIVOMG3,Brazil,55.0,,BRAZIL,VIVOMG3
VIVOMG3,Brazil,55.0,2195,BRAZIL,VIVOMG3
VIVOMG3,Brazil,55.0,2498,BRAZIL,VIVOMG3
VIVOMG3,Brazil,55.0,7196,BRAZIL,VIVOMG3
VIVOMGC,Brazil,55.0,35,BRAZIL,VIVOMGC
VIVOMGC,Brazil,55.0,31,BRAZIL,VIVOMGC
VIVOMGC,Brazil,55.0,23,BRAZIL,VIVOMGC
VIVOMGC,Brazil,55.0,32,BRAZIL,VIVOMGC
VIVOMGC,Brazil,55.0,38,BRAZIL,VIVOMGC
VIVOMGC,Brazil,55.0,33,BRAZIL,VIVOMGC
VIVOMGC,Brazil,55.0,34,BRAZIL,VIVOMGC
VIVOMGC,Brazil,55.0,37,BRAZIL,VIVOMGC
CCT,British Virgin Islands,128.0,570,BRITISH VIRGIN ISLAN,CCT
CCT,British Virgin Islands,128.0,,BRITISH VIRGIN ISLAN,CCT
CCT,British Virgin Islands,128.0,284440,BRITISH VIRGIN ISLAN,CCT
Digicel,British Virgin Islands,1.0,284,BRITISHVIRGINISLANDS,DIGICELBVI
Digicel,British Virgin Islands,1.0,770,BRITISHVIRGINISLANDS,DIGICELBVI
B Mobile,Brunei Darussalam,673.0,814,BRUNEI,B MOBILE
B Mobile,Brunei Darussalam,673.0,813,BRUNEI,B MOBILE
B Mobile,Brunei Darussalam,673.0,819,BRUNEI,B MOBILE
B Mobile,Brunei Darussalam,673.0,82,BRUNEI,B MOBILE
B Mobile,Brunei Darussalam,673.0,811,BRUNEI,B MOBILE
B Mobile,Brunei Darussalam,673.0,812,BRUNEI,B MOBILE
B Mobile,Brunei Darussalam,673.0,816,BRUNEI,B MOBILE
B Mobile,Brunei Darussalam,673.0,817,BRUNEI,B MOBILE
B Mobile,Brunei Darussalam,673.0,810,BRUNEI,B MOBILE
B Mobile,Brunei Darussalam,673.0,815,BRUNEI,B MOBILE
B Mobile,Brunei Darussalam,673.0,02,BRUNEI,B MOBILE
B Mobile,Brunei Darussalam,673.0,83,BRUNEI,B MOBILE
UNNETSdnBhd,Brunei Darussalam,673.0,82,BRUNEI,UNNETSDNBHD
UNNETSdnBhd,Brunei Darussalam,673.0,81,BRUNEI,UNNETSDNBHD
UNNETSdnBhd,Brunei Darussalam,673.0,83,BRUNEI,UNNETSDNBHD
UNNETSdnBhd,Brunei Darussalam,673.0,02,BRUNEI,UNNETSDNBHD
DataTechnSdn,Brunei Darussalam,673.0,7,BRUNEIDARUSALAM,DATATECHNSDN
DataTechnSdn,Brunei Darussalam,673.0,01,BRUNEIDARUSALAM,DATATECHNSDN
DataTechnoBH,Brunei Darussalam,673.0,2,BRUNEIDARUSSALAM,DATATECHNOBH
DataTechnoBH,Brunei Darussalam,673.0,8,BRUNEIDARUSSALAM,DATATECHNOBH
DataTechnoBH,Brunei Darussalam,673.0,11,BRUNEIDARUSSALAM,DATATECHNOBH
DataTechnoBH,Brunei Darussalam,673.0,7,BRUNEIDARUSSALAM,DATATECHNOBH
EAD Bulgaria,Bulgaria,359.0,89,BULGARIA,EAD BULGARIA
EAD Bulgaria,Bulgaria,359.0,05,BULGARIA,EAD BULGARIA
EAD Bulgaria,Bulgaria,359.0,,BULGARIA,EAD BULGARIA
Mobiltel,Bulgaria,359.0,989,BULGARIA,MOBILTEL
Mobiltel,Bulgaria,359.0,88,BULGARIA,MOBILTEL
Mobiltel,Bulgaria,359.0,,BULGARIA,MOBILTEL
Mobiltel,Bulgaria,359.0,01,BULGARIA,MOBILTEL
Mobiltel,Bulgaria,359.0,988,BULGARIA,MOBILTEL
Mobiltel EAD,Bulgaria,359.0,989,BULGARIA,MOBILTEL EAD
Mobiltel EAD,Bulgaria,359.0,01,BULGARIA,MOBILTEL EAD
Mobiltel EAD,Bulgaria,359.0,,BULGARIA,MOBILTEL EAD
Mobiltel EAD,Bulgaria,359.0,88,BULGARIA,MOBILTEL EAD
Mobiltel EAD,Bulgaria,359.0,988,BULGARIA,MOBILTEL EAD
Viva,Bulgaria,359.0,03,BULGARIA,VIVABULGARIA
Viva,Bulgaria,359.0,,BULGARIA,VIVABULGARIA
Viva,Bulgaria,359.0,87,BULGARIA,VIVABULGARIA
Celtel,Burkina Faso,226.0,76,BURKINA FASO,CELTEL BURKI
Celtel,Burkina Faso,226.0,,BURKINA FASO,CELTEL BURKI
Celtel,Burkina Faso,226.0,2,BURKINA FASO,CELTEL BURKI
HTEronet,Burkina Faso,387.0,,BURKINA FASO,HTERONET
HTEronet,Burkina Faso,387.0,64,BURKINA FASO,HTERONET
HTEronet,Burkina Faso,387.0,03,BURKINA FASO,HTERONET
HTEronet,Burkina Faso,387.0,63,BURKINA FASO,HTERONET
Onatel,Burkina Faso,226.0,,BURKINA FASO,ONATEL
Onatel,Burkina Faso,226.0,1,BURKINA FASO,ONATEL
Onatel,Burkina Faso,226.0,70,BURKINA FASO,ONATEL
Telecel,Burkina Faso,226.0,3,BURKINA FASO,TELECEL FASO
Telecel,Burkina Faso,226.0,78,BURKINA FASO,TELECEL FASO
Telecel,Burkina Faso,226.0,,BURKINA FASO,TELECEL FASO
Telmmob,Burkina Faso,226.0,7,BURKINA FASO,TELMMOB
Telmmob,Burkina Faso,226.0,TM,BURKINA FASO,TELMMOB
Telmmob,Burkina Faso,226.0,,BURKINA FASO,TELMMOB
TelmobBF,Burkina Faso,226.0,,BURKINA FASO,TELMOBBF
TelmobBF,Burkina Faso,226.0,72,BURKINA FASO,TELMOBBF
TelmobBF,Burkina Faso,226.0,7090,BURKINA FASO,TELMOBBF
TelmobBF,Burkina Faso,226.0,60,BURKINA FASO,TELMOBBF
TelmobBF,Burkina Faso,226.0,7091,BURKINA FASO,TELMOBBF
TelmobBF,Burkina Faso,226.0,70,BURKINA FASO,TELMOBBF
TelmobBF,Burkina Faso,226.0,71,BURKINA FASO,TELMOBBF
TelmobBF,Burkina Faso,226.0,73,BURKINA FASO,TELMOBBF
TelmobBF,Burkina Faso,226.0,01,BURKINA FASO,TELMOBBF
SmartBurundi,Burundi,257.0,07,BURUNDI,SMARTBURUNDI
SmartBurundi,Burundi,257.0,75,BURUNDI,SMARTBURUNDI
UCOM Burundi,Burundi,257.0,79,BURUNDI,UCOM BURUNDI
UCOM Burundi,Burundi,257.0,82,BURUNDI,UCOM BURUNDI
UCOM Burundi,Burundi,257.0,,BURUNDI,UCOM BURUNDI
UcomBu,Burundi,257.0,71,BURUNDI,UCOMBU
UcomBu,Burundi,257.0,82,BURUNDI,UCOMBU
UcomBu,Burundi,257.0,79,BURUNDI,UCOMBU
VitelBurundi,Burundi,257.0,69,BURUNDI,VITELBURUNDI
VitelBurundi,Burundi,257.0,31,BURUNDI,VITELBURUNDI
VitelBurundi,Burundi,257.0,61,BURUNDI,VITELBURUNDI
VitelBurundi,Burundi,257.0,62,BURUNDI,VITELBURUNDI
VitelBurundi,Burundi,257.0,08,BURUNDI,VITELBURUNDI
VitelBurundi,Burundi,257.0,65,BURUNDI,VITELBURUNDI
VitelBurundi,Burundi,257.0,67,BURUNDI,VITELBURUNDI
VitelBurundi,Burundi,257.0,68,BURUNDI,VITELBURUNDI
Orange,Butswana,267.0,72,BUTSWANA,ORANGEBUTSWA
Orange,Butswana,267.0,753,BUTSWANA,ORANGEBUTSWA
Orange,Butswana,267.0,02,BUTSWANA,ORANGEBUTSWA
Orange,Butswana,267.0,750,BUTSWANA,ORANGEBUTSWA
Orange,Butswana,267.0,744,BUTSWANA,ORANGEBUTSWA
Orange,Butswana,267.0,752,BUTSWANA,ORANGEBUTSWA
Orange,Butswana,267.0,7920,BUTSWANA,ORANGEBUTSWA
Orange,Butswana,267.0,751,BUTSWANA,ORANGEBUTSWA
Orange,Butswana,267.0,,BUTSWANA,ORANGEBUTSWA
Orange,Butswana,267.0,743,BUTSWANA,ORANGEBUTSWA
CWWI,BVI,1.0,28454,BVI,CWWIBVI
CWWI,BVI,1.0,170,BVI,CWWIBVI
CWWI,BVI,1.0,,BVI,CWWIBVI
CamGSMCoLtd,Cambodia,855.0,14,CAMBODGE,CAMGSMCOLTD
CamGSMCoLtd,Cambodia,855.0,253,CAMBODGE,CAMGSMCOLTD
CamGSMCoLtd,Cambodia,855.0,345,CAMBODGE,CAMGSMCOLTD
CamGSMCoLtd,Cambodia,855.0,453,CAMBODGE,CAMGSMCOLTD
CamGSMCoLtd,Cambodia,855.0,525,CAMBODGE,CAMGSMCOLTD
CamGSMCoLtd,Cambodia,855.0,725,CAMBODGE,CAMGSMCOLTD
CamGSMCoLtd,Cambodia,855.0,535,CAMBODGE,CAMGSMCOLTD
CamGSMCoLtd,Cambodia,855.0,543,CAMBODGE,CAMGSMCOLTD
CamGSMCoLtd,Cambodia,855.0,633,CAMBODGE,CAMGSMCOLTD
CamGSMCoLtd,Cambodia,855.0,645,CAMBODGE,CAMGSMCOLTD
CamGSMCoLtd,Cambodia,855.0,723,CAMBODGE,CAMGSMCOLTD
CamGSMCoLtd,Cambodia,855.0,77,CAMBODGE,CAMGSMCOLTD
CamGSMCoLtd,Cambodia,855.0,78,CAMBODGE,CAMGSMCOLTD
CamGSMCoLtd,Cambodia,855.0,85,CAMBODGE,CAMGSMCOLTD
CamGSMCoLtd,Cambodia,855.0,245,CAMBODGE,CAMGSMCOLTD
CamGSMCoLtd,Cambodia,855.0,263,CAMBODGE,CAMGSMCOLTD
CamGSMCoLtd,Cambodia,855.0,433,CAMBODGE,CAMGSMCOLTD
CamGSMCoLtd,Cambodia,855.0,523,CAMBODGE,CAMGSMCOLTD
CamGSMCoLtd,Cambodia,855.0,533,CAMBODGE,CAMGSMCOLTD
CamGSMCoLtd,Cambodia,855.0,545,CAMBODGE,CAMGSMCOLTD
CamGSMCoLtd,Cambodia,855.0,553,CAMBODGE,CAMGSMCOLTD
CamGSMCoLtd,Cambodia,855.0,89,CAMBODGE,CAMGSMCOLTD
CamGSMCoLtd,Cambodia,855.0,95,CAMBODGE,CAMGSMCOLTD
CamGSMCoLtd,Cambodia,855.0,12,CAMBODGE,CAMGSMCOLTD
CamGSMCoLtd,Cambodia,855.0,355,CAMBODGE,CAMGSMCOLTD
CamGSMCoLtd,Cambodia,855.0,423,CAMBODGE,CAMGSMCOLTD
CamGSMCoLtd,Cambodia,855.0,435,CAMBODGE,CAMGSMCOLTD
CamGSMCoLtd,Cambodia,855.0,455,CAMBODGE,CAMGSMCOLTD
CamGSMCoLtd,Cambodia,855.0,555,CAMBODGE,CAMGSMCOLTD
CamGSMCoLtd,Cambodia,855.0,653,CAMBODGE,CAMGSMCOLTD
CamGSMCoLtd,Cambodia,855.0,323,CAMBODGE,CAMGSMCOLTD
CamGSMCoLtd,Cambodia,855.0,325,CAMBODGE,CAMGSMCOLTD
CamGSMCoLtd,Cambodia,855.0,335,CAMBODGE,CAMGSMCOLTD
CamGSMCoLtd,Cambodia,855.0,363,CAMBODGE,CAMGSMCOLTD
CamGSMCoLtd,Cambodia,855.0,623,CAMBODGE,CAMGSMCOLTD
CamGSMCoLtd,Cambodia,855.0,655,CAMBODGE,CAMGSMCOLTD
CamGSMCoLtd,Cambodia,855.0,753,CAMBODGE,CAMGSMCOLTD
CamGSMCoLtd,Cambodia,855.0,99,CAMBODGE,CAMGSMCOLTD
CamGSMCoLtd,Cambodia,855.0,17,CAMBODGE,CAMGSMCOLTD
CamGSMCoLtd,Cambodia,855.0,235,CAMBODGE,CAMGSMCOLTD
CamGSMCoLtd,Cambodia,855.0,635,CAMBODGE,CAMGSMCOLTD
CamGSMCoLtd,Cambodia,855.0,733,CAMBODGE,CAMGSMCOLTD
CamGSMCoLtd,Cambodia,855.0,735,CAMBODGE,CAMGSMCOLTD
CamGSMCoLtd,Cambodia,855.0,745,CAMBODGE,CAMGSMCOLTD
CamGSMCoLtd,Cambodia,855.0,265,CAMBODGE,CAMGSMCOLTD
CamGSMCoLtd,Cambodia,855.0,343,CAMBODGE,CAMGSMCOLTD
CamGSMCoLtd,Cambodia,855.0,365,CAMBODGE,CAMGSMCOLTD
CamGSMCoLtd,Cambodia,855.0,445,CAMBODGE,CAMGSMCOLTD
CamGSMCoLtd,Cambodia,855.0,61 ,CAMBODGE,CAMGSMCOLTD
CamGSMCoLtd,Cambodia,855.0,01,CAMBODGE,CAMGSMCOLTD
CamGSMCoLtd,Cambodia,855.0,11,CAMBODGE,CAMGSMCOLTD
CamGSMCoLtd,Cambodia,855.0,233,CAMBODGE,CAMGSMCOLTD
CamGSMCoLtd,Cambodia,855.0,243,CAMBODGE,CAMGSMCOLTD
CamGSMCoLtd,Cambodia,855.0,255,CAMBODGE,CAMGSMCOLTD
CamGSMCoLtd,Cambodia,855.0,333,CAMBODGE,CAMGSMCOLTD
CamGSMCoLtd,Cambodia,855.0,353,CAMBODGE,CAMGSMCOLTD
CamGSMCoLtd,Cambodia,855.0,425,CAMBODGE,CAMGSMCOLTD
CamGSMCoLtd,Cambodia,855.0,443,CAMBODGE,CAMGSMCOLTD
CamGSMCoLtd,Cambodia,855.0,625,CAMBODGE,CAMGSMCOLTD
CamGSMCoLtd,Cambodia,855.0,643,CAMBODGE,CAMGSMCOLTD
CamGSMCoLtd,Cambodia,855.0,743,CAMBODGE,CAMGSMCOLTD
CamGSMCoLtd,Cambodia,855.0,755,CAMBODGE,CAMGSMCOLTD
CamGSMCoLtd,Cambodia,855.0,76,CAMBODGE,CAMGSMCOLTD
CamGSMCoLtd,Cambodia,855.0,92,CAMBODGE,CAMGSMCOLTD
CAMBODIA SHI,Cambodia,855.0,11,CAMBODIA,CAMBODIA SHI
CAMBODIA SHI,Cambodia,855.0,,CAMBODIA,CAMBODIA SHI
CAMBODIA SHI,Cambodia,855.0,18,CAMBODIA,CAMBODIA SHI
SouthEastAsi,Cambodia,855.0,2348,CAMBODIA,SOUTHEASTASI
SouthEastAsi,Cambodia,855.0,11,CAMBODIA,SOUTHEASTASI
SouthEastAsi,Cambodia,855.0,18,CAMBODIA,SOUTHEASTASI
MTN,Cameroon,237.0,67,CAMEROON,MTNCAMERLTD
MTN,Cameroon,237.0,01,CAMEROON,MTNCAMERLTD
Orange,Cameroon,237.0,02,CAMEROON,ORANGE CMR
Orange,Cameroon,237.0,,CAMEROON,ORANGE CMR
Orange,Cameroon,237.0,9,CAMEROON,ORANGE CMR
MTN,Cameroon,237.0,652,CAMEROUN,MTN CAMEROUN
MTN,Cameroon,237.0,680,CAMEROUN,MTN CAMEROUN
MTN,Cameroon,237.0,01,CAMEROUN,MTN CAMEROUN
MTN,Cameroon,237.0,650,CAMEROUN,MTN CAMEROUN
MTN,Cameroon,237.0,651,CAMEROUN,MTN CAMEROUN
MTN,Cameroon,237.0,67,CAMEROUN,MTN CAMEROUN
MTN,Cameroon,237.0,654,CAMEROUN,MTN CAMEROUN
MTN,Cameroon,237.0,653,CAMEROUN,MTN CAMEROUN
BELL,Canada,1.0,438276,CANADA,BELL
BELL,Canada,1.0,4382764,CANADA,BELL
BELL,Canada,1.0,647383,CANADA,BELL
BELL,Canada,1.0,6473833,CANADA,BELL
BELL,Canada,1.0,647384,CANADA,BELL
BELL,Canada,1.0,6473845,CANADA,BELL
BELL,Canada,1.0,4034083,CANADA,BELL
BELL,Canada,1.0,4382765,CANADA,BELL
BELL,Canada,1.0,6043485,CANADA,BELL
BELL,Canada,1.0,6473844,CANADA,BELL
BELL,Canada,1.0,4382763,CANADA,BELL
BELL,Canada,1.0,6473843,CANADA,BELL
BELL,Canada,1.0,9027184,CANADA,BELL
BELL,Canada,1.0,4034084,CANADA,BELL
BELL,Canada,1.0,6043483,CANADA,BELL
BELL,Canada,1.0,610,CANADA,BELL
BELL,Canada,1.0,604348,CANADA,BELL
BELL,Canada,1.0,6473835,CANADA,BELL
BELL,Canada,1.0,,CANADA,BELL
BELL,Canada,1.0,403408,CANADA,BELL
BELL,Canada,1.0,4034085,CANADA,BELL
BELL,Canada,1.0,6043484,CANADA,BELL
BELL,Canada,1.0,902718,CANADA,BELL
BELL,Canada,1.0,9027183,CANADA,BELL
BELL,Canada,1.0,6473834,CANADA,BELL
BELL,Canada,1.0,9027185,CANADA,BELL
Eastlink,Canada,1.0,782,CANADA,EASTLINK
Eastlink,Canada,1.0,709,CANADA,EASTLINK
Eastlink,Canada,1.0,249,CANADA,EASTLINK
Eastlink,Canada,1.0,506,CANADA,EASTLINK
Eastlink,Canada,1.0,902,CANADA,EASTLINK
Eastlink,Canada,1.0,270,CANADA,EASTLINK
Fido Solutio,Canada,1.0,204,CANADA,FIDO SOLUTIO
Fido Solutio,Canada,1.0,,CANADA,FIDO SOLUTIO
Fido Solutio,Canada,1.0,370,CANADA,FIDO SOLUTIO
Rogers,Canada,1.0,514,CANADA,ROGERS
Rogers,Canada,1.0,604,CANADA,ROGERS
Rogers,Canada,1.0,778,CANADA,ROGERS
Rogers,Canada,1.0,204,CANADA,ROGERS
Rogers,Canada,1.0,250,CANADA,ROGERS
Rogers,Canada,1.0,306,CANADA,ROGERS
Rogers,Canada,1.0,519,CANADA,ROGERS
Rogers,Canada,1.0,905,CANADA,ROGERS
Rogers,Canada,1.0,438,CANADA,ROGERS
Rogers,Canada,1.0,587,CANADA,ROGERS
Rogers,Canada,1.0,705,CANADA,ROGERS
Rogers,Canada,1.0,902,CANADA,ROGERS
Rogers,Canada,1.0,226,CANADA,ROGERS
Rogers,Canada,1.0,289,CANADA,ROGERS
Rogers,Canada,1.0,506,CANADA,ROGERS
Rogers,Canada,1.0,780,CANADA,ROGERS
Rogers,Canada,1.0,807,CANADA,ROGERS
Rogers,Canada,1.0,418,CANADA,ROGERS
Rogers,Canada,1.0,709,CANADA,ROGERS
Rogers,Canada,1.0,403,CANADA,ROGERS
Rogers,Canada,1.0,867,CANADA,ROGERS
Rogers,Canada,1.0,720,CANADA,ROGERS
Rogers,Canada,1.0,581,CANADA,ROGERS
Rogers,Canada,1.0,416,CANADA,ROGERS
Rogers,Canada,1.0,450,CANADA,ROGERS
Rogers,Canada,1.0,613,CANADA,ROGERS
Rogers,Canada,1.0,647,CANADA,ROGERS
Rogers,Canada,1.0,819,CANADA,ROGERS
Rogers,Canada,1.0,,CANADA,ROGERS
Sasktel,Canada,1.0,780,CANADA,SASKTEL
Sasktel,Canada,1.0,639,CANADA,SASKTEL
Sasktel,Canada,1.0,306,CANADA,SASKTEL
Telus,Canada,1.0,438580,CANADA,TELUS
Telus,Canada,1.0,506,CANADA,TELUS
Telus,Canada,1.0,587580,CANADA,TELUS
Telus,Canada,1.0,604,CANADA,TELUS
Telus,Canada,1.0,867,CANADA,TELUS
Telus,Canada,1.0,,CANADA,TELUS
Telus,Canada,1.0,226,CANADA,TELUS
Telus,Canada,1.0,613,CANADA,TELUS
Telus,Canada,1.0,807,CANADA,TELUS
Telus,Canada,1.0,902,CANADA,TELUS
Telus,Canada,1.0,204,CANADA,TELUS
Telus,Canada,1.0,514,CANADA,TELUS
Telus,Canada,1.0,581,CANADA,TELUS
Telus,Canada,1.0,705,CANADA,TELUS
Telus,Canada,1.0,778580,CANADA,TELUS
Telus,Canada,1.0,220,CANADA,TELUS
Telus,Canada,1.0,416,CANADA,TELUS
Telus,Canada,1.0,418,CANADA,TELUS
Telus,Canada,1.0,438,CANADA,TELUS
Telus,Canada,1.0,6472137,CANADA,TELUS
Telus,Canada,1.0,647580,CANADA,TELUS
Telus,Canada,1.0,250,CANADA,TELUS
Telus,Canada,1.0,403,CANADA,TELUS
Telus,Canada,1.0,450,CANADA,TELUS
Telus,Canada,1.0,587,CANADA,TELUS
Telus,Canada,1.0,587588,CANADA,TELUS
Telus,Canada,1.0,647,CANADA,TELUS
Telus,Canada,1.0,778,CANADA,TELUS
Telus,Canada,1.0,780,CANADA,TELUS
Telus,Canada,1.0,519,CANADA,TELUS
Telus,Canada,1.0,709,CANADA,TELUS
Telus,Canada,1.0,905,CANADA,TELUS
Telus,Canada,1.0,289,CANADA,TELUS
Telus,Canada,1.0,306,CANADA,TELUS
Telus,Canada,1.0,6472138,CANADA,TELUS
Telus,Canada,1.0,6472139,CANADA,TELUS
Telus,Canada,1.0,819,CANADA,TELUS
CVMovel,Cabo Verde,238.0,97,CAP VERDE,CVMOVEL
CVMovel,Cabo Verde,238.0,95,CAP VERDE,CVMOVEL
CVMovel,Cabo Verde,238.0,99,CAP VERDE,CVMOVEL
CVMovel,Cabo Verde,238.0,58,CAP VERDE,CVMOVEL
CVMovel,Cabo Verde,238.0,59,CAP VERDE,CVMOVEL
CVMovel,Cabo Verde,238.0,01,CAP VERDE,CVMOVEL
CVMovel,Cabo Verde,238.0,98,CAP VERDE,CVMOVEL
T+ Capverde,Cabo Verde,238.0,330,CAPVERT,T+ CAPVERDE
T+ Capverde,Cabo Verde,238.0,334,CAPVERT,T+ CAPVERDE
T+ Capverde,Cabo Verde,238.0,,CAPVERT,T+ CAPVERDE
T+ Capverde,Cabo Verde,238.0,331,CAPVERT,T+ CAPVERDE
T+ Capverde,Cabo Verde,238.0,91,CAPVERT,T+ CAPVERDE
T+ Capverde,Cabo Verde,238.0,02,CAPVERT,T+ CAPVERDE
T+ Capverde,Cabo Verde,238.0,332,CAPVERT,T+ CAPVERDE
T+ Capverde,Cabo Verde,238.0,51,CAPVERT,T+ CAPVERDE
T+ Capverde,Cabo Verde,238.0,92,CAPVERT,T+ CAPVERDE
T+ Capverde,Cabo Verde,238.0,93,CAPVERT,T+ CAPVERDE
T+ Capverde,Cabo Verde,238.0,333,CAPVERT,T+ CAPVERDE
ORANGE,Caraibe,590.0,69027,CARAIBE,ORANGCARAIBE
ORANGE,Caraibe,590.0,69033,CARAIBE,ORANGCARAIBE
ORANGE,Caraibe,590.0,69047,CARAIBE,ORANGCARAIBE
ORANGE,Caraibe,590.0,69050,CARAIBE,ORANGCARAIBE
ORANGE,Caraibe,590.0,69051,CARAIBE,ORANGCARAIBE
ORANGE,Caraibe,590.0,69054,CARAIBE,ORANGCARAIBE
ORANGE,Caraibe,590.0,69062,CARAIBE,ORANGCARAIBE
ORANGE,Caraibe,590.0,69068,CARAIBE,ORANGCARAIBE
ORANGE,Caraibe,590.0,69422,CARAIBE,ORANGCARAIBE
ORANGE,Caraibe,590.0,69425,CARAIBE,ORANGCARAIBE
ORANGE,Caraibe,590.0,69621,CARAIBE,ORANGCARAIBE
ORANGE,Caraibe,590.0,69622,CARAIBE,ORANGCARAIBE
ORANGE,Caraibe,590.0,69627,CARAIBE,ORANGCARAIBE
ORANGE,Caraibe,590.0,69631,CARAIBE,ORANGCARAIBE
ORANGE,Caraibe,590.0,69639,CARAIBE,ORANGCARAIBE
ORANGE,Caraibe,590.0,69641,CARAIBE,ORANGCARAIBE
ORANGE,Caraibe,590.0,69643,CARAIBE,ORANGCARAIBE
ORANGE,Caraibe,590.0,69649,CARAIBE,ORANGCARAIBE
ORANGE,Caraibe,590.0,9628,CARAIBE,ORANGCARAIBE
ORANGE,Caraibe,590.0,01,CARAIBE,ORANGCARAIBE
ORANGE,Caraibe,590.0,69031,CARAIBE,ORANGCARAIBE
ORANGE,Caraibe,590.0,69032,CARAIBE,ORANGCARAIBE
ORANGE,Caraibe,590.0,69038,CARAIBE,ORANGCARAIBE
ORANGE,Caraibe,590.0,69052,CARAIBE,ORANGCARAIBE
ORANGE,Caraibe,590.0,69053,CARAIBE,ORANGCARAIBE
ORANGE,Caraibe,590.0,69063,CARAIBE,ORANGCARAIBE
ORANGE,Caraibe,590.0,69065,CARAIBE,ORANGCARAIBE
ORANGE,Caraibe,590.0,69420,CARAIBE,ORANGCARAIBE
ORANGE,Caraibe,590.0,69421,CARAIBE,ORANGCARAIBE
ORANGE,Caraibe,590.0,69625,CARAIBE,ORANGCARAIBE
ORANGE,Caraibe,590.0,69638,CARAIBE,ORANGCARAIBE
ORANGE,Caraibe,590.0,69640,CARAIBE,ORANGCARAIBE
ORANGE,Caraibe,590.0,69645,CARAIBE,ORANGCARAIBE
ORANGE,Caraibe,590.0,69648,CARAIBE,ORANGCARAIBE
ORANGE,Caraibe,590.0,69680,CARAIBE,ORANGCARAIBE
ORANGE,Caraibe,590.0,69683,CARAIBE,ORANGCARAIBE
ORANGE,Caraibe,590.0,,CARAIBE,ORANGCARAIBE
ORANGE,Caraibe,590.0,69026,CARAIBE,ORANGCARAIBE
ORANGE,Caraibe,590.0,69057,CARAIBE,ORANGCARAIBE
ORANGE,Caraibe,590.0,69060,CARAIBE,ORANGCARAIBE
ORANGE,Caraibe,590.0,69073,CARAIBE,ORANGCARAIBE
ORANGE,Caraibe,590.0,69620,CARAIBE,ORANGCARAIBE
ORANGE,Caraibe,590.0,69624,CARAIBE,ORANGCARAIBE
ORANGE,Caraibe,590.0,69634,CARAIBE,ORANGCARAIBE
ORANGE,Caraibe,590.0,69637,CARAIBE,ORANGCARAIBE
ORANGE,Caraibe,590.0,69644,CARAIBE,ORANGCARAIBE
ORANGE,Caraibe,590.0,69685,CARAIBE,ORANGCARAIBE
ORANGE,Caraibe,590.0,69028,CARAIBE,ORANGCARAIBE
ORANGE,Caraibe,590.0,69048,CARAIBE,ORANGCARAIBE
ORANGE,Caraibe,590.0,69075,CARAIBE,ORANGCARAIBE
ORANGE,Caraibe,590.0,69076,CARAIBE,ORANGCARAIBE
ORANGE,Caraibe,590.0,69424,CARAIBE,ORANGCARAIBE
ORANGE,Caraibe,590.0,69426,CARAIBE,ORANGCARAIBE
ORANGE,Caraibe,590.0,69427,CARAIBE,ORANGCARAIBE
ORANGE,Caraibe,590.0,69431,CARAIBE,ORANGCARAIBE
ORANGE,Caraibe,590.0,69441,CARAIBE,ORANGCARAIBE
ORANGE,Caraibe,590.0,69632,CARAIBE,ORANGCARAIBE
ORANGE,Caraibe,590.0,69684,CARAIBE,ORANGCARAIBE
ORANGE,Caraibe,590.0,636,CARAIBE,ORANGCARAIBE
ORANGE,Caraibe,590.0,69030,CARAIBE,ORANGCARAIBE
ORANGE,Caraibe,590.0,69040,CARAIBE,ORANGCARAIBE
ORANGE,Caraibe,590.0,69058,CARAIBE,ORANGCARAIBE
ORANGE,Caraibe,590.0,69423,CARAIBE,ORANGCARAIBE
ORANGE,Caraibe,590.0,69442,CARAIBE,ORANGCARAIBE
ORANGE,Caraibe,590.0,69444,CARAIBE,ORANGCARAIBE
ORANGE,Caraibe,590.0,69623,CARAIBE,ORANGCARAIBE
ORANGE,Caraibe,590.0,69633,CARAIBE,ORANGCARAIBE
ORANGE,Caraibe,590.0,69642,CARAIBE,ORANGCARAIBE
ORANGE,Caraibe,590.0,69647,CARAIBE,ORANGCARAIBE
ORANGE,Caraibe,590.0,69681,CARAIBE,ORANGCARAIBE
ORANGE,Caraibe,590.0,69686,CARAIBE,ORANGCARAIBE
ORANGE,Caraibe,590.0,69035,CARAIBE,ORANGCARAIBE
ORANGE,Caraibe,590.0,69049,CARAIBE,ORANGCARAIBE
ORANGE,Caraibe,590.0,69074,CARAIBE,ORANGCARAIBE
ORANGE,Caraibe,590.0,69428,CARAIBE,ORANGCARAIBE
ORANGE,Caraibe,590.0,69430,CARAIBE,ORANGCARAIBE
ORANGE,Caraibe,590.0,69443,CARAIBE,ORANGCARAIBE
ORANGE,Caraibe,590.0,69626,CARAIBE,ORANGCARAIBE
ORANGE,Caraibe,590.0,69630,CARAIBE,ORANGCARAIBE
ORANGE,Caraibe,590.0,69029,CARAIBE,ORANGCARAIBE
ORANGE,Caraibe,590.0,69034,CARAIBE,ORANGCARAIBE
ORANGE,Caraibe,590.0,69039,CARAIBE,ORANGCARAIBE
ORANGE,Caraibe,590.0,69056,CARAIBE,ORANGCARAIBE
ORANGE,Caraibe,590.0,69059,CARAIBE,ORANGCARAIBE
ORANGE,Caraibe,590.0,69061,CARAIBE,ORANGCARAIBE
ORANGE,Caraibe,590.0,69064,CARAIBE,ORANGCARAIBE
ORANGE,Caraibe,590.0,69629,CARAIBE,ORANGCARAIBE
ORANGE,Caraibe,590.0,69635,CARAIBE,ORANGCARAIBE
ORANGE,Caraibe,590.0,69682,CARAIBE,ORANGCARAIBE
ORANGE,Caraibe,590.0,69037,CARAIBE,ORANGCARAIBE
ORANGE,Caraibe,590.0,69041,CARAIBE,ORANGCARAIBE
ORANGE,Caraibe,590.0,69055,CARAIBE,ORANGCARAIBE
ORANGE,Caraibe,590.0,69070,CARAIBE,ORANGCARAIBE
ORANGE,Caraibe,590.0,69429,CARAIBE,ORANGCARAIBE
ORANGE,Caraibe,590.0,69438,CARAIBE,ORANGCARAIBE
ORANGE,Caraibe,590.0,69440,CARAIBE,ORANGCARAIBE
ORANGE,Caraibe,590.0,69445,CARAIBE,ORANGCARAIBE
ORANGE,Caraibe,590.0,69646,CARAIBE,ORANGCARAIBE
ORANGE,Caraibe,590.0,69699,CARAIBE,ORANGCARAIBE
ORANGE,Caraibe,590.0,9072,CARAIBE,ORANGCARAIBE
CWWI,Cayman,1.0,34599,CAYMAN,CWWICAY
CWWI,Cayman,1.0,,CAYMAN,CWWICAY
CWWI,Cayman,1.0,140,CAYMAN,CWWICAY
Orange,Central African Republic,236.0,72,CENTRAL AFRICAN REP,ORANGE CA
Orange,Central African Republic,236.0,3,CENTRAL AFRICAN REP,ORANGE CA
Orange,Central African Republic,236.0,,CENTRAL AFRICAN REP,ORANGE CA
Orange,Central African Republic,236.0,729,CENTRAL AFRICAN REP,ORANGE CAF
Orange,Central African Republic,236.0,720005,CENTRAL AFRICAN REP,ORANGE CAF
Orange,Central African Republic,236.0,,CENTRAL AFRICAN REP,ORANGE CAF
Orange,Central African Republic,236.0,03,CENTRAL AFRICAN REP,ORANGE CAF
Orange,Central African Republic,236.0,723,CENTRAL AFRICAN REP,ORANGE CAF
Orange,Central African Republic,236.0,724,CENTRAL AFRICAN REP,ORANGE CAF
Orange,Central African Republic,236.0,725,CENTRAL AFRICAN REP,ORANGE CAF
Orange,Central African Republic,236.0,722,CENTRAL AFRICAN REP,ORANGE CAF
Orange,Central African Republic,236.0,720007,CENTRAL AFRICAN REP,ORANGE CAF
Orange,Central African Republic,236.0,720008,CENTRAL AFRICAN REP,ORANGE CAF
Orange,Central African Republic,236.0,728,CENTRAL AFRICAN REP,ORANGE CAF
Orange,Central African Republic,236.0,720009,CENTRAL AFRICAN REP,ORANGE CAF
Orange,Central African Republic,236.0,72,CENTRAL AFRICAN REP,ORANGE CAF
Orange,Central African Republic,236.0,720006,CENTRAL AFRICAN REP,ORANGE CAF
Orange,Central African Republic,236.0,726,CENTRAL AFRICAN REP,ORANGE CAF
Orange,Central African Republic,236.0,727,CENTRAL AFRICAN REP,ORANGE CAF
Telecel,Central African Republic,236.0,,CENTRAL AFRICAN REP,TELECEL CA
Telecel,Central African Republic,236.0,2,CENTRAL AFRICAN REP,TELECEL CA
Telecel,Central African Republic,236.0,3,CENTRAL AFRICAN REP,TELECEL CA
Telecel,Central African Republic,236.0,75,CENTRAL AFRICAN REP,TELECELCAF
Telecel,Central African Republic,236.0,02,CENTRAL AFRICAN REP,TELECELCAF
Celtel,Chad,235.0,,CHAD,CELTEL TCHAD
Celtel,Chad,235.0,1,CHAD,CELTEL TCHAD
Celtel,Chad,235.0,6,CHAD,CELTEL TCHAD
Tigo,Chad,235.0,,CHAD,TIGO TCHAD
Tigo,Chad,235.0,03,CHAD,TIGO TCHAD
Tigo,Chad,235.0,9,CHAD,TIGO TCHAD
Claro,Chile,56.0,920,CHILE,CLARO
Claro,Chile,56.0,9866294,CHILE,CLARO
Claro,Chile,56.0,987099,CHILE,CLARO
Claro,Chile,56.0,992098,CHILE,CLARO
Claro,Chile,56.0,9866283,CHILE,CLARO
Claro,Chile,56.0,9866292,CHILE,CLARO
Claro,Chile,56.0,9866284,CHILE,CLARO
Claro,Chile,56.0,9866290,CHILE,CLARO
Claro,Chile,56.0,992099,CHILE,CLARO
Claro,Chile,56.0,974099,CHILE,CLARO
Claro,Chile,56.0,9866280,CHILE,CLARO
Claro,Chile,56.0,9866281,CHILE,CLARO
Claro,Chile,56.0,9866282,CHILE,CLARO
Claro,Chile,56.0,9866291,CHILE,CLARO
Claro,Chile,56.0,9866293,CHILE,CLARO
Claro,Chile,56.0,03,CHILE,CLARO
Entel,Chile,56.0,9622,CHILE,ENTEL
Entel,Chile,56.0,9658,CHILE,ENTEL
Entel,Chile,56.0,96765,CHILE,ENTEL
Entel,Chile,56.0,96775,CHILE,ENTEL
Entel,Chile,56.0,96778,CHILE,ENTEL
Entel,Chile,56.0,96897,CHILE,ENTEL
Entel,Chile,56.0,9710,CHILE,ENTEL
Entel,Chile,56.0,9752,CHILE,ENTEL
Entel,Chile,56.0,9818,CHILE,ENTEL
Entel,Chile,56.0,9841,CHILE,ENTEL
Entel,Chile,56.0,9845,CHILE,ENTEL
Entel,Chile,56.0,9906082,CHILE,ENTEL
Entel,Chile,56.0,9921,CHILE,ENTEL
Entel,Chile,56.0,9941,CHILE,ENTEL
Entel,Chile,56.0,99785,CHILE,ENTEL
Entel,Chile,56.0,9987,CHILE,ENTEL
Entel,Chile,56.0,99968,CHILE,ENTEL
Entel,Chile,56.0,99995,CHILE,ENTEL
Entel,Chile,56.0,99996,CHILE,ENTEL
Entel,Chile,56.0,99999,CHILE,ENTEL
Entel,Chile,56.0,956,CHILE,ENTEL
Entel,Chile,56.0,9690,CHILE,ENTEL
Entel,Chile,56.0,96918,CHILE,ENTEL
Entel,Chile,56.0,9755,CHILE,ENTEL
Entel,Chile,56.0,9757,CHILE,ENTEL
Entel,Chile,56.0,9760,CHILE,ENTEL
Entel,Chile,56.0,9780,CHILE,ENTEL
Entel,Chile,56.0,9799,CHILE,ENTEL
Entel,Chile,56.0,982,CHILE,ENTEL
Entel,Chile,56.0,9843,CHILE,ENTEL
Entel,Chile,56.0,9872,CHILE,ENTEL
Entel,Chile,56.0,9882,CHILE,ENTEL
Entel,Chile,56.0,9909,CHILE,ENTEL
Entel,Chile,56.0,991,CHILE,ENTEL
Entel,Chile,56.0,99382,CHILE,ENTEL
Entel,Chile,56.0,99485,CHILE,ENTEL
Entel,Chile,56.0,99488,CHILE,ENTEL
Entel,Chile,56.0,9977,CHILE,ENTEL
Entel,Chile,56.0,99787,CHILE,ENTEL
Entel,Chile,56.0,99789,CHILE,ENTEL
Entel,Chile,56.0,99998,CHILE,ENTEL
Entel,Chile,56.0,01,CHILE,ENTEL
Entel,Chile,56.0,9521,CHILE,ENTEL
Entel,Chile,56.0,966,CHILE,ENTEL
Entel,Chile,56.0,96769,CHILE,ENTEL
Entel,Chile,56.0,96777,CHILE,ENTEL
Entel,Chile,56.0,96787,CHILE,ENTEL
Entel,Chile,56.0,96795,CHILE,ENTEL
Entel,Chile,56.0,96878,CHILE,ENTEL
Entel,Chile,56.0,9738,CHILE,ENTEL
Entel,Chile,56.0,9751,CHILE,ENTEL
Entel,Chile,56.0,9774,CHILE,ENTEL
Entel,Chile,56.0,9787,CHILE,ENTEL
Entel,Chile,56.0,9789,CHILE,ENTEL
Entel,Chile,56.0,9795,CHILE,ENTEL
Entel,Chile,56.0,9796,CHILE,ENTEL
Entel,Chile,56.0,9798,CHILE,ENTEL
Entel,Chile,56.0,9801,CHILE,ENTEL
Entel,Chile,56.0,9813,CHILE,ENTEL
Entel,Chile,56.0,9819,CHILE,ENTEL
Entel,Chile,56.0,9840,CHILE,ENTEL
Entel,Chile,56.0,9875,CHILE,ENTEL
Entel,Chile,56.0,9906084,CHILE,ENTEL
Entel,Chile,56.0,99140,CHILE,ENTEL
Entel,Chile,56.0,9915,CHILE,ENTEL
Entel,Chile,56.0,9929,CHILE,ENTEL
Entel,Chile,56.0,9931,CHILE,ENTEL
Entel,Chile,56.0,9949,CHILE,ENTEL
Entel,Chile,56.0,9950,CHILE,ENTEL
Entel,Chile,56.0,99967,CHILE,ENTEL
Entel,Chile,56.0,9519,CHILE,ENTEL
Entel,Chile,56.0,9620,CHILE,ENTEL
Entel,Chile,56.0,9650,CHILE,ENTEL
Entel,Chile,56.0,96766,CHILE,ENTEL
Entel,Chile,56.0,9739,CHILE,ENTEL
Entel,Chile,56.0,9754,CHILE,ENTEL
Entel,Chile,56.0,9766,CHILE,ENTEL
Entel,Chile,56.0,9844,CHILE,ENTEL
Entel,Chile,56.0,9847,CHILE,ENTEL
Entel,Chile,56.0,9888,CHILE,ENTEL
Entel,Chile,56.0,99483,CHILE,ENTEL
Entel,Chile,56.0,99489,CHILE,ENTEL
Entel,Chile,56.0,9961,CHILE,ENTEL
Entel,Chile,56.0,9971,CHILE,ENTEL
Entel,Chile,56.0,9982,CHILE,ENTEL
Entel,Chile,56.0,9983,CHILE,ENTEL
Entel,Chile,56.0,9994,CHILE,ENTEL
Entel,Chile,56.0,99992,CHILE,ENTEL
Entel,Chile,56.0,99997,CHILE,ENTEL
Entel,Chile,56.0,9516,CHILE,ENTEL
Entel,Chile,56.0,9520,CHILE,ENTEL
Entel,Chile,56.0,9522,CHILE,ENTEL
Entel,Chile,56.0,9624,CHILE,ENTEL
Entel,Chile,56.0,96779,CHILE,ENTEL
Entel,Chile,56.0,96788,CHILE,ENTEL
Entel,Chile,56.0,96896,CHILE,ENTEL
Entel,Chile,56.0,96917,CHILE,ENTEL
Entel,Chile,56.0,9737,CHILE,ENTEL
Entel,Chile,56.0,9775,CHILE,ENTEL
Entel,Chile,56.0,9797,CHILE,ENTEL
Entel,Chile,56.0,9889,CHILE,ENTEL
Entel,Chile,56.0,9907,CHILE,ENTEL
Entel,Chile,56.0,99142,CHILE,ENTEL
Entel,Chile,56.0,9947,CHILE,ENTEL
Entel,Chile,56.0,99484,CHILE,ENTEL
Entel,Chile,56.0,9957,CHILE,ENTEL
Entel,Chile,56.0,99607,CHILE,ENTEL
Entel,Chile,56.0,99784,CHILE,ENTEL
Entel,Chile,56.0,99786,CHILE,ENTEL
Entel,Chile,56.0,99788,CHILE,ENTEL
Entel,Chile,56.0,9989,CHILE,ENTEL
Entel,Chile,56.0,99966,CHILE,ENTEL
Entel,Chile,56.0,99991,CHILE,ENTEL
Entel,Chile,56.0,9517,CHILE,ENTEL
Entel,Chile,56.0,9529,CHILE,ENTEL
Entel,Chile,56.0,9621,CHILE,ENTEL
Entel,Chile,56.0,96776,CHILE,ENTEL
Entel,Chile,56.0,96786,CHILE,ENTEL
Entel,Chile,56.0,96797,CHILE,ENTEL
Entel,Chile,56.0,96895,CHILE,ENTEL
Entel,Chile,56.0,96915,CHILE,ENTEL
Entel,Chile,56.0,9756,CHILE,ENTEL
Entel,Chile,56.0,9764,CHILE,ENTEL
Entel,Chile,56.0,9776,CHILE,ENTEL
Entel,Chile,56.0,9815,CHILE,ENTEL
Entel,Chile,56.0,99289,CHILE,ENTEL
Entel,Chile,56.0,9951,CHILE,ENTEL
Entel,Chile,56.0,99601,CHILE,ENTEL
Entel,Chile,56.0,996080,CHILE,ENTEL
Entel,Chile,56.0,9967,CHILE,ENTEL
Entel,Chile,56.0,9981,CHILE,ENTEL
Entel,Chile,56.0,99965,CHILE,ENTEL
Entel,Chile,56.0,99969,CHILE,ENTEL
Entel,Chile,56.0,99994,CHILE,ENTEL
Entel,Chile,56.0,9514,CHILE,ENTEL
Entel,Chile,56.0,9518,CHILE,ENTEL
Entel,Chile,56.0,9523,CHILE,ENTEL
Entel,Chile,56.0,9528,CHILE,ENTEL
Entel,Chile,56.0,9659,CHILE,ENTEL
Entel,Chile,56.0,96768,CHILE,ENTEL
Entel,Chile,56.0,96789,CHILE,ENTEL
Entel,Chile,56.0,96916,CHILE,ENTEL
Entel,Chile,56.0,9753,CHILE,ENTEL
Entel,Chile,56.0,9758,CHILE,ENTEL
Entel,Chile,56.0,9788,CHILE,ENTEL
Entel,Chile,56.0,9876,CHILE,ENTEL
Entel,Chile,56.0,9881,CHILE,ENTEL
Entel,Chile,56.0,9912,CHILE,ENTEL
Entel,Chile,56.0,99141,CHILE,ENTEL
Entel,Chile,56.0,9930,CHILE,ENTEL
Entel,Chile,56.0,9935,CHILE,ENTEL
Entel,Chile,56.0,996081,CHILE,ENTEL
Entel,Chile,56.0,9969,CHILE,ENTEL
Entel,Chile,56.0,9979,CHILE,ENTEL
Entel,Chile,56.0,9988,CHILE,ENTEL
Entel,Chile,56.0,9993,CHILE,ENTEL
Entel,Chile,56.0,9515,CHILE,ENTEL
Entel,Chile,56.0,957,CHILE,ENTEL
Entel,Chile,56.0,9651,CHILE,ENTEL
Entel,Chile,56.0,96767,CHILE,ENTEL
Entel,Chile,56.0,96785,CHILE,ENTEL
Entel,Chile,56.0,96796,CHILE,ENTEL
Entel,Chile,56.0,96798,CHILE,ENTEL
Entel,Chile,56.0,96799,CHILE,ENTEL
Entel,Chile,56.0,96879,CHILE,ENTEL
Entel,Chile,56.0,96919,CHILE,ENTEL
Entel,Chile,56.0,9765,CHILE,ENTEL
Entel,Chile,56.0,9770,CHILE,ENTEL
Entel,Chile,56.0,9842,CHILE,ENTEL
Entel,Chile,56.0,9846,CHILE,ENTEL
Entel,Chile,56.0,9873,CHILE,ENTEL
Entel,Chile,56.0,9874,CHILE,ENTEL
Entel,Chile,56.0,9883,CHILE,ENTEL
Entel,Chile,56.0,9906083,CHILE,ENTEL
Entel,Chile,56.0,9908,CHILE,ENTEL
Entel,Chile,56.0,99383,CHILE,ENTEL
Entel,Chile,56.0,99486,CHILE,ENTEL
Entel,Chile,56.0,99487,CHILE,ENTEL
Entel,Chile,56.0,9959,CHILE,ENTEL
Entel,Chile,56.0,9991,CHILE,ENTEL
Entel,Chile,56.0,99993,CHILE,ENTEL
TelfcaChile,Chile,56.0,02,CHILE,TELFCACHILE
TelfcaChile,Chile,56.0,9,CHILE,TELFCACHILE
China Mobile,China,86.0,2,CHINA,CHINA MOB 1
China Mobile,China,86.0,1340,CHINA,CHINA MOB 1
China Mobile,China,86.0,,CHINA,CHINA MOB 1
China Mobile,China,86.0,139,CHINA,CHINA MOB 2
China Mobile,China,86.0,00,CHINA,CHINA MOB 2
China Mobile,China,86.0,136,CHINA,CHINA MOB 2
China Mobile,China,86.0,137,CHINA,CHINA MOB 2
China Mobile,China,86.0,138,CHINA,CHINA MOB 2
China Mobile,China,86.0,135,CHINA,CHINA MOB 2
China Mobile,China,86.0,1344,CHINA,CHINAMOBLTD
China Mobile,China,86.0,1345,CHINA,CHINAMOBLTD
China Mobile,China,86.0,1374,CHINA,CHINAMOBLTD
China Mobile,China,86.0,148,CHINA,CHINAMOBLTD
China Mobile,China,86.0,151,CHINA,CHINAMOBLTD
China Mobile,China,86.0,1574,CHINA,CHINAMOBLTD
China Mobile,China,86.0,182,CHINA,CHINAMOBLTD
China Mobile,China,86.0,184,CHINA,CHINAMOBLTD
China Mobile,China,86.0,1340,CHINA,CHINAMOBLTD
China Mobile,China,86.0,1705,CHINA,CHINAMOBLTD
China Mobile,China,86.0,178,CHINA,CHINAMOBLTD
China Mobile,China,86.0,1343,CHINA,CHINAMOBLTD
China Mobile,China,86.0,1347,CHINA,CHINAMOBLTD
China Mobile,China,86.0,1348,CHINA,CHINAMOBLTD
China Mobile,China,86.0,137,CHINA,CHINAMOBLTD
China Mobile,China,86.0,147,CHINA,CHINAMOBLTD
China Mobile,China,86.0,150,CHINA,CHINAMOBLTD
China Mobile,China,86.0,165,CHINA,CHINAMOBLTD
China Mobile,China,86.0,00,CHINA,CHINAMOBLTD
China Mobile,China,86.0,1346,CHINA,CHINAMOBLTD
China Mobile,China,86.0,152,CHINA,CHINAMOBLTD
China Mobile,China,86.0,1341,CHINA,CHINAMOBLTD
China Mobile,China,86.0,188,CHINA,CHINAMOBLTD
China Mobile,China,86.0,138,CHINA,CHINAMOBLTD
China Mobile,China,86.0,157,CHINA,CHINAMOBLTD
China Mobile,China,86.0,159,CHINA,CHINAMOBLTD
China Mobile,China,86.0,172,CHINA,CHINAMOBLTD
China Mobile,China,86.0,198,CHINA,CHINAMOBLTD
China Mobile,China,86.0,1342,CHINA,CHINAMOBLTD
China Mobile,China,86.0,136,CHINA,CHINAMOBLTD
China Mobile,China,86.0,139,CHINA,CHINAMOBLTD
China Mobile,China,86.0,158,CHINA,CHINAMOBLTD
China Mobile,China,86.0,1703,CHINA,CHINAMOBLTD
China Mobile,China,86.0,1706,CHINA,CHINAMOBLTD
China Mobile,China,86.0,187,CHINA,CHINAMOBLTD
China Mobile,China,86.0,135,CHINA,CHINAMOBLTD
China Mobile,China,86.0,183,CHINA,CHINAMOBLTD
China Mobile,China,86.0,195,CHINA,CHINAMOBLTD
China Unicom,China,86.0,130,CHINA,CHINAUNICOM
China Unicom,China,86.0,186,CHINA,CHINAUNICOM
China Unicom,China,86.0,,CHINA,CHINAUNICOM
China Unicom,China,86.0,132,CHINA,CHINAUNICOM
China Unicom,China,86.0,156,CHINA,CHINAUNICOM
China Unicom,China,86.0,155,CHINA,CHINAUNICOM
China Unicom,China,86.0,131,CHINA,CHINAUNICOM
China Unicom,China,86.0,145,CHINA,CHINAUNICOM
China Unicom,China,86.0,01,CHINA,CHINAUNICOM
CTM Macau,China,853.0,623,CHINE,CTM MACAU
CTM Macau,China,853.0,6264,CHINE,CTM MACAU
CTM Macau,China,853.0,6266,CHINE,CTM MACAU
CTM Macau,China,853.0,6274,CHINE,CTM MACAU
CTM Macau,China,853.0,6286,CHINE,CTM MACAU
CTM Macau,China,853.0,6288,CHINE,CTM MACAU
CTM Macau,China,853.0,6327,CHINE,CTM MACAU
CTM Macau,China,853.0,6335,CHINE,CTM MACAU
CTM Macau,China,853.0,6393,CHINE,CTM MACAU
CTM Macau,China,853.0,6524,CHINE,CTM MACAU
CTM Macau,China,853.0,6528,CHINE,CTM MACAU
CTM Macau,China,853.0,6546,CHINE,CTM MACAU
CTM Macau,China,853.0,6550,CHINE,CTM MACAU
CTM Macau,China,853.0,6551,CHINE,CTM MACAU
CTM Macau,China,853.0,6589,CHINE,CTM MACAU
CTM Macau,China,853.0,6590,CHINE,CTM MACAU
CTM Macau,China,853.0,6593,CHINE,CTM MACAU
CTM Macau,China,853.0,6679,CHINE,CTM MACAU
CTM Macau,China,853.0,6883,CHINE,CTM MACAU
CTM Macau,China,853.0,01,CHINE,CTM MACAU
CTM Macau,China,853.0,6281,CHINE,CTM MACAU
CTM Macau,China,853.0,6283,CHINE,CTM MACAU
CTM Macau,China,853.0,6291,CHINE,CTM MACAU
CTM Macau,China,853.0,6309,CHINE,CTM MACAU
CTM Macau,China,853.0,6330,CHINE,CTM MACAU
CTM Macau,China,853.0,6392,CHINE,CTM MACAU
CTM Macau,China,853.0,6394,CHINE,CTM MACAU
CTM Macau,China,853.0,6396,CHINE,CTM MACAU
CTM Macau,China,853.0,6527,CHINE,CTM MACAU
CTM Macau,China,853.0,6529,CHINE,CTM MACAU
CTM Macau,China,853.0,6530,CHINE,CTM MACAU
CTM Macau,China,853.0,6539,CHINE,CTM MACAU
CTM Macau,China,853.0,6594,CHINE,CTM MACAU
CTM Macau,China,853.0,6596,CHINE,CTM MACAU
CTM Macau,China,853.0,6600,CHINE,CTM MACAU
CTM Macau,China,853.0,6653,CHINE,CTM MACAU
CTM Macau,China,853.0,6655,CHINE,CTM MACAU
CTM Macau,China,853.0,6677,CHINE,CTM MACAU
CTM Macau,China,853.0,6690,CHINE,CTM MACAU
CTM Macau,China,853.0,6692,CHINE,CTM MACAU
CTM Macau,China,853.0,6810,CHINE,CTM MACAU
CTM Macau,China,853.0,6884,CHINE,CTM MACAU
CTM Macau,China,853.0,6201,CHINE,CTM MACAU
CTM Macau,China,853.0,6204,CHINE,CTM MACAU
CTM Macau,China,853.0,6208,CHINE,CTM MACAU
CTM Macau,China,853.0,6209,CHINE,CTM MACAU
CTM Macau,China,853.0,6243,CHINE,CTM MACAU
CTM Macau,China,853.0,6290,CHINE,CTM MACAU
CTM Macau,China,853.0,6328,CHINE,CTM MACAU
CTM Macau,China,853.0,6333,CHINE,CTM MACAU
CTM Macau,China,853.0,6347,CHINE,CTM MACAU
CTM Macau,China,853.0,6349,CHINE,CTM MACAU
CTM Macau,China,853.0,6516,CHINE,CTM MACAU
CTM Macau,China,853.0,6545,CHINE,CTM MACAU
CTM Macau,China,853.0,6553,CHINE,CTM MACAU
CTM Macau,China,853.0,6586,CHINE,CTM MACAU
CTM Macau,China,853.0,6587,CHINE,CTM MACAU
CTM Macau,China,853.0,6601,CHINE,CTM MACAU
CTM Macau,China,853.0,6647,CHINE,CTM MACAU
CTM Macau,China,853.0,6650,CHINE,CTM MACAU
CTM Macau,China,853.0,6652,CHINE,CTM MACAU
CTM Macau,China,853.0,6658,CHINE,CTM MACAU
CTM Macau,China,853.0,6691,CHINE,CTM MACAU
CTM Macau,China,853.0,6814,CHINE,CTM MACAU
CTM Macau,China,853.0,6206,CHINE,CTM MACAU
CTM Macau,China,853.0,6207,CHINE,CTM MACAU
CTM Macau,China,853.0,6280,CHINE,CTM MACAU
CTM Macau,China,853.0,6302,CHINE,CTM MACAU
CTM Macau,China,853.0,6303,CHINE,CTM MACAU
CTM Macau,China,853.0,6324,CHINE,CTM MACAU
CTM Macau,China,853.0,6325,CHINE,CTM MACAU
CTM Macau,China,853.0,6329,CHINE,CTM MACAU
CTM Macau,China,853.0,6345,CHINE,CTM MACAU
CTM Macau,China,853.0,6395,CHINE,CTM MACAU
CTM Macau,China,853.0,6525,CHINE,CTM MACAU
CTM Macau,China,853.0,6536,CHINE,CTM MACAU
CTM Macau,China,853.0,6552,CHINE,CTM MACAU
CTM Macau,China,853.0,6554,CHINE,CTM MACAU
CTM Macau,China,853.0,6555,CHINE,CTM MACAU
CTM Macau,China,853.0,6612,CHINE,CTM MACAU
CTM Macau,China,853.0,6613,CHINE,CTM MACAU
CTM Macau,China,853.0,6654,CHINE,CTM MACAU
CTM Macau,China,853.0,6205,CHINE,CTM MACAU
CTM Macau,China,853.0,6252,CHINE,CTM MACAU
CTM Macau,China,853.0,6265,CHINE,CTM MACAU
CTM Macau,China,853.0,6282,CHINE,CTM MACAU
CTM Macau,China,853.0,6285,CHINE,CTM MACAU
CTM Macau,China,853.0,6289,CHINE,CTM MACAU
CTM Macau,China,853.0,6299,CHINE,CTM MACAU
CTM Macau,China,853.0,6301,CHINE,CTM MACAU
CTM Macau,China,853.0,6346,CHINE,CTM MACAU
CTM Macau,China,853.0,6515,CHINE,CTM MACAU
CTM Macau,China,853.0,6531,CHINE,CTM MACAU
CTM Macau,China,853.0,6592,CHINE,CTM MACAU
CTM Macau,China,853.0,6595,CHINE,CTM MACAU
CTM Macau,China,853.0,6597,CHINE,CTM MACAU
CTM Macau,China,853.0,6618,CHINE,CTM MACAU
CTM Macau,China,853.0,6659,CHINE,CTM MACAU
CTM Macau,China,853.0,666,CHINE,CTM MACAU
CTM Macau,China,853.0,68008,CHINE,CTM MACAU
CTM Macau,China,853.0,6811,CHINE,CTM MACAU
CTM Macau,China,853.0,6812,CHINE,CTM MACAU
CTM Macau,China,853.0,6848,CHINE,CTM MACAU
CTM Macau,China,853.0,6849,CHINE,CTM MACAU
CTM Macau,China,853.0,68989,CHINE,CTM MACAU
CTM Macau,China,853.0,6203,CHINE,CTM MACAU
CTM Macau,China,853.0,6251,CHINE,CTM MACAU
CTM Macau,China,853.0,6273,CHINE,CTM MACAU
CTM Macau,China,853.0,6287,CHINE,CTM MACAU
CTM Macau,China,853.0,6297,CHINE,CTM MACAU
CTM Macau,China,853.0,6300,CHINE,CTM MACAU
CTM Macau,China,853.0,6326,CHINE,CTM MACAU
CTM Macau,China,853.0,6334,CHINE,CTM MACAU
CTM Macau,China,853.0,6348,CHINE,CTM MACAU
CTM Macau,China,853.0,6547,CHINE,CTM MACAU
CTM Macau,China,853.0,6591,CHINE,CTM MACAU
CTM Macau,China,853.0,6619,CHINE,CTM MACAU
CTM Macau,China,853.0,6813,CHINE,CTM MACAU
CTM Macau,China,853.0,6880,CHINE,CTM MACAU
CTM Macau,China,853.0,6202,CHINE,CTM MACAU
CTM Macau,China,853.0,6242,CHINE,CTM MACAU
CTM Macau,China,853.0,6250,CHINE,CTM MACAU
CTM Macau,China,853.0,6253,CHINE,CTM MACAU
CTM Macau,China,853.0,6267,CHINE,CTM MACAU
CTM Macau,China,853.0,6284,CHINE,CTM MACAU
CTM Macau,China,853.0,6296,CHINE,CTM MACAU
CTM Macau,China,853.0,6331,CHINE,CTM MACAU
CTM Macau,China,853.0,6332,CHINE,CTM MACAU
CTM Macau,China,853.0,6517,CHINE,CTM MACAU
CTM Macau,China,853.0,6518,CHINE,CTM MACAU
CTM Macau,China,853.0,6537,CHINE,CTM MACAU
CTM Macau,China,853.0,6588,CHINE,CTM MACAU
CTM Macau,China,853.0,6675,CHINE,CTM MACAU
CTM Macau,China,853.0,668,CHINE,CTM MACAU
CTM Macau,China,853.0,6693,CHINE,CTM MACAU
CTM Macau,China,853.0,6696,CHINE,CTM MACAU
CTM Macau,China,853.0,6272,CHINE,CTM MACAU
CTM Macau,China,853.0,6275,CHINE,CTM MACAU
CTM Macau,China,853.0,6298,CHINE,CTM MACAU
CTM Macau,China,853.0,6397,CHINE,CTM MACAU
CTM Macau,China,853.0,6519,CHINE,CTM MACAU
CTM Macau,China,853.0,6526,CHINE,CTM MACAU
CTM Macau,China,853.0,6538,CHINE,CTM MACAU
CTM Macau,China,853.0,6651,CHINE,CTM MACAU
CTM Macau,China,853.0,6672,CHINE,CTM MACAU
CTM Macau,China,853.0,6698,CHINE,CTM MACAU
CTM Macau,China,853.0,6845,CHINE,CTM MACAU
CTM Macau,China,853.0,6846,CHINE,CTM MACAU
CTM Macau,China,853.0,6847,CHINE,CTM MACAU
CTM Macau,China,853.0,6881,CHINE,CTM MACAU
CTM Macau,China,853.0,6882,CHINE,CTM MACAU
Tigo,Columbia,57.0,30092,COLUMBIA,TIGOCOLUMBIA
Tigo,Columbia,57.0,3013,COLUMBIA,TIGOCOLUMBIA
Tigo,Columbia,57.0,3016,COLUMBIA,TIGOCOLUMBIA
Tigo,Columbia,57.0,3004,COLUMBIA,TIGOCOLUMBIA
Tigo,Columbia,57.0,30093,COLUMBIA,TIGOCOLUMBIA
Tigo,Columbia,57.0,3015,COLUMBIA,TIGOCOLUMBIA
Tigo,Columbia,57.0,3005,COLUMBIA,TIGOCOLUMBIA
Tigo,Columbia,57.0,3006,COLUMBIA,TIGOCOLUMBIA
Tigo,Columbia,57.0,3042,COLUMBIA,TIGOCOLUMBIA
Tigo,Columbia,57.0,3044,COLUMBIA,TIGOCOLUMBIA
Tigo,Columbia,57.0,3003,COLUMBIA,TIGOCOLUMBIA
Tigo,Columbia,57.0,3007,COLUMBIA,TIGOCOLUMBIA
Tigo,Columbia,57.0,30091,COLUMBIA,TIGOCOLUMBIA
Tigo,Columbia,57.0,3012,COLUMBIA,TIGOCOLUMBIA
Tigo,Columbia,57.0,3014,COLUMBIA,TIGOCOLUMBIA
Tigo,Columbia,57.0,3052,COLUMBIA,TIGOCOLUMBIA
Tigo,Columbia,57.0,3008,COLUMBIA,TIGOCOLUMBIA
Tigo,Columbia,57.0,3017,COLUMBIA,TIGOCOLUMBIA
Tigo,Columbia,57.0,,COLUMBIA,TIGOCOLUMBIA
Tigo,Columbia,57.0,3002,COLUMBIA,TIGOCOLUMBIA
Tigo,Columbia,57.0,3043,COLUMBIA,TIGOCOLUMBIA
Tigo,Columbia,57.0,111,COLUMBIA,TIGOCOLUMBIA
Latelz,Combodge,855.0,93,COMBODGE,LATELZ
Latelz,Combodge,855.0,06,COMBODGE,LATELZ
Latelz,Combodge,855.0,,COMBODGE,LATELZ
Latelz,Combodge,855.0,10,COMBODGE,LATELZ
Latelz,Combodge,855.0,69,COMBODGE,LATELZ
Latelz,Combodge,855.0,70,COMBODGE,LATELZ
Latzel,Combodge,855.0,10,COMBODGE,LATZEL
Latzel,Combodge,855.0,69,COMBODGE,LATZEL
Latzel,Combodge,855.0,70,COMBODGE,LATZEL
Latzel,Combodge,855.0,,COMBODGE,LATZEL
Latzel,Combodge,855.0,93,COMBODGE,LATZEL
Latzel,Combodge,855.0,06,COMBODGE,LATZEL
Smart Axiata,Combodge,855.0,93,COMBODGE,SMART AXIATA
Smart Axiata,Combodge,855.0,98,COMBODGE,SMART AXIATA
Smart Axiata,Combodge,855.0,02,COMBODGE,SMART AXIATA
Smart Axiata,Combodge,855.0,86,COMBODGE,SMART AXIATA
Smart Axiata,Combodge,855.0,87,COMBODGE,SMART AXIATA
Smart Axiata,Combodge,855.0,96,COMBODGE,SMART AXIATA
Smart Axiata,Combodge,855.0,15,COMBODGE,SMART AXIATA
Smart Axiata,Combodge,855.0,16,COMBODGE,SMART AXIATA
Smart Axiata,Combodge,855.0,81,COMBODGE,SMART AXIATA
Smart Axiata,Combodge,855.0,69,COMBODGE,SMART AXIATA
Smart Axiata,Combodge,855.0,70,COMBODGE,SMART AXIATA
Smart Axiata,Combodge,855.0,10,COMBODGE,SMART AXIATA
TelmaComores,Comores,269.0,02,COMORES,TELMACOMORES
TelmaComores,Comores,269.0,4,COMORES,TELMACOMORES
Africell,Democratic Republic Of Congo,243.0,90,CONGO RDC,AFRICELL RDC
Africell,Democratic Republic Of Congo,243.0,91,CONGO RDC,AFRICELL RDC
Airtel,Democratic Republic Of Congo,243.0,97,CONGO RDC,AIRTELRDCSA
Airtel,Democratic Republic Of Congo,243.0,99,CONGO RDC,AIRTELRDCSA
Airtel,Democratic Republic Of Congo,243.0,02,CONGO RDC,AIRTELRDCSA
Vodacom,Democratic Republic Of Congo,243.0,82,CONGO RDC,VODACOMRDC
Vodacom,Democratic Republic Of Congo,243.0,81,CONGO RDC,VODACOMRDC
Vodacom,Democratic Republic Of Congo,243.0,01,CONGO RDC,VODACOMRDC
Celtel,Democratic Republic Of Congo,243.0,2,CONGO [DRC],CELTEL CONGO
Celtel,Democratic Republic Of Congo,243.0,,CONGO [DRC],CELTEL CONGO
Celtel,Democratic Republic Of Congo,243.0,99,CONGO [DRC],CELTEL CONGO
Orange,Democratic Republic Of Congo,243.0,86,CONGO [DRC],ORANGE RDC
Orange,Democratic Republic Of Congo,243.0,84,CONGO [DRC],ORANGE RDC
Orange,Democratic Republic Of Congo,243.0,,CONGO [DRC],ORANGE RDC
Vodacom,Democratic Republic Of Congo,243.0,1,CONGO [DRC],VODACOMCONGO
Vodacom,Democratic Republic Of Congo,243.0,81,CONGO [DRC],VODACOMCONGO
Vodacom,Democratic Republic Of Congo,243.0,,CONGO [DRC],VODACOMCONGO
Airtel,Republic Of Congo,242.0,,CONGO [REPUBLIC],AIRTEL
Airtel,Republic Of Congo,242.0,01,CONGO [REPUBLIC],AIRTEL
Airtel,Republic Of Congo,242.0,05,CONGO [REPUBLIC],AIRTEL
Azur,Republic Of Congo,242.0,,CONGO [REPUBLIC],AZUR
Azur,Republic Of Congo,242.0,02,CONGO [REPUBLIC],AZUR
Azur,Republic Of Congo,242.0,01,CONGO [REPUBLIC],AZUR
Azur,Republic Of Congo,242.0,010010,CONGO [REPUBLIC],AZUR
Libertis,Republic Of Congo,242.0,,CONGO [REPUBLIC],LIBERTIS TEL
Libertis,Republic Of Congo,242.0,10,CONGO [REPUBLIC],LIBERTIS TEL
Libertis,Republic Of Congo,242.0,6,CONGO [REPUBLIC],LIBERTIS TEL
Tigo,Republic Of Congo,243.0,89,CONGO [REPUBLIC],TIGORDC
Tigo,Republic Of Congo,243.0,80,CONGO [REPUBLIC],TIGORDC
TelecomCook,Cook Islands,682.0,8,COOKISLANDS,TELECOMCOOK
TelecomCook,Cook Islands,682.0,5,COOKISLANDS,TELECOMCOOK
TelecomCook,Cook Islands,682.0,7,COOKISLANDS,TELECOMCOOK
TelecomCook,Cook Islands,682.0,01,COOKISLANDS,TELECOMCOOK
Costaricense,Costa Rica,506.0,84,COSTA RICA,COSTARICENSE
Costaricense,Costa Rica,506.0,86,COSTA RICA,COSTARICENSE
Costaricense,Costa Rica,506.0,50,COSTA RICA,COSTARICENSE
Costaricense,Costa Rica,506.0,87,COSTA RICA,COSTARICENSE
Costaricense,Costa Rica,506.0,83,COSTA RICA,COSTARICENSE
Costaricense,Costa Rica,506.0,85,COSTA RICA,COSTARICENSE
Costaricense,Costa Rica,506.0,88,COSTA RICA,COSTARICENSE
Costaricense,Costa Rica,506.0,89,COSTA RICA,COSTARICENSE
Costaricense,Costa Rica,506.0,57,COSTA RICA,COSTARICENSE
Costaricense,Costa Rica,506.0,01,COSTA RICA,COSTARICENSE
Telefonica,Costa Rica,506.0,04,COSTARICA,TELEFONICACR
Telefonica,Costa Rica,506.0,20,COSTARICA,TELEFONICACR
Telefonica,Costa Rica,506.0,60,COSTARICA,TELEFONICACR
Telefonica,Costa Rica,506.0,,COSTARICA,TELEFONICACR
Moov,Côte dIvoire,225.0,01,COTE D'IVOIRE,MOOVCOTEDIV
Moov,Côte dIvoire,225.0,02,COTE D'IVOIRE,MOOVCOTEDIV
Moov,Côte dIvoire,225.0,41,COTE D'IVOIRE,MOOVCOTEDIV
Moov,Côte dIvoire,225.0,42,COTE D'IVOIRE,MOOVCOTEDIV
Moov,Côte dIvoire,225.0,03,COTE D'IVOIRE,MOOVCOTEDIV
Moov,Côte dIvoire,225.0,40,COTE D'IVOIRE,MOOVCOTEDIV
Moov,Côte dIvoire,225.0,43,COTE D'IVOIRE,MOOVCOTEDIV
Orange,Côte dIvoire,225.0,7,COTE D'IVOIRE,ORANGE CI
Orange,Côte dIvoire,225.0,3,COTE D'IVOIRE,ORANGE CI
Orange,Côte dIvoire,225.0,,COTE D'IVOIRE,ORANGE CI
Orange,Côte dIvoire,225.0,08,COTE D'IVOIRE,ORANGE CO
Orange,Côte dIvoire,225.0,09,COTE D'IVOIRE,ORANGE CO
Orange,Côte dIvoire,225.0,49,COTE D'IVOIRE,ORANGE CO
Orange,Côte dIvoire,225.0,572,COTE D'IVOIRE,ORANGE CO
Orange,Côte dIvoire,225.0,573,COTE D'IVOIRE,ORANGE CO
Orange,Côte dIvoire,225.0,47,COTE D'IVOIRE,ORANGE CO
Orange,Côte dIvoire,225.0,03,COTE D'IVOIRE,ORANGE CO
Orange,Côte dIvoire,225.0,571,COTE D'IVOIRE,ORANGE CO
Orange,Côte dIvoire,225.0,48,COTE D'IVOIRE,ORANGE CO
Orange,Côte dIvoire,225.0,,COTE D'IVOIRE,ORANGE CO
Orange,Côte dIvoire,225.0,07,COTE D'IVOIRE,ORANGE CO
Orange,Côte dIvoire,225.0,570,COTE D'IVOIRE,ORANGE CO
Orange,Côte dIvoire,225.0,574,COTE D'IVOIRE,ORANGE CO
Orange,Côte dIvoire,225.0,575,COTE D'IVOIRE,ORANGE CO
Telecel,Côte dIvoire,225.0,5,COTE D'IVOIRE,TELECEL CI
Telecel,Côte dIvoire,225.0,,COTE D'IVOIRE,TELECEL CI
MTN,Côte dIvoire,225.0,05,COTEDIVOIRE,MTNCOTIVOIRE
T-Mobile,Croatia,385.0,979,CROATIA,T-MOBILE CR
T-Mobile,Croatia,385.0,98,CROATIA,T-MOBILE CR
T-Mobile,Croatia,385.0,977,CROATIA,T-MOBILE CR
T-Mobile,Croatia,385.0,976,CROATIA,T-MOBILE CR
T-Mobile,Croatia,385.0,99,CROATIA,T-MOBILE CR
T-Mobile,Croatia,385.0,,CROATIA,T-MOBILE CR
T-Mobile,Croatia,385.0,86,CROATIA,T-MOBILE CR
T-Mobile,Croatia,385.0,970,CROATIA,T-MOBILE CR
Tele2,Croatia,385.0,95,CROATIA,TELE2CROATIA
Tele2,Croatia,385.0,02,CROATIA,TELE2CROATIA
Tele2,Croatia,385.0,,CROATIA,TELE2CROATIA
VIP-NET,Croatia,385.0,91,CROATIA,VIP-NET
VIP-NET,Croatia,385.0,,CROATIA,VIP-NET
VIP-NET,Croatia,385.0,92,CROATIA,VIP-NET
VIP-NET,Croatia,385.0,10,CROATIA,VIP-NET
ETECSA,Cuba,53.0,5,CUBA,ETECSA
ETECSA,Cuba,53.0,01,CUBA,ETECSA
CuracaoTelec,Curaçao,599.0,7,CURAÇAO,CURACAOTELEC
CuracaoTelec,Curaçao,599.0,9,CURAÇAO,CURACAOTELEC
CuracaoTelec,Curaçao,599.0,69,CURAÇAO,CURACAOTELEC
MTN,Cyprus,357.0,96,CYPRUS,MTN CYPRUS
MTN,Cyprus,357.0,10,CYPRUS,MTN CYPRUS
Primtel,Cyprus,357.0,122,CYPRUS,PRIMTEL
Primtel,Cyprus,357.0,9570,CYPRUS,PRIMTEL
Primtel,Cyprus,357.0,,CYPRUS,PRIMTEL
Primtel,Cyprus,357.0,9561,CYPRUS,PRIMTEL
Primtel,Cyprus,357.0,959,CYPRUS,PRIMTEL
Primtel,Cyprus,357.0,951,CYPRUS,PRIMTEL
Primtel,Cyprus,357.0,9572,CYPRUS,PRIMTEL
Primtel,Cyprus,357.0,9562,CYPRUS,PRIMTEL
Primtel,Cyprus,357.0,9571,CYPRUS,PRIMTEL
Primtel,Cyprus,357.0,955,CYPRUS,PRIMTEL
Primtel,Cyprus,357.0,9560,CYPRUS,PRIMTEL
Primtel,Cyprus,357.0,20,CYPRUS,PRIMTEL
T-Mobile,Czech Republic,420.0,604,CZECH REPUBLIC,T-MOBILE CZ
T-Mobile,Czech Republic,420.0,605,CZECH REPUBLIC,T-MOBILE CZ
T-Mobile,Czech Republic,420.0,733,CZECH REPUBLIC,T-MOBILE CZ
T-Mobile,Czech Republic,420.0,93,CZECH REPUBLIC,T-MOBILE CZ
T-Mobile,Czech Republic,420.0,963,CZECH REPUBLIC,T-MOBILE CZ
T-Mobile,Czech Republic,420.0,964,CZECH REPUBLIC,T-MOBILE CZ
T-Mobile,Czech Republic,420.0,,CZECH REPUBLIC,T-MOBILE CZ
T-Mobile,Czech Republic,420.0,603,CZECH REPUBLIC,T-MOBILE CZ
T-Mobile,Czech Republic,420.0,01,CZECH REPUBLIC,T-MOBILE CZ
T-Mobile,Czech Republic,420.0,170,CZECH REPUBLIC,T-MOBILE CZ
T-Mobile,Czech Republic,420.0,73,CZECH REPUBLIC,T-MOBILE CZ
T-Mobile,Czech Republic,420.0,965,CZECH REPUBLIC,T-MOBILE CZ
Vodafone,Czech Republic,420.0,03,CZECH REPUBLIC,VODAFONECZ
Vodafone,Czech Republic,420.0,,CZECH REPUBLIC,VODAFONECZ
Vodafone,Czech Republic,420.0,608,CZECH REPUBLIC,VODAFONECZ
H3G,Denmark,45.0,3133,DENMARK,H3G D
H3G,Denmark,45.0,4272,DENMARK,H3G D
H3G,Denmark,45.0,4291,DENMARK,H3G D
H3G,Denmark,45.0,6059,DENMARK,H3G D
H3G,Denmark,45.0,311,DENMARK,H3G D
H3G,Denmark,45.0,31319,DENMARK,H3G D
H3G,Denmark,45.0,3136,DENMARK,H3G D
H3G,Denmark,45.0,4261,DENMARK,H3G D
H3G,Denmark,45.0,4273,DENMARK,H3G D
H3G,Denmark,45.0,4292,DENMARK,H3G D
H3G,Denmark,45.0,31313,DENMARK,H3G D
H3G,Denmark,45.0,31316,DENMARK,H3G D
H3G,Denmark,45.0,3137,DENMARK,H3G D
H3G,Denmark,45.0,3138,DENMARK,H3G D
H3G,Denmark,45.0,317,DENMARK,H3G D
H3G,Denmark,45.0,4265,DENMARK,H3G D
H3G,Denmark,45.0,535,DENMARK,H3G D
H3G,Denmark,45.0,537,DENMARK,H3G D
H3G,Denmark,45.0,6051,DENMARK,H3G D
H3G,Denmark,45.0,6052,DENMARK,H3G D
H3G,Denmark,45.0,6053,DENMARK,H3G D
H3G,Denmark,45.0,6058,DENMARK,H3G D
H3G,Denmark,45.0,31314,DENMARK,H3G D
H3G,Denmark,45.0,31317,DENMARK,H3G D
H3G,Denmark,45.0,31318,DENMARK,H3G D
H3G,Denmark,45.0,3135,DENMARK,H3G D
H3G,Denmark,45.0,4266,DENMARK,H3G D
H3G,Denmark,45.0,4271,DENMARK,H3G D
H3G,Denmark,45.0,5211,DENMARK,H3G D
H3G,Denmark,45.0,6056,DENMARK,H3G D
H3G,Denmark,45.0,3130,DENMARK,H3G D
H3G,Denmark,45.0,31310,DENMARK,H3G D
H3G,Denmark,45.0,315,DENMARK,H3G D
H3G,Denmark,45.0,4294,DENMARK,H3G D
H3G,Denmark,45.0,538,DENMARK,H3G D
H3G,Denmark,45.0,6054,DENMARK,H3G D
H3G,Denmark,45.0,6055,DENMARK,H3G D
H3G,Denmark,45.0,6057,DENMARK,H3G D
H3G,Denmark,45.0,31311,DENMARK,H3G D
H3G,Denmark,45.0,31315,DENMARK,H3G D
H3G,Denmark,45.0,4267,DENMARK,H3G D
H3G,Denmark,45.0,4274,DENMARK,H3G D
H3G,Denmark,45.0,4295,DENMARK,H3G D
H3G,Denmark,45.0,5212,DENMARK,H3G D
H3G,Denmark,45.0,3132,DENMARK,H3G D
H3G,Denmark,45.0,3134,DENMARK,H3G D
H3G,Denmark,45.0,314,DENMARK,H3G D
H3G,Denmark,45.0,316,DENMARK,H3G D
H3G,Denmark,45.0,4264,DENMARK,H3G D
H3G,Denmark,45.0,4268,DENMARK,H3G D
H3G,Denmark,45.0,06,DENMARK,H3G D
H3G,Denmark,45.0,312,DENMARK,H3G D
H3G,Denmark,45.0,3139,DENMARK,H3G D
H3G,Denmark,45.0,4262,DENMARK,H3G D
H3G,Denmark,45.0,4263,DENMARK,H3G D
H3G,Denmark,45.0,4269,DENMARK,H3G D
H3G,Denmark,45.0,536,DENMARK,H3G D
H3G,Denmark,45.0,,DENMARK,H3G D
Orange,Denmark,45.0,26,DENMARK,ORANGE A/S
Orange,Denmark,45.0,,DENMARK,ORANGE A/S
Orange,Denmark,45.0,30,DENMARK,ORANGE A/S
TDC Mobil,Denmark,45.0,,DENMARK,TDC MOBIL
TDC Mobil,Denmark,45.0,201,DENMARK,TDC MOBIL
TDC Mobil,Denmark,45.0,1,DENMARK,TDC MOBIL
Telenor,Denmark,45.0,337,DENMARK,TELENORDN
Telenor,Denmark,45.0,352,DENMARK,TELENORDN
Telenor,Denmark,45.0,369,DENMARK,TELENORDN
Telenor,Denmark,45.0,385,DENMARK,TELENORDN
Telenor,Denmark,45.0,397,DENMARK,TELENORDN
Telenor,Denmark,45.0,412,DENMARK,TELENORDN
Telenor,Denmark,45.0,424,DENMARK,TELENORDN
Telenor,Denmark,45.0,425,DENMARK,TELENORDN
Telenor,Denmark,45.0,4285,DENMARK,TELENORDN
Telenor,Denmark,45.0,4293,DENMARK,TELENORDN
Telenor,Denmark,45.0,448,DENMARK,TELENORDN
Telenor,Denmark,45.0,464,DENMARK,TELENORDN
Telenor,Denmark,45.0,488,DENMARK,TELENORDN
Telenor,Denmark,45.0,491,DENMARK,TELENORDN
Telenor,Denmark,45.0,494,DENMARK,TELENORDN
Telenor,Denmark,45.0,499,DENMARK,TELENORDN
Telenor,Denmark,45.0,502,DENMARK,TELENORDN
Telenor,Denmark,45.0,504,DENMARK,TELENORDN
Telenor,Denmark,45.0,5233,DENMARK,TELENORDN
Telenor,Denmark,45.0,5254,DENMARK,TELENORDN
Telenor,Denmark,45.0,551,DENMARK,TELENORDN
Telenor,Denmark,45.0,552,DENMARK,TELENORDN
Telenor,Denmark,45.0,555,DENMARK,TELENORDN
Telenor,Denmark,45.0,562,DENMARK,TELENORDN
Telenor,Denmark,45.0,587,DENMARK,TELENORDN
Telenor,Denmark,45.0,595,DENMARK,TELENORDN
Telenor,Denmark,45.0,607,DENMARK,TELENORDN
Telenor,Denmark,45.0,6091,DENMARK,TELENORDN
Telenor,Denmark,45.0,629,DENMARK,TELENORDN
Telenor,Denmark,45.0,637,DENMARK,TELENORDN
Telenor,Denmark,45.0,643,DENMARK,TELENORDN
Telenor,Denmark,45.0,644,DENMARK,TELENORDN
Telenor,Denmark,45.0,645,DENMARK,TELENORDN
Telenor,Denmark,45.0,647,DENMARK,TELENORDN
Telenor,Denmark,45.0,693,DENMARK,TELENORDN
Telenor,Denmark,45.0,698,DENMARK,TELENORDN
Telenor,Denmark,45.0,7194,DENMARK,TELENORDN
Telenor,Denmark,45.0,724,DENMARK,TELENORDN
Telenor,Denmark,45.0,743,DENMARK,TELENORDN
Telenor,Denmark,45.0,751,DENMARK,TELENORDN
Telenor,Denmark,45.0,755,DENMARK,TELENORDN
Telenor,Denmark,45.0,756,DENMARK,TELENORDN
Telenor,Denmark,45.0,757,DENMARK,TELENORDN
Telenor,Denmark,45.0,767,DENMARK,TELENORDN
Telenor,Denmark,45.0,782,DENMARK,TELENORDN
Telenor,Denmark,45.0,8130,DENMARK,TELENORDN
Telenor,Denmark,45.0,8131,DENMARK,TELENORDN
Telenor,Denmark,45.0,8134,DENMARK,TELENORDN
Telenor,Denmark,45.0,8151,DENMARK,TELENORDN
Telenor,Denmark,45.0,8152,DENMARK,TELENORDN
Telenor,Denmark,45.0,8154,DENMARK,TELENORDN
Telenor,Denmark,45.0,8180,DENMARK,TELENORDN
Telenor,Denmark,45.0,8193,DENMARK,TELENORDN
Telenor,Denmark,45.0,8194,DENMARK,TELENORDN
Telenor,Denmark,45.0,8198,DENMARK,TELENORDN
Telenor,Denmark,45.0,8199,DENMARK,TELENORDN
Telenor,Denmark,45.0,821,DENMARK,TELENORDN
Telenor,Denmark,45.0,824,DENMARK,TELENORDN
Telenor,Denmark,45.0,828,DENMARK,TELENORDN
Telenor,Denmark,45.0,871,DENMARK,TELENORDN
Telenor,Denmark,45.0,874,DENMARK,TELENORDN
Telenor,Denmark,45.0,883,DENMARK,TELENORDN
Telenor,Denmark,45.0,889,DENMARK,TELENORDN
Telenor,Denmark,45.0,9138,DENMARK,TELENORDN
Telenor,Denmark,45.0,9159,DENMARK,TELENORDN
Telenor,Denmark,45.0,968,DENMARK,TELENORDN
Telenor,Denmark,45.0,995,DENMARK,TELENORDN
Telenor,Denmark,45.0,251,DENMARK,TELENORDN
Telenor,Denmark,45.0,2599,DENMARK,TELENORDN
Telenor,Denmark,45.0,321,DENMARK,TELENORDN
Telenor,Denmark,45.0,327,DENMARK,TELENORDN
Telenor,Denmark,45.0,329,DENMARK,TELENORDN
Telenor,Denmark,45.0,335,DENMARK,TELENORDN
Telenor,Denmark,45.0,342,DENMARK,TELENORDN
Telenor,Denmark,45.0,349,DENMARK,TELENORDN
Telenor,Denmark,45.0,355,DENMARK,TELENORDN
Telenor,Denmark,45.0,358,DENMARK,TELENORDN
Telenor,Denmark,45.0,362,DENMARK,TELENORDN
Telenor,Denmark,45.0,364,DENMARK,TELENORDN
Telenor,Denmark,45.0,388,DENMARK,TELENORDN
Telenor,Denmark,45.0,3931,DENMARK,TELENORDN
Telenor,Denmark,45.0,394,DENMARK,TELENORDN
Telenor,Denmark,45.0,405,DENMARK,TELENORDN
Telenor,Denmark,45.0,407,DENMARK,TELENORDN
Telenor,Denmark,45.0,408,DENMARK,TELENORDN
Telenor,Denmark,45.0,413,DENMARK,TELENORDN
Telenor,Denmark,45.0,415,DENMARK,TELENORDN
Telenor,Denmark,45.0,4260,DENMARK,TELENORDN
Telenor,Denmark,45.0,4280,DENMARK,TELENORDN
Telenor,Denmark,45.0,4284,DENMARK,TELENORDN
Telenor,Denmark,45.0,4288,DENMARK,TELENORDN
Telenor,Denmark,45.0,4289,DENMARK,TELENORDN
Telenor,Denmark,45.0,444,DENMARK,TELENORDN
Telenor,Denmark,45.0,456,DENMARK,TELENORDN
Telenor,Denmark,45.0,467,DENMARK,TELENORDN
Telenor,Denmark,45.0,474,DENMARK,TELENORDN
Telenor,Denmark,45.0,489,DENMARK,TELENORDN
Telenor,Denmark,45.0,495,DENMARK,TELENORDN
Telenor,Denmark,45.0,498,DENMARK,TELENORDN
Telenor,Denmark,45.0,5066,DENMARK,TELENORDN
Telenor,Denmark,45.0,5068,DENMARK,TELENORDN
Telenor,Denmark,45.0,508,DENMARK,TELENORDN
Telenor,Denmark,45.0,509,DENMARK,TELENORDN
Telenor,Denmark,45.0,529,DENMARK,TELENORDN
Telenor,Denmark,45.0,5390,DENMARK,TELENORDN
Telenor,Denmark,45.0,5392,DENMARK,TELENORDN
Telenor,Denmark,45.0,542,DENMARK,TELENORDN
Telenor,Denmark,45.0,553,DENMARK,TELENORDN
Telenor,Denmark,45.0,554,DENMARK,TELENORDN
Telenor,Denmark,45.0,557,DENMARK,TELENORDN
Telenor,Denmark,45.0,559,DENMARK,TELENORDN
Telenor,Denmark,45.0,563,DENMARK,TELENORDN
Telenor,Denmark,45.0,567,DENMARK,TELENORDN
Telenor,Denmark,45.0,574,DENMARK,TELENORDN
Telenor,Denmark,45.0,577,DENMARK,TELENORDN
Telenor,Denmark,45.0,591,DENMARK,TELENORDN
Telenor,Denmark,45.0,594,DENMARK,TELENORDN
Telenor,Denmark,45.0,606,DENMARK,TELENORDN
Telenor,Denmark,45.0,6093,DENMARK,TELENORDN
Telenor,Denmark,45.0,618,DENMARK,TELENORDN
Telenor,Denmark,45.0,625,DENMARK,TELENORDN
Telenor,Denmark,45.0,646,DENMARK,TELENORDN
Telenor,Denmark,45.0,658,DENMARK,TELENORDN
Telenor,Denmark,45.0,659,DENMARK,TELENORDN
Telenor,Denmark,45.0,694,DENMARK,TELENORDN
Telenor,Denmark,45.0,702,DENMARK,TELENORDN
Telenor,Denmark,45.0,706,DENMARK,TELENORDN
Telenor,Denmark,45.0,7174,DENMARK,TELENORDN
Telenor,Denmark,45.0,7175,DENMARK,TELENORDN
Telenor,Denmark,45.0,7178,DENMARK,TELENORDN
Telenor,Denmark,45.0,734,DENMARK,TELENORDN
Telenor,Denmark,45.0,738,DENMARK,TELENORDN
Telenor,Denmark,45.0,741,DENMARK,TELENORDN
Telenor,Denmark,45.0,742,DENMARK,TELENORDN
Telenor,Denmark,45.0,746,DENMARK,TELENORDN
Telenor,Denmark,45.0,765,DENMARK,TELENORDN
Telenor,Denmark,45.0,773,DENMARK,TELENORDN
Telenor,Denmark,45.0,774,DENMARK,TELENORDN
Telenor,Denmark,45.0,783,DENMARK,TELENORDN
Telenor,Denmark,45.0,794,DENMARK,TELENORDN
Telenor,Denmark,45.0,798,DENMARK,TELENORDN
Telenor,Denmark,45.0,8135,DENMARK,TELENORDN
Telenor,Denmark,45.0,8168,DENMARK,TELENORDN
Telenor,Denmark,45.0,8181,DENMARK,TELENORDN
Telenor,Denmark,45.0,8182,DENMARK,TELENORDN
Telenor,Denmark,45.0,8184,DENMARK,TELENORDN
Telenor,Denmark,45.0,8185,DENMARK,TELENORDN
Telenor,Denmark,45.0,823,DENMARK,TELENORDN
Telenor,Denmark,45.0,861,DENMARK,TELENORDN
Telenor,Denmark,45.0,867,DENMARK,TELENORDN
Telenor,Denmark,45.0,879,DENMARK,TELENORDN
Telenor,Denmark,45.0,882,DENMARK,TELENORDN
Telenor,Denmark,45.0,899,DENMARK,TELENORDN
Telenor,Denmark,45.0,9151,DENMARK,TELENORDN
Telenor,Denmark,45.0,9198,DENMARK,TELENORDN
Telenor,Denmark,45.0,9224,DENMARK,TELENORDN
Telenor,Denmark,45.0,9229,DENMARK,TELENORDN
Telenor,Denmark,45.0,985,DENMARK,TELENORDN
Telenor,Denmark,45.0,992,DENMARK,TELENORDN
Telenor,Denmark,45.0,254,DENMARK,TELENORDN
Telenor,Denmark,45.0,257,DENMARK,TELENORDN
Telenor,Denmark,45.0,2594,DENMARK,TELENORDN
Telenor,Denmark,45.0,326,DENMARK,TELENORDN
Telenor,Denmark,45.0,331,DENMARK,TELENORDN
Telenor,Denmark,45.0,338,DENMARK,TELENORDN
Telenor,Denmark,45.0,345,DENMARK,TELENORDN
Telenor,Denmark,45.0,346,DENMARK,TELENORDN
Telenor,Denmark,45.0,354,DENMARK,TELENORDN
Telenor,Denmark,45.0,359,DENMARK,TELENORDN
Telenor,Denmark,45.0,363,DENMARK,TELENORDN
Telenor,Denmark,45.0,365,DENMARK,TELENORDN
Telenor,Denmark,45.0,398,DENMARK,TELENORDN
Telenor,Denmark,45.0,409,DENMARK,TELENORDN
Telenor,Denmark,45.0,4270,DENMARK,TELENORDN
Telenor,Denmark,45.0,441,DENMARK,TELENORDN
Telenor,Denmark,45.0,452,DENMARK,TELENORDN
Telenor,Denmark,45.0,454,DENMARK,TELENORDN
Telenor,Denmark,45.0,461,DENMARK,TELENORDN
Telenor,Denmark,45.0,462,DENMARK,TELENORDN
Telenor,Denmark,45.0,468,DENMARK,TELENORDN
Telenor,Denmark,45.0,472,DENMARK,TELENORDN
Telenor,Denmark,45.0,476,DENMARK,TELENORDN
Telenor,Denmark,45.0,481,DENMARK,TELENORDN
Telenor,Denmark,45.0,497,DENMARK,TELENORDN
Telenor,Denmark,45.0,501,DENMARK,TELENORDN
Telenor,Denmark,45.0,505,DENMARK,TELENORDN
Telenor,Denmark,45.0,528,DENMARK,TELENORDN
Telenor,Denmark,45.0,5397,DENMARK,TELENORDN
Telenor,Denmark,45.0,541,DENMARK,TELENORDN
Telenor,Denmark,45.0,565,DENMARK,TELENORDN
Telenor,Denmark,45.0,566,DENMARK,TELENORDN
Telenor,Denmark,45.0,569,DENMARK,TELENORDN
Telenor,Denmark,45.0,578,DENMARK,TELENORDN
Telenor,Denmark,45.0,579,DENMARK,TELENORDN
Telenor,Denmark,45.0,592,DENMARK,TELENORDN
Telenor,Denmark,45.0,596,DENMARK,TELENORDN
Telenor,Denmark,45.0,598,DENMARK,TELENORDN
Telenor,Denmark,45.0,608,DENMARK,TELENORDN
Telenor,Denmark,45.0,6095,DENMARK,TELENORDN
Telenor,Denmark,45.0,622,DENMARK,TELENORDN
Telenor,Denmark,45.0,632,DENMARK,TELENORDN
Telenor,Denmark,45.0,648,DENMARK,TELENORDN
Telenor,Denmark,45.0,654,DENMARK,TELENORDN
Telenor,Denmark,45.0,708,DENMARK,TELENORDN
Telenor,Denmark,45.0,709,DENMARK,TELENORDN
Telenor,Denmark,45.0,7191,DENMARK,TELENORDN
Telenor,Denmark,45.0,7195,DENMARK,TELENORDN
Telenor,Denmark,45.0,7199,DENMARK,TELENORDN
Telenor,Denmark,45.0,733,DENMARK,TELENORDN
Telenor,Denmark,45.0,736,DENMARK,TELENORDN
Telenor,Denmark,45.0,737,DENMARK,TELENORDN
Telenor,Denmark,45.0,761,DENMARK,TELENORDN
Telenor,Denmark,45.0,762,DENMARK,TELENORDN
Telenor,Denmark,45.0,785,DENMARK,TELENORDN
Telenor,Denmark,45.0,792,DENMARK,TELENORDN
Telenor,Denmark,45.0,796,DENMARK,TELENORDN
Telenor,Denmark,45.0,8150,DENMARK,TELENORDN
Telenor,Denmark,45.0,8160,DENMARK,TELENORDN
Telenor,Denmark,45.0,8164,DENMARK,TELENORDN
Telenor,Denmark,45.0,8176,DENMARK,TELENORDN
Telenor,Denmark,45.0,8179,DENMARK,TELENORDN
Telenor,Denmark,45.0,822,DENMARK,TELENORDN
Telenor,Denmark,45.0,826,DENMARK,TELENORDN
Telenor,Denmark,45.0,829,DENMARK,TELENORDN
Telenor,Denmark,45.0,864,DENMARK,TELENORDN
Telenor,Denmark,45.0,868,DENMARK,TELENORDN
Telenor,Denmark,45.0,875,DENMARK,TELENORDN
Telenor,Denmark,45.0,888,DENMARK,TELENORDN
Telenor,Denmark,45.0,893,DENMARK,TELENORDN
Telenor,Denmark,45.0,9135,DENMARK,TELENORDN
Telenor,Denmark,45.0,9188,DENMARK,TELENORDN
Telenor,Denmark,45.0,9194,DENMARK,TELENORDN
Telenor,Denmark,45.0,9197,DENMARK,TELENORDN
Telenor,Denmark,45.0,9199,DENMARK,TELENORDN
Telenor,Denmark,45.0,9226,DENMARK,TELENORDN
Telenor,Denmark,45.0,9228,DENMARK,TELENORDN
Telenor,Denmark,45.0,9292,DENMARK,TELENORDN
Telenor,Denmark,45.0,963,DENMARK,TELENORDN
Telenor,Denmark,45.0,966,DENMARK,TELENORDN
Telenor,Denmark,45.0,986,DENMARK,TELENORDN
Telenor,Denmark,45.0,989,DENMARK,TELENORDN
Telenor,Denmark,45.0,258,DENMARK,TELENORDN
Telenor,Denmark,45.0,2591,DENMARK,TELENORDN
Telenor,Denmark,45.0,319,DENMARK,TELENORDN
Telenor,Denmark,45.0,328,DENMARK,TELENORDN
Telenor,Denmark,45.0,343,DENMARK,TELENORDN
Telenor,Denmark,45.0,348,DENMARK,TELENORDN
Telenor,Denmark,45.0,368,DENMARK,TELENORDN
Telenor,Denmark,45.0,381,DENMARK,TELENORDN
Telenor,Denmark,45.0,382,DENMARK,TELENORDN
Telenor,Denmark,45.0,383,DENMARK,TELENORDN
Telenor,Denmark,45.0,384,DENMARK,TELENORDN
Telenor,Denmark,45.0,3933,DENMARK,TELENORDN
Telenor,Denmark,45.0,396,DENMARK,TELENORDN
Telenor,Denmark,45.0,411,DENMARK,TELENORDN
Telenor,Denmark,45.0,4287,DENMARK,TELENORDN
Telenor,Denmark,45.0,432,DENMARK,TELENORDN
Telenor,Denmark,45.0,434,DENMARK,TELENORDN
Telenor,Denmark,45.0,436,DENMARK,TELENORDN
Telenor,Denmark,45.0,438,DENMARK,TELENORDN
Telenor,Denmark,45.0,447,DENMARK,TELENORDN
Telenor,Denmark,45.0,458,DENMARK,TELENORDN
Telenor,Denmark,45.0,465,DENMARK,TELENORDN
Telenor,Denmark,45.0,471,DENMARK,TELENORDN
Telenor,Denmark,45.0,478,DENMARK,TELENORDN
Telenor,Denmark,45.0,487,DENMARK,TELENORDN
Telenor,Denmark,45.0,5252,DENMARK,TELENORDN
Telenor,Denmark,45.0,5255,DENMARK,TELENORDN
Telenor,Denmark,45.0,5316,DENMARK,TELENORDN
Telenor,Denmark,45.0,5317,DENMARK,TELENORDN
Telenor,Denmark,45.0,5393,DENMARK,TELENORDN
Telenor,Denmark,45.0,548,DENMARK,TELENORDN
Telenor,Denmark,45.0,572,DENMARK,TELENORDN
Telenor,Denmark,45.0,584,DENMARK,TELENORDN
Telenor,Denmark,45.0,597,DENMARK,TELENORDN
Telenor,Denmark,45.0,6050,DENMARK,TELENORDN
Telenor,Denmark,45.0,631,DENMARK,TELENORDN
Telenor,Denmark,45.0,642,DENMARK,TELENORDN
Telenor,Denmark,45.0,652,DENMARK,TELENORDN
Telenor,Denmark,45.0,656,DENMARK,TELENORDN
Telenor,Denmark,45.0,665,DENMARK,TELENORDN
Telenor,Denmark,45.0,667,DENMARK,TELENORDN
Telenor,Denmark,45.0,695,DENMARK,TELENORDN
Telenor,Denmark,45.0,701,DENMARK,TELENORDN
Telenor,Denmark,45.0,703,DENMARK,TELENORDN
Telenor,Denmark,45.0,711,DENMARK,TELENORDN
Telenor,Denmark,45.0,7173,DENMARK,TELENORDN
Telenor,Denmark,45.0,7192,DENMARK,TELENORDN
Telenor,Denmark,45.0,722,DENMARK,TELENORDN
Telenor,Denmark,45.0,763,DENMARK,TELENORDN
Telenor,Denmark,45.0,784,DENMARK,TELENORDN
Telenor,Denmark,45.0,786,DENMARK,TELENORDN
Telenor,Denmark,45.0,789,DENMARK,TELENORDN
Telenor,Denmark,45.0,793,DENMARK,TELENORDN
Telenor,Denmark,45.0,8136,DENMARK,TELENORDN
Telenor,Denmark,45.0,8156,DENMARK,TELENORDN
Telenor,Denmark,45.0,8166,DENMARK,TELENORDN
Telenor,Denmark,45.0,8167,DENMARK,TELENORDN
Telenor,Denmark,45.0,8187,DENMARK,TELENORDN
Telenor,Denmark,45.0,8197,DENMARK,TELENORDN
Telenor,Denmark,45.0,866,DENMARK,TELENORDN
Telenor,Denmark,45.0,873,DENMARK,TELENORDN
Telenor,Denmark,45.0,887,DENMARK,TELENORDN
Telenor,Denmark,45.0,9112,DENMARK,TELENORDN
Telenor,Denmark,45.0,9114,DENMARK,TELENORDN
Telenor,Denmark,45.0,9131,DENMARK,TELENORDN
Telenor,Denmark,45.0,9133,DENMARK,TELENORDN
Telenor,Denmark,45.0,9181,DENMARK,TELENORDN
Telenor,Denmark,45.0,9184,DENMARK,TELENORDN
Telenor,Denmark,45.0,9220,DENMARK,TELENORDN
Telenor,Denmark,45.0,9247,DENMARK,TELENORDN
Telenor,Denmark,45.0,9249,DENMARK,TELENORDN
Telenor,Denmark,45.0,961,DENMARK,TELENORDN
Telenor,Denmark,45.0,965,DENMARK,TELENORDN
Telenor,Denmark,45.0,987,DENMARK,TELENORDN
Telenor,Denmark,45.0,991,DENMARK,TELENORDN
Telenor,Denmark,45.0,993,DENMARK,TELENORDN
Telenor,Denmark,45.0,997,DENMARK,TELENORDN
Telenor,Denmark,45.0,998,DENMARK,TELENORDN
Telenor,Denmark,45.0,20,DENMARK,TELENORDN
Telenor,Denmark,45.0,22,DENMARK,TELENORDN
Telenor,Denmark,45.0,2598,DENMARK,TELENORDN
Telenor,Denmark,45.0,322,DENMARK,TELENORDN
Telenor,Denmark,45.0,325,DENMARK,TELENORDN
Telenor,Denmark,45.0,332,DENMARK,TELENORDN
Telenor,Denmark,45.0,333,DENMARK,TELENORDN
Telenor,Denmark,45.0,356,DENMARK,TELENORDN
Telenor,Denmark,45.0,387,DENMARK,TELENORDN
Telenor,Denmark,45.0,389,DENMARK,TELENORDN
Telenor,Denmark,45.0,406,DENMARK,TELENORDN
Telenor,Denmark,45.0,414,DENMARK,TELENORDN
Telenor,Denmark,45.0,439,DENMARK,TELENORDN
Telenor,Denmark,45.0,442,DENMARK,TELENORDN
Telenor,Denmark,45.0,443,DENMARK,TELENORDN
Telenor,Denmark,45.0,451,DENMARK,TELENORDN
Telenor,Denmark,45.0,466,DENMARK,TELENORDN
Telenor,Denmark,45.0,483,DENMARK,TELENORDN
Telenor,Denmark,45.0,5253,DENMARK,TELENORDN
Telenor,Denmark,45.0,527,DENMARK,TELENORDN
Telenor,Denmark,45.0,5314,DENMARK,TELENORDN
Telenor,Denmark,45.0,5318,DENMARK,TELENORDN
Telenor,Denmark,45.0,5394,DENMARK,TELENORDN
Telenor,Denmark,45.0,545,DENMARK,TELENORDN
Telenor,Denmark,45.0,568,DENMARK,TELENORDN
Telenor,Denmark,45.0,576,DENMARK,TELENORDN
Telenor,Denmark,45.0,583,DENMARK,TELENORDN
Telenor,Denmark,45.0,6096,DENMARK,TELENORDN
Telenor,Denmark,45.0,6097,DENMARK,TELENORDN
Telenor,Denmark,45.0,619,DENMARK,TELENORDN
Telenor,Denmark,45.0,633,DENMARK,TELENORDN
Telenor,Denmark,45.0,641,DENMARK,TELENORDN
Telenor,Denmark,45.0,653,DENMARK,TELENORDN
Telenor,Denmark,45.0,655,DENMARK,TELENORDN
Telenor,Denmark,45.0,663,DENMARK,TELENORDN
Telenor,Denmark,45.0,664,DENMARK,TELENORDN
Telenor,Denmark,45.0,666,DENMARK,TELENORDN
Telenor,Denmark,45.0,669,DENMARK,TELENORDN
Telenor,Denmark,45.0,705,DENMARK,TELENORDN
Telenor,Denmark,45.0,7190,DENMARK,TELENORDN
Telenor,Denmark,45.0,723,DENMARK,TELENORDN
Telenor,Denmark,45.0,729,DENMARK,TELENORDN
Telenor,Denmark,45.0,745,DENMARK,TELENORDN
Telenor,Denmark,45.0,749,DENMARK,TELENORDN
Telenor,Denmark,45.0,752,DENMARK,TELENORDN
Telenor,Denmark,45.0,758,DENMARK,TELENORDN
Telenor,Denmark,45.0,771,DENMARK,TELENORDN
Telenor,Denmark,45.0,772,DENMARK,TELENORDN
Telenor,Denmark,45.0,775,DENMARK,TELENORDN
Telenor,Denmark,45.0,779,DENMARK,TELENORDN
Telenor,Denmark,45.0,791,DENMARK,TELENORDN
Telenor,Denmark,45.0,797,DENMARK,TELENORDN
Telenor,Denmark,45.0,811,DENMARK,TELENORDN
Telenor,Denmark,45.0,8163,DENMARK,TELENORDN
Telenor,Denmark,45.0,8169,DENMARK,TELENORDN
Telenor,Denmark,45.0,8183,DENMARK,TELENORDN
Telenor,Denmark,45.0,8186,DENMARK,TELENORDN
Telenor,Denmark,45.0,8196,DENMARK,TELENORDN
Telenor,Denmark,45.0,827,DENMARK,TELENORDN
Telenor,Denmark,45.0,884,DENMARK,TELENORDN
Telenor,Denmark,45.0,894,DENMARK,TELENORDN
Telenor,Denmark,45.0,895,DENMARK,TELENORDN
Telenor,Denmark,45.0,9139,DENMARK,TELENORDN
Telenor,Denmark,45.0,9183,DENMARK,TELENORDN
Telenor,Denmark,45.0,9193,DENMARK,TELENORDN
Telenor,Denmark,45.0,9225,DENMARK,TELENORDN
Telenor,Denmark,45.0,925,DENMARK,TELENORDN
Telenor,Denmark,45.0,9295,DENMARK,TELENORDN
Telenor,Denmark,45.0,981,DENMARK,TELENORDN
Telenor,Denmark,45.0,994,DENMARK,TELENORDN
Telenor,Denmark,45.0,999,DENMARK,TELENORDN
Telenor,Denmark,45.0,02,DENMARK,TELENORDN
Telenor,Denmark,45.0,253,DENMARK,TELENORDN
Telenor,Denmark,45.0,255,DENMARK,TELENORDN
Telenor,Denmark,45.0,256,DENMARK,TELENORDN
Telenor,Denmark,45.0,324,DENMARK,TELENORDN
Telenor,Denmark,45.0,336,DENMARK,TELENORDN
Telenor,Denmark,45.0,357,DENMARK,TELENORDN
Telenor,Denmark,45.0,361,DENMARK,TELENORDN
Telenor,Denmark,45.0,366,DENMARK,TELENORDN
Telenor,Denmark,45.0,367,DENMARK,TELENORDN
Telenor,Denmark,45.0,392,DENMARK,TELENORDN
Telenor,Denmark,45.0,3935,DENMARK,TELENORDN
Telenor,Denmark,45.0,3936,DENMARK,TELENORDN
Telenor,Denmark,45.0,417,DENMARK,TELENORDN
Telenor,Denmark,45.0,446,DENMARK,TELENORDN
Telenor,Denmark,45.0,449,DENMARK,TELENORDN
Telenor,Denmark,45.0,459,DENMARK,TELENORDN
Telenor,Denmark,45.0,477,DENMARK,TELENORDN
Telenor,Denmark,45.0,479,DENMARK,TELENORDN
Telenor,Denmark,45.0,496,DENMARK,TELENORDN
Telenor,Denmark,45.0,503,DENMARK,TELENORDN
Telenor,Denmark,45.0,5062,DENMARK,TELENORDN
Telenor,Denmark,45.0,5222,DENMARK,TELENORDN
Telenor,Denmark,45.0,5242,DENMARK,TELENORDN
Telenor,Denmark,45.0,5256,DENMARK,TELENORDN
Telenor,Denmark,45.0,543,DENMARK,TELENORDN
Telenor,Denmark,45.0,544,DENMARK,TELENORDN
Telenor,Denmark,45.0,546,DENMARK,TELENORDN
Telenor,Denmark,45.0,547,DENMARK,TELENORDN
Telenor,Denmark,45.0,549,DENMARK,TELENORDN
Telenor,Denmark,45.0,556,DENMARK,TELENORDN
Telenor,Denmark,45.0,561,DENMARK,TELENORDN
Telenor,Denmark,45.0,571,DENMARK,TELENORDN
Telenor,Denmark,45.0,575,DENMARK,TELENORDN
Telenor,Denmark,45.0,599,DENMARK,TELENORDN
Telenor,Denmark,45.0,6090,DENMARK,TELENORDN
Telenor,Denmark,45.0,6094,DENMARK,TELENORDN
Telenor,Denmark,45.0,621,DENMARK,TELENORDN
Telenor,Denmark,45.0,626,DENMARK,TELENORDN
Telenor,Denmark,45.0,638,DENMARK,TELENORDN
Telenor,Denmark,45.0,657,DENMARK,TELENORDN
Telenor,Denmark,45.0,697,DENMARK,TELENORDN
Telenor,Denmark,45.0,7176,DENMARK,TELENORDN
Telenor,Denmark,45.0,727,DENMARK,TELENORDN
Telenor,Denmark,45.0,732,DENMARK,TELENORDN
Telenor,Denmark,45.0,748,DENMARK,TELENORDN
Telenor,Denmark,45.0,753,DENMARK,TELENORDN
Telenor,Denmark,45.0,754,DENMARK,TELENORDN
Telenor,Denmark,45.0,777,DENMARK,TELENORDN
Telenor,Denmark,45.0,788,DENMARK,TELENORDN
Telenor,Denmark,45.0,8133,DENMARK,TELENORDN
Telenor,Denmark,45.0,8155,DENMARK,TELENORDN
Telenor,Denmark,45.0,8178,DENMARK,TELENORDN
Telenor,Denmark,45.0,8190,DENMARK,TELENORDN
Telenor,Denmark,45.0,8191,DENMARK,TELENORDN
Telenor,Denmark,45.0,8195,DENMARK,TELENORDN
Telenor,Denmark,45.0,862,DENMARK,TELENORDN
Telenor,Denmark,45.0,869,DENMARK,TELENORDN
Telenor,Denmark,45.0,872,DENMARK,TELENORDN
Telenor,Denmark,45.0,885,DENMARK,TELENORDN
Telenor,Denmark,45.0,891,DENMARK,TELENORDN
Telenor,Denmark,45.0,9110,DENMARK,TELENORDN
Telenor,Denmark,45.0,9119,DENMARK,TELENORDN
Telenor,Denmark,45.0,9121,DENMARK,TELENORDN
Telenor,Denmark,45.0,9132,DENMARK,TELENORDN
Telenor,Denmark,45.0,9134,DENMARK,TELENORDN
Telenor,Denmark,45.0,9180,DENMARK,TELENORDN
Telenor,Denmark,45.0,9186,DENMARK,TELENORDN
Telenor,Denmark,45.0,9187,DENMARK,TELENORDN
Telenor,Denmark,45.0,9195,DENMARK,TELENORDN
Telenor,Denmark,45.0,9227,DENMARK,TELENORDN
Telenor,Denmark,45.0,9294,DENMARK,TELENORDN
Telenor,Denmark,45.0,964,DENMARK,TELENORDN
Telenor,Denmark,45.0,969,DENMARK,TELENORDN
Telenor,Denmark,45.0,988,DENMARK,TELENORDN
Telenor,Denmark,45.0,996,DENMARK,TELENORDN
Telenor,Denmark,45.0,2590,DENMARK,TELENORDN
Telenor,Denmark,45.0,2593,DENMARK,TELENORDN
Telenor,Denmark,45.0,323,DENMARK,TELENORDN
Telenor,Denmark,45.0,341,DENMARK,TELENORDN
Telenor,Denmark,45.0,344,DENMARK,TELENORDN
Telenor,Denmark,45.0,347,DENMARK,TELENORDN
Telenor,Denmark,45.0,351,DENMARK,TELENORDN
Telenor,Denmark,45.0,353,DENMARK,TELENORDN
Telenor,Denmark,45.0,391,DENMARK,TELENORDN
Telenor,Denmark,45.0,3934,DENMARK,TELENORDN
Telenor,Denmark,45.0,395,DENMARK,TELENORDN
Telenor,Denmark,45.0,399,DENMARK,TELENORDN
Telenor,Denmark,45.0,416,DENMARK,TELENORDN
Telenor,Denmark,45.0,419,DENMARK,TELENORDN
Telenor,Denmark,45.0,4281,DENMARK,TELENORDN
Telenor,Denmark,45.0,433,DENMARK,TELENORDN
Telenor,Denmark,45.0,435,DENMARK,TELENORDN
Telenor,Denmark,45.0,437,DENMARK,TELENORDN
Telenor,Denmark,45.0,445,DENMARK,TELENORDN
Telenor,Denmark,45.0,457,DENMARK,TELENORDN
Telenor,Denmark,45.0,469,DENMARK,TELENORDN
Telenor,Denmark,45.0,473,DENMARK,TELENORDN
Telenor,Denmark,45.0,482,DENMARK,TELENORDN
Telenor,Denmark,45.0,486,DENMARK,TELENORDN
Telenor,Denmark,45.0,493,DENMARK,TELENORDN
Telenor,Denmark,45.0,5067,DENMARK,TELENORDN
Telenor,Denmark,45.0,5210,DENMARK,TELENORDN
Telenor,Denmark,45.0,5225,DENMARK,TELENORDN
Telenor,Denmark,45.0,5251,DENMARK,TELENORDN
Telenor,Denmark,45.0,5312,DENMARK,TELENORDN
Telenor,Denmark,45.0,5315,DENMARK,TELENORDN
Telenor,Denmark,45.0,5333,DENMARK,TELENORDN
Telenor,Denmark,45.0,5391,DENMARK,TELENORDN
Telenor,Denmark,45.0,5395,DENMARK,TELENORDN
Telenor,Denmark,45.0,5399,DENMARK,TELENORDN
Telenor,Denmark,45.0,573,DENMARK,TELENORDN
Telenor,Denmark,45.0,581,DENMARK,TELENORDN
Telenor,Denmark,45.0,585,DENMARK,TELENORDN
Telenor,Denmark,45.0,586,DENMARK,TELENORDN
Telenor,Denmark,45.0,588,DENMARK,TELENORDN
Telenor,Denmark,45.0,593,DENMARK,TELENORDN
Telenor,Denmark,45.0,6092,DENMARK,TELENORDN
Telenor,Denmark,45.0,623,DENMARK,TELENORDN
Telenor,Denmark,45.0,624,DENMARK,TELENORDN
Telenor,Denmark,45.0,627,DENMARK,TELENORDN
Telenor,Denmark,45.0,628,DENMARK,TELENORDN
Telenor,Denmark,45.0,635,DENMARK,TELENORDN
Telenor,Denmark,45.0,639,DENMARK,TELENORDN
Telenor,Denmark,45.0,649,DENMARK,TELENORDN
Telenor,Denmark,45.0,651,DENMARK,TELENORDN
Telenor,Denmark,45.0,662,DENMARK,TELENORDN
Telenor,Denmark,45.0,691,DENMARK,TELENORDN
Telenor,Denmark,45.0,699,DENMARK,TELENORDN
Telenor,Denmark,45.0,704,DENMARK,TELENORDN
Telenor,Denmark,45.0,712,DENMARK,TELENORDN
Telenor,Denmark,45.0,7171,DENMARK,TELENORDN
Telenor,Denmark,45.0,731,DENMARK,TELENORDN
Telenor,Denmark,45.0,744,DENMARK,TELENORDN
Telenor,Denmark,45.0,764,DENMARK,TELENORDN
Telenor,Denmark,45.0,769,DENMARK,TELENORDN
Telenor,Denmark,45.0,799,DENMARK,TELENORDN
Telenor,Denmark,45.0,8132,DENMARK,TELENORDN
Telenor,Denmark,45.0,8153,DENMARK,TELENORDN
Telenor,Denmark,45.0,8162,DENMARK,TELENORDN
Telenor,Denmark,45.0,8165,DENMARK,TELENORDN
Telenor,Denmark,45.0,8189,DENMARK,TELENORDN
Telenor,Denmark,45.0,8192,DENMARK,TELENORDN
Telenor,Denmark,45.0,825,DENMARK,TELENORDN
Telenor,Denmark,45.0,863,DENMARK,TELENORDN
Telenor,Denmark,45.0,881,DENMARK,TELENORDN
Telenor,Denmark,45.0,886,DENMARK,TELENORDN
Telenor,Denmark,45.0,897,DENMARK,TELENORDN
Telenor,Denmark,45.0,9111,DENMARK,TELENORDN
Telenor,Denmark,45.0,9136,DENMARK,TELENORDN
Telenor,Denmark,45.0,9137,DENMARK,TELENORDN
Telenor,Denmark,45.0,9218,DENMARK,TELENORDN
Telenor,Denmark,45.0,9246,DENMARK,TELENORDN
Telenor,Denmark,45.0,9248,DENMARK,TELENORDN
Telenor,Denmark,45.0,9293,DENMARK,TELENORDN
Telenor,Denmark,45.0,935,DENMARK,TELENORDN
Telenor,Denmark,45.0,982,DENMARK,TELENORDN
Telenor,Denmark,45.0,252,DENMARK,TELENORDN
Telenor,Denmark,45.0,2592,DENMARK,TELENORDN
Telenor,Denmark,45.0,334,DENMARK,TELENORDN
Telenor,Denmark,45.0,339,DENMARK,TELENORDN
Telenor,Denmark,45.0,386,DENMARK,TELENORDN
Telenor,Denmark,45.0,3932,DENMARK,TELENORDN
Telenor,Denmark,45.0,3937,DENMARK,TELENORDN
Telenor,Denmark,45.0,3938,DENMARK,TELENORDN
Telenor,Denmark,45.0,418,DENMARK,TELENORDN
Telenor,Denmark,45.0,431,DENMARK,TELENORDN
Telenor,Denmark,45.0,453,DENMARK,TELENORDN
Telenor,Denmark,45.0,455,DENMARK,TELENORDN
Telenor,Denmark,45.0,463,DENMARK,TELENORDN
Telenor,Denmark,45.0,475,DENMARK,TELENORDN
Telenor,Denmark,45.0,484,DENMARK,TELENORDN
Telenor,Denmark,45.0,485,DENMARK,TELENORDN
Telenor,Denmark,45.0,492,DENMARK,TELENORDN
Telenor,Denmark,45.0,5065,DENMARK,TELENORDN
Telenor,Denmark,45.0,507,DENMARK,TELENORDN
Telenor,Denmark,45.0,5244,DENMARK,TELENORDN
Telenor,Denmark,45.0,5257,DENMARK,TELENORDN
Telenor,Denmark,45.0,526,DENMARK,TELENORDN
Telenor,Denmark,45.0,5310,DENMARK,TELENORDN
Telenor,Denmark,45.0,5311,DENMARK,TELENORDN
Telenor,Denmark,45.0,5313,DENMARK,TELENORDN
Telenor,Denmark,45.0,5396,DENMARK,TELENORDN
Telenor,Denmark,45.0,558,DENMARK,TELENORDN
Telenor,Denmark,45.0,564,DENMARK,TELENORDN
Telenor,Denmark,45.0,582,DENMARK,TELENORDN
Telenor,Denmark,45.0,589,DENMARK,TELENORDN
Telenor,Denmark,45.0,634,DENMARK,TELENORDN
Telenor,Denmark,45.0,636,DENMARK,TELENORDN
Telenor,Denmark,45.0,661,DENMARK,TELENORDN
Telenor,Denmark,45.0,668,DENMARK,TELENORDN
Telenor,Denmark,45.0,692,DENMARK,TELENORDN
Telenor,Denmark,45.0,696,DENMARK,TELENORDN
Telenor,Denmark,45.0,707,DENMARK,TELENORDN
Telenor,Denmark,45.0,7179,DENMARK,TELENORDN
Telenor,Denmark,45.0,7193,DENMARK,TELENORDN
Telenor,Denmark,45.0,721,DENMARK,TELENORDN
Telenor,Denmark,45.0,725,DENMARK,TELENORDN
Telenor,Denmark,45.0,726,DENMARK,TELENORDN
Telenor,Denmark,45.0,728,DENMARK,TELENORDN
Telenor,Denmark,45.0,735,DENMARK,TELENORDN
Telenor,Denmark,45.0,739,DENMARK,TELENORDN
Telenor,Denmark,45.0,747,DENMARK,TELENORDN
Telenor,Denmark,45.0,759,DENMARK,TELENORDN
Telenor,Denmark,45.0,766,DENMARK,TELENORDN
Telenor,Denmark,45.0,768,DENMARK,TELENORDN
Telenor,Denmark,45.0,776,DENMARK,TELENORDN
Telenor,Denmark,45.0,778,DENMARK,TELENORDN
Telenor,Denmark,45.0,781,DENMARK,TELENORDN
Telenor,Denmark,45.0,787,DENMARK,TELENORDN
Telenor,Denmark,45.0,795,DENMARK,TELENORDN
Telenor,Denmark,45.0,812,DENMARK,TELENORDN
Telenor,Denmark,45.0,8170,DENMARK,TELENORDN
Telenor,Denmark,45.0,865,DENMARK,TELENORDN
Telenor,Denmark,45.0,876,DENMARK,TELENORDN
Telenor,Denmark,45.0,877,DENMARK,TELENORDN
Telenor,Denmark,45.0,878,DENMARK,TELENORDN
Telenor,Denmark,45.0,892,DENMARK,TELENORDN
Telenor,Denmark,45.0,896,DENMARK,TELENORDN
Telenor,Denmark,45.0,898,DENMARK,TELENORDN
Telenor,Denmark,45.0,9150,DENMARK,TELENORDN
Telenor,Denmark,45.0,9182,DENMARK,TELENORDN
Telenor,Denmark,45.0,9185,DENMARK,TELENORDN
Telenor,Denmark,45.0,9192,DENMARK,TELENORDN
Telenor,Denmark,45.0,9196,DENMARK,TELENORDN
Telenor,Denmark,45.0,9219,DENMARK,TELENORDN
Telenor,Denmark,45.0,923,DENMARK,TELENORDN
Telenor,Denmark,45.0,9251,DENMARK,TELENORDN
Telenor,Denmark,45.0,962,DENMARK,TELENORDN
Telenor,Denmark,45.0,967,DENMARK,TELENORDN
Telenor,Denmark,45.0,983,DENMARK,TELENORDN
Telenor,Denmark,45.0,984,DENMARK,TELENORDN
TELIA DK,Denmark,45.0,2395,DENMARK,TELIA DK
TELIA DK,Denmark,45.0,,DENMARK,TELIA DK
TELIA DK,Denmark,45.0,20,DENMARK,TELIA DK
T-Mobile,Germany,49.0,171,DEUTSCHLAND,T-MOBILE GER
T-Mobile,Germany,49.0,179,DEUTSCHLAND,T-MOBILE GER
T-Mobile,Germany,49.0,151,DEUTSCHLAND,T-MOBILE GER
T-Mobile,Germany,49.0,163,DEUTSCHLAND,T-MOBILE GER
T-Mobile,Germany,49.0,170,DEUTSCHLAND,T-MOBILE GER
T-Mobile,Germany,49.0,174,DEUTSCHLAND,T-MOBILE GER
T-Mobile,Germany,49.0,175,DEUTSCHLAND,T-MOBILE GER
T-Mobile,Germany,49.0,160,DEUTSCHLAND,T-MOBILE GER
T-Mobile,Germany,49.0,162,DEUTSCHLAND,T-MOBILE GER
T-Mobile,Germany,49.0,176,DEUTSCHLAND,T-MOBILE GER
T-Mobile,Germany,49.0,173,DEUTSCHLAND,T-MOBILE GER
T-Mobile,Germany,49.0,177,DEUTSCHLAND,T-MOBILE GER
T-Mobile,Germany,49.0,01,DEUTSCHLAND,T-MOBILE GER
T-Mobile,Germany,49.0,1520,DEUTSCHLAND,T-MOBILE GER
T-Mobile,Germany,49.0,172,DEUTSCHLAND,T-MOBILE GER
T-Mobile,Germany,49.0,178,DEUTSCHLAND,T-MOBILE GER
T-Mobile,Germany,49.0,,DEUTSCHLAND,T-MOBILE GER
Djibouti Tel,Djibouti,253.0,77,DJIBOUTI,DJIBOUTI TEL
Djibouti Tel,Djibouti,253.0,01,DJIBOUTI,DJIBOUTI TEL
CWWI,Domenica,1.0,110,DOMENICA,CWWIDOM
CWWI,Domenica,1.0,76727,DOMENICA,CWWIDOM
CWWI,Domenica,1.0,,DOMENICA,CWWIDOM
DominicanTRI,Dominican Republic,1.0,809306,DOMINICAN REPUBLIC,DOMINICANTRI
DominicanTRI,Dominican Republic,1.0,809308,DOMINICAN REPUBLIC,DOMINICANTRI
DominicanTRI,Dominican Republic,1.0,809317,DOMINICAN REPUBLIC,DOMINICANTRI
DominicanTRI,Dominican Republic,1.0,809401,DOMINICAN REPUBLIC,DOMINICANTRI
DominicanTRI,Dominican Republic,1.0,809402,DOMINICAN REPUBLIC,DOMINICANTRI
DominicanTRI,Dominican Republic,1.0,809404,DOMINICAN REPUBLIC,DOMINICANTRI
DominicanTRI,Dominican Republic,1.0,809407,DOMINICAN REPUBLIC,DOMINICANTRI
DominicanTRI,Dominican Republic,1.0,809430,DOMINICAN REPUBLIC,DOMINICANTRI
DominicanTRI,Dominican Republic,1.0,809435,DOMINICAN REPUBLIC,DOMINICANTRI
DominicanTRI,Dominican Republic,1.0,809617,DOMINICAN REPUBLIC,DOMINICANTRI
DominicanTRI,Dominican Republic,1.0,829256,DOMINICAN REPUBLIC,DOMINICANTRI
DominicanTRI,Dominican Republic,1.0,829304,DOMINICAN REPUBLIC,DOMINICANTRI
DominicanTRI,Dominican Republic,1.0,829416,DOMINICAN REPUBLIC,DOMINICANTRI
DominicanTRI,Dominican Republic,1.0,829430,DOMINICAN REPUBLIC,DOMINICANTRI
DominicanTRI,Dominican Republic,1.0,829442,DOMINICAN REPUBLIC,DOMINICANTRI
DominicanTRI,Dominican Republic,1.0,829443,DOMINICAN REPUBLIC,DOMINICANTRI
DominicanTRI,Dominican Republic,1.0,829446,DOMINICAN REPUBLIC,DOMINICANTRI
DominicanTRI,Dominican Republic,1.0,829818,DOMINICAN REPUBLIC,DOMINICANTRI
DominicanTRI,Dominican Republic,1.0,829996,DOMINICAN REPUBLIC,DOMINICANTRI
DominicanTRI,Dominican Republic,1.0,849217,DOMINICAN REPUBLIC,DOMINICANTRI
DominicanTRI,Dominican Republic,1.0,849225,DOMINICAN REPUBLIC,DOMINICANTRI
DominicanTRI,Dominican Republic,1.0,849228,DOMINICAN REPUBLIC,DOMINICANTRI
DominicanTRI,Dominican Republic,1.0,849229,DOMINICAN REPUBLIC,DOMINICANTRI
DominicanTRI,Dominican Republic,1.0,849242,DOMINICAN REPUBLIC,DOMINICANTRI
DominicanTRI,Dominican Republic,1.0,849289,DOMINICAN REPUBLIC,DOMINICANTRI
DominicanTRI,Dominican Republic,1.0,849295,DOMINICAN REPUBLIC,DOMINICANTRI
DominicanTRI,Dominican Republic,1.0,849322,DOMINICAN REPUBLIC,DOMINICANTRI
DominicanTRI,Dominican Republic,1.0,849327,DOMINICAN REPUBLIC,DOMINICANTRI
DominicanTRI,Dominican Republic,1.0,849329,DOMINICAN REPUBLIC,DOMINICANTRI
DominicanTRI,Dominican Republic,1.0,849739,DOMINICAN REPUBLIC,DOMINICANTRI
DominicanTRI,Dominican Republic,1.0,809218,DOMINICAN REPUBLIC,DOMINICANTRI
DominicanTRI,Dominican Republic,1.0,809318,DOMINICAN REPUBLIC,DOMINICANTRI
DominicanTRI,Dominican Republic,1.0,809417,DOMINICAN REPUBLIC,DOMINICANTRI
DominicanTRI,Dominican Republic,1.0,809420,DOMINICAN REPUBLIC,DOMINICANTRI
DominicanTRI,Dominican Republic,1.0,809423,DOMINICAN REPUBLIC,DOMINICANTRI
DominicanTRI,Dominican Republic,1.0,809432,DOMINICAN REPUBLIC,DOMINICANTRI
DominicanTRI,Dominican Republic,1.0,809436,DOMINICAN REPUBLIC,DOMINICANTRI
DominicanTRI,Dominican Republic,1.0,809439,DOMINICAN REPUBLIC,DOMINICANTRI
DominicanTRI,Dominican Republic,1.0,809443,DOMINICAN REPUBLIC,DOMINICANTRI
DominicanTRI,Dominican Republic,1.0,809445,DOMINICAN REPUBLIC,DOMINICANTRI
DominicanTRI,Dominican Republic,1.0,809449,DOMINICAN REPUBLIC,DOMINICANTRI
DominicanTRI,Dominican Republic,1.0,809818,DOMINICAN REPUBLIC,DOMINICANTRI
DominicanTRI,Dominican Republic,1.0,829402,DOMINICAN REPUBLIC,DOMINICANTRI
DominicanTRI,Dominican Republic,1.0,829405,DOMINICAN REPUBLIC,DOMINICANTRI
DominicanTRI,Dominican Republic,1.0,829408,DOMINICAN REPUBLIC,DOMINICANTRI
DominicanTRI,Dominican Republic,1.0,829413,DOMINICAN REPUBLIC,DOMINICANTRI
DominicanTRI,Dominican Republic,1.0,829444,DOMINICAN REPUBLIC,DOMINICANTRI
DominicanTRI,Dominican Republic,1.0,829503,DOMINICAN REPUBLIC,DOMINICANTRI
DominicanTRI,Dominican Republic,1.0,849215,DOMINICAN REPUBLIC,DOMINICANTRI
DominicanTRI,Dominican Republic,1.0,849226,DOMINICAN REPUBLIC,DOMINICANTRI
DominicanTRI,Dominican Republic,1.0,849230,DOMINICAN REPUBLIC,DOMINICANTRI
DominicanTRI,Dominican Republic,1.0,849231,DOMINICAN REPUBLIC,DOMINICANTRI
DominicanTRI,Dominican Republic,1.0,849235,DOMINICAN REPUBLIC,DOMINICANTRI
DominicanTRI,Dominican Republic,1.0,849239,DOMINICAN REPUBLIC,DOMINICANTRI
DominicanTRI,Dominican Republic,1.0,849240,DOMINICAN REPUBLIC,DOMINICANTRI
DominicanTRI,Dominican Republic,1.0,849297,DOMINICAN REPUBLIC,DOMINICANTRI
DominicanTRI,Dominican Republic,1.0,849317,DOMINICAN REPUBLIC,DOMINICANTRI
DominicanTRI,Dominican Republic,1.0,849319,DOMINICAN REPUBLIC,DOMINICANTRI
DominicanTRI,Dominican Republic,1.0,849320,DOMINICAN REPUBLIC,DOMINICANTRI
DominicanTRI,Dominican Republic,1.0,849324,DOMINICAN REPUBLIC,DOMINICANTRI
DominicanTRI,Dominican Republic,1.0,849334,DOMINICAN REPUBLIC,DOMINICANTRI
DominicanTRI,Dominican Republic,1.0,849874,DOMINICAN REPUBLIC,DOMINICANTRI
DominicanTRI,Dominican Republic,1.0,04,DOMINICAN REPUBLIC,DOMINICANTRI
DominicanTRI,Dominican Republic,1.0,809303,DOMINICAN REPUBLIC,DOMINICANTRI
DominicanTRI,Dominican Republic,1.0,809431,DOMINICAN REPUBLIC,DOMINICANTRI
DominicanTRI,Dominican Republic,1.0,809433,DOMINICAN REPUBLIC,DOMINICANTRI
DominicanTRI,Dominican Republic,1.0,809447,DOMINICAN REPUBLIC,DOMINICANTRI
DominicanTRI,Dominican Republic,1.0,809448,DOMINICAN REPUBLIC,DOMINICANTRI
DominicanTRI,Dominican Republic,1.0,809716,DOMINICAN REPUBLIC,DOMINICANTRI
DominicanTRI,Dominican Republic,1.0,829403,DOMINICAN REPUBLIC,DOMINICANTRI
DominicanTRI,Dominican Republic,1.0,829412,DOMINICAN REPUBLIC,DOMINICANTRI
DominicanTRI,Dominican Republic,1.0,829995,DOMINICAN REPUBLIC,DOMINICANTRI
DominicanTRI,Dominican Republic,1.0,849213,DOMINICAN REPUBLIC,DOMINICANTRI
DominicanTRI,Dominican Republic,1.0,849216,DOMINICAN REPUBLIC,DOMINICANTRI
DominicanTRI,Dominican Republic,1.0,849224,DOMINICAN REPUBLIC,DOMINICANTRI
DominicanTRI,Dominican Republic,1.0,849241,DOMINICAN REPUBLIC,DOMINICANTRI
DominicanTRI,Dominican Republic,1.0,849288,DOMINICAN REPUBLIC,DOMINICANTRI
DominicanTRI,Dominican Republic,1.0,849318,DOMINICAN REPUBLIC,DOMINICANTRI
DominicanTRI,Dominican Republic,1.0,849326,DOMINICAN REPUBLIC,DOMINICANTRI
DominicanTRI,Dominican Republic,1.0,849332,DOMINICAN REPUBLIC,DOMINICANTRI
DominicanTRI,Dominican Republic,1.0,849437,DOMINICAN REPUBLIC,DOMINICANTRI
DominicanTRI,Dominican Republic,1.0,849484,DOMINICAN REPUBLIC,DOMINICANTRI
DominicanTRI,Dominican Republic,1.0,849587,DOMINICAN REPUBLIC,DOMINICANTRI
DominicanTRI,Dominican Republic,1.0,849711,DOMINICAN REPUBLIC,DOMINICANTRI
DominicanTRI,Dominican Republic,1.0,809219,DOMINICAN REPUBLIC,DOMINICANTRI
DominicanTRI,Dominican Republic,1.0,809302,DOMINICAN REPUBLIC,DOMINICANTRI
DominicanTRI,Dominican Republic,1.0,809315,DOMINICAN REPUBLIC,DOMINICANTRI
DominicanTRI,Dominican Republic,1.0,809316,DOMINICAN REPUBLIC,DOMINICANTRI
DominicanTRI,Dominican Republic,1.0,809319,DOMINICAN REPUBLIC,DOMINICANTRI
DominicanTRI,Dominican Republic,1.0,809409,DOMINICAN REPUBLIC,DOMINICANTRI
DominicanTRI,Dominican Republic,1.0,809413,DOMINICAN REPUBLIC,DOMINICANTRI
DominicanTRI,Dominican Republic,1.0,809419,DOMINICAN REPUBLIC,DOMINICANTRI
DominicanTRI,Dominican Republic,1.0,809437,DOMINICAN REPUBLIC,DOMINICANTRI
DominicanTRI,Dominican Republic,1.0,809440,DOMINICAN REPUBLIC,DOMINICANTRI
DominicanTRI,Dominican Republic,1.0,809446,DOMINICAN REPUBLIC,DOMINICANTRI
DominicanTRI,Dominican Republic,1.0,809450,DOMINICAN REPUBLIC,DOMINICANTRI
DominicanTRI,Dominican Republic,1.0,809614,DOMINICAN REPUBLIC,DOMINICANTRI
DominicanTRI,Dominican Republic,1.0,809619,DOMINICAN REPUBLIC,DOMINICANTRI
DominicanTRI,Dominican Republic,1.0,809717,DOMINICAN REPUBLIC,DOMINICANTRI
DominicanTRI,Dominican Republic,1.0,809718,DOMINICAN REPUBLIC,DOMINICANTRI
DominicanTRI,Dominican Republic,1.0,829253,DOMINICAN REPUBLIC,DOMINICANTRI
DominicanTRI,Dominican Republic,1.0,829254,DOMINICAN REPUBLIC,DOMINICANTRI
DominicanTRI,Dominican Republic,1.0,829307,DOMINICAN REPUBLIC,DOMINICANTRI
DominicanTRI,Dominican Republic,1.0,829409,DOMINICAN REPUBLIC,DOMINICANTRI
DominicanTRI,Dominican Republic,1.0,829415,DOMINICAN REPUBLIC,DOMINICANTRI
DominicanTRI,Dominican Republic,1.0,829445,DOMINICAN REPUBLIC,DOMINICANTRI
DominicanTRI,Dominican Republic,1.0,829530,DOMINICAN REPUBLIC,DOMINICANTRI
DominicanTRI,Dominican Republic,1.0,829777,DOMINICAN REPUBLIC,DOMINICANTRI
DominicanTRI,Dominican Republic,1.0,849233,DOMINICAN REPUBLIC,DOMINICANTRI
DominicanTRI,Dominican Republic,1.0,849291,DOMINICAN REPUBLIC,DOMINICANTRI
DominicanTRI,Dominican Republic,1.0,849296,DOMINICAN REPUBLIC,DOMINICANTRI
DominicanTRI,Dominican Republic,1.0,849305,DOMINICAN REPUBLIC,DOMINICANTRI
DominicanTRI,Dominican Republic,1.0,849323,DOMINICAN REPUBLIC,DOMINICANTRI
DominicanTRI,Dominican Republic,1.0,849325,DOMINICAN REPUBLIC,DOMINICANTRI
DominicanTRI,Dominican Republic,1.0,849416,DOMINICAN REPUBLIC,DOMINICANTRI
DominicanTRI,Dominican Republic,1.0,849542,DOMINICAN REPUBLIC,DOMINICANTRI
DominicanTRI,Dominican Republic,1.0,849573,DOMINICAN REPUBLIC,DOMINICANTRI
DominicanTRI,Dominican Republic,1.0,809217,DOMINICAN REPUBLIC,DOMINICANTRI
DominicanTRI,Dominican Republic,1.0,809307,DOMINICAN REPUBLIC,DOMINICANTRI
DominicanTRI,Dominican Republic,1.0,809309,DOMINICAN REPUBLIC,DOMINICANTRI
DominicanTRI,Dominican Republic,1.0,809438,DOMINICAN REPUBLIC,DOMINICANTRI
DominicanTRI,Dominican Republic,1.0,809442,DOMINICAN REPUBLIC,DOMINICANTRI
DominicanTRI,Dominican Republic,1.0,809503,DOMINICAN REPUBLIC,DOMINICANTRI
DominicanTRI,Dominican Republic,1.0,809719,DOMINICAN REPUBLIC,DOMINICANTRI
DominicanTRI,Dominican Republic,1.0,829215,DOMINICAN REPUBLIC,DOMINICANTRI
DominicanTRI,Dominican Republic,1.0,829306,DOMINICAN REPUBLIC,DOMINICANTRI
DominicanTRI,Dominican Republic,1.0,829309,DOMINICAN REPUBLIC,DOMINICANTRI
DominicanTRI,Dominican Republic,1.0,829417,DOMINICAN REPUBLIC,DOMINICANTRI
DominicanTRI,Dominican Republic,1.0,829435,DOMINICAN REPUBLIC,DOMINICANTRI
DominicanTRI,Dominican Republic,1.0,849234,DOMINICAN REPUBLIC,DOMINICANTRI
DominicanTRI,Dominican Republic,1.0,849292,DOMINICAN REPUBLIC,DOMINICANTRI
DominicanTRI,Dominican Republic,1.0,849328,DOMINICAN REPUBLIC,DOMINICANTRI
DominicanTRI,Dominican Republic,1.0,809215,DOMINICAN REPUBLIC,DOMINICANTRI
DominicanTRI,Dominican Republic,1.0,809304,DOMINICAN REPUBLIC,DOMINICANTRI
DominicanTRI,Dominican Republic,1.0,809421,DOMINICAN REPUBLIC,DOMINICANTRI
DominicanTRI,Dominican Republic,1.0,809434,DOMINICAN REPUBLIC,DOMINICANTRI
DominicanTRI,Dominican Republic,1.0,809997,DOMINICAN REPUBLIC,DOMINICANTRI
DominicanTRI,Dominican Republic,1.0,809998,DOMINICAN REPUBLIC,DOMINICANTRI
DominicanTRI,Dominican Republic,1.0,829303,DOMINICAN REPUBLIC,DOMINICANTRI
DominicanTRI,Dominican Republic,1.0,829407,DOMINICAN REPUBLIC,DOMINICANTRI
DominicanTRI,Dominican Republic,1.0,829422,DOMINICAN REPUBLIC,DOMINICANTRI
DominicanTRI,Dominican Republic,1.0,829441,DOMINICAN REPUBLIC,DOMINICANTRI
DominicanTRI,Dominican Republic,1.0,829449,DOMINICAN REPUBLIC,DOMINICANTRI
DominicanTRI,Dominican Republic,1.0,829997,DOMINICAN REPUBLIC,DOMINICANTRI
DominicanTRI,Dominican Republic,1.0,829998,DOMINICAN REPUBLIC,DOMINICANTRI
DominicanTRI,Dominican Republic,1.0,849290,DOMINICAN REPUBLIC,DOMINICANTRI
DominicanTRI,Dominican Republic,1.0,849293,DOMINICAN REPUBLIC,DOMINICANTRI
DominicanTRI,Dominican Republic,1.0,849294,DOMINICAN REPUBLIC,DOMINICANTRI
DominicanTRI,Dominican Republic,1.0,849590,DOMINICAN REPUBLIC,DOMINICANTRI
DominicanTRI,Dominican Republic,1.0,849727,DOMINICAN REPUBLIC,DOMINICANTRI
DominicanTRI,Dominican Republic,1.0,849828,DOMINICAN REPUBLIC,DOMINICANTRI
DominicanTRI,Dominican Republic,1.0,809405,DOMINICAN REPUBLIC,DOMINICANTRI
DominicanTRI,Dominican Republic,1.0,809415,DOMINICAN REPUBLIC,DOMINICANTRI
DominicanTRI,Dominican Republic,1.0,809422,DOMINICAN REPUBLIC,DOMINICANTRI
DominicanTRI,Dominican Republic,1.0,809441,DOMINICAN REPUBLIC,DOMINICANTRI
DominicanTRI,Dominican Republic,1.0,809444,DOMINICAN REPUBLIC,DOMINICANTRI
DominicanTRI,Dominican Republic,1.0,809709,DOMINICAN REPUBLIC,DOMINICANTRI
DominicanTRI,Dominican Republic,1.0,809777,DOMINICAN REPUBLIC,DOMINICANTRI
DominicanTRI,Dominican Republic,1.0,829414,DOMINICAN REPUBLIC,DOMINICANTRI
DominicanTRI,Dominican Republic,1.0,829433,DOMINICAN REPUBLIC,DOMINICANTRI
DominicanTRI,Dominican Republic,1.0,829666,DOMINICAN REPUBLIC,DOMINICANTRI
DominicanTRI,Dominican Republic,1.0,849218,DOMINICAN REPUBLIC,DOMINICANTRI
DominicanTRI,Dominican Republic,1.0,849222,DOMINICAN REPUBLIC,DOMINICANTRI
DominicanTRI,Dominican Republic,1.0,849223,DOMINICAN REPUBLIC,DOMINICANTRI
DominicanTRI,Dominican Republic,1.0,849227,DOMINICAN REPUBLIC,DOMINICANTRI
DominicanTRI,Dominican Republic,1.0,849232,DOMINICAN REPUBLIC,DOMINICANTRI
DominicanTRI,Dominican Republic,1.0,849331,DOMINICAN REPUBLIC,DOMINICANTRI
DominicanTRI,Dominican Republic,1.0,849367,DOMINICAN REPUBLIC,DOMINICANTRI
DominicanTRI,Dominican Republic,1.0,849797,DOMINICAN REPUBLIC,DOMINICANTRI
DominicanTRI,Dominican Republic,1.0,809216,DOMINICAN REPUBLIC,DOMINICANTRI
DominicanTRI,Dominican Republic,1.0,809305,DOMINICAN REPUBLIC,DOMINICANTRI
DominicanTRI,Dominican Republic,1.0,809403,DOMINICAN REPUBLIC,DOMINICANTRI
DominicanTRI,Dominican Republic,1.0,809408,DOMINICAN REPUBLIC,DOMINICANTRI
DominicanTRI,Dominican Republic,1.0,809410,DOMINICAN REPUBLIC,DOMINICANTRI
DominicanTRI,Dominican Republic,1.0,809416,DOMINICAN REPUBLIC,DOMINICANTRI
DominicanTRI,Dominican Republic,1.0,809418,DOMINICAN REPUBLIC,DOMINICANTRI
DominicanTRI,Dominican Republic,1.0,829434,DOMINICAN REPUBLIC,DOMINICANTRI
DominicanTRI,Dominican Republic,1.0,829440,DOMINICAN REPUBLIC,DOMINICANTRI
DominicanTRI,Dominican Republic,1.0,849219,DOMINICAN REPUBLIC,DOMINICANTRI
DominicanTRI,Dominican Republic,1.0,849221,DOMINICAN REPUBLIC,DOMINICANTRI
DominicanTRI,Dominican Republic,1.0,849321,DOMINICAN REPUBLIC,DOMINICANTRI
DominicanTRI,Dominican Republic,1.0,849569,DOMINICAN REPUBLIC,DOMINICANTRI
DominicanTRI,Dominican Republic,1.0,849701,DOMINICAN REPUBLIC,DOMINICANTRI
DominicanTRI,Dominican Republic,1.0,849814,DOMINICAN REPUBLIC,DOMINICANTRI
DominicanTRI,Dominican Republic,1.0,849993,DOMINICAN REPUBLIC,DOMINICANTRI
Orange,Dominican Republic,1.0,809601,DOMINICAN REPUBLIC,ORANGDOMINIC
Orange,Dominican Republic,1.0,809610,DOMINICAN REPUBLIC,ORANGDOMINIC
Orange,Dominican Republic,1.0,809702,DOMINICAN REPUBLIC,ORANGDOMINIC
Orange,Dominican Republic,1.0,,DOMINICAN REPUBLIC,ORANGDOMINIC
Orange,Dominican Republic,1.0,809605,DOMINICAN REPUBLIC,ORANGDOMINIC
Orange,Dominican Republic,1.0,809607,DOMINICAN REPUBLIC,ORANGDOMINIC
Orange,Dominican Republic,1.0,809608,DOMINICAN REPUBLIC,ORANGDOMINIC
Orange,Dominican Republic,1.0,809603,DOMINICAN REPUBLIC,ORANGDOMINIC
Orange,Dominican Republic,1.0,01,DOMINICAN REPUBLIC,ORANGDOMINIC
Orange,Dominican Republic,1.0,809613,DOMINICAN REPUBLIC,ORANGDOMINIC
Orange,Dominican Republic,1.0,809627,DOMINICAN REPUBLIC,ORANGDOMINIC
Orange,Dominican Republic,1.0,809657,DOMINICAN REPUBLIC,ORANGDOMINIC
Orange,Dominican Republic,1.0,809660,DOMINICAN REPUBLIC,ORANGDOMINIC
Orange,Dominican Republic,1.0,809602,DOMINICAN REPUBLIC,ORANGDOMINIC
Orange,Dominican Republic,1.0,809653,DOMINICAN REPUBLIC,ORANGDOMINIC
Orange,Dominican Republic,1.0,809609,DOMINICAN REPUBLIC,ORANGDOMINIC
Orange,Dominican Republic,1.0,809654,DOMINICAN REPUBLIC,ORANGDOMINIC
Orange,Dominican Republic,180.0,,DOMINICAN REPUBLIC,ORANGE DOM
Orange,Dominican Republic,180.0,809,DOMINICAN REPUBLIC,ORANGE DOM
Orange,Dominican Republic,180.0,1,DOMINICAN REPUBLIC,ORANGE DOM
OteclSocidad,Ecuador,593.0,9587,ECUADOR,OTECLSOCIDAD
OteclSocidad,Ecuador,593.0,96260,ECUADOR,OTECLSOCIDAD
OteclSocidad,Ecuador,593.0,9628,ECUADOR,OTECLSOCIDAD
OteclSocidad,Ecuador,593.0,9637,ECUADOR,OTECLSOCIDAD
OteclSocidad,Ecuador,593.0,9786,ECUADOR,OTECLSOCIDAD
OteclSocidad,Ecuador,593.0,9926,ECUADOR,OTECLSOCIDAD
OteclSocidad,Ecuador,593.0,9927,ECUADOR,OTECLSOCIDAD
OteclSocidad,Ecuador,593.0,9928,ECUADOR,OTECLSOCIDAD
OteclSocidad,Ecuador,593.0,9999,ECUADOR,OTECLSOCIDAD
OteclSocidad,Ecuador,593.0,96258,ECUADOR,OTECLSOCIDAD
OteclSocidad,Ecuador,593.0,96259,ECUADOR,OTECLSOCIDAD
OteclSocidad,Ecuador,593.0,9633,ECUADOR,OTECLSOCIDAD
OteclSocidad,Ecuador,593.0,9792,ECUADOR,OTECLSOCIDAD
OteclSocidad,Ecuador,593.0,984,ECUADOR,OTECLSOCIDAD
OteclSocidad,Ecuador,593.0,987,ECUADOR,OTECLSOCIDAD
OteclSocidad,Ecuador,593.0,998,ECUADOR,OTECLSOCIDAD
OteclSocidad,Ecuador,593.0,9997,ECUADOR,OTECLSOCIDAD
OteclSocidad,Ecuador,593.0,96255,ECUADOR,OTECLSOCIDAD
OteclSocidad,Ecuador,593.0,96256,ECUADOR,OTECLSOCIDAD
OteclSocidad,Ecuador,593.0,9631,ECUADOR,OTECLSOCIDAD
OteclSocidad,Ecuador,593.0,9641,ECUADOR,OTECLSOCIDAD
OteclSocidad,Ecuador,593.0,9690,ECUADOR,OTECLSOCIDAD
OteclSocidad,Ecuador,593.0,9787,ECUADOR,OTECLSOCIDAD
OteclSocidad,Ecuador,593.0,9790,ECUADOR,OTECLSOCIDAD
OteclSocidad,Ecuador,593.0,9832,ECUADOR,OTECLSOCIDAD
OteclSocidad,Ecuador,593.0,9837,ECUADOR,OTECLSOCIDAD
OteclSocidad,Ecuador,593.0,00,ECUADOR,OTECLSOCIDAD
OteclSocidad,Ecuador,593.0,9586,ECUADOR,OTECLSOCIDAD
OteclSocidad,Ecuador,593.0,9589,ECUADOR,OTECLSOCIDAD
OteclSocidad,Ecuador,593.0,96253,ECUADOR,OTECLSOCIDAD
OteclSocidad,Ecuador,593.0,96257,ECUADOR,OTECLSOCIDAD
OteclSocidad,Ecuador,593.0,9634,ECUADOR,OTECLSOCIDAD
OteclSocidad,Ecuador,593.0,9635,ECUADOR,OTECLSOCIDAD
OteclSocidad,Ecuador,593.0,9998,ECUADOR,OTECLSOCIDAD
OteclSocidad,Ecuador,593.0,9627,ECUADOR,OTECLSOCIDAD
OteclSocidad,Ecuador,593.0,9629,ECUADOR,OTECLSOCIDAD
OteclSocidad,Ecuador,593.0,9638,ECUADOR,OTECLSOCIDAD
OteclSocidad,Ecuador,593.0,9640,ECUADOR,OTECLSOCIDAD
OteclSocidad,Ecuador,593.0,9642,ECUADOR,OTECLSOCIDAD
OteclSocidad,Ecuador,593.0,9830,ECUADOR,OTECLSOCIDAD
OteclSocidad,Ecuador,593.0,9831,ECUADOR,OTECLSOCIDAD
OteclSocidad,Ecuador,593.0,9834,ECUADOR,OTECLSOCIDAD
OteclSocidad,Ecuador,593.0,9835,ECUADOR,OTECLSOCIDAD
OteclSocidad,Ecuador,593.0,9925,ECUADOR,OTECLSOCIDAD
OteclSocidad,Ecuador,593.0,9588,ECUADOR,OTECLSOCIDAD
OteclSocidad,Ecuador,593.0,9632,ECUADOR,OTECLSOCIDAD
OteclSocidad,Ecuador,593.0,9636,ECUADOR,OTECLSOCIDAD
OteclSocidad,Ecuador,593.0,9788,ECUADOR,OTECLSOCIDAD
OteclSocidad,Ecuador,593.0,9793,ECUADOR,OTECLSOCIDAD
OteclSocidad,Ecuador,593.0,995,ECUADOR,OTECLSOCIDAD
OteclSocidad,Ecuador,593.0,9992,ECUADOR,OTECLSOCIDAD
OteclSocidad,Ecuador,593.0,9630,ECUADOR,OTECLSOCIDAD
OteclSocidad,Ecuador,593.0,9639,ECUADOR,OTECLSOCIDAD
OteclSocidad,Ecuador,593.0,9789,ECUADOR,OTECLSOCIDAD
OteclSocidad,Ecuador,593.0,9833,ECUADOR,OTECLSOCIDAD
OteclSocidad,Ecuador,593.0,96251,ECUADOR,OTECLSOCIDAD
OteclSocidad,Ecuador,593.0,96252,ECUADOR,OTECLSOCIDAD
OteclSocidad,Ecuador,593.0,96254,ECUADOR,OTECLSOCIDAD
OteclSocidad,Ecuador,593.0,9791,ECUADOR,OTECLSOCIDAD
OteclSocidad,Ecuador,593.0,9838,ECUADOR,OTECLSOCIDAD
OteclSocidad,Ecuador,593.0,9839,ECUADOR,OTECLSOCIDAD
OteclSocidad,Ecuador,593.0,9929,ECUADOR,OTECLSOCIDAD
OteclSocidad,Ecuador,593.0,9990,ECUADOR,OTECLSOCIDAD
Etisalet,Egypt,20.0,11,EGYPT,ETTISALET
Etisalet,Egypt,20.0,,EGYPT,ETTISALET
Etisalet,Egypt,20.0,03,EGYPT,ETTISALET
MoBiNiL,Egypt,20.0,12,EGYPT,MOBINIL
MoBiNiL,Egypt,20.0,1,EGYPT,MOBINIL
MoBiNiL,Egypt,20.0,,EGYPT,MOBINIL
Vodafone,Egypt,20.0,,EGYPT,VODAF. EGYPT
Vodafone,Egypt,20.0,10,EGYPT,VODAF. EGYPT
Vodafone,Egypt,20.0,02,EGYPT,VODAF. EGYPT
Mobinil,Egypt,20.0,12,EGYPT HUB,MOBINIL
Mobinil,Egypt,20.0,01,EGYPT HUB,MOBINIL
Mobinil,Egypt,20.0,,EGYPT HUB,MOBINIL
Claro,El Salvador,503.0,7014,EL SALVADOR,CLAROELSALVA
Claro,El Salvador,503.0,7015,EL SALVADOR,CLAROELSALVA
Claro,El Salvador,503.0,7016,EL SALVADOR,CLAROELSALVA
Claro,El Salvador,503.0,7017,EL SALVADOR,CLAROELSALVA
Claro,El Salvador,503.0,7034,EL SALVADOR,CLAROELSALVA
Claro,El Salvador,503.0,7036,EL SALVADOR,CLAROELSALVA
Claro,El Salvador,503.0,7041,EL SALVADOR,CLAROELSALVA
Claro,El Salvador,503.0,7050,EL SALVADOR,CLAROELSALVA
Claro,El Salvador,503.0,7071,EL SALVADOR,CLAROELSALVA
Claro,El Salvador,503.0,7092,EL SALVADOR,CLAROELSALVA
Claro,El Salvador,503.0,7093,EL SALVADOR,CLAROELSALVA
Claro,El Salvador,503.0,7098,EL SALVADOR,CLAROELSALVA
Claro,El Salvador,503.0,7615,EL SALVADOR,CLAROELSALVA
Claro,El Salvador,503.0,7617,EL SALVADOR,CLAROELSALVA
Claro,El Salvador,503.0,7623,EL SALVADOR,CLAROELSALVA
Claro,El Salvador,503.0,7628,EL SALVADOR,CLAROELSALVA
Claro,El Salvador,503.0,7630,EL SALVADOR,CLAROELSALVA
Claro,El Salvador,503.0,7659,EL SALVADOR,CLAROELSALVA
Claro,El Salvador,503.0,7661,EL SALVADOR,CLAROELSALVA
Claro,El Salvador,503.0,7690,EL SALVADOR,CLAROELSALVA
Claro,El Salvador,503.0,7754,EL SALVADOR,CLAROELSALVA
Claro,El Salvador,503.0,7842,EL SALVADOR,CLAROELSALVA
Claro,El Salvador,503.0,7844,EL SALVADOR,CLAROELSALVA
Claro,El Salvador,503.0,7852,EL SALVADOR,CLAROELSALVA
Claro,El Salvador,503.0,7864,EL SALVADOR,CLAROELSALVA
Claro,El Salvador,503.0,7865,EL SALVADOR,CLAROELSALVA
Claro,El Salvador,503.0,7963,EL SALVADOR,CLAROELSALVA
Claro,El Salvador,503.0,7987,EL SALVADOR,CLAROELSALVA
Claro,El Salvador,503.0,6303,EL SALVADOR,CLAROELSALVA
Claro,El Salvador,503.0,6304,EL SALVADOR,CLAROELSALVA
Claro,El Salvador,503.0,6311,EL SALVADOR,CLAROELSALVA
Claro,El Salvador,503.0,7003,EL SALVADOR,CLAROELSALVA
Claro,El Salvador,503.0,7005,EL SALVADOR,CLAROELSALVA
Claro,El Salvador,503.0,7007,EL SALVADOR,CLAROELSALVA
Claro,El Salvador,503.0,7010,EL SALVADOR,CLAROELSALVA
Claro,El Salvador,503.0,7023,EL SALVADOR,CLAROELSALVA
Claro,El Salvador,503.0,7031,EL SALVADOR,CLAROELSALVA
Claro,El Salvador,503.0,7047,EL SALVADOR,CLAROELSALVA
Claro,El Salvador,503.0,7060,EL SALVADOR,CLAROELSALVA
Claro,El Salvador,503.0,7068,EL SALVADOR,CLAROELSALVA
Claro,El Salvador,503.0,7082,EL SALVADOR,CLAROELSALVA
Claro,El Salvador,503.0,7085,EL SALVADOR,CLAROELSALVA
Claro,El Salvador,503.0,7086,EL SALVADOR,CLAROELSALVA
Claro,El Salvador,503.0,7603,EL SALVADOR,CLAROELSALVA
Claro,El Salvador,503.0,7609,EL SALVADOR,CLAROELSALVA
Claro,El Salvador,503.0,7611,EL SALVADOR,CLAROELSALVA
Claro,El Salvador,503.0,7622,EL SALVADOR,CLAROELSALVA
Claro,El Salvador,503.0,7632,EL SALVADOR,CLAROELSALVA
Claro,El Salvador,503.0,7634,EL SALVADOR,CLAROELSALVA
Claro,El Salvador,503.0,7665,EL SALVADOR,CLAROELSALVA
Claro,El Salvador,503.0,7757,EL SALVADOR,CLAROELSALVA
Claro,El Salvador,503.0,7802,EL SALVADOR,CLAROELSALVA
Claro,El Salvador,503.0,7805,EL SALVADOR,CLAROELSALVA
Claro,El Salvador,503.0,7850,EL SALVADOR,CLAROELSALVA
Claro,El Salvador,503.0,7853,EL SALVADOR,CLAROELSALVA
Claro,El Salvador,503.0,7858,EL SALVADOR,CLAROELSALVA
Claro,El Salvador,503.0,1,EL SALVADOR,CLAROELSALVA
Claro,El Salvador,503.0,6308,EL SALVADOR,CLAROELSALVA
Claro,El Salvador,503.0,6309,EL SALVADOR,CLAROELSALVA
Claro,El Salvador,503.0,6310,EL SALVADOR,CLAROELSALVA
Claro,El Salvador,503.0,7000,EL SALVADOR,CLAROELSALVA
Claro,El Salvador,503.0,7042,EL SALVADOR,CLAROELSALVA
Claro,El Salvador,503.0,7053,EL SALVADOR,CLAROELSALVA
Claro,El Salvador,503.0,7057,EL SALVADOR,CLAROELSALVA
Claro,El Salvador,503.0,7087,EL SALVADOR,CLAROELSALVA
Claro,El Salvador,503.0,7099,EL SALVADOR,CLAROELSALVA
Claro,El Salvador,503.0,7613,EL SALVADOR,CLAROELSALVA
Claro,El Salvador,503.0,7624,EL SALVADOR,CLAROELSALVA
Claro,El Salvador,503.0,7631,EL SALVADOR,CLAROELSALVA
Claro,El Salvador,503.0,7636,EL SALVADOR,CLAROELSALVA
Claro,El Salvador,503.0,7640,EL SALVADOR,CLAROELSALVA
Claro,El Salvador,503.0,7645,EL SALVADOR,CLAROELSALVA
Claro,El Salvador,503.0,7646,EL SALVADOR,CLAROELSALVA
Claro,El Salvador,503.0,7651,EL SALVADOR,CLAROELSALVA
Claro,El Salvador,503.0,7655,EL SALVADOR,CLAROELSALVA
Claro,El Salvador,503.0,7668,EL SALVADOR,CLAROELSALVA
Claro,El Salvador,503.0,7689,EL SALVADOR,CLAROELSALVA
Claro,El Salvador,503.0,7744,EL SALVADOR,CLAROELSALVA
Claro,El Salvador,503.0,7746,EL SALVADOR,CLAROELSALVA
Claro,El Salvador,503.0,7806,EL SALVADOR,CLAROELSALVA
Claro,El Salvador,503.0,7851,EL SALVADOR,CLAROELSALVA
Claro,El Salvador,503.0,7855,EL SALVADOR,CLAROELSALVA
Claro,El Salvador,503.0,7952,EL SALVADOR,CLAROELSALVA
Claro,El Salvador,503.0,7954,EL SALVADOR,CLAROELSALVA
Claro,El Salvador,503.0,7956,EL SALVADOR,CLAROELSALVA
Claro,El Salvador,503.0,7965,EL SALVADOR,CLAROELSALVA
Claro,El Salvador,503.0,7968,EL SALVADOR,CLAROELSALVA
Claro,El Salvador,503.0,6302,EL SALVADOR,CLAROELSALVA
Claro,El Salvador,503.0,6307,EL SALVADOR,CLAROELSALVA
Claro,El Salvador,503.0,7004,EL SALVADOR,CLAROELSALVA
Claro,El Salvador,503.0,7018,EL SALVADOR,CLAROELSALVA
Claro,El Salvador,503.0,7019,EL SALVADOR,CLAROELSALVA
Claro,El Salvador,503.0,7022,EL SALVADOR,CLAROELSALVA
Claro,El Salvador,503.0,7040,EL SALVADOR,CLAROELSALVA
Claro,El Salvador,503.0,7043,EL SALVADOR,CLAROELSALVA
Claro,El Salvador,503.0,7045,EL SALVADOR,CLAROELSALVA
Claro,El Salvador,503.0,7055,EL SALVADOR,CLAROELSALVA
Claro,El Salvador,503.0,7059,EL SALVADOR,CLAROELSALVA
Claro,El Salvador,503.0,7062,EL SALVADOR,CLAROELSALVA
Claro,El Salvador,503.0,7065,EL SALVADOR,CLAROELSALVA
Claro,El Salvador,503.0,7070,EL SALVADOR,CLAROELSALVA
Claro,El Salvador,503.0,7084,EL SALVADOR,CLAROELSALVA
Claro,El Salvador,503.0,7601,EL SALVADOR,CLAROELSALVA
Claro,El Salvador,503.0,7616,EL SALVADOR,CLAROELSALVA
Claro,El Salvador,503.0,7641,EL SALVADOR,CLAROELSALVA
Claro,El Salvador,503.0,7642,EL SALVADOR,CLAROELSALVA
Claro,El Salvador,503.0,7644,EL SALVADOR,CLAROELSALVA
Claro,El Salvador,503.0,7652,EL SALVADOR,CLAROELSALVA
Claro,El Salvador,503.0,7654,EL SALVADOR,CLAROELSALVA
Claro,El Salvador,503.0,7664,EL SALVADOR,CLAROELSALVA
Claro,El Salvador,503.0,7667,EL SALVADOR,CLAROELSALVA
Claro,El Salvador,503.0,7669,EL SALVADOR,CLAROELSALVA
Claro,El Salvador,503.0,7741,EL SALVADOR,CLAROELSALVA
Claro,El Salvador,503.0,7748,EL SALVADOR,CLAROELSALVA
Claro,El Salvador,503.0,7749,EL SALVADOR,CLAROELSALVA
Claro,El Salvador,503.0,7750,EL SALVADOR,CLAROELSALVA
Claro,El Salvador,503.0,7755,EL SALVADOR,CLAROELSALVA
Claro,El Salvador,503.0,7857,EL SALVADOR,CLAROELSALVA
Claro,El Salvador,503.0,7860,EL SALVADOR,CLAROELSALVA
Claro,El Salvador,503.0,7950,EL SALVADOR,CLAROELSALVA
Claro,El Salvador,503.0,7953,EL SALVADOR,CLAROELSALVA
Claro,El Salvador,503.0,7955,EL SALVADOR,CLAROELSALVA
Claro,El Salvador,503.0,7967,EL SALVADOR,CLAROELSALVA
Claro,El Salvador,503.0,7985,EL SALVADOR,CLAROELSALVA
Claro,El Salvador,503.0,7986,EL SALVADOR,CLAROELSALVA
Claro,El Salvador,503.0,6305,EL SALVADOR,CLAROELSALVA
Claro,El Salvador,503.0,6317,EL SALVADOR,CLAROELSALVA
Claro,El Salvador,503.0,7008,EL SALVADOR,CLAROELSALVA
Claro,El Salvador,503.0,7033,EL SALVADOR,CLAROELSALVA
Claro,El Salvador,503.0,7038,EL SALVADOR,CLAROELSALVA
Claro,El Salvador,503.0,7051,EL SALVADOR,CLAROELSALVA
Claro,El Salvador,503.0,7081,EL SALVADOR,CLAROELSALVA
Claro,El Salvador,503.0,7091,EL SALVADOR,CLAROELSALVA
Claro,El Salvador,503.0,7605,EL SALVADOR,CLAROELSALVA
Claro,El Salvador,503.0,7607,EL SALVADOR,CLAROELSALVA
Claro,El Salvador,503.0,7610,EL SALVADOR,CLAROELSALVA
Claro,El Salvador,503.0,7626,EL SALVADOR,CLAROELSALVA
Claro,El Salvador,503.0,7633,EL SALVADOR,CLAROELSALVA
Claro,El Salvador,503.0,7637,EL SALVADOR,CLAROELSALVA
Claro,El Salvador,503.0,7638,EL SALVADOR,CLAROELSALVA
Claro,El Salvador,503.0,7643,EL SALVADOR,CLAROELSALVA
Claro,El Salvador,503.0,7657,EL SALVADOR,CLAROELSALVA
Claro,El Salvador,503.0,7658,EL SALVADOR,CLAROELSALVA
Claro,El Salvador,503.0,7660,EL SALVADOR,CLAROELSALVA
Claro,El Salvador,503.0,7687,EL SALVADOR,CLAROELSALVA
Claro,El Salvador,503.0,7752,EL SALVADOR,CLAROELSALVA
Claro,El Salvador,503.0,7803,EL SALVADOR,CLAROELSALVA
Claro,El Salvador,503.0,7807,EL SALVADOR,CLAROELSALVA
Claro,El Salvador,503.0,7808,EL SALVADOR,CLAROELSALVA
Claro,El Salvador,503.0,7866,EL SALVADOR,CLAROELSALVA
Claro,El Salvador,503.0,7957,EL SALVADOR,CLAROELSALVA
Claro,El Salvador,503.0,7962,EL SALVADOR,CLAROELSALVA
Claro,El Salvador,503.0,7966,EL SALVADOR,CLAROELSALVA
Claro,El Salvador,503.0,7969,EL SALVADOR,CLAROELSALVA
Claro,El Salvador,503.0,6300,EL SALVADOR,CLAROELSALVA
Claro,El Salvador,503.0,6313,EL SALVADOR,CLAROELSALVA
Claro,El Salvador,503.0,7012,EL SALVADOR,CLAROELSALVA
Claro,El Salvador,503.0,7021,EL SALVADOR,CLAROELSALVA
Claro,El Salvador,503.0,7026,EL SALVADOR,CLAROELSALVA
Claro,El Salvador,503.0,7029,EL SALVADOR,CLAROELSALVA
Claro,El Salvador,503.0,7030,EL SALVADOR,CLAROELSALVA
Claro,El Salvador,503.0,7035,EL SALVADOR,CLAROELSALVA
Claro,El Salvador,503.0,7037,EL SALVADOR,CLAROELSALVA
Claro,El Salvador,503.0,7044,EL SALVADOR,CLAROELSALVA
Claro,El Salvador,503.0,7052,EL SALVADOR,CLAROELSALVA
Claro,El Salvador,503.0,7056,EL SALVADOR,CLAROELSALVA
Claro,El Salvador,503.0,7061,EL SALVADOR,CLAROELSALVA
Claro,El Salvador,503.0,7067,EL SALVADOR,CLAROELSALVA
Claro,El Salvador,503.0,7090,EL SALVADOR,CLAROELSALVA
Claro,El Salvador,503.0,7094,EL SALVADOR,CLAROELSALVA
Claro,El Salvador,503.0,7604,EL SALVADOR,CLAROELSALVA
Claro,El Salvador,503.0,7606,EL SALVADOR,CLAROELSALVA
Claro,El Salvador,503.0,7612,EL SALVADOR,CLAROELSALVA
Claro,El Salvador,503.0,7614,EL SALVADOR,CLAROELSALVA
Claro,El Salvador,503.0,7656,EL SALVADOR,CLAROELSALVA
Claro,El Salvador,503.0,7662,EL SALVADOR,CLAROELSALVA
Claro,El Salvador,503.0,7663,EL SALVADOR,CLAROELSALVA
Claro,El Salvador,503.0,7666,EL SALVADOR,CLAROELSALVA
Claro,El Salvador,503.0,7688,EL SALVADOR,CLAROELSALVA
Claro,El Salvador,503.0,7742,EL SALVADOR,CLAROELSALVA
Claro,El Salvador,503.0,7743,EL SALVADOR,CLAROELSALVA
Claro,El Salvador,503.0,7747,EL SALVADOR,CLAROELSALVA
Claro,El Salvador,503.0,7753,EL SALVADOR,CLAROELSALVA
Claro,El Salvador,503.0,7756,EL SALVADOR,CLAROELSALVA
Claro,El Salvador,503.0,7809,EL SALVADOR,CLAROELSALVA
Claro,El Salvador,503.0,7843,EL SALVADOR,CLAROELSALVA
Claro,El Salvador,503.0,7856,EL SALVADOR,CLAROELSALVA
Claro,El Salvador,503.0,7859,EL SALVADOR,CLAROELSALVA
Claro,El Salvador,503.0,7869,EL SALVADOR,CLAROELSALVA
Claro,El Salvador,503.0,7964,EL SALVADOR,CLAROELSALVA
Claro,El Salvador,503.0,6301,EL SALVADOR,CLAROELSALVA
Claro,El Salvador,503.0,6306,EL SALVADOR,CLAROELSALVA
Claro,El Salvador,503.0,6312,EL SALVADOR,CLAROELSALVA
Claro,El Salvador,503.0,6316,EL SALVADOR,CLAROELSALVA
Claro,El Salvador,503.0,7002,EL SALVADOR,CLAROELSALVA
Claro,El Salvador,503.0,7006,EL SALVADOR,CLAROELSALVA
Claro,El Salvador,503.0,7009,EL SALVADOR,CLAROELSALVA
Claro,El Salvador,503.0,7013,EL SALVADOR,CLAROELSALVA
Claro,El Salvador,503.0,7024,EL SALVADOR,CLAROELSALVA
Claro,El Salvador,503.0,7025,EL SALVADOR,CLAROELSALVA
Claro,El Salvador,503.0,7027,EL SALVADOR,CLAROELSALVA
Claro,El Salvador,503.0,7032,EL SALVADOR,CLAROELSALVA
Claro,El Salvador,503.0,7048,EL SALVADOR,CLAROELSALVA
Claro,El Salvador,503.0,7054,EL SALVADOR,CLAROELSALVA
Claro,El Salvador,503.0,7058,EL SALVADOR,CLAROELSALVA
Claro,El Salvador,503.0,7064,EL SALVADOR,CLAROELSALVA
Claro,El Salvador,503.0,7069,EL SALVADOR,CLAROELSALVA
Claro,El Salvador,503.0,7073,EL SALVADOR,CLAROELSALVA
Claro,El Salvador,503.0,7083,EL SALVADOR,CLAROELSALVA
Claro,El Salvador,503.0,7088,EL SALVADOR,CLAROELSALVA
Claro,El Salvador,503.0,7089,EL SALVADOR,CLAROELSALVA
Claro,El Salvador,503.0,7095,EL SALVADOR,CLAROELSALVA
Claro,El Salvador,503.0,7097,EL SALVADOR,CLAROELSALVA
Claro,El Salvador,503.0,7602,EL SALVADOR,CLAROELSALVA
Claro,El Salvador,503.0,7619,EL SALVADOR,CLAROELSALVA
Claro,El Salvador,503.0,7620,EL SALVADOR,CLAROELSALVA
Claro,El Salvador,503.0,7629,EL SALVADOR,CLAROELSALVA
Claro,El Salvador,503.0,7647,EL SALVADOR,CLAROELSALVA
Claro,El Salvador,503.0,7648,EL SALVADOR,CLAROELSALVA
Claro,El Salvador,503.0,7649,EL SALVADOR,CLAROELSALVA
Claro,El Salvador,503.0,7653,EL SALVADOR,CLAROELSALVA
Claro,El Salvador,503.0,7740,EL SALVADOR,CLAROELSALVA
Claro,El Salvador,503.0,7745,EL SALVADOR,CLAROELSALVA
Claro,El Salvador,503.0,7758,EL SALVADOR,CLAROELSALVA
Claro,El Salvador,503.0,7759,EL SALVADOR,CLAROELSALVA
Claro,El Salvador,503.0,7840,EL SALVADOR,CLAROELSALVA
Claro,El Salvador,503.0,7861,EL SALVADOR,CLAROELSALVA
Claro,El Salvador,503.0,7868,EL SALVADOR,CLAROELSALVA
Claro,El Salvador,503.0,7951,EL SALVADOR,CLAROELSALVA
Claro,El Salvador,503.0,7959,EL SALVADOR,CLAROELSALVA
Claro,El Salvador,503.0,6314,EL SALVADOR,CLAROELSALVA
Claro,El Salvador,503.0,6315,EL SALVADOR,CLAROELSALVA
Claro,El Salvador,503.0,7001,EL SALVADOR,CLAROELSALVA
Claro,El Salvador,503.0,7011,EL SALVADOR,CLAROELSALVA
Claro,El Salvador,503.0,7020,EL SALVADOR,CLAROELSALVA
Claro,El Salvador,503.0,7028,EL SALVADOR,CLAROELSALVA
Claro,El Salvador,503.0,7039,EL SALVADOR,CLAROELSALVA
Claro,El Salvador,503.0,7046,EL SALVADOR,CLAROELSALVA
Claro,El Salvador,503.0,7049,EL SALVADOR,CLAROELSALVA
Claro,El Salvador,503.0,7063,EL SALVADOR,CLAROELSALVA
Claro,El Salvador,503.0,7066,EL SALVADOR,CLAROELSALVA
Claro,El Salvador,503.0,7080,EL SALVADOR,CLAROELSALVA
Claro,El Salvador,503.0,7096,EL SALVADOR,CLAROELSALVA
Claro,El Salvador,503.0,7600,EL SALVADOR,CLAROELSALVA
Claro,El Salvador,503.0,7608,EL SALVADOR,CLAROELSALVA
Claro,El Salvador,503.0,7618,EL SALVADOR,CLAROELSALVA
Claro,El Salvador,503.0,7625,EL SALVADOR,CLAROELSALVA
Claro,El Salvador,503.0,7627,EL SALVADOR,CLAROELSALVA
Claro,El Salvador,503.0,7635,EL SALVADOR,CLAROELSALVA
Claro,El Salvador,503.0,7639,EL SALVADOR,CLAROELSALVA
Claro,El Salvador,503.0,7650,EL SALVADOR,CLAROELSALVA
Claro,El Salvador,503.0,7751,EL SALVADOR,CLAROELSALVA
Claro,El Salvador,503.0,7841,EL SALVADOR,CLAROELSALVA
Claro,El Salvador,503.0,7854,EL SALVADOR,CLAROELSALVA
Claro,El Salvador,503.0,7862,EL SALVADOR,CLAROELSALVA
Claro,El Salvador,503.0,7863,EL SALVADOR,CLAROELSALVA
Claro,El Salvador,503.0,7867,EL SALVADOR,CLAROELSALVA
Claro,El Salvador,503.0,7958,EL SALVADOR,CLAROELSALVA
Claro,El Salvador,503.0,7960,EL SALVADOR,CLAROELSALVA
Claro,El Salvador,503.0,7961,EL SALVADOR,CLAROELSALVA
Claro,El Salvador,503.0,7988,EL SALVADOR,CLAROELSALVA
Claro,El Salvador,503.0,7989,EL SALVADOR,CLAROELSALVA
DiGlSalvador,El Salvador,503.0,70732,EL SALVADOR,DIGLSALVADOR
DiGlSalvador,El Salvador,503.0,78022,EL SALVADOR,DIGLSALVADOR
DiGlSalvador,El Salvador,503.0,730,EL SALVADOR,DIGLSALVADOR
DiGlSalvador,El Salvador,503.0,731,EL SALVADOR,DIGLSALVADOR
DiGlSalvador,El Salvador,503.0,735,EL SALVADOR,DIGLSALVADOR
DiGlSalvador,El Salvador,503.0,741,EL SALVADOR,DIGLSALVADOR
DiGlSalvador,El Salvador,503.0,744,EL SALVADOR,DIGLSALVADOR
DiGlSalvador,El Salvador,503.0,777,EL SALVADOR,DIGLSALVADOR
DiGlSalvador,El Salvador,503.0,7072,EL SALVADOR,DIGLSALVADOR
DiGlSalvador,El Salvador,503.0,739,EL SALVADOR,DIGLSALVADOR
DiGlSalvador,El Salvador,503.0,78023,EL SALVADOR,DIGLSALVADOR
DiGlSalvador,El Salvador,503.0,797,EL SALVADOR,DIGLSALVADOR
DiGlSalvador,El Salvador,503.0,733,EL SALVADOR,DIGLSALVADOR
DiGlSalvador,El Salvador,503.0,02,EL SALVADOR,DIGLSALVADOR
DiGlSalvador,El Salvador,503.0,70731,EL SALVADOR,DIGLSALVADOR
DiGlSalvador,El Salvador,503.0,70733,EL SALVADOR,DIGLSALVADOR
DiGlSalvador,El Salvador,503.0,737,EL SALVADOR,DIGLSALVADOR
DiGlSalvador,El Salvador,503.0,776,EL SALVADOR,DIGLSALVADOR
DiGlSalvador,El Salvador,503.0,736,EL SALVADOR,DIGLSALVADOR
DiGlSalvador,El Salvador,503.0,738,EL SALVADOR,DIGLSALVADOR
DiGlSalvador,El Salvador,503.0,746,EL SALVADOR,DIGLSALVADOR
DiGlSalvador,El Salvador,503.0,734,EL SALVADOR,DIGLSALVADOR
DiGlSalvador,El Salvador,503.0,740,EL SALVADOR,DIGLSALVADOR
DiGlSalvador,El Salvador,503.0,7696,EL SALVADOR,DIGLSALVADOR
DiGlSalvador,El Salvador,503.0,7697,EL SALVADOR,DIGLSALVADOR
DiGlSalvador,El Salvador,503.0,78024,EL SALVADOR,DIGLSALVADOR
DiGlSalvador,El Salvador,503.0,620,EL SALVADOR,DIGLSALVADOR
DiGlSalvador,El Salvador,503.0,70730,EL SALVADOR,DIGLSALVADOR
DiGlSalvador,El Salvador,503.0,70734,EL SALVADOR,DIGLSALVADOR
DiGlSalvador,El Salvador,503.0,732,EL SALVADOR,DIGLSALVADOR
DiGlSalvador,El Salvador,503.0,742,EL SALVADOR,DIGLSALVADOR
DiGlSalvador,El Salvador,503.0,743,EL SALVADOR,DIGLSALVADOR
DiGlSalvador,El Salvador,503.0,7695,EL SALVADOR,DIGLSALVADOR
DiGlSalvador,El Salvador,503.0,7698,EL SALVADOR,DIGLSALVADOR
DiGlSalvador,El Salvador,503.0,78020,EL SALVADOR,DIGLSALVADOR
DiGlSalvador,El Salvador,503.0,78021,EL SALVADOR,DIGLSALVADOR
Orange,Equatorial Guinea,240.0,2,EQUATORIAL GUINEA,ORANGE EQUAT
Orange,Equatorial Guinea,240.0,1,EQUATORIAL GUINEA,ORANGE EQUAT
Orange,Equatorial Guinea,240.0,,EQUATORIAL GUINEA,ORANGE EQUAT
Orange,Equatorial Guinea,240.0,,EQUATORIAL GUINEA,ORANGEQGUINE
Orange,Equatorial Guinea,240.0,6,EQUATORIAL GUINEA,ORANGEQGUINE
Orange,Equatorial Guinea,240.0,7,EQUATORIAL GUINEA,ORANGEQGUINE
Orange,Equatorial Guinea,240.0,2,EQUATORIAL GUINEA,ORANGEQGUINE
Orange,Equatorial Guinea,240.0,5,EQUATORIAL GUINEA,ORANGEQGUINE
Orange,Equatorial Guinea,240.0,01,EQUATORIAL GUINEA,ORANGEQGUINE
MUNI SA,Equatorial Guinea,240.0,55,EQUATORIALGUINEA,MUNI SA
MUNI SA,Equatorial Guinea,240.0,03,EQUATORIALGUINEA,MUNI SA
AS EMT,Estonia,372.0,82,ESTONIA,AS EMT
AS EMT,Estonia,372.0,5,ESTONIA,AS EMT
AS EMT,Estonia,372.0,,ESTONIA,AS EMT
AS EMT,Estonia,372.0,01,ESTONIA,AS EMT
AS EMT,Estonia,372.0,50,ESTONIA,AS EMT
AS EMT,Estonia,372.0,81,ESTONIA,AS EMT
Elisa,Estonia,372.0,5894,ESTONIA,ELISA
Elisa,Estonia,372.0,546,ESTONIA,ELISA
Elisa,Estonia,372.0,02,ESTONIA,ELISA
Elisa,Estonia,372.0,56,ESTONIA,ELISA
Elisa,Estonia,372.0,,ESTONIA,ELISA
Elisa,Estonia,372.0,5895,ESTONIA,ELISA
Elisa,Estonia,372.0,545,ESTONIA,ELISA
Elisa,Estonia,372.0,5891,ESTONIA,ELISA
Elisa,Estonia,372.0,5892,ESTONIA,ELISA
Elisa,Estonia,372.0,5893,ESTONIA,ELISA
Tele2,Estonia,372.0,,ESTONIA,TELE2ESTONIA
Tele2,Estonia,372.0,5,ESTONIA,TELE2ESTONIA
Tele2,Estonia,372.0,03,ESTONIA,TELE2ESTONIA
EthioTel,Ethiopia,251.0,01,ETHIOPIA,ETHIOTEL
EthioTel,Ethiopia,251.0,94,ETHIOPIA,ETHIOTEL
EthioTel,Ethiopia,251.0,98,ETHIOPIA,ETHIOTEL
EthioTel,Ethiopia,251.0,92,ETHIOPIA,ETHIOTEL
EthioTel,Ethiopia,251.0,95,ETHIOPIA,ETHIOTEL
EthioTel,Ethiopia,251.0,97,ETHIOPIA,ETHIOTEL
EthioTel,Ethiopia,251.0,90,ETHIOPIA,ETHIOTEL
EthioTel,Ethiopia,251.0,93,ETHIOPIA,ETHIOTEL
EthioTel,Ethiopia,251.0,96,ETHIOPIA,ETHIOTEL
EthioTel,Ethiopia,251.0,99,ETHIOPIA,ETHIOTEL
EthioTel,Ethiopia,251.0,91,ETHIOPIA,ETHIOTEL
SafarIComEth,Ethiopia,251.0,78,ETHIOPIA,SAFARICOMETH
SafarIComEth,Ethiopia,251.0,79,ETHIOPIA,SAFARICOMETH
SafarIComEth,Ethiopia,251.0,77,ETHIOPIA,SAFARICOMETH
SafarIComEth,Ethiopia,251.0,70,ETHIOPIA,SAFARICOMETH
SafarIComEth,Ethiopia,251.0,71,ETHIOPIA,SAFARICOMETH
SafarIComEth,Ethiopia,251.0,72,ETHIOPIA,SAFARICOMETH
SafarIComEth,Ethiopia,251.0,02,ETHIOPIA,SAFARICOMETH
MTN,Ethiopia,251.0,92,ETHIOPIA0,ETMTNNN
MTN,Ethiopia,251.0,93,ETHIOPIA0,ETMTNNN
MTN,Ethiopia,251.0,,ETHIOPIA0,ETMTNNN
MTN,Ethiopia,251.0,01,ETHIOPIA0,ETMTNNN
MTN,Ethiopia,251.0,91,ETHIOPIA0,ETMTNNN
MTN,Ethiopia,251.0,95,ETHIOPIA0,ETMTNNN
Digicel,Fiji,679.0,556,FIJI,DIGICELFIJI
Digicel,Fiji,679.0,5561022,FIJI,DIGICELFIJI
Digicel,Fiji,679.0,70003,FIJI,DIGICELFIJI
Digicel,Fiji,679.0,72,FIJI,DIGICELFIJI
Digicel,Fiji,679.0,555,FIJI,DIGICELFIJI
Digicel,Fiji,679.0,5561023,FIJI,DIGICELFIJI
Digicel,Fiji,679.0,557,FIJI,DIGICELFIJI
Digicel,Fiji,679.0,75,FIJI,DIGICELFIJI
Digicel,Fiji,679.0,558,FIJI,DIGICELFIJI
Digicel,Fiji,679.0,71,FIJI,DIGICELFIJI
Digicel,Fiji,679.0,76,FIJI,DIGICELFIJI
Digicel,Fiji,679.0,77,FIJI,DIGICELFIJI
Digicel,Fiji,679.0,,FIJI,DIGICELFIJI
Digicel,Fiji,679.0,5561025,FIJI,DIGICELFIJI
Digicel,Fiji,679.0,5561020,FIJI,DIGICELFIJI
Digicel,Fiji,679.0,5561021,FIJI,DIGICELFIJI
Digicel,Fiji,679.0,559,FIJI,DIGICELFIJI
Digicel,Fiji,679.0,70000,FIJI,DIGICELFIJI
Digicel,Fiji,679.0,70001,FIJI,DIGICELFIJI
Digicel,Fiji,679.0,70002,FIJI,DIGICELFIJI
Digicel,Fiji,679.0,74,FIJI,DIGICELFIJI
Digicel,Fiji,679.0,556100,FIJI,DIGICELFIJI
Digicel,Fiji,679.0,2,FIJI,DIGICELFIJI
Digicel,Fiji,679.0,556101,FIJI,DIGICELFIJI
Digicel,Fiji,679.0,5561024,FIJI,DIGICELFIJI
Digicel,Fiji,679.0,70,FIJI,DIGICELFIJI
Digicel,Fiji,679.0,70004,FIJI,DIGICELFIJI
Digicel,Fiji,679.0,73,FIJI,DIGICELFIJI
VodafonFiji,Fiji,679.0,20,FIJI,VODAFONFIJI
VodafonFiji,Fiji,679.0,912,FIJI,VODAFONFIJI
VodafonFiji,Fiji,679.0,22,FIJI,VODAFONFIJI
VodafonFiji,Fiji,679.0,80,FIJI,VODAFONFIJI
VodafonFiji,Fiji,679.0,916,FIJI,VODAFONFIJI
VodafonFiji,Fiji,679.0,93,FIJI,VODAFONFIJI
VodafonFiji,Fiji,679.0,26,FIJI,VODAFONFIJI
VodafonFiji,Fiji,679.0,87,FIJI,VODAFONFIJI
VodafonFiji,Fiji,679.0,94,FIJI,VODAFONFIJI
VodafonFiji,Fiji,679.0,24,FIJI,VODAFONFIJI
VodafonFiji,Fiji,679.0,58,FIJI,VODAFONFIJI
VodafonFiji,Fiji,679.0,84,FIJI,VODAFONFIJI
VodafonFiji,Fiji,679.0,86,FIJI,VODAFONFIJI
VodafonFiji,Fiji,679.0,96,FIJI,VODAFONFIJI
VodafonFiji,Fiji,679.0,97,FIJI,VODAFONFIJI
VodafonFiji,Fiji,679.0,99,FIJI,VODAFONFIJI
VodafonFiji,Fiji,679.0,25,FIJI,VODAFONFIJI
VodafonFiji,Fiji,679.0,90,FIJI,VODAFONFIJI
VodafonFiji,Fiji,679.0,98,FIJI,VODAFONFIJI
VodafonFiji,Fiji,679.0,27,FIJI,VODAFONFIJI
VodafonFiji,Fiji,679.0,28,FIJI,VODAFONFIJI
VodafonFiji,Fiji,679.0,83,FIJI,VODAFONFIJI
VodafonFiji,Fiji,679.0,910,FIJI,VODAFONFIJI
VodafonFiji,Fiji,679.0,92,FIJI,VODAFONFIJI
VodafonFiji,Fiji,679.0,23,FIJI,VODAFONFIJI
VodafonFiji,Fiji,679.0,29,FIJI,VODAFONFIJI
VodafonFiji,Fiji,679.0,918,FIJI,VODAFONFIJI
VodafonFiji,Fiji,679.0,95,FIJI,VODAFONFIJI
VodafonFiji,Fiji,679.0,21,FIJI,VODAFONFIJI
VodafonFiji,Fiji,679.0,45,FIJI,VODAFONFIJI
VodafonFiji,Fiji,679.0,89,FIJI,VODAFONFIJI
VodafonFiji,Fiji,679.0,914,FIJI,VODAFONFIJI
VodafonFiji,Fiji,679.0,01,FIJI,VODAFONFIJI
?lands FIN,Finland,358.0,4573,FINLAND,?LANDS FIN
?lands FIN,Finland,358.0,4570,FINLAND,?LANDS FIN
?lands FIN,Finland,358.0,4576,FINLAND,?LANDS FIN
?lands FIN,Finland,358.0,14,FINLAND,?LANDS FIN
DNA,Finland,358.0,,FINLAND,DNA
DNA,Finland,358.0,12,FINLAND,DNA
DNA,Finland,358.0,41,FINLAND,DNA
Elisa,Finland,358.0,21,FINLAND,ELISA (FINES
Elisa,Finland,358.0,451,FINLAND,ELISA (FINES
Elisa,Finland,358.0,,FINLAND,ELISA (FINES
Elisa,Finland,358.0,5,FINLAND,ELISA (FINRL
Elisa,Finland,358.0,451,FINLAND,ELISA (FINRL
Elisa,Finland,358.0,,FINLAND,ELISA (FINRL
TeliaSonera,Finland,358.0,40,FINLAND,TELIASONERA
TeliaSonera,Finland,358.0,,FINLAND,TELIASONERA
TeliaSonera,Finland,358.0,91,FINLAND,TELIASONERA
TeliaSonera,Finland,358.0,42,FINLAND,TELIASONERA
Airnity SAS,France,883.0,390,FRANCE,AIRNITY SAS
Airnity SAS,France,883.0,81,FRANCE,AIRNITY SAS
Bouygues,France,33.0,6699,FRANCE,BOUYGUTEL
Bouygues,France,33.0,698,FRANCE,BOUYGUTEL
Bouygues,France,33.0,761,FRANCE,BOUYGUTEL
Bouygues,France,33.0,60042,FRANCE,BOUYGUTEL
Bouygues,France,33.0,6532,FRANCE,BOUYGUTEL
Bouygues,France,33.0,663,FRANCE,BOUYGUTEL
Bouygues,France,33.0,6697,FRANCE,BOUYGUTEL
Bouygues,France,33.0,7521,FRANCE,BOUYGUTEL
Bouygues,France,33.0,20,FRANCE,BOUYGUTEL
Bouygues,France,33.0,6446,FRANCE,BOUYGUTEL
Bouygues,France,33.0,650,FRANCE,BOUYGUTEL
Bouygues,France,33.0,66,FRANCE,BOUYGUTEL
Bouygues,France,33.0,660,FRANCE,BOUYGUTEL
Bouygues,France,33.0,6691,FRANCE,BOUYGUTEL
Bouygues,France,33.0,6696,FRANCE,BOUYGUTEL
Bouygues,France,33.0,764,FRANCE,BOUYGUTEL
Bouygues,France,33.0,,FRANCE,BOUYGUTEL
Bouygues,France,33.0,64950,FRANCE,BOUYGUTEL
Bouygues,France,33.0,658,FRANCE,BOUYGUTEL
Bouygues,France,33.0,664,FRANCE,BOUYGUTEL
Bouygues,France,33.0,667,FRANCE,BOUYGUTEL
Bouygues,France,33.0,6693,FRANCE,BOUYGUTEL
Bouygues,France,33.0,6694,FRANCE,BOUYGUTEL
Bouygues,France,33.0,7522,FRANCE,BOUYGUTEL
Bouygues,France,33.0,76,FRANCE,BOUYGUTEL
Bouygues,France,33.0,653,FRANCE,BOUYGUTEL
Bouygues,France,33.0,6531,FRANCE,BOUYGUTEL
Bouygues,France,33.0,665,FRANCE,BOUYGUTEL
Bouygues,France,33.0,666,FRANCE,BOUYGUTEL
Bouygues,France,33.0,6692,FRANCE,BOUYGUTEL
Bouygues,France,33.0,7524,FRANCE,BOUYGUTEL
Bouygues,France,33.0,762,FRANCE,BOUYGUTEL
Bouygues,France,33.0,763,FRANCE,BOUYGUTEL
Bouygues,France,33.0,6009,FRANCE,BOUYGUTEL
Bouygues,France,33.0,605,FRANCE,BOUYGUTEL
Bouygues,France,33.0,6533,FRANCE,BOUYGUTEL
Bouygues,France,33.0,6534,FRANCE,BOUYGUTEL
Bouygues,France,33.0,6695,FRANCE,BOUYGUTEL
Bouygues,France,33.0,699,FRANCE,BOUYGUTEL
Bouygues,France,33.0,7523,FRANCE,BOUYGUTEL
Bouygues,France,33.0,758,FRANCE,BOUYGUTEL
Bouygues,France,33.0,760,FRANCE,BOUYGUTEL
Bouygues,France,33.0,668,FRANCE,BOUYGUTEL
Bouygues,France,33.0,751,FRANCE,BOUYGUTEL
Bouygues,France,33.0,6530,FRANCE,BOUYGUTEL
Bouygues,France,33.0,659,FRANCE,BOUYGUTEL
Bouygues,France,33.0,661,FRANCE,BOUYGUTEL
Bouygues,France,33.0,662,FRANCE,BOUYGUTEL
Bouygues,France,33.0,6690,FRANCE,BOUYGUTEL
Bouygues,France,33.0,7525,FRANCE,BOUYGUTEL
Bouygues,France,33.0,753,FRANCE,BOUYGUTEL
Bouygues,France,33.0,6003,FRANCE,BOUYGUTEL
Bouygues,France,33.0,6444,FRANCE,BOUYGUTEL
Free,France,33.0,653,FRANCE,FREE
Free,France,33.0,651,FRANCE,FREE
Free,France,33.0,69500,FRANCE,FREE
Free,France,33.0,652,FRANCE,FREE
Free,France,33.0,695,FRANCE,FREE
Free,France,33.0,,FRANCE,FREE
Free,France,33.0,15,FRANCE,FREE
Orange,France,33.0,,FRANCE,ORANGEFRANCE
Orange,France,33.0,602,FRANCE,ORANGEFRANCE
Orange,France,33.0,01,FRANCE,ORANGEFRANCE
SFR,France,33.0,602,FRANCE,SFR
SFR,France,33.0,640,FRANCE,SFR
SFR,France,33.0,6417,FRANCE,SFR
SFR,France,33.0,643,FRANCE,SFR
SFR,France,33.0,644,FRANCE,SFR
SFR,France,33.0,645,FRANCE,SFR
SFR,France,33.0,648,FRANCE,SFR
SFR,France,33.0,6492,FRANCE,SFR
SFR,France,33.0,64956,FRANCE,SFR
SFR,France,33.0,64958,FRANCE,SFR
SFR,France,33.0,670,FRANCE,SFR
SFR,France,33.0,688,FRANCE,SFR
SFR,France,33.0,77158,FRANCE,SFR
SFR,France,33.0,787,FRANCE,SFR
SFR,France,33.0,788,FRANCE,SFR
SFR,France,33.0,10,FRANCE,SFR
SFR,France,33.0,607,FRANCE,SFR
SFR,France,33.0,6368,FRANCE,SFR
SFR,France,33.0,6494,FRANCE,SFR
SFR,France,33.0,64954,FRANCE,SFR
SFR,France,33.0,6498,FRANCE,SFR
SFR,France,33.0,64993,FRANCE,SFR
SFR,France,33.0,671,FRANCE,SFR
SFR,France,33.0,672,FRANCE,SFR
SFR,France,33.0,679,FRANCE,SFR
SFR,France,33.0,686,FRANCE,SFR
SFR,France,33.0,77156,FRANCE,SFR
SFR,France,33.0,636,FRANCE,SFR
SFR,France,33.0,64951,FRANCE,SFR
SFR,France,33.0,64953,FRANCE,SFR
SFR,France,33.0,673,FRANCE,SFR
SFR,France,33.0,678,FRANCE,SFR
SFR,France,33.0,682,FRANCE,SFR
SFR,France,33.0,689,FRANCE,SFR
SFR,France,33.0,7700,FRANCE,SFR
SFR,France,33.0,786,FRANCE,SFR
SFR,France,33.0,608,FRANCE,SFR
SFR,France,33.0,633,FRANCE,SFR
SFR,France,33.0,647,FRANCE,SFR
SFR,France,33.0,684,FRANCE,SFR
SFR,France,33.0,750,FRANCE,SFR
SFR,France,33.0,77155,FRANCE,SFR
SFR,France,33.0,77159,FRANCE,SFR
SFR,France,33.0,638,FRANCE,SFR
SFR,France,33.0,64160,FRANCE,SFR
SFR,France,33.0,6493,FRANCE,SFR
SFR,France,33.0,64952,FRANCE,SFR
SFR,France,33.0,64959,FRANCE,SFR
SFR,France,33.0,6496,FRANCE,SFR
SFR,France,33.0,674,FRANCE,SFR
SFR,France,33.0,675,FRANCE,SFR
SFR,France,33.0,677,FRANCE,SFR
SFR,France,33.0,680,FRANCE,SFR
SFR,France,33.0,685,FRANCE,SFR
SFR,France,33.0,7707,FRANCE,SFR
SFR,France,33.0,771,FRANCE,SFR
SFR,France,33.0,77157,FRANCE,SFR
SFR,France,33.0,631,FRANCE,SFR
SFR,France,33.0,632,FRANCE,SFR
SFR,France,33.0,6366,FRANCE,SFR
SFR,France,33.0,6490,FRANCE,SFR
SFR,France,33.0,6491,FRANCE,SFR
SFR,France,33.0,64955,FRANCE,SFR
SFR,France,33.0,64957,FRANCE,SFR
SFR,France,33.0,676,FRANCE,SFR
SFR,France,33.0,683,FRANCE,SFR
SFR,France,33.0,687,FRANCE,SFR
SFR,France,33.0,7701,FRANCE,SFR
SFR,France,33.0,7708,FRANCE,SFR
SFR,France,33.0,785,FRANCE,SFR
SFR,France,33.0,,FRANCE,SFR
SFR,France,33.0,6367,FRANCE,SFR
SFR,France,33.0,6369,FRANCE,SFR
SFR,France,33.0,64992,FRANCE,SFR
SFR,France,33.0,681,FRANCE,SFR
SFR,France,33.0,7702,FRANCE,SFR
SFR,France,33.0,7705,FRANCE,SFR
SFR,France,33.0,7709,FRANCE,SFR
SFR,France,33.0,630,FRANCE,SFR
SFR,France,33.0,6365,FRANCE,SFR
SFR,France,33.0,637,FRANCE,SFR
SFR,France,33.0,64161,FRANCE,SFR
SFR,France,33.0,642,FRANCE,SFR
SFR,France,33.0,6497,FRANCE,SFR
SFR,France,33.0,7706,FRANCE,SFR
Onati SAS,French Polynesia,689.0,87,FRENCH POLYNESIA,ONATI SAS
Onati SAS,French Polynesia,689.0,20,FRENCH POLYNESIA,ONATI SAS
PacificMob,French Polynesia,689.0,89,FRENCH POLYNESIA,PACIFICMOB
PacificMob,French Polynesia,689.0,15,FRENCH POLYNESIA,PACIFICMOB
AzurGa,Gabon,241.0,3,GABON,AZURGA
AzurGa,Gabon,241.0,4,GABON,AZURGA
AzurGa,Gabon,241.0,,GABON,AZURGA
Celtel,Gabon,241.0,7,GABON,CELTELGABON
Celtel,Gabon,241.0,3,GABON,CELTELGABON
Celtel,Gabon,241.0,,GABON,CELTELGABON
Libertis,Gabon,241.0,06,GABON,LIBERTIS
Libertis,Gabon,241.0,02,GABON,LIBERTIS
Libertis,Gabon,241.0,05,GABON,LIBERTIS
Libertis,Gabon,241.0,01,GABON,LIBERTIS
Libertis,Gabon,241.0,02,GABON,LIBERTIS S.A
Libertis,Gabon,241.0,1,GABON,LIBERTIS S.A
Libertis,Gabon,241.0,06,GABON,LIBERTIS S.A
Libertis,Gabon,241.0,05,GABON,LIBERTIS S.A
USAN,Gabon,241.0,03,GABON,USAN
USAN,Gabon,241.0,,GABON,USAN
USAN,Gabon,241.0,04,GABON,USAN
Africell,Gambia,220.0,20,GAMBIA,AFRICELL GAM
Africell,Gambia,220.0,22,GAMBIA,AFRICELL GAM
Africell,Gambia,220.0,7,GAMBIA,AFRICELL GAM
Africell,Gambia,220.0,21,GAMBIA,AFRICELL GAM
Africell,Gambia,220.0,02,GAMBIA,AFRICELL GAM
Comium,Gambia,220.0,6099,GAMBIA,COMIUM
Comium,Gambia,220.0,,GAMBIA,COMIUM
Comium,Gambia,220.0,6,GAMBIA,COMIUM
Comium,Gambia,220.0,03,GAMBIA,COMIUM
Gamcel,Gambia,220.0,01,GAMBIA,GAMCEL
Gamcel,Gambia,220.0,9,GAMBIA,GAMCEL
QCELL,Gambia,220.0,3,GAMBIA,QCELL
QCELL,Gambia,220.0,04,GAMBIA,QCELL
GEOCELL,Georgia,995.0,1,GEORGIA,GEOCELL
GEOCELL,Georgia,995.0,,GEORGIA,GEOCELL
GEOCELL,Georgia,995.0,55,GEORGIA,GEOCELL
Magitcom,Georgia,995.0,02,GEORGIA,MAGITCOM
Magitcom,Georgia,995.0,,GEORGIA,MAGITCOM
Magitcom,Georgia,995.0,551,GEORGIA,MAGITCOM
Magitcom,Georgia,995.0,596,GEORGIA,MAGITCOM
Magitcom,Georgia,995.0,595,GEORGIA,MAGITCOM
Magitcom,Georgia,995.0,599,GEORGIA,MAGITCOM
Magitcom,Georgia,995.0,591,GEORGIA,MAGITCOM
Magitcom,Georgia,995.0,598,GEORGIA,MAGITCOM
E-Plus,Germany,49.0,177,GERMANY,E-PLUS
E-Plus,Germany,49.0,03,GERMANY,E-PLUS
E-Plus,Germany,49.0,,GERMANY,E-PLUS
O2,Germany,49.0,176,GERMANY,TELEFONI O2
O2,Germany,49.0,179,GERMANY,TELEFONI O2
O2,Germany,49.0,08,GERMANY,TELEFONI O2
O2,Germany,49.0,,GERMANY,TELEFONI O2
O2,Germany,49.0,07,GERMANY,TELEFONI O2
Vodafone,Germany,49.0,,GERMANY,VODAFONE D2
Vodafone,Germany,49.0,2,GERMANY,VODAFONE D2
Vodafone,Germany,49.0,1520,GERMANY,VODAFONE D2
Vodafone,Germany,49.0,1523,GERMANY,VODAFONEGER
Vodafone,Germany,49.0,1520,GERMANY,VODAFONEGER
Vodafone,Germany,49.0,02,GERMANY,VODAFONEGER
Vodafone,Germany,49.0,1521,GERMANY,VODAFONEGER
Vodafone,Germany,49.0,162,GERMANY,VODAFONEGER
Vodafone,Germany,49.0,172,GERMANY,VODAFONEGER
Vodafone,Germany,49.0,1522,GERMANY,VODAFONEGER
Vodafone,Germany,49.0,173,GERMANY,VODAFONEGER
Vodafone,Germany,49.0,,GERMANY,VODAFONEGER
Vodafone,Germany,49.0,1525,GERMANY,VODAFONEGER
Vodafone,Germany,49.0,174,GERMANY,VODAFONEGER
Moov,Gabon,241.0,05,GHABON,MOOVGHB
Moov,Gabon,241.0,02,GHABON,MOOVGHB
Aritel,Ghana,233.0,26,GHANA,ARITEL
Aritel,Ghana,233.0,,GHANA,ARITEL
Aritel,Ghana,233.0,27,GHANA,ARITEL
Aritel,Ghana,233.0,56,GHANA,ARITEL
Aritel,Ghana,233.0,06,GHANA,ARITEL
Aritel,Ghana,233.0,57,GHANA,ARITEL
Scancom,Ghana,233.0,57,GHANA,GHANASCANCOM
Scancom,Ghana,233.0,596,GHANA,GHANASCANCOM
Scancom,Ghana,233.0,34,GHANA,GHANASCANCOM
Scancom,Ghana,233.0,37,GHANA,GHANASCANCOM
Scancom,Ghana,233.0,38,GHANA,GHANASCANCOM
Scancom,Ghana,233.0,39,GHANA,GHANASCANCOM
Scancom,Ghana,233.0,591,GHANA,GHANASCANCOM
Scancom,Ghana,233.0,594,GHANA,GHANASCANCOM
Scancom,Ghana,233.0,20,GHANA,GHANASCANCOM
Scancom,Ghana,233.0,23,GHANA,GHANASCANCOM
Scancom,Ghana,233.0,30,GHANA,GHANASCANCOM
Scancom,Ghana,233.0,31,GHANA,GHANASCANCOM
Scancom,Ghana,233.0,32,GHANA,GHANASCANCOM
Scancom,Ghana,233.0,33,GHANA,GHANASCANCOM
Scancom,Ghana,233.0,35,GHANA,GHANASCANCOM
Scancom,Ghana,233.0,50,GHANA,GHANASCANCOM
Scancom,Ghana,233.0,26,GHANA,GHANASCANCOM
Scancom,Ghana,233.0,27,GHANA,GHANASCANCOM
Scancom,Ghana,233.0,36,GHANA,GHANASCANCOM
Scancom,Ghana,233.0,595,GHANA,GHANASCANCOM
Scancom,Ghana,233.0,592,GHANA,GHANASCANCOM
Scancom,Ghana,233.0,01,GHANA,GHANASCANCOM
Scancom,Ghana,233.0,24,GHANA,GHANASCANCOM
Scancom,Ghana,233.0,54,GHANA,GHANASCANCOM
Scancom,Ghana,233.0,28,GHANA,GHANASCANCOM
Scancom,Ghana,233.0,55,GHANA,GHANASCANCOM
Scancom,Ghana,233.0,56,GHANA,GHANASCANCOM
Scancom,Ghana,233.0,593,GHANA,GHANASCANCOM
Glo Mobile,Ghana,233.0,,GHANA,GLOMOBILE
Glo Mobile,Ghana,233.0,07,GHANA,GLOMOBILE
Glo Mobile,Ghana,233.0,23,GHANA,GLOMOBILE
Scancom,Ghana,233.0,24,GHANA,SCANCOMGHANA
Scancom,Ghana,233.0,,GHANA,SCANCOMGHANA
Scancom,Ghana,233.0,1,GHANA,SCANCOMGHANA
Vodafone,Ghana,233.0,02,GHANA,VODAFONEGH
Vodafone,Ghana,233.0,20,GHANA,VODAFONEGH
CTS,Gibraltar,350.0,60,GIBRALTAR,CTS
CTS,Gibraltar,350.0,,GIBRALTAR,CTS
CTS,Gibraltar,350.0,06,GIBRALTAR,CTS
Gibtelecom,Gibraltar,350.0,606,GIBRALTAR,GIBTELECOM
Gibtelecom,Gibraltar,350.0,629,GIBRALTAR,GIBTELECOM
Gibtelecom,Gibraltar,350.0,01,GIBRALTAR,GIBTELECOM
Gibtelecom,Gibraltar,350.0,58,GIBRALTAR,GIBTELECOM
Gibtelecom,Gibraltar,350.0,57,GIBRALTAR,GIBTELECOM
Gibtelecom,Gibraltar,350.0,54,GIBRALTAR,GIBTELECOM
Gibtelecom,Gibraltar,350.0,56,GIBRALTAR,GIBTELECOM
Gibtelecom,Gibraltar,350.0,711,GIBRALTAR,GIBTELECOM
CWWI,Granada,1.0,,GRANADA,CWWIGRA
CWWI,Granada,1.0,110,GRANADA,CWWIGRA
CWWI,Granada,1.0,47340,GRANADA,CWWIGRA
Cosmote-Mobi,Greece,30.0,01,GREECE,COSMOTE-MOBI
Cosmote-Mobi,Greece,30.0,697,GREECE,COSMOTE-MOBI
Cosmote-Mobi,Greece,30.0,,GREECE,COSMOTE-MOBI
Q TelecomSA,Greece,30.0,693,GREECE,Q TELECOMSA
Q TelecomSA,Greece,30.0,,GREECE,Q TELECOMSA
Q TelecomSA,Greece,30.0,9,GREECE,Q TELECOMSA
Vodafone,Greece,30.0,,GREECE,VODAF.PANAFO
Vodafone,Greece,30.0,5,GREECE,VODAF.PANAFO
Vodafone,Greece,30.0,694,GREECE,VODAF.PANAFO
Vodafone,Greece,30.0,05,GREECE,VODAFONEGR
Vodafone,Greece,30.0,,GREECE,VODAFONEGR
Vodafone,Greece,30.0,6957,GREECE,VODAFONEGR
Vodafone,Greece,30.0,94,GREECE,VODAFONEGR
Vodafone,Greece,30.0,6955,GREECE,VODAFONEGR
Vodafone,Greece,30.0,6951,GREECE,VODAFONEGR
Vodafone,Greece,30.0,6959,GREECE,VODAFONEGR
Vodafone,Greece,30.0,6950,GREECE,VODAFONEGR
Vodafone,Greece,30.0,694,GREECE,VODAFONEGR
Vodafone,Greece,30.0,6956,GREECE,VODAFONEGR
Vodafone,Greece,30.0,6958,GREECE,VODAFONEGR
WIND HELLAS,Greece,30.0,10,GREECE,WIND HELLAS
WIND HELLAS,Greece,30.0,,GREECE,WIND HELLAS
WIND HELLAS,Greece,30.0,693,GREECE,WIND HELLAS
GreenlandTEL,Greenland,299.0,4,GREENLAND,GREENLANDTEL
GreenlandTEL,Greenland,299.0,01,GREENLAND,GREENLANDTEL
GreenlandTEL,Greenland,299.0,2,GREENLAND,GREENLANDTEL
GreenlandTEL,Greenland,299.0,5,GREENLAND,GREENLANDTEL
TusassGreen,Greenland,299.0,5,GREENLAND,TUSASSGREEN
TusassGreen,Greenland,299.0,4,GREENLAND,TUSASSGREEN
TusassGreen,Greenland,299.0,01,GREENLAND,TUSASSGREEN
TusassGreen,Greenland,299.0,2,GREENLAND,TUSASSGREEN
AntiLeGuyane,Guadeloupe,596.0,69006,GUADELOUPE,ANTILEGUYANE
AntiLeGuyane,Guadeloupe,596.0,20,GUADELOUPE,ANTILEGUYANE
DauphinTlcm,Guadeloupe,590.0,690,GUADELOUPE,DAUPHINTLCM
DauphinTlcm,Guadeloupe,590.0,691,GUADELOUPE,DAUPHINTLCM
DauphinTlcm,Guadeloupe,590.0,08,GUADELOUPE,DAUPHINTLCM
Orange,Guadeloupe,590.0,,GUADELOUPE,ORANGECARAIB
Orange,Guadeloupe,590.0,690,GUADELOUPE,ORANGECARAIB
Orange,Guadeloupe,590.0,1,GUADELOUPE,ORANGECARAIB
DocomoGuam,Guam,1.0,671,GUAM,DOCOMOGUAM
DocomoGuam,Guam,1.0,470,GUAM,DOCOMOGUAM
DocomoGuam,Guam,1.0,670,GUAM,DOCOMOGUAM
DocomoPCGuam,Guam,1.0,370,GUAM,DOCOMOPCGUAM
DocomoPCGuam,Guam,1.0,671,GUAM,DOCOMOPCGUAM
DocomoPCGuam,Guam,1.0,670,GUAM,DOCOMOPCGUAM
GUAM WIRELES,Guam,167.0,,GUAM,GUAM WIRELES
GUAM WIRELES,Guam,167.0,47,GUAM,GUAM WIRELES
GUAM WIRELES,Guam,167.0,670989,GUAM,GUAM WIRELES
Claro,Guatemala,502.0,1,GUATEMALA,CLAROGUATEMA
Claro,Guatemala,502.0,56,GUATEMALA,CLAROGUATEMA
Claro,Guatemala,502.0,58,GUATEMALA,CLAROGUATEMA
Claro,Guatemala,502.0,59,GUATEMALA,CLAROGUATEMA
Claro,Guatemala,502.0,41,GUATEMALA,CLAROGUATEMA
Claro,Guatemala,502.0,47,GUATEMALA,CLAROGUATEMA
Claro,Guatemala,502.0,50,GUATEMALA,CLAROGUATEMA
Claro,Guatemala,502.0,51,GUATEMALA,CLAROGUATEMA
Claro,Guatemala,502.0,55,GUATEMALA,CLAROGUATEMA
Claro,Guatemala,502.0,54,GUATEMALA,CLAROGUATEMA
Claro,Guatemala,502.0,57,GUATEMALA,CLAROGUATEMA
Claro,Guatemala,502.0,53,GUATEMALA,CLAROGUATEMA
Claro,Guatemala,502.0,42,GUATEMALA,CLAROGUATEMA
Tigo,Guatemala,502.0,45,GUATEMALA,TIGO GUATEMA
Tigo,Guatemala,502.0,48,GUATEMALA,TIGO GUATEMA
Tigo,Guatemala,502.0,58,GUATEMALA,TIGO GUATEMA
Tigo,Guatemala,502.0,46,GUATEMALA,TIGO GUATEMA
Tigo,Guatemala,502.0,300,GUATEMALA,TIGO GUATEMA
Tigo,Guatemala,502.0,33,GUATEMALA,TIGO GUATEMA
Tigo,Guatemala,502.0,53,GUATEMALA,TIGO GUATEMA
Tigo,Guatemala,502.0,57,GUATEMALA,TIGO GUATEMA
Tigo,Guatemala,502.0,55,GUATEMALA,TIGO GUATEMA
Tigo,Guatemala,502.0,59,GUATEMALA,TIGO GUATEMA
Tigo,Guatemala,502.0,02,GUATEMALA,TIGO GUATEMA
Tigo,Guatemala,502.0,49,GUATEMALA,TIGO GUATEMA
Tigo,Guatemala,502.0,31,GUATEMALA,TIGO GUATEMA
Tigo,Guatemala,502.0,32,GUATEMALA,TIGO GUATEMA
Tigo,Guatemala,502.0,44,GUATEMALA,TIGO GUATEMA
Tigo,Guatemala,502.0,47,GUATEMALA,TIGO GUATEMA
Tigo,Guatemala,502.0,50,GUATEMALA,TIGO GUATEMA
Tigo,Guatemala,502.0,52,GUATEMALA,TIGO GUATEMA
Tigo,Guatemala,502.0,40,GUATEMALA,TIGO GUATEMA
Tigo,Guatemala,502.0,51,GUATEMALA,TIGO GUATEMA
Sure,Guernsey,44.0,1514,GUERNSEY,SURE
Sure,Guernsey,44.0,7893,GUERNSEY,SURE
Sure,Guernsey,44.0,8000,GUERNSEY,SURE
Sure,Guernsey,44.0,8009,GUERNSEY,SURE
Sure,Guernsey,44.0,80820,GUERNSEY,SURE
Sure,Guernsey,44.0,7013,GUERNSEY,SURE
Sure,Guernsey,44.0,7052,GUERNSEY,SURE
Sure,Guernsey,44.0,7441,GUERNSEY,SURE
Sure,Guernsey,44.0,8442,GUERNSEY,SURE
Sure,Guernsey,44.0,8444,GUERNSEY,SURE
Sure,Guernsey,44.0,3004,GUERNSEY,SURE
Sure,Guernsey,44.0,7406,GUERNSEY,SURE
Sure,Guernsey,44.0,8702,GUERNSEY,SURE
Sure,Guernsey,44.0,8710,GUERNSEY,SURE
Sure,Guernsey,44.0,9051,GUERNSEY,SURE
Sure,Guernsey,44.0,7012,GUERNSEY,SURE
Sure,Guernsey,44.0,7537,GUERNSEY,SURE
Sure,Guernsey,44.0,8451,GUERNSEY,SURE
Sure,Guernsey,44.0,8714,GUERNSEY,SURE
Sure,Guernsey,44.0,8718,GUERNSEY,SURE
Sure,Guernsey,44.0,9067,GUERNSEY,SURE
Sure,Guernsey,44.0,1481,GUERNSEY,SURE
Sure,Guernsey,44.0,7624,GUERNSEY,SURE
Sure,Guernsey,44.0,76770,GUERNSEY,SURE
Sure,Guernsey,44.0,7781,GUERNSEY,SURE
Sure,Guernsey,44.0,7911,GUERNSEY,SURE
Sure,Guernsey,44.0,87210,GUERNSEY,SURE
Sure,Guernsey,44.0,7822,GUERNSEY,SURE
Sure,Guernsey,44.0,8081,GUERNSEY,SURE
Sure,Guernsey,44.0,8452,GUERNSEY,SURE
Sure,Guernsey,44.0,8712,GUERNSEY,SURE
Sure,Guernsey,44.0,55,GUERNSEY,SURE
Sure,Guernsey,44.0,7457,GUERNSEY,SURE
Sure,Guernsey,44.0,80060,GUERNSEY,SURE
Sure,Guernsey,44.0,8433,GUERNSEY,SURE
Sure,Guernsey,44.0,7036,GUERNSEY,SURE
Sure,Guernsey,44.0,76660,GUERNSEY,SURE
Sure,Guernsey,44.0,7700,GUERNSEY,SURE
Sure,Guernsey,44.0,7839,GUERNSEY,SURE
Sure,Guernsey,44.0,80070,GUERNSEY,SURE
Sure,Guernsey,44.0,8446,GUERNSEY,SURE
Sure,Guernsey,44.0,8700,GUERNSEY,SURE
Orange,Guinea-Bissau,245.0,53,GUINEAB,ORANGEBISAU
Orange,Guinea-Bissau,245.0,54,GUINEAB,ORANGEBISAU
Orange,Guinea-Bissau,245.0,55,GUINEAB,ORANGEBISAU
Orange,Guinea-Bissau,245.0,58,GUINEAB,ORANGEBISAU
Orange,Guinea-Bissau,245.0,59,GUINEAB,ORANGEBISAU
Orange,Guinea-Bissau,245.0,,GUINEAB,ORANGEBISAU
Orange,Guinea-Bissau,245.0,56,GUINEAB,ORANGEBISAU
Orange,Guinea-Bissau,245.0,52,GUINEAB,ORANGEBISAU
Orange,Guinea-Bissau,245.0,03,GUINEAB,ORANGEBISAU
Orange,Guinea-Bissau,245.0,51,GUINEAB,ORANGEBISAU
Orange,Guinea-Bissau,245.0,57,GUINEAB,ORANGEBISAU
Orange,Guinea,224.0,623,GUINEE,ORANGEGU
Orange,Guinea,224.0,624,GUINEE,ORANGEGU
Orange,Guinea,224.0,6287,GUINEE,ORANGEGU
Orange,Guinea,224.0,,GUINEE,ORANGEGU
Orange,Guinea,224.0,620,GUINEE,ORANGEGU
Orange,Guinea,224.0,621,GUINEE,ORANGEGU
Orange,Guinea,224.0,6282,GUINEE,ORANGEGU
Orange,Guinea,224.0,6289,GUINEE,ORANGEGU
Orange,Guinea,224.0,629,GUINEE,ORANGEGU
Orange,Guinea,224.0,625,GUINEE,ORANGEGU
Orange,Guinea,224.0,6285,GUINEE,ORANGEGU
Orange,Guinea,224.0,6286,GUINEE,ORANGEGU
Orange,Guinea,224.0,6288,GUINEE,ORANGEGU
Orange,Guinea,224.0,01,GUINEE,ORANGEGU
Orange,Guinea,224.0,622,GUINEE,ORANGEGU
Orange,Guinea,224.0,6280,GUINEE,ORANGEGU
Orange,Guinea,224.0,626,GUINEE,ORANGEGU
Orange,Guinea,224.0,6281,GUINEE,ORANGEGU
Orange,Guinea,224.0,68,GUINEE,ORANGEGU
Orange,Guinea,245.0,52,GUINEEB,ORANGEBISSAU
Orange,Guinea,245.0,54,GUINEEB,ORANGEBISSAU
Orange,Guinea,245.0,56,GUINEEB,ORANGEBISSAU
Orange,Guinea,245.0,51,GUINEEB,ORANGEBISSAU
Orange,Guinea,245.0,,GUINEEB,ORANGEBISSAU
Orange,Guinea,245.0,53,GUINEEB,ORANGEBISSAU
Orange,Guinea,245.0,57,GUINEEB,ORANGEBISSAU
Orange,Guinea,245.0,59,GUINEEB,ORANGEBISSAU
Orange,Guinea,245.0,55,GUINEEB,ORANGEBISSAU
Orange,Guinea,245.0,58,GUINEEB,ORANGEBISSAU
Orange,Guinea,245.0,03,GUINEEB,ORANGEBISSAU
GuyanaTlgrph,Guyana,592.0,614,GUYANA,GUYANATLGRPH
GuyanaTlgrph,Guyana,592.0,622,GUYANA,GUYANATLGRPH
GuyanaTlgrph,Guyana,592.0,623,GUYANA,GUYANATLGRPH
GuyanaTlgrph,Guyana,592.0,645,GUYANA,GUYANATLGRPH
GuyanaTlgrph,Guyana,592.0,647,GUYANA,GUYANATLGRPH
GuyanaTlgrph,Guyana,592.0,654,GUYANA,GUYANATLGRPH
GuyanaTlgrph,Guyana,592.0,657,GUYANA,GUYANATLGRPH
GuyanaTlgrph,Guyana,592.0,653,GUYANA,GUYANATLGRPH
GuyanaTlgrph,Guyana,592.0,611,GUYANA,GUYANATLGRPH
GuyanaTlgrph,Guyana,592.0,620,GUYANA,GUYANATLGRPH
GuyanaTlgrph,Guyana,592.0,648,GUYANA,GUYANATLGRPH
GuyanaTlgrph,Guyana,592.0,649,GUYANA,GUYANATLGRPH
GuyanaTlgrph,Guyana,592.0,651,GUYANA,GUYANATLGRPH
GuyanaTlgrph,Guyana,592.0,612,GUYANA,GUYANATLGRPH
GuyanaTlgrph,Guyana,592.0,616,GUYANA,GUYANATLGRPH
GuyanaTlgrph,Guyana,592.0,628,GUYANA,GUYANATLGRPH
GuyanaTlgrph,Guyana,592.0,634,GUYANA,GUYANATLGRPH
GuyanaTlgrph,Guyana,592.0,643,GUYANA,GUYANATLGRPH
GuyanaTlgrph,Guyana,592.0,646,GUYANA,GUYANATLGRPH
GuyanaTlgrph,Guyana,592.0,617,GUYANA,GUYANATLGRPH
GuyanaTlgrph,Guyana,592.0,618,GUYANA,GUYANATLGRPH
GuyanaTlgrph,Guyana,592.0,629,GUYANA,GUYANATLGRPH
GuyanaTlgrph,Guyana,592.0,652,GUYANA,GUYANATLGRPH
GuyanaTlgrph,Guyana,592.0,002,GUYANA,GUYANATLGRPH
GuyanaTlgrph,Guyana,592.0,609,GUYANA,GUYANATLGRPH
GuyanaTlgrph,Guyana,592.0,615,GUYANA,GUYANATLGRPH
GuyanaTlgrph,Guyana,592.0,621,GUYANA,GUYANATLGRPH
GuyanaTlgrph,Guyana,592.0,625,GUYANA,GUYANATLGRPH
GuyanaTlgrph,Guyana,592.0,627,GUYANA,GUYANATLGRPH
GuyanaTlgrph,Guyana,592.0,638,GUYANA,GUYANATLGRPH
GuyanaTlgrph,Guyana,592.0,641,GUYANA,GUYANATLGRPH
GuyanaTlgrph,Guyana,592.0,642,GUYANA,GUYANATLGRPH
GuyanaTlgrph,Guyana,592.0,644,GUYANA,GUYANATLGRPH
GuyanaTlgrph,Guyana,592.0,656,GUYANA,GUYANATLGRPH
GuyanaTlgrph,Guyana,592.0,658,GUYANA,GUYANATLGRPH
GuyanaTlgrph,Guyana,592.0,610,GUYANA,GUYANATLGRPH
GuyanaTlgrph,Guyana,592.0,619,GUYANA,GUYANATLGRPH
GuyanaTlgrph,Guyana,592.0,626,GUYANA,GUYANATLGRPH
GuyanaTlgrph,Guyana,592.0,650,GUYANA,GUYANATLGRPH
GuyanaTlgrph,Guyana,592.0,613,GUYANA,GUYANATLGRPH
GuyanaTlgrph,Guyana,592.0,624,GUYANA,GUYANATLGRPH
GuyanaTlgrph,Guyana,592.0,639,GUYANA,GUYANATLGRPH
GuyanaTlgrph,Guyana,592.0,640,GUYANA,GUYANATLGRPH
GuyanaTlgrph,Guyana,592.0,655,GUYANA,GUYANATLGRPH
Digicel,Guyana,592.0,603,GUYANE,DIGICLGUYANA
Digicel,Guyana,592.0,633,GUYANE,DIGICLGUYANA
Digicel,Guyana,592.0,637,GUYANE,DIGICLGUYANA
Digicel,Guyana,592.0,674,GUYANE,DIGICLGUYANA
Digicel,Guyana,592.0,675,GUYANE,DIGICLGUYANA
Digicel,Guyana,592.0,687,GUYANE,DIGICLGUYANA
Digicel,Guyana,592.0,696,GUYANE,DIGICLGUYANA
Digicel,Guyana,592.0,698,GUYANE,DIGICLGUYANA
Digicel,Guyana,592.0,699,GUYANE,DIGICLGUYANA
Digicel,Guyana,592.0,701,GUYANE,DIGICLGUYANA
Digicel,Guyana,592.0,702,GUYANE,DIGICLGUYANA
Digicel,Guyana,592.0,723,GUYANE,DIGICLGUYANA
Digicel,Guyana,592.0,748,GUYANE,DIGICLGUYANA
Digicel,Guyana,592.0,636,GUYANE,DIGICLGUYANA
Digicel,Guyana,592.0,659,GUYANE,DIGICLGUYANA
Digicel,Guyana,592.0,661,GUYANE,DIGICLGUYANA
Digicel,Guyana,592.0,666,GUYANE,DIGICLGUYANA
Digicel,Guyana,592.0,670,GUYANE,DIGICLGUYANA
Digicel,Guyana,592.0,685,GUYANE,DIGICLGUYANA
Digicel,Guyana,592.0,692,GUYANE,DIGICLGUYANA
Digicel,Guyana,592.0,608,GUYANE,DIGICLGUYANA
Digicel,Guyana,592.0,667,GUYANE,DIGICLGUYANA
Digicel,Guyana,592.0,682,GUYANE,DIGICLGUYANA
Digicel,Guyana,592.0,683,GUYANE,DIGICLGUYANA
Digicel,Guyana,592.0,693,GUYANE,DIGICLGUYANA
Digicel,Guyana,592.0,694,GUYANE,DIGICLGUYANA
Digicel,Guyana,592.0,697,GUYANE,DIGICLGUYANA
Digicel,Guyana,592.0,700,GUYANE,DIGICLGUYANA
Digicel,Guyana,592.0,704,GUYANE,DIGICLGUYANA
Digicel,Guyana,592.0,721,GUYANE,DIGICLGUYANA
Digicel,Guyana,592.0,750,GUYANE,DIGICLGUYANA
Digicel,Guyana,592.0,01,GUYANE,DIGICLGUYANA
Digicel,Guyana,592.0,630,GUYANE,DIGICLGUYANA
Digicel,Guyana,592.0,660,GUYANE,DIGICLGUYANA
Digicel,Guyana,592.0,665,GUYANE,DIGICLGUYANA
Digicel,Guyana,592.0,669,GUYANE,DIGICLGUYANA
Digicel,Guyana,592.0,672,GUYANE,DIGICLGUYANA
Digicel,Guyana,592.0,689,GUYANE,DIGICLGUYANA
Digicel,Guyana,592.0,745,GUYANE,DIGICLGUYANA
Digicel,Guyana,592.0,671,GUYANE,DIGICLGUYANA
Digicel,Guyana,592.0,673,GUYANE,DIGICLGUYANA
Digicel,Guyana,592.0,677,GUYANE,DIGICLGUYANA
Digicel,Guyana,592.0,678,GUYANE,DIGICLGUYANA
Digicel,Guyana,592.0,681,GUYANE,DIGICLGUYANA
Digicel,Guyana,592.0,686,GUYANE,DIGICLGUYANA
Digicel,Guyana,592.0,602,GUYANE,DIGICLGUYANA
Digicel,Guyana,592.0,604,GUYANE,DIGICLGUYANA
Digicel,Guyana,592.0,662,GUYANE,DIGICLGUYANA
Digicel,Guyana,592.0,663,GUYANE,DIGICLGUYANA
Digicel,Guyana,592.0,676,GUYANE,DIGICLGUYANA
Digicel,Guyana,592.0,679,GUYANE,DIGICLGUYANA
Digicel,Guyana,592.0,690,GUYANE,DIGICLGUYANA
Digicel,Guyana,592.0,722,GUYANE,DIGICLGUYANA
Digicel,Guyana,592.0,743,GUYANE,DIGICLGUYANA
Digicel,Guyana,592.0,632,GUYANE,DIGICLGUYANA
Digicel,Guyana,592.0,664,GUYANE,DIGICLGUYANA
Digicel,Guyana,592.0,680,GUYANE,DIGICLGUYANA
Digicel,Guyana,592.0,688,GUYANE,DIGICLGUYANA
Digicel,Guyana,592.0,695,GUYANE,DIGICLGUYANA
Digicel,Guyana,592.0,703,GUYANE,DIGICLGUYANA
Digicel,Guyana,592.0,724,GUYANE,DIGICLGUYANA
Digicel,Guyana,592.0,600,GUYANE,DIGICLGUYANA
Digicel,Guyana,592.0,601,GUYANE,DIGICLGUYANA
Digicel,Guyana,592.0,668,GUYANE,DIGICLGUYANA
Digicel,Guyana,592.0,684,GUYANE,DIGICLGUYANA
Digicel,Guyana,592.0,691,GUYANE,DIGICLGUYANA
Digicel,Guyana,592.0,744,GUYANE,DIGICLGUYANA
Digicel,Guyana,592.0,746,GUYANE,DIGICLGUYANA
Digicel,Guyana,592.0,747,GUYANE,DIGICLGUYANA
Digicel,Guyana,592.0,749,GUYANE,DIGICLGUYANA
Natcom Haiti,Haiti,509.0,33,HAITI,NATCOM HAITI
Natcom Haiti,Haiti,509.0,41,HAITI,NATCOM HAITI
Natcom Haiti,Haiti,509.0,32,HAITI,NATCOM HAITI
Natcom Haiti,Haiti,509.0,35,HAITI,NATCOM HAITI
Natcom Haiti,Haiti,509.0,43,HAITI,NATCOM HAITI
Natcom Haiti,Haiti,509.0,03,HAITI,NATCOM HAITI
Natcom Haiti,Haiti,509.0,40,HAITI,NATCOM HAITI
Natcom Haiti,Haiti,509.0,42,HAITI,NATCOM HAITI
Celtel,Honduras,504.0,96,HONDURAS,CELULRCELTEL
Celtel,Honduras,504.0,94,HONDURAS,CELULRCELTEL
Celtel,Honduras,504.0,97,HONDURAS,CELULRCELTEL
Celtel,Honduras,504.0,02,HONDURAS,CELULRCELTEL
Celtel,Honduras,504.0,95,HONDURAS,CELULRCELTEL
Celtel,Honduras,504.0,98,HONDURAS,CELULRCELTEL
Celtel,Honduras,504.0,99,HONDURAS,CELULRCELTEL
Claro,Honduras,504.0,316,HONDURAS,CLAROHONDURA
Claro,Honduras,504.0,319,HONDURAS,CLAROHONDURA
Claro,Honduras,504.0,88,HONDURAS,CLAROHONDURA
Claro,Honduras,504.0,315,HONDURAS,CLAROHONDURA
Claro,Honduras,504.0,87,HONDURAS,CLAROHONDURA
Claro,Honduras,504.0,001,HONDURAS,CLAROHONDURA
Claro,Honduras,504.0,314,HONDURAS,CLAROHONDURA
Claro,Honduras,504.0,318,HONDURAS,CLAROHONDURA
Claro,Honduras,504.0,32,HONDURAS,CLAROHONDURA
Claro,Honduras,504.0,317,HONDURAS,CLAROHONDURA
Claro,Honduras,504.0,33,HONDURAS,CLAROHONDURA
Claro,Honduras,504.0,89,HONDURAS,CLAROHONDURA
CSL,Hong Kong,852.0,629,HONG KONG,CSL
CSL,Hong Kong,852.0,697,HONG KONG,CSL
CSL,Hong Kong,852.0,903,HONG KONG,CSL
CSL,Hong Kong,852.0,919,HONG KONG,CSL
CSL,Hong Kong,852.0,605,HONG KONG,CSL
CSL,Hong Kong,852.0,628,HONG KONG,CSL
CSL,Hong Kong,852.0,641,HONG KONG,CSL
CSL,Hong Kong,852.0,654,HONG KONG,CSL
CSL,Hong Kong,852.0,659,HONG KONG,CSL
CSL,Hong Kong,852.0,671,HONG KONG,CSL
CSL,Hong Kong,852.0,677,HONG KONG,CSL
CSL,Hong Kong,852.0,955,HONG KONG,CSL
CSL,Hong Kong,852.0,00,HONG KONG,CSL
CSL,Hong Kong,852.0,02,HONG KONG,CSL
CSL,Hong Kong,852.0,616,HONG KONG,CSL
CSL,Hong Kong,852.0,696,HONG KONG,CSL
CSL,Hong Kong,852.0,910,HONG KONG,CSL
CSL,Hong Kong,852.0,918,HONG KONG,CSL
CSL,Hong Kong,852.0,921,HONG KONG,CSL
CSL,Hong Kong,852.0,926,HONG KONG,CSL
CSL,Hong Kong,852.0,940,HONG KONG,CSL
CSL,Hong Kong,852.0,965,HONG KONG,CSL
CSL,Hong Kong,852.0,602,HONG KONG,CSL
CSL,Hong Kong,852.0,613,HONG KONG,CSL
CSL,Hong Kong,852.0,617,HONG KONG,CSL
CSL,Hong Kong,852.0,624,HONG KONG,CSL
CSL,Hong Kong,852.0,639,HONG KONG,CSL
CSL,Hong Kong,852.0,946,HONG KONG,CSL
CSL,Hong Kong,852.0,953,HONG KONG,CSL
CSL,Hong Kong,852.0,,HONG KONG,CSL
CSL,Hong Kong,852.0,915,HONG KONG,CSL
CSL,Hong Kong,852.0,962,HONG KONG,CSL
CSL,Hong Kong,852.0,976,HONG KONG,CSL
CSL,Hong Kong,852.0,978,HONG KONG,CSL
CSL,Hong Kong,852.0,614,HONG KONG,CSL
CSL,Hong Kong,852.0,683,HONG KONG,CSL
CSL,Hong Kong,852.0,689,HONG KONG,CSL
CSL,Hong Kong,852.0,698,HONG KONG,CSL
CSL,Hong Kong,852.0,905,HONG KONG,CSL
CSL,Hong Kong,852.0,930,HONG KONG,CSL
CSL,Hong Kong,852.0,961,HONG KONG,CSL
CSL,Hong Kong,852.0,637,HONG KONG,CSL
CSL,Hong Kong,852.0,653,HONG KONG,CSL
CSL,Hong Kong,852.0,665,HONG KONG,CSL
CSL,Hong Kong,852.0,925,HONG KONG,CSL
CSL,Hong Kong,852.0,933,HONG KONG,CSL
CSL,Hong Kong,852.0,18,HONG KONG,CSL
CSL,Hong Kong,852.0,603,HONG KONG,CSL
CSL,Hong Kong,852.0,642,HONG KONG,CSL
CSL,Hong Kong,852.0,675,HONG KONG,CSL
CSL,Hong Kong,852.0,682,HONG KONG,CSL
CSL,Hong Kong,852.0,908,HONG KONG,CSL
CSL,Hong Kong,852.0,909,HONG KONG,CSL
CSL,Hong Kong,852.0,987,HONG KONG,CSL
CSL,Hong Kong,852.0,988,HONG KONG,CSL
CSL HK,Hong Kong,852.0,605,HONG KONG,CSL HK
CSL HK,Hong Kong,852.0,0,HONG KONG,CSL HK
CSL HK,Hong Kong,852.0,,HONG KONG,CSL HK
GSM HK,Hong Kong,852.0,632,HONG KONG,GSM HK
GSM HK,Hong Kong,852.0,922,HONG KONG,GSM HK
GSM HK,Hong Kong,852.0,968,HONG KONG,GSM HK
GSM HK,Hong Kong,852.0,,HONG KONG,GSM HK
GSM HK,Hong Kong,852.0,972,HONG KONG,GSM HK
GSM HK,Hong Kong,852.0,973,HONG KONG,GSM HK
GSM HK,Hong Kong,852.0,984,HONG KONG,GSM HK
GSM HK,Hong Kong,852.0,945,HONG KONG,GSM HK
GSM HK,Hong Kong,852.0,06,HONG KONG,GSM HK
GSM HK,Hong Kong,852.0,611,HONG KONG,GSM HK
GSM HK,Hong Kong,852.0,646,HONG KONG,GSM HK
GSM HK,Hong Kong,852.0,913,HONG KONG,GSM HK
GSM HK,Hong Kong,852.0,916,HONG KONG,GSM HK
GSM HK,Hong Kong,852.0,943,HONG KONG,GSM HK
GSM HK,Hong Kong,852.0,901,HONG KONG,GSM HK
GSM HK,Hong Kong,852.0,954,HONG KONG,GSM HK
GSM HK,Hong Kong,852.0,986,HONG KONG,GSM HK
GSM HK,Hong Kong,852.0,601,HONG KONG,GSM HK
GSM HK,Hong Kong,852.0,924,HONG KONG,GSM HK
GSM HK,Hong Kong,852.0,931,HONG KONG,GSM HK
GSM HK,Hong Kong,852.0,938,HONG KONG,GSM HK
GSM HK,Hong Kong,852.0,966,HONG KONG,GSM HK
GSM HK,Hong Kong,852.0,944,HONG KONG,GSM HK
GSM HK,Hong Kong,852.0,985,HONG KONG,GSM HK
GSM HK,Hong Kong,852.0,917,HONG KONG,GSM HK
HKT,Hong Kong,852.0,5146,HONGKONG,HKT
HKT,Hong Kong,852.0,536,HONGKONG,HKT
HKT,Hong Kong,852.0,16,HONGKONG,HKT
HKT,Hong Kong,852.0,660,HONGKONG,HKT
HKT,Hong Kong,852.0,680,HONGKONG,HKT
HKT,Hong Kong,852.0,907,HONGKONG,HKT
HKT,Hong Kong,852.0,964,HONGKONG,HKT
HKT,Hong Kong,852.0,5148,HONGKONG,HKT
HKT,Hong Kong,852.0,518,HONGKONG,HKT
HKT,Hong Kong,852.0,651,HONGKONG,HKT
HKT,Hong Kong,852.0,662,HONGKONG,HKT
HKT,Hong Kong,852.0,692,HONGKONG,HKT
HKT,Hong Kong,852.0,969,HONGKONG,HKT
HKT,Hong Kong,852.0,5145,HONGKONG,HKT
HKT,Hong Kong,852.0,,HONGKONG,HKT
HKT,Hong Kong,852.0,644,HONGKONG,HKT
HKT,Hong Kong,852.0,541,HONGKONG,HKT
HKT,Hong Kong,852.0,630,HONGKONG,HKT
HKT,Hong Kong,852.0,927,HONGKONG,HKT
HKT,Hong Kong,852.0,952,HONGKONG,HKT
HKT,Hong Kong,852.0,532,HONGKONG,HKT
HKT,Hong Kong,852.0,612,HONGKONG,HKT
HKT,Hong Kong,852.0,618,HONGKONG,HKT
HKT,Hong Kong,852.0,649,HONGKONG,HKT
HKT,Hong Kong,852.0,669,HONGKONG,HKT
HKT,Hong Kong,852.0,977,HONGKONG,HKT
HKT,Hong Kong,852.0,5147,HONGKONG,HKT
HKT,Hong Kong,852.0,625,HONGKONG,HKT
HKT,Hong Kong,852.0,638,HONGKONG,HKT
HKT,Hong Kong,852.0,923,HONGKONG,HKT
HKT,Hong Kong,852.0,980,HONGKONG,HKT
TelnorHu,Hungary,36.0,20,HUNGARY,TELNORHU
TelnorHu,Hungary,36.0,,HUNGARY,TELNORHU
TelnorHu,Hungary,36.0,01,HUNGARY,TELNORHU
Vodafone,Hungary,36.0,70,HUNGARY,VODAFONEHUN
Vodafone,Hungary,36.0,,HUNGARY,VODAFONEHUN
WESTEL,Hungary,36.0,30,HUNGARY,WESTEL
WESTEL,Hungary,36.0,,HUNGARY,WESTEL
NOVA,Iceland,354.0,617,ICELAND,NOVA
NOVA,Iceland,354.0,632,ICELAND,NOVA
NOVA,Iceland,354.0,77,ICELAND,NOVA
NOVA,Iceland,354.0,822,ICELAND,NOVA
NOVA,Iceland,354.0,829,ICELAND,NOVA
NOVA,Iceland,354.0,88,ICELAND,NOVA
NOVA,Iceland,354.0,637,ICELAND,NOVA
NOVA,Iceland,354.0,69,ICELAND,NOVA
NOVA,Iceland,354.0,820,ICELAND,NOVA
NOVA,Iceland,354.0,821,ICELAND,NOVA
NOVA,Iceland,354.0,826,ICELAND,NOVA
NOVA,Iceland,354.0,84,ICELAND,NOVA
NOVA,Iceland,354.0,615,ICELAND,NOVA
NOVA,Iceland,354.0,616,ICELAND,NOVA
NOVA,Iceland,354.0,618,ICELAND,NOVA
NOVA,Iceland,354.0,659,ICELAND,NOVA
NOVA,Iceland,354.0,86,ICELAND,NOVA
NOVA,Iceland,354.0,89,ICELAND,NOVA
NOVA,Iceland,354.0,825,ICELAND,NOVA
NOVA,Iceland,354.0,83,ICELAND,NOVA
NOVA,Iceland,354.0,85,ICELAND,NOVA
NOVA,Iceland,354.0,,ICELAND,NOVA
NOVA,Iceland,354.0,67,ICELAND,NOVA
NOVA,Iceland,354.0,68,ICELAND,NOVA
NOVA,Iceland,354.0,823,ICELAND,NOVA
NOVA,Iceland,354.0,824,ICELAND,NOVA
NOVA,Iceland,354.0,827,ICELAND,NOVA
NOVA,Iceland,354.0,828,ICELAND,NOVA
NOVA,Iceland,354.0,87,ICELAND,NOVA
NOVA,Iceland,354.0,11,ICELAND,NOVA
NOVA,Iceland,354.0,66,ICELAND,NOVA
SIMIN1,Iceland,354.0,613,ICELAND,SIMIN1
SIMIN1,Iceland,354.0,611,ICELAND,SIMIN1
SIMIN1,Iceland,354.0,614,ICELAND,SIMIN1
SIMIN1,Iceland,354.0,612,ICELAND,SIMIN1
SIMIN1,Iceland,354.0,12,ICELAND,SIMIN1
SIMIN1,Iceland,354.0,,ICELAND,SIMIN1
SIMIN2,Iceland,354.0,86,ICELAND,SIMIN2
SIMIN2,Iceland,354.0,632,ICELAND,SIMIN2
SIMIN2,Iceland,354.0,637,ICELAND,SIMIN2
SIMIN2,Iceland,354.0,827,ICELAND,SIMIN2
SIMIN2,Iceland,354.0,385,ICELAND,SIMIN2
SIMIN2,Iceland,354.0,87,ICELAND,SIMIN2
SIMIN2,Iceland,354.0,84,ICELAND,SIMIN2
SIMIN2,Iceland,354.0,85,ICELAND,SIMIN2
SIMIN2,Iceland,354.0,,ICELAND,SIMIN2
SIMIN2,Iceland,354.0,83,ICELAND,SIMIN2
SIMIN2,Iceland,354.0,88,ICELAND,SIMIN2
SIMIN2,Iceland,354.0,828,ICELAND,SIMIN2
SIMIN2,Iceland,354.0,01,ICELAND,SIMIN2
SIMIN2,Iceland,354.0,826,ICELAND,SIMIN2
SIMIN2,Iceland,354.0,829,ICELAND,SIMIN2
SIMIN2,Iceland,354.0,89,ICELAND,SIMIN2
SiminIceland,Iceland,354.0,385,ICELAND,SIMINICELAND
SiminIceland,Iceland,354.0,,ICELAND,SIMINICELAND
SiminIceland,Iceland,354.0,08,ICELAND,SIMINICELAND
TAL,Iceland,354.0,615,ICELAND,TAL
TAL,Iceland,354.0,,ICELAND,TAL
TAL,Iceland,354.0,2,ICELAND,TAL
Aircel,India,91.0,9504,INDIA,AIRCELBIH
Aircel,India,91.0,7277,INDIA,AIRCELBIH
Aircel,India,91.0,9852,INDIA,AIRCELBIH
Aircel,India,91.0,8083,INDIA,AIRCELBIH
Aircel,India,91.0,,INDIA,AIRCELBIH
Aircel,India,91.0,8507,INDIA,AIRCELBIH
Aircel,India,91.0,9097,INDIA,AIRCELBIH
Aircel,India,91.0,8804,INDIA,AIRCELBIH
Aircel,India,91.0,25,INDIA,AIRCELBIH
Aircel,India,91.0,9094,INDIA,AIRCELCH
Aircel,India,91.0,9551,INDIA,AIRCELCH
Aircel,India,91.0,7299,INDIA,AIRCELCH
Aircel,India,91.0,9710,INDIA,AIRCELCH
Aircel,India,91.0,9941,INDIA,AIRCELCH
Aircel,India,91.0,9841,INDIA,AIRCELCH
Aircel,India,91.0,,INDIA,AIRCELCH
Aircel,India,91.0,41,INDIA,AIRCELCH
Aircel,India,91.0,7401,INDIA,AIRCELCH
Aircel,India,91.0,8285,INDIA,AIRCELDE
Aircel,India,91.0,800,INDIA,AIRCELDE
Aircel,India,91.0,,INDIA,AIRCELDE
Aircel,India,91.0,9716,INDIA,AIRCELDE
Aircel,India,91.0,8802,INDIA,AIRCELDE
Aircel,India,91.0,7503,INDIA,AIRCELDE
Aircel,India,91.0,86719,INDIA,AIRCELGUJ
Aircel,India,91.0,802,INDIA,AIRCELGUJ
Aircel,India,91.0,9722,INDIA,AIRCELGUJ
Aircel,India,91.0,,INDIA,AIRCELGUJ
Aircel,India,91.0,86720,INDIA,AIRCELGUJ
Aircel,India,91.0,86729,INDIA,AIRCELGUJ
Aircel,India,91.0,86718,INDIA,AIRCELGUJ
Aircel,India,91.0,86730,INDIA,AIRCELGUJ
Aircel,India,91.0,86710,INDIA,AIRCELGUJ
Aircel,India,91.0,86728,INDIA,AIRCELGUJ
Aircel,India,91.0,86738,INDIA,AIRCELGUJ
Aircel,India,91.0,86739,INDIA,AIRCELGUJ
Aircel,India,91.0,86740,INDIA,AIRCELGUJ
Aircel,India,91.0,,INDIA,AIRCELKOL
Aircel,India,91.0,91,INDIA,AIRCELKOL
Aircel,India,91.0,9804,INDIA,AIRCELKOL
Aircel,India,91.0,87520,INDIA,AIRCELL
Aircel,India,91.0,87499,INDIA,AIRCELL
Aircel,India,91.0,87538,INDIA,AIRCELL
Aircel,India,91.0,9613,INDIA,AIRCELL
Aircel,India,91.0,87530,INDIA,AIRCELL
Aircel,India,91.0,87518,INDIA,AIRCELL
Aircel,India,91.0,87528,INDIA,AIRCELL
Aircel,India,91.0,87529,INDIA,AIRCELL
Aircel,India,91.0,9577,INDIA,AIRCELL
Aircel,India,91.0,9859,INDIA,AIRCELL
Aircel,India,91.0,7399,INDIA,AIRCELL
Aircel,India,91.0,87498,INDIA,AIRCELL
Aircel,India,91.0,87510,INDIA,AIRCELL
Aircel,India,91.0,87519,INDIA,AIRCELL
Aircel,India,91.0,29,INDIA,AIRCELL
Aircel,India,91.0,9854,INDIA,AIRCELL
Aircel,India,91.0,,INDIA,AIRCELL
Aircel,India,91.0,86499,INDIA,AIRCELMADP
Aircel,India,91.0,86590,INDIA,AIRCELMADP
Aircel,India,91.0,86548,INDIA,AIRCELMADP
Aircel,India,91.0,86549,INDIA,AIRCELMADP
Aircel,India,91.0,86540,INDIA,AIRCELMADP
Aircel,India,91.0,86568,INDIA,AIRCELMADP
Aircel,India,91.0,86599,INDIA,AIRCELMADP
Aircel,India,91.0,86560,INDIA,AIRCELMADP
Aircel,India,91.0,86598,INDIA,AIRCELMADP
Aircel,India,91.0,9806,INDIA,AIRCELMADP
Aircel,India,91.0,,INDIA,AIRCELMADP
Aircel,India,91.0,86569,INDIA,AIRCELMADP
Aircel,India,91.0,808,INDIA,AIRCELMADP
Aircel,India,91.0,8908,INDIA,AIRCELORI
Aircel,India,91.0,,INDIA,AIRCELORI
Aircel,India,91.0,7504,INDIA,AIRCELORI
Aircel,India,91.0,9658,INDIA,AIRCELORI
Aircel,India,91.0,28,INDIA,AIRCELORI
Aircel,India,91.0,9853,INDIA,AIRCELORI
Aircel,India,91.0,89630,INDIA,AIRCELRAJ
Aircel,India,91.0,89638,INDIA,AIRCELRAJ
Aircel,India,91.0,89520,INDIA,AIRCELRAJ
Aircel,India,91.0,89529,INDIA,AIRCELRAJ
Aircel,India,91.0,9782,INDIA,AIRCELRAJ
Aircel,India,91.0,806,INDIA,AIRCELRAJ
Aircel,India,91.0,89528,INDIA,AIRCELRAJ
Aircel,India,91.0,,INDIA,AIRCELRAJ
Aircel,India,91.0,7402,INDIA,AIRCELTAMN
Aircel,India,91.0,8675,INDIA,AIRCELTAMN
Aircel,India,91.0,8508,INDIA,AIRCELTAMN
Aircel,India,91.0,9965,INDIA,AIRCELTAMN
Aircel,India,91.0,8526,INDIA,AIRCELTAMN
Aircel,India,91.0,8973,INDIA,AIRCELTAMN
Aircel,India,91.0,9715,INDIA,AIRCELTAMN
Aircel,India,91.0,9750,INDIA,AIRCELTAMN
Aircel,India,91.0,9865,INDIA,AIRCELTAMN
Aircel,India,91.0,9942,INDIA,AIRCELTAMN
Aircel,India,91.0,42,INDIA,AIRCELTAMN
Aircel,India,91.0,8760,INDIA,AIRCELTAMN
Aircel,India,91.0,9524,INDIA,AIRCELTAMN
Aircel,India,91.0,9659,INDIA,AIRCELTAMN
Aircel,India,91.0,9976,INDIA,AIRCELTAMN
Aircel,India,91.0,7502,INDIA,AIRCELTAMN
Aircel,India,91.0,8883,INDIA,AIRCELTAMN
Aircel,India,91.0,9578,INDIA,AIRCELTAMN
Aircel,India,91.0,8012,INDIA,AIRCELTAMN
Aircel,India,91.0,8344,INDIA,AIRCELTAMN
Aircel,India,91.0,9688,INDIA,AIRCELTAMN
Aircel,India,91.0,9698,INDIA,AIRCELTAMN
Aircel,India,91.0,,INDIA,AIRCELTAMN
Aircel,India,91.0,7373,INDIA,AIRCELTAMN
Aircel,India,91.0,9095,INDIA,AIRCELTAMN
Aircel,India,91.0,9788,INDIA,AIRCELTAMN
Aircel,India,91.0,9842,INDIA,AIRCELTAMN
Aircel,India,91.0,810,INDIA,AIRCELUPEA
Aircel,India,91.0,8574,INDIA,AIRCELUPEA
Aircel,India,91.0,9807,INDIA,AIRCELUPEA
Aircel,India,91.0,8896,INDIA,AIRCELUPEA
Aircel,India,91.0,,INDIA,AIRCELUPEA
Aircel,India,91.0,9808,INDIA,AIRCELUPWE
Aircel,India,91.0,8410,INDIA,AIRCELUPWE
Aircel,India,91.0,8909,INDIA,AIRCELUPWE
Aircel,India,91.0,,INDIA,AIRCELUPWE
Aircel,India,91.0,811,INDIA,AIRCELUPWE
Airtel,India,91.0,7063,INDIA,BHARTAIRTEL
Airtel,India,91.0,73630,INDIA,BHARTAIRTEL
Airtel,India,91.0,73639,INDIA,BHARTAIRTEL
Airtel,India,91.0,7384,INDIA,BHARTAIRTEL
Airtel,India,91.0,75859,INDIA,BHARTAIRTEL
Airtel,India,91.0,75869,INDIA,BHARTAIRTEL
Airtel,India,91.0,81598,INDIA,BHARTAIRTEL
Airtel,India,91.0,8167,INDIA,BHARTAIRTEL
Airtel,India,91.0,81709,INDIA,BHARTAIRTEL
Airtel,India,91.0,89450,INDIA,BHARTAIRTEL
Airtel,India,91.0,9635,INDIA,BHARTAIRTEL
Airtel,India,91.0,9933,INDIA,BHARTAIRTEL
Airtel,India,91.0,73188,INDIA,BHARTAIRTEL
Airtel,India,91.0,73195,INDIA,BHARTAIRTEL
Airtel,India,91.0,81599,INDIA,BHARTAIRTEL
Airtel,India,91.0,8670,INDIA,BHARTAIRTEL
Airtel,India,91.0,89428,INDIA,BHARTAIRTEL
Airtel,India,91.0,89449,INDIA,BHARTAIRTEL
Airtel,India,91.0,7047,INDIA,BHARTAIRTEL
Airtel,India,91.0,73189,INDIA,BHARTAIRTEL
Airtel,India,91.0,73191,INDIA,BHARTAIRTEL
Airtel,India,91.0,73638,INDIA,BHARTAIRTEL
Airtel,India,91.0,73649,INDIA,BHARTAIRTEL
Airtel,India,91.0,73658,INDIA,BHARTAIRTEL
Airtel,India,91.0,75868,INDIA,BHARTAIRTEL
Airtel,India,91.0,81580,INDIA,BHARTAIRTEL
Airtel,India,91.0,81700,INDIA,BHARTAIRTEL
Airtel,India,91.0,81708,INDIA,BHARTAIRTEL
Airtel,India,91.0,89458,INDIA,BHARTAIRTEL
Airtel,India,91.0,9679,INDIA,BHARTAIRTEL
Airtel,India,91.0,9932,INDIA,BHARTAIRTEL
Airtel,India,91.0,73186,INDIA,BHARTAIRTEL
Airtel,India,91.0,73190,INDIA,BHARTAIRTEL
Airtel,India,91.0,75849,INDIA,BHARTAIRTEL
Airtel,India,91.0,75858,INDIA,BHARTAIRTEL
Airtel,India,91.0,8016,INDIA,BHARTAIRTEL
Airtel,India,91.0,82072,INDIA,BHARTAIRTEL
Airtel,India,91.0,9800,INDIA,BHARTAIRTEL
Airtel,India,91.0,73187,INDIA,BHARTAIRTEL
Airtel,India,91.0,73192,INDIA,BHARTAIRTEL
Airtel,India,91.0,73193,INDIA,BHARTAIRTEL
Airtel,India,91.0,81589,INDIA,BHARTAIRTEL
Airtel,India,91.0,89448,INDIA,BHARTAIRTEL
Airtel,India,91.0,8967,INDIA,BHARTAIRTEL
Airtel,India,91.0,9002,INDIA,BHARTAIRTEL
Airtel,India,91.0,75848,INDIA,BHARTAIRTEL
Airtel,India,91.0,75850,INDIA,BHARTAIRTEL
Airtel,India,91.0,75860,INDIA,BHARTAIRTEL
Airtel,India,91.0,7602,INDIA,BHARTAIRTEL
Airtel,India,91.0,8116,INDIA,BHARTAIRTEL
Airtel,India,91.0,81670,INDIA,BHARTAIRTEL
Airtel,India,91.0,89420,INDIA,BHARTAIRTEL
Airtel,India,91.0,8972,INDIA,BHARTAIRTEL
Airtel,India,91.0,9547,INDIA,BHARTAIRTEL
Airtel,India,91.0,73629,INDIA,BHARTAIRTEL
Airtel,India,91.0,7477,INDIA,BHARTAIRTEL
Airtel,India,91.0,75839,INDIA,BHARTAIRTEL
Airtel,India,91.0,81590,INDIA,BHARTAIRTEL
Airtel,India,91.0,81720,INDIA,BHARTAIRTEL
Airtel,India,91.0,8597,INDIA,BHARTAIRTEL
Airtel,India,91.0,89429,INDIA,BHARTAIRTEL
Airtel,India,91.0,89440,INDIA,BHARTAIRTEL
Airtel,India,91.0,89459,INDIA,BHARTAIRTEL
Airtel,India,91.0,51,INDIA,BHARTAIRTEL
Airtel,India,91.0,73194,INDIA,BHARTAIRTEL
Airtel,India,91.0,73640,INDIA,BHARTAIRTEL
Airtel,India,91.0,73648,INDIA,BHARTAIRTEL
Airtel,India,91.0,73650,INDIA,BHARTAIRTEL
Airtel,India,91.0,73659,INDIA,BHARTAIRTEL
Airtel,India,91.0,7478,INDIA,BHARTAIRTEL
Airtel,India,91.0,75840,INDIA,BHARTAIRTEL
Airtel,India,91.0,81588,INDIA,BHARTAIRTEL
Airtel,India,91.0,82070,INDIA,BHARTAIRTEL
Airtel,India,91.0,89455,INDIA,BHARTAIRTEL
Bharti,India,91.0,9805,INDIA,BHARTI
Bharti,India,91.0,86269,INDIA,BHARTI
Bharti,India,91.0,86298,INDIA,BHARTI
Bharti,India,91.0,8894,INDIA,BHARTI
Bharti,India,91.0,86270,INDIA,BHARTI
Bharti,India,91.0,86280,INDIA,BHARTI
Bharti,India,91.0,86268,INDIA,BHARTI
Bharti,India,91.0,86289,INDIA,BHARTI
Bharti,India,91.0,86290,INDIA,BHARTI
Bharti,India,91.0,86288,INDIA,BHARTI
Bharti,India,91.0,9816,INDIA,BHARTI
Bharti,India,91.0,03,INDIA,BHARTI
Bharti,India,91.0,86278,INDIA,BHARTI
Bharti,India,91.0,86279,INDIA,BHARTI
Airtel,India,91.0,7629,INDIA,BHARTIAIRTEL
Airtel,India,91.0,76290,INDIA,BHARTIAIRTEL
Airtel,India,91.0,81199,INDIA,BHARTIAIRTEL
Airtel,India,91.0,84139,INDIA,BHARTIAIRTEL
Airtel,India,91.0,87309,INDIA,BHARTIAIRTEL
Airtel,India,91.0,9862,INDIA,BHARTIAIRTEL
Airtel,India,91.0,84748,INDIA,BHARTIAIRTEL
Airtel,India,91.0,87618,INDIA,BHARTIAIRTEL
Airtel,India,91.0,88110,INDIA,BHARTIAIRTEL
Airtel,India,91.0,88119,INDIA,BHARTIAIRTEL
Airtel,India,91.0,9934,INDIA,BHARTIAIRTEL
Airtel,India,91.0,7086,INDIA,BHARTIAIRTEL
Airtel,India,91.0,84158,INDIA,BHARTIAIRTEL
Airtel,India,91.0,87320,INDIA,BHARTIAIRTEL
Airtel,India,91.0,81338,INDIA,BHARTIAIRTEL
Airtel,India,91.0,81339,INDIA,BHARTIAIRTEL
Airtel,India,91.0,84719,INDIA,BHARTIAIRTEL
Airtel,India,91.0,84728,INDIA,BHARTIAIRTEL
Airtel,India,91.0,84730,INDIA,BHARTIAIRTEL
Airtel,India,91.0,84739,INDIA,BHARTIAIRTEL
Airtel,India,91.0,9954,INDIA,BHARTIAIRTEL
Airtel,India,91.0,76279,INDIA,BHARTIAIRTEL
Airtel,India,91.0,76289,INDIA,BHARTIAIRTEL
Airtel,India,91.0,76299,INDIA,BHARTIAIRTEL
Airtel,India,91.0,81318,INDIA,BHARTIAIRTEL
Airtel,India,91.0,84149,INDIA,BHARTIAIRTEL
Airtel,India,91.0,87299,INDIA,BHARTIAIRTEL
Airtel,India,91.0,87300,INDIA,BHARTIAIRTEL
Airtel,India,91.0,76370,INDIA,BHARTIAIRTEL
Airtel,India,91.0,81348,INDIA,BHARTIAIRTEL
Airtel,India,91.0,87610,INDIA,BHARTIAIRTEL
Airtel,India,91.0,88128,INDIA,BHARTIAIRTEL
Airtel,India,91.0,76309,INDIA,BHARTIAIRTEL
Airtel,India,91.0,81310,INDIA,BHARTIAIRTEL
Airtel,India,91.0,81329,INDIA,BHARTIAIRTEL
Airtel,India,91.0,87298,INDIA,BHARTIAIRTEL
Airtel,India,91.0,87328,INDIA,BHARTIAIRTEL
Airtel,India,91.0,9378,INDIA,BHARTIAIRTEL
Airtel,India,91.0,7636,INDIA,BHARTIAIRTEL
Airtel,India,91.0,7896,INDIA,BHARTIAIRTEL
Airtel,India,91.0,81330,INDIA,BHARTIAIRTEL
Airtel,India,91.0,81350,INDIA,BHARTIAIRTEL
Airtel,India,91.0,81360,INDIA,BHARTIAIRTEL
Airtel,India,91.0,88118,INDIA,BHARTIAIRTEL
Airtel,India,91.0,9678,INDIA,BHARTIAIRTEL
Airtel,India,91.0,52,INDIA,BHARTIAIRTEL
Airtel,India,91.0,7085,INDIA,BHARTIAIRTEL
Airtel,India,91.0,76280,INDIA,BHARTIAIRTEL
Airtel,India,91.0,76288,INDIA,BHARTIAIRTEL
Airtel,India,91.0,7630,INDIA,BHARTIAIRTEL
Airtel,India,91.0,81190,INDIA,BHARTIAIRTEL
Airtel,India,91.0,81320,INDIA,BHARTIAIRTEL
Airtel,India,91.0,84130,INDIA,BHARTIAIRTEL
Airtel,India,91.0,84148,INDIA,BHARTIAIRTEL
Airtel,India,91.0,84159,INDIA,BHARTIAIRTEL
Airtel,India,91.0,8974,INDIA,BHARTIAIRTEL
Airtel,India,91.0,16,INDIA,BHARTIAIRTEL
Airtel,India,91.0,7635,INDIA,BHARTIAIRTEL
Airtel,India,91.0,7637,INDIA,BHARTIAIRTEL
Airtel,India,91.0,8011,INDIA,BHARTIAIRTEL
Airtel,India,91.0,81358,INDIA,BHARTIAIRTEL
Airtel,India,91.0,81189,INDIA,BHARTIAIRTEL
Airtel,India,91.0,84138,INDIA,BHARTIAIRTEL
Airtel,India,91.0,84140,INDIA,BHARTIAIRTEL
Airtel,India,91.0,84150,INDIA,BHARTIAIRTEL
Airtel,India,91.0,84160,INDIA,BHARTIAIRTEL
Airtel,India,91.0,87310,INDIA,BHARTIAIRTEL
Airtel,India,91.0,87318,INDIA,BHARTIAIRTEL
Airtel,India,91.0,9383,INDIA,BHARTIAIRTEL
Airtel,India,91.0,7086,INDIA,BHARTIAIRTEL
Airtel,India,91.0,81359,INDIA,BHARTIAIRTEL
Airtel,India,91.0,84720,INDIA,BHARTIAIRTEL
Airtel,India,91.0,84738,INDIA,BHARTIAIRTEL
Airtel,India,91.0,88120,INDIA,BHARTIAIRTEL
Airtel,India,91.0,88129,INDIA,BHARTIAIRTEL
Airtel,India,91.0,76300,INDIA,BHARTIAIRTEL
Airtel,India,91.0,76308,INDIA,BHARTIAIRTEL
Airtel,India,91.0,81198,INDIA,BHARTIAIRTEL
Airtel,India,91.0,81319,INDIA,BHARTIAIRTEL
Airtel,India,91.0,9612,INDIA,BHARTIAIRTEL
Airtel,India,91.0,76360,INDIA,BHARTIAIRTEL
Airtel,India,91.0,81340,INDIA,BHARTIAIRTEL
Airtel,India,91.0,84718,INDIA,BHARTIAIRTEL
Airtel,India,91.0,84729,INDIA,BHARTIAIRTEL
Airtel,India,91.0,87619,INDIA,BHARTIAIRTEL
Airtel,India,91.0,56,INDIA,BHARTIAIRTEL
Airtel,India,91.0,7628,INDIA,BHARTIAIRTEL
Airtel,India,91.0,76298,INDIA,BHARTIAIRTEL
Airtel,India,91.0,81328,INDIA,BHARTIAIRTEL
Airtel,India,91.0,87308,INDIA,BHARTIAIRTEL
Airtel,India,91.0,87319,INDIA,BHARTIAIRTEL
Airtel,India,91.0,81349,INDIA,BHARTIAIRTEL
Airtel,India,91.0,84740,INDIA,BHARTIAIRTEL
Airtel,India,91.0,87539,INDIA,BHARTIAIRTEL
Airtel,India,91.0,9957,INDIA,BHARTIAIRTEL
Bharti,India,91.0,9000,INDIA,BHARTIAP
Bharti,India,91.0,9550,INDIA,BHARTIAP
Bharti,India,91.0,9618,INDIA,BHARTIAP
Bharti,India,91.0,9908,INDIA,BHARTIAP
Bharti,India,91.0,9177,INDIA,BHARTIAP
Bharti,India,91.0,9701,INDIA,BHARTIAP
Bharti,India,91.0,49,INDIA,BHARTIAP
Bharti,India,91.0,8008,INDIA,BHARTIAP
Bharti,India,91.0,8179,INDIA,BHARTIAP
Bharti,India,91.0,9866,INDIA,BHARTIAP
Bharti,India,91.0,9959,INDIA,BHARTIAP
Bharti,India,91.0,9963,INDIA,BHARTIAP
Bharti,India,91.0,7893,INDIA,BHARTIAP
Bharti,India,91.0,8374,INDIA,BHARTIAP
Bharti,India,91.0,8897,INDIA,BHARTIAP
Bharti,India,91.0,9573,INDIA,BHARTIAP
Bharti,India,91.0,9652,INDIA,BHARTIAP
Bharti,India,91.0,9949,INDIA,BHARTIAP
Bharti,India,91.0,7702,INDIA,BHARTIAP
Bharti,India,91.0,8790,INDIA,BHARTIAP
Bharti,India,91.0,8978,INDIA,BHARTIAP
Bharti,India,91.0,9676,INDIA,BHARTIAP
Bharti,India,91.0,8106,INDIA,BHARTIAP
Bharti,India,91.0,9502,INDIA,BHARTIAP
Bharti,India,91.0,9704,INDIA,BHARTIAP
Bharti,India,91.0,9849,INDIA,BHARTIAP
Bharti,India,91.0,9989,INDIA,BHARTIAP
Bharti,India,91.0,74579,INDIA,BHARTIAREAST
Bharti,India,91.0,77529,INDIA,BHARTIAREAST
Bharti,India,91.0,77538,INDIA,BHARTIAREAST
Bharti,India,91.0,81758,INDIA,BHARTIAREAST
Bharti,India,91.0,9005,INDIA,BHARTIAREAST
Bharti,India,91.0,95110,INDIA,BHARTIAREAST
Bharti,India,91.0,9794,INDIA,BHARTIAREAST
Bharti,India,91.0,74599,INDIA,BHARTIAREAST
Bharti,India,91.0,75250,INDIA,BHARTIAREAST
Bharti,India,91.0,77548,INDIA,BHARTIAREAST
Bharti,India,91.0,77550,INDIA,BHARTIAREAST
Bharti,India,91.0,7991,INDIA,BHARTIAREAST
Bharti,India,91.0,81738,INDIA,BHARTIAREAST
Bharti,India,91.0,81739,INDIA,BHARTIAREAST
Bharti,India,91.0,81750,INDIA,BHARTIAREAST
Bharti,India,91.0,8528,INDIA,BHARTIAREAST
Bharti,India,91.0,9076,INDIA,BHARTIAREAST
Bharti,India,91.0,91162,INDIA,BHARTIAREAST
Bharti,India,91.0,95111,INDIA,BHARTIAREAST
Bharti,India,91.0,9935,INDIA,BHARTIAREAST
Bharti,India,91.0,74588,INDIA,BHARTIAREAST
Bharti,India,91.0,74598,INDIA,BHARTIAREAST
Bharti,India,91.0,75249,INDIA,BHARTIAREAST
Bharti,India,91.0,77558,INDIA,BHARTIAREAST
Bharti,India,91.0,8009,INDIA,BHARTIAREAST
Bharti,India,91.0,81730,INDIA,BHARTIAREAST
Bharti,India,91.0,95114,INDIA,BHARTIAREAST
Bharti,India,91.0,9651,INDIA,BHARTIAREAST
Bharti,India,91.0,9956,INDIA,BHARTIAREAST
Bharti,India,91.0,74609,INDIA,BHARTIAREAST
Bharti,India,91.0,75239,INDIA,BHARTIAREAST
Bharti,India,91.0,75259,INDIA,BHARTIAREAST
Bharti,India,91.0,8400,INDIA,BHARTIAREAST
Bharti,India,91.0,8429,INDIA,BHARTIAREAST
Bharti,India,91.0,8756,INDIA,BHARTIAREAST
Bharti,India,91.0,9936,INDIA,BHARTIAREAST
Bharti,India,91.0,7080,INDIA,BHARTIAREAST
Bharti,India,91.0,74580,INDIA,BHARTIAREAST
Bharti,India,91.0,75240,INDIA,BHARTIAREAST
Bharti,India,91.0,7607,INDIA,BHARTIAREAST
Bharti,India,91.0,77539,INDIA,BHARTIAREAST
Bharti,India,91.0,77549,INDIA,BHARTIAREAST
Bharti,India,91.0,8127,INDIA,BHARTIAREAST
Bharti,India,91.0,81729,INDIA,BHARTIAREAST
Bharti,India,91.0,8953,INDIA,BHARTIAREAST
Bharti,India,91.0,9198,INDIA,BHARTIAREAST
Bharti,India,91.0,9519,INDIA,BHARTIAREAST
Bharti,India,91.0,54,INDIA,BHARTIAREAST
Bharti,India,91.0,74590,INDIA,BHARTIAREAST
Bharti,India,91.0,7518,INDIA,BHARTIAREAST
Bharti,India,91.0,75230,INDIA,BHARTIAREAST
Bharti,India,91.0,75238,INDIA,BHARTIAREAST
Bharti,India,91.0,7897,INDIA,BHARTIAREAST
Bharti,India,91.0,79921,INDIA,BHARTIAREAST
Bharti,India,91.0,81728,INDIA,BHARTIAREAST
Bharti,India,91.0,81740,INDIA,BHARTIAREAST
Bharti,India,91.0,8853,INDIA,BHARTIAREAST
Bharti,India,91.0,91125,INDIA,BHARTIAREAST
Bharti,India,91.0,9559,INDIA,BHARTIAREAST
Bharti,India,91.0,9695,INDIA,BHARTIAREAST
Bharti,India,91.0,9793,INDIA,BHARTIAREAST
Bharti,India,91.0,7054,INDIA,BHARTIAREAST
Bharti,India,91.0,7388,INDIA,BHARTIAREAST
Bharti,India,91.0,74589,INDIA,BHARTIAREAST
Bharti,India,91.0,75258,INDIA,BHARTIAREAST
Bharti,India,91.0,81748,INDIA,BHARTIAREAST
Bharti,India,91.0,81749,INDIA,BHARTIAREAST
Bharti,India,91.0,9621,INDIA,BHARTIAREAST
Bharti,India,91.0,74600,INDIA,BHARTIAREAST
Bharti,India,91.0,74608,INDIA,BHARTIAREAST
Bharti,India,91.0,75248,INDIA,BHARTIAREAST
Bharti,India,91.0,75260,INDIA,BHARTIAREAST
Bharti,India,91.0,77528,INDIA,BHARTIAREAST
Bharti,India,91.0,77530,INDIA,BHARTIAREAST
Bharti,India,91.0,77540,INDIA,BHARTIAREAST
Bharti,India,91.0,79920,INDIA,BHARTIAREAST
Bharti,India,91.0,80562,INDIA,BHARTICH
Bharti,India,91.0,90030,INDIA,BHARTICH
Bharti,India,91.0,90032,INDIA,BHARTICH
Bharti,India,91.0,95000,INDIA,BHARTICH
Bharti,India,91.0,96772,INDIA,BHARTICH
Bharti,India,91.0,80561,INDIA,BHARTICH
Bharti,India,91.0,90031,INDIA,BHARTICH
Bharti,India,91.0,95660,INDIA,BHARTICH
Bharti,India,91.0,95662,INDIA,BHARTICH
Bharti,India,91.0,96000,INDIA,BHARTICH
Bharti,India,91.0,97890,INDIA,BHARTICH
Bharti,India,91.0,97909,INDIA,BHARTICH
Bharti,India,91.0,9840,INDIA,BHARTICH
Bharti,India,91.0,80560,INDIA,BHARTICH
Bharti,India,91.0,97907,INDIA,BHARTICH
Bharti,India,91.0,97910,INDIA,BHARTICH
Bharti,India,91.0,99400,INDIA,BHARTICH
Bharti,India,91.0,95661,INDIA,BHARTICH
Bharti,India,91.0,96771,INDIA,BHARTICH
Bharti,India,91.0,97899,INDIA,BHARTICH
Bharti,India,91.0,97911,INDIA,BHARTICH
Bharti,India,91.0,99404,INDIA,BHARTICH
Bharti,India,91.0,99405,INDIA,BHARTICH
Bharti,India,91.0,99406,INDIA,BHARTICH
Bharti,India,91.0,99529,INDIA,BHARTICH
Bharti,India,91.0,87544,INDIA,BHARTICH
Bharti,India,91.0,87545,INDIA,BHARTICH
Bharti,India,91.0,95001,INDIA,BHARTICH
Bharti,India,91.0,96770,INDIA,BHARTICH
Bharti,India,91.0,97908,INDIA,BHARTICH
Bharti,India,91.0,99401,INDIA,BHARTICH
Bharti,India,91.0,99402,INDIA,BHARTICH
Bharti,India,91.0,96001,INDIA,BHARTICH
Bharti,India,91.0,99403,INDIA,BHARTICH
Bharti,India,91.0,99520,INDIA,BHARTICH
Bharti,India,91.0,97898,INDIA,BHARTICH
Bharti,India,91.0,40,INDIA,BHARTICH
Bharti,India,91.0,7388,INDIA,BHARTIDEL
Bharti,India,91.0,7780,INDIA,BHARTIDEL
Bharti,India,91.0,7894,INDIA,BHARTIDEL
Bharti,India,91.0,8009,INDIA,BHARTIDEL
Bharti,India,91.0,8400,INDIA,BHARTIDEL
Bharti,India,91.0,87308,INDIA,BHARTIDEL
Bharti,India,91.0,8826,INDIA,BHARTIDEL
Bharti,India,91.0,8967,INDIA,BHARTIDEL
Bharti,India,91.0,9198,INDIA,BHARTIDEL
Bharti,India,91.0,9612,INDIA,BHARTIDEL
Bharti,India,91.0,9651,INDIA,BHARTIDEL
Bharti,India,91.0,9678,INDIA,BHARTIDEL
Bharti,India,91.0,9934,INDIA,BHARTIDEL
Bharti,India,91.0,9936,INDIA,BHARTIDEL
Bharti,India,91.0,9958,INDIA,BHARTIDEL
Bharti,India,91.0,7194,INDIA,BHARTIDEL
Bharti,India,91.0,7607,INDIA,BHARTIDEL
Bharti,India,91.0,7897,INDIA,BHARTIDEL
Bharti,India,91.0,8011,INDIA,BHARTIDEL
Bharti,India,91.0,8016,INDIA,BHARTIDEL
Bharti,India,91.0,8130,INDIA,BHARTIDEL
Bharti,India,91.0,8294,INDIA,BHARTIDEL
Bharti,India,91.0,84939,INDIA,BHARTIDEL
Bharti,India,91.0,87298,INDIA,BHARTIDEL
Bharti,India,91.0,87319,INDIA,BHARTIDEL
Bharti,India,91.0,87328,INDIA,BHARTIDEL
Bharti,India,91.0,8756,INDIA,BHARTIDEL
Bharti,India,91.0,9622,INDIA,BHARTIDEL
Bharti,India,91.0,9797,INDIA,BHARTIDEL
Bharti,India,91.0,9818,INDIA,BHARTIDEL
Bharti,India,91.0,9862,INDIA,BHARTIDEL
Bharti,India,91.0,9910,INDIA,BHARTIDEL
Bharti,India,91.0,10,INDIA,BHARTIDEL
Bharti,India,91.0,8002,INDIA,BHARTIDEL
Bharti,India,91.0,8292,INDIA,BHARTIDEL
Bharti,India,91.0,84920,INDIA,BHARTIDEL
Bharti,India,91.0,8757,INDIA,BHARTIDEL
Bharti,India,91.0,8800,INDIA,BHARTIDEL
Bharti,India,91.0,8809,INDIA,BHARTIDEL
Bharti,India,91.0,9178,INDIA,BHARTIDEL
Bharti,India,91.0,9546,INDIA,BHARTIDEL
Bharti,India,91.0,9650,INDIA,BHARTIDEL
Bharti,India,91.0,9679,INDIA,BHARTIDEL
Bharti,India,91.0,9777,INDIA,BHARTIDEL
Bharti,India,91.0,9794,INDIA,BHARTIDEL
Bharti,India,91.0,9906,INDIA,BHARTIDEL
Bharti,India,91.0,9938,INDIA,BHARTIDEL
Bharti,India,91.0,9939,INDIA,BHARTIDEL
Bharti,India,91.0,9955,INDIA,BHARTIDEL
Bharti,India,91.0,7250,INDIA,BHARTIDEL
Bharti,India,91.0,8127,INDIA,BHARTIDEL
Bharti,India,91.0,84929,INDIA,BHARTIDEL
Bharti,India,91.0,87300,INDIA,BHARTIDEL
Bharti,India,91.0,87318,INDIA,BHARTIDEL
Bharti,India,91.0,88110,INDIA,BHARTIDEL
Bharti,India,91.0,88118,INDIA,BHARTIDEL
Bharti,India,91.0,8953,INDIA,BHARTIDEL
Bharti,India,91.0,8998,INDIA,BHARTIDEL
Bharti,India,91.0,9002,INDIA,BHARTIDEL
Bharti,India,91.0,9621,INDIA,BHARTIDEL
Bharti,India,91.0,9668,INDIA,BHARTIDEL
Bharti,India,91.0,9931,INDIA,BHARTIDEL
Bharti,India,91.0,9971,INDIA,BHARTIDEL
Bharti,India,91.0,8527,INDIA,BHARTIDEL
Bharti,India,91.0,87610,INDIA,BHARTIDEL
Bharti,India,91.0,87618,INDIA,BHARTIDEL
Bharti,India,91.0,87619,INDIA,BHARTIDEL
Bharti,India,91.0,9006,INDIA,BHARTIDEL
Bharti,India,91.0,9162,INDIA,BHARTIDEL
Bharti,India,91.0,9547,INDIA,BHARTIDEL
Bharti,India,91.0,9560,INDIA,BHARTIDEL
Bharti,India,91.0,9631,INDIA,BHARTIDEL
Bharti,India,91.0,9635,INDIA,BHARTIDEL
Bharti,India,91.0,9793,INDIA,BHARTIDEL
Bharti,India,91.0,9800,INDIA,BHARTIDEL
Bharti,India,91.0,9801,INDIA,BHARTIDEL
Bharti,India,91.0,9810,INDIA,BHARTIDEL
Bharti,India,91.0,7896,INDIA,BHARTIDEL
Bharti,India,91.0,84910,INDIA,BHARTIDEL
Bharti,India,91.0,84918,INDIA,BHARTIDEL
Bharti,India,91.0,8670,INDIA,BHARTIDEL
Bharti,India,91.0,9556,INDIA,BHARTIDEL
Bharti,India,91.0,9596,INDIA,BHARTIDEL
Bharti,India,91.0,9661,INDIA,BHARTIDEL
Bharti,India,91.0,9695,INDIA,BHARTIDEL
Bharti,India,91.0,9933,INDIA,BHARTIDEL
Bharti,India,91.0,9935,INDIA,BHARTIDEL
Bharti,India,91.0,7191,INDIA,BHARTIDEL
Bharti,India,91.0,7192,INDIA,BHARTIDEL
Bharti,India,91.0,8018,INDIA,BHARTIDEL
Bharti,India,91.0,8084,INDIA,BHARTIDEL
Bharti,India,91.0,8116,INDIA,BHARTIDEL
Bharti,India,91.0,84919,INDIA,BHARTIDEL
Bharti,India,91.0,84928,INDIA,BHARTIDEL
Bharti,India,91.0,84940,INDIA,BHARTIDEL
Bharti,India,91.0,8658,INDIA,BHARTIDEL
Bharti,India,91.0,87299,INDIA,BHARTIDEL
Bharti,India,91.0,87309,INDIA,BHARTIDEL
Bharti,India,91.0,88120,INDIA,BHARTIDEL
Bharti,India,91.0,88128,INDIA,BHARTIDEL
Bharti,India,91.0,8969,INDIA,BHARTIDEL
Bharti,India,91.0,9199,INDIA,BHARTIDEL
Bharti,India,91.0,9559,INDIA,BHARTIDEL
Bharti,India,91.0,9772,INDIA,BHARTIDEL
Bharti,India,91.0,9956,INDIA,BHARTIDEL
Bharti,India,91.0,9973,INDIA,BHARTIDEL
Bharti,India,91.0,7602,INDIA,BHARTIDEL
Bharti,India,91.0,7739,INDIA,BHARTIDEL
Bharti,India,91.0,84930,INDIA,BHARTIDEL
Bharti,India,91.0,84938,INDIA,BHARTIDEL
Bharti,India,91.0,8521,INDIA,BHARTIDEL
Bharti,India,91.0,87310,INDIA,BHARTIDEL
Bharti,India,91.0,87320,INDIA,BHARTIDEL
Bharti,India,91.0,87539,INDIA,BHARTIDEL
Bharti,India,91.0,88119,INDIA,BHARTIDEL
Bharti,India,91.0,88129,INDIA,BHARTIDEL
Bharti,India,91.0,8853,INDIA,BHARTIDEL
Bharti,India,91.0,8952,INDIA,BHARTIDEL
Bharti,India,91.0,8972,INDIA,BHARTIDEL
Bharti,India,91.0,8974,INDIA,BHARTIDEL
Bharti,India,91.0,9005,INDIA,BHARTIDEL
Bharti,India,91.0,9572,INDIA,BHARTIDEL
Bharti,India,91.0,9717,INDIA,BHARTIDEL
Bharti,India,91.0,9771,INDIA,BHARTIDEL
Bharti,India,91.0,9871,INDIA,BHARTIDEL
Bharti,India,91.0,9932,INDIA,BHARTIDEL
Bharti,India,91.0,9937,INDIA,BHARTIDEL
Bharti,India,91.0,9954,INDIA,BHARTIDEL
Bharti,India,91.0,9957,INDIA,BHARTIDEL
Bharti,India,91.0,7600,INDIA,BHARTIGUJ
Bharti,India,91.0,9601,INDIA,BHARTIGUJ
Bharti,India,91.0,9974,INDIA,BHARTIGUJ
Bharti,India,91.0,9725,INDIA,BHARTIGUJ
Bharti,India,91.0,8128,INDIA,BHARTIGUJ
Bharti,India,91.0,8511,INDIA,BHARTIGUJ
Bharti,India,91.0,9898,INDIA,BHARTIGUJ
Bharti,India,91.0,9998,INDIA,BHARTIGUJ
Bharti,India,91.0,9724,INDIA,BHARTIGUJ
Bharti,India,91.0,98,INDIA,BHARTIGUJ
Bharti,India,91.0,9558,INDIA,BHARTIGUJ
Bharti,India,91.0,9662,INDIA,BHARTIGUJ
Bharti,India,91.0,9896,INDIA,BHARTIHY
Bharti,India,91.0,85698,INDIA,BHARTIHY
Bharti,India,91.0,85700,INDIA,BHARTIHY
Bharti,India,91.0,85719,INDIA,BHARTIHY
Bharti,India,91.0,85720,INDIA,BHARTIHY
Bharti,India,91.0,8295,INDIA,BHARTIHY
Bharti,India,91.0,96,INDIA,BHARTIHY
Bharti,India,91.0,85709,INDIA,BHARTIHY
Bharti,India,91.0,85710,INDIA,BHARTIHY
Bharti,India,91.0,85718,INDIA,BHARTIHY
Bharti,India,91.0,85708,INDIA,BHARTIHY
Bharti,India,91.0,85699,INDIA,BHARTIHY
Bharti,India,91.0,85728,INDIA,BHARTIHY
Bharti,India,91.0,9996,INDIA,BHARTIHY
Bharti,India,91.0,9729,INDIA,BHARTIHY
Bharti,India,91.0,9567,INDIA,BHARTIKER
Bharti,India,91.0,8129,INDIA,BHARTIKER
Bharti,India,91.0,9633,INDIA,BHARTIKER
Bharti,India,91.0,9746,INDIA,BHARTIKER
Bharti,India,91.0,9895,INDIA,BHARTIKER
Bharti,India,91.0,95,INDIA,BHARTIKER
Bharti,India,91.0,9995,INDIA,BHARTIKER
Bharti,India,91.0,84859,INDIA,BHARTIKK
Bharti,India,91.0,85838,INDIA,BHARTIKK
Bharti,India,91.0,9007,INDIA,BHARTIKK
Bharti,India,91.0,9163,INDIA,BHARTIKK
Bharti,India,91.0,9831,INDIA,BHARTIKK
Bharti,India,91.0,85830,INDIA,BHARTIKK
Bharti,India,91.0,85858,INDIA,BHARTIKK
Bharti,India,91.0,85840,INDIA,BHARTIKK
Bharti,India,91.0,9748,INDIA,BHARTIKK
Bharti,India,91.0,85850,INDIA,BHARTIKK
Bharti,India,91.0,85839,INDIA,BHARTIKK
Bharti,India,91.0,85848,INDIA,BHARTIKK
Bharti,India,91.0,9903,INDIA,BHARTIKK
Bharti,India,91.0,31,INDIA,BHARTIKK
Bharti,India,91.0,85828,INDIA,BHARTIKK
Bharti,India,91.0,85829,INDIA,BHARTIKK
Bharti,India,91.0,8420,INDIA,BHARTIKK
Bharti,India,91.0,9731,INDIA,BHARTIKT
Bharti,India,91.0,9740,INDIA,BHARTIKT
Bharti,India,91.0,9845,INDIA,BHARTIKT
Bharti,India,91.0,45,INDIA,BHARTIKT
Bharti,India,91.0,8861,INDIA,BHARTIKT
Bharti,India,91.0,9980,INDIA,BHARTIKT
Bharti,India,91.0,7760,INDIA,BHARTIKT
Bharti,India,91.0,9663,INDIA,BHARTIKT
Bharti,India,91.0,9902,INDIA,BHARTIKT
Bharti,India,91.0,9632,INDIA,BHARTIKT
Bharti,India,91.0,9901,INDIA,BHARTIKT
Bharti,India,91.0,9945,INDIA,BHARTIKT
Bharti,India,91.0,9972,INDIA,BHARTIKT
Bharti,India,91.0,7259,INDIA,BHARTIKT
Bharti,India,91.0,8197,INDIA,BHARTIKT
Bharti,India,91.0,9008,INDIA,BHARTIKT
Bharti,India,91.0,9591,INDIA,BHARTIKT
Bharti,India,91.0,9611,INDIA,BHARTIKT
Bharti,India,91.0,9686,INDIA,BHARTIKT
Bharti,India,91.0,9900,INDIA,BHARTIKT
Bharti,India,91.0,8971,INDIA,BHARTIKT
Bharti,India,91.0,8105,INDIA,BHARTIKT
Bharti,India,91.0,9535,INDIA,BHARTIKT
Bharti,India,91.0,9741,INDIA,BHARTIKT
Bharti,India,91.0,9880,INDIA,BHARTIKT
Bharti,India,91.0,9890,INDIA,BHARTIMA
Bharti,India,91.0,8600,INDIA,BHARTIMA
Bharti,India,91.0,9503,INDIA,BHARTIMA
Bharti,India,91.0,90,INDIA,BHARTIMA
Bharti,India,91.0,9730,INDIA,BHARTIMA
Bharti,India,91.0,9860,INDIA,BHARTIMA
Bharti,India,91.0,9970,INDIA,BHARTIMA
Bharti,India,91.0,9561,INDIA,BHARTIMA
Bharti,India,91.0,9665,INDIA,BHARTIMA
Bharti,India,91.0,9766,INDIA,BHARTIMA
Bharti,India,91.0,7387,INDIA,BHARTIMA
Bharti,India,91.0,9096,INDIA,BHARTIMA
Bharti,India,91.0,7709,INDIA,BHARTIMA
Bharti,India,91.0,9960,INDIA,BHARTIMA
Bharti,India,91.0,9975,INDIA,BHARTIMA
Bharti,India,91.0,8085,INDIA,BHARTIMAP
Bharti,India,91.0,9589,INDIA,BHARTIMAP
Bharti,India,91.0,9630,INDIA,BHARTIMAP
Bharti,India,91.0,9685,INDIA,BHARTIMAP
Bharti,India,91.0,7389,INDIA,BHARTIMAP
Bharti,India,91.0,93,INDIA,BHARTIMAP
Bharti,India,91.0,8349,INDIA,BHARTIMAP
Bharti,India,91.0,9179,INDIA,BHARTIMAP
Bharti,India,91.0,9752,INDIA,BHARTIMAP
Bharti,India,91.0,7898,INDIA,BHARTIMAP
Bharti,India,91.0,8827,INDIA,BHARTIMAP
Bharti,India,91.0,9755,INDIA,BHARTIMAP
Bharti,India,91.0,9993,INDIA,BHARTIMAP
Bharti,India,91.0,7869,INDIA,BHARTIMAP
Bharti,India,91.0,9893,INDIA,BHARTIMAP
Bharti,India,91.0,9981,INDIA,BHARTIMAP
Bharti,India,91.0,9004,INDIA,BHARTIMB
Bharti,India,91.0,92,INDIA,BHARTIMB
Bharti,India,91.0,9967,INDIA,BHARTIMB
Bharti,India,91.0,9987,INDIA,BHARTIMB
Bharti,India,91.0,7738,INDIA,BHARTIMB
Bharti,India,91.0,9867,INDIA,BHARTIMB
Bharti,India,91.0,9892,INDIA,BHARTIMB
Bharti,India,91.0,9501,INDIA,BHARTIPUN
Bharti,India,91.0,9878,INDIA,BHARTIPUN
Bharti,India,91.0,9976,INDIA,BHARTIPUN
Bharti,India,91.0,02,INDIA,BHARTIPUN
Bharti,India,91.0,8146,INDIA,BHARTIPUN
Bharti,India,91.0,9815,INDIA,BHARTIPUN
Bharti,India,91.0,8427,INDIA,BHARTIPUN
Bharti,India,91.0,9779,INDIA,BHARTIPUN
Bharti,India,91.0,8968,INDIA,BHARTIPUN
Bharti,India,91.0,9872,INDIA,BHARTIPUN
Bharti,India,91.0,9915,INDIA,BHARTIPUN
Bharti,India,91.0,8003,INDIA,BHARTIRAJ
Bharti,India,91.0,8769,INDIA,BHARTIRAJ
Bharti,India,91.0,8997,INDIA,BHARTIRAJ
Bharti,India,91.0,9799,INDIA,BHARTIRAJ
Bharti,India,91.0,9571,INDIA,BHARTIRAJ
Bharti,India,91.0,9602,INDIA,BHARTIRAJ
Bharti,India,91.0,9636,INDIA,BHARTIRAJ
Bharti,India,91.0,9660,INDIA,BHARTIRAJ
Bharti,India,91.0,8107,INDIA,BHARTIRAJ
Bharti,India,91.0,9001,INDIA,BHARTIRAJ
Bharti,India,91.0,9928,INDIA,BHARTIRAJ
Bharti,India,91.0,70,INDIA,BHARTIRAJ
Bharti,India,91.0,7568,INDIA,BHARTIRAJ
Bharti,India,91.0,7742,INDIA,BHARTIRAJ
Bharti,India,91.0,9166,INDIA,BHARTIRAJ
Bharti,India,91.0,9680,INDIA,BHARTIRAJ
Bharti,India,91.0,9784,INDIA,BHARTIRAJ
Bharti,India,91.0,9929,INDIA,BHARTIRAJ
Bharti,India,91.0,9950,INDIA,BHARTIRAJ
Bharti,India,91.0,8290,INDIA,BHARTIRAJ
Bharti,India,91.0,8890,INDIA,BHARTIRAJ
Bharti,India,91.0,9829,INDIA,BHARTIRAJ
Bharti,India,91.0,80565,INDIA,BHARTITAMN
Bharti,India,91.0,8220,INDIA,BHARTITAMN
Bharti,India,91.0,87540,INDIA,BHARTITAMN
Bharti,India,91.0,97904,INDIA,BHARTITAMN
Bharti,India,91.0,97912,INDIA,BHARTITAMN
Bharti,India,91.0,97916,INDIA,BHARTITAMN
Bharti,India,91.0,99522,INDIA,BHARTITAMN
Bharti,India,91.0,99526,INDIA,BHARTITAMN
Bharti,India,91.0,9994,INDIA,BHARTITAMN
Bharti,India,91.0,80568,INDIA,BHARTITAMN
Bharti,India,91.0,87546,INDIA,BHARTITAMN
Bharti,India,91.0,95007,INDIA,BHARTITAMN
Bharti,India,91.0,9597,INDIA,BHARTITAMN
Bharti,India,91.0,96009,INDIA,BHARTITAMN
Bharti,India,91.0,9629,INDIA,BHARTITAMN
Bharti,India,91.0,96777,INDIA,BHARTITAMN
Bharti,India,91.0,97905,INDIA,BHARTITAMN
Bharti,India,91.0,97906,INDIA,BHARTITAMN
Bharti,India,91.0,97915,INDIA,BHARTITAMN
Bharti,India,91.0,97919,INDIA,BHARTITAMN
Bharti,India,91.0,99407,INDIA,BHARTITAMN
Bharti,India,91.0,99524,INDIA,BHARTITAMN
Bharti,India,91.0,7708,INDIA,BHARTITAMN
Bharti,India,91.0,80569,INDIA,BHARTITAMN
Bharti,India,91.0,87543,INDIA,BHARTITAMN
Bharti,India,91.0,87549,INDIA,BHARTITAMN
Bharti,India,91.0,95002,INDIA,BHARTITAMN
Bharti,India,91.0,95005,INDIA,BHARTITAMN
Bharti,India,91.0,95009,INDIA,BHARTITAMN
Bharti,India,91.0,95667,INDIA,BHARTITAMN
Bharti,India,91.0,96008,INDIA,BHARTITAMN
Bharti,India,91.0,96776,INDIA,BHARTITAMN
Bharti,India,91.0,96779,INDIA,BHARTITAMN
Bharti,India,91.0,97914,INDIA,BHARTITAMN
Bharti,India,91.0,97917,INDIA,BHARTITAMN
Bharti,India,91.0,99409,INDIA,BHARTITAMN
Bharti,India,91.0,87547,INDIA,BHARTITAMN
Bharti,India,91.0,90033,INDIA,BHARTITAMN
Bharti,India,91.0,95004,INDIA,BHARTITAMN
Bharti,India,91.0,95668,INDIA,BHARTITAMN
Bharti,India,91.0,96005,INDIA,BHARTITAMN
Bharti,India,91.0,96007,INDIA,BHARTITAMN
Bharti,India,91.0,96773,INDIA,BHARTITAMN
Bharti,India,91.0,96775,INDIA,BHARTITAMN
Bharti,India,91.0,97903,INDIA,BHARTITAMN
Bharti,India,91.0,99521,INDIA,BHARTITAMN
Bharti,India,91.0,99528,INDIA,BHARTITAMN
Bharti,India,91.0,94,INDIA,BHARTITAMN
Bharti,India,91.0,87541,INDIA,BHARTITAMN
Bharti,India,91.0,87542,INDIA,BHARTITAMN
Bharti,India,91.0,8870,INDIA,BHARTITAMN
Bharti,India,91.0,90037,INDIA,BHARTITAMN
Bharti,India,91.0,90038,INDIA,BHARTITAMN
Bharti,India,91.0,95663,INDIA,BHARTITAMN
Bharti,India,91.0,95664,INDIA,BHARTITAMN
Bharti,India,91.0,95669,INDIA,BHARTITAMN
Bharti,India,91.0,96778,INDIA,BHARTITAMN
Bharti,India,91.0,9894,INDIA,BHARTITAMN
Bharti,India,91.0,99527,INDIA,BHARTITAMN
Bharti,India,91.0,80566,INDIA,BHARTITAMN
Bharti,India,91.0,87548,INDIA,BHARTITAMN
Bharti,India,91.0,90034,INDIA,BHARTITAMN
Bharti,India,91.0,95006,INDIA,BHARTITAMN
Bharti,India,91.0,95665,INDIA,BHARTITAMN
Bharti,India,91.0,95666,INDIA,BHARTITAMN
Bharti,India,91.0,9789,INDIA,BHARTITAMN
Bharti,India,91.0,97901,INDIA,BHARTITAMN
Bharti,India,91.0,97913,INDIA,BHARTITAMN
Bharti,India,91.0,97918,INDIA,BHARTITAMN
Bharti,India,91.0,99408,INDIA,BHARTITAMN
Bharti,India,91.0,99525,INDIA,BHARTITAMN
Bharti,India,91.0,80563,INDIA,BHARTITAMN
Bharti,India,91.0,80567,INDIA,BHARTITAMN
Bharti,India,91.0,90035,INDIA,BHARTITAMN
Bharti,India,91.0,95003,INDIA,BHARTITAMN
Bharti,India,91.0,96003,INDIA,BHARTITAMN
Bharti,India,91.0,96004,INDIA,BHARTITAMN
Bharti,India,91.0,96774,INDIA,BHARTITAMN
Bharti,India,91.0,97902,INDIA,BHARTITAMN
Bharti,India,91.0,9944,INDIA,BHARTITAMN
Bharti,India,91.0,99523,INDIA,BHARTITAMN
Bharti,India,91.0,80564,INDIA,BHARTITAMN
Bharti,India,91.0,90036,INDIA,BHARTITAMN
Bharti,India,91.0,90039,INDIA,BHARTITAMN
Bharti,India,91.0,95008,INDIA,BHARTITAMN
Bharti,India,91.0,96002,INDIA,BHARTITAMN
Bharti,India,91.0,96006,INDIA,BHARTITAMN
Bharti,India,91.0,97900,INDIA,BHARTITAMN
Bharti,India,91.0,8755,INDIA,BHARTIUP
Bharti,India,91.0,8979,INDIA,BHARTIUP
Bharti,India,91.0,9634,INDIA,BHARTIUP
Bharti,India,91.0,9997,INDIA,BHARTIUP
Bharti,India,91.0,9897,INDIA,BHARTIUP
Bharti,India,91.0,8126,INDIA,BHARTIUP
Bharti,India,91.0,8171,INDIA,BHARTIUP
Bharti,India,91.0,9760,INDIA,BHARTIUP
Bharti,India,91.0,97,INDIA,BHARTIUP
Bharti,India,91.0,7895,INDIA,BHARTIUP
Bharti,India,91.0,9557,INDIA,BHARTIUP
Idea,India,91.0,9718,INDIA,IDEA
Idea,India,91.0,9911,INDIA,IDEA
Idea,India,91.0,9540,INDIA,IDEA
Idea,India,91.0,9990,INDIA,IDEA
Idea,India,91.0,,INDIA,IDEA
Idea,India,91.0,4,INDIA,IDEA
Idea,India,91.0,9891,INDIA,IDEA
Idea,India,91.0,7654,INDIA,IDEABIJAR
Idea,India,91.0,70,INDIA,IDEABIJAR
Idea,India,91.0,9576,INDIA,IDEABIJAR
Idea,India,91.0,9507,INDIA,IDEABIJAR
Idea,India,91.0,9525,INDIA,IDEABIJAR
Idea,India,91.0,,INDIA,IDEABIJAR
Idea,India,91.0,8873,INDIA,IDEABIJAR
Idea,India,91.0,9708,INDIA,IDEABIJAR
Idea,India,91.0,9812,INDIA,IDEADE
Idea,India,91.0,9992,INDIA,IDEADE
Idea,India,91.0,,INDIA,IDEADE
Idea,India,91.0,8059,INDIA,IDEADE
Idea,India,91.0,9728,INDIA,IDEADE
Idea,India,91.0,04,INDIA,IDEADE
Idea,India,91.0,9574,INDIA,IDEAGU
Idea,India,91.0,9904,INDIA,IDEAGU
Idea,India,91.0,9714,INDIA,IDEAGU
Idea,India,91.0,9824,INDIA,IDEAGU
Idea,India,91.0,,INDIA,IDEAGU
Idea,India,91.0,9624,INDIA,IDEAGU
Idea,India,91.0,9723,INDIA,IDEAGU
Idea,India,91.0,9924,INDIA,IDEAGU
Idea,India,91.0,24,INDIA,IDEAGU
Idea,India,91.0,8140,INDIA,IDEAGU
Idea,India,91.0,9737,INDIA,IDEAGU
Idea,India,91.0,,INDIA,IDEAHIPR
Idea,India,91.0,82,INDIA,IDEAHIPR
Idea,India,91.0,9882,INDIA,IDEAHIPR
Idea,India,91.0,44,INDIA,IDEAKA
Idea,India,91.0,9743,INDIA,IDEAKA
Idea,India,91.0,,INDIA,IDEAKA
Idea,India,91.0,8970,INDIA,IDEAKA
Idea,India,91.0,9164,INDIA,IDEAKA
Idea,India,91.0,9844,INDIA,IDEAKA
Idea,India,91.0,9964,INDIA,IDEAKA
Idea,India,91.0,,INDIA,IDEAKER
Idea,India,91.0,19,INDIA,IDEAKER
Idea,India,91.0,9544,INDIA,IDEAKER
Idea,India,91.0,9656,INDIA,IDEAKER
Idea,India,91.0,9562,INDIA,IDEAKER
Idea,India,91.0,9605,INDIA,IDEAKER
Idea,India,91.0,9747,INDIA,IDEAKER
Idea,India,91.0,9947,INDIA,IDEAKER
Idea,India,91.0,9526,INDIA,IDEAKER
Idea,India,91.0,9744,INDIA,IDEAKER
Idea,India,91.0,9847,INDIA,IDEAKER
Idea,India,91.0,9961,INDIA,IDEAKER
Idea,India,91.0,848,INDIA,IDEAKOL
Idea,India,91.0,,INDIA,IDEAKOL
Idea,India,91.0,9088,INDIA,IDEAKOL
Idea,India,91.0,9552,INDIA,IDEAMAH
Idea,India,91.0,9922,INDIA,IDEAMAH
Idea,India,91.0,22,INDIA,IDEAMAH
Idea,India,91.0,,INDIA,IDEAMAH
Idea,India,91.0,9767,INDIA,IDEAMAH
Idea,India,91.0,9881,INDIA,IDEAMAH
Idea,India,91.0,8805,INDIA,IDEAMAH
Idea,India,91.0,8975,INDIA,IDEAMAH
Idea,India,91.0,9011,INDIA,IDEAMAH
Idea,India,91.0,9623,INDIA,IDEAMAH
Idea,India,91.0,9657,INDIA,IDEAMAH
Idea,India,91.0,9527,INDIA,IDEAMAH
Idea,India,91.0,9604,INDIA,IDEAMAH
Idea,India,91.0,9689,INDIA,IDEAMAH
Idea,India,91.0,9763,INDIA,IDEAMAH
Idea,India,91.0,9822,INDIA,IDEAMAH
Idea,India,91.0,9850,INDIA,IDEAMAH
Idea,India,91.0,9921,INDIA,IDEAMAH
Idea,India,91.0,9009,INDIA,IDEAMAH2
Idea,India,91.0,9754,INDIA,IDEAMAH2
Idea,India,91.0,8959,INDIA,IDEAMAH2
Idea,India,91.0,9669,INDIA,IDEAMAH2
Idea,India,91.0,9926,INDIA,IDEAMAH2
Idea,India,91.0,8120,INDIA,IDEAMAH2
Idea,India,91.0,9753,INDIA,IDEAMAH2
Idea,India,91.0,78,INDIA,IDEAMAH2
Idea,India,91.0,9165,INDIA,IDEAMAH2
Idea,India,91.0,9617,INDIA,IDEAMAH2
Idea,India,91.0,9826,INDIA,IDEAMAH2
Idea,India,91.0,,INDIA,IDEAMAH2
Idea,India,91.0,9575,INDIA,IDEAMAH2
Idea,India,91.0,9977,INDIA,IDEAMAH2
Idea,India,91.0,8108,INDIA,IDEAMUM
Idea,India,91.0,9594,INDIA,IDEAMUM
Idea,India,91.0,9702,INDIA,IDEAMUM
Idea,India,91.0,799,INDIA,IDEAMUM
Idea,India,91.0,,INDIA,IDEAMUM
Idea,India,91.0,,INDIA,IDEAORI
Idea,India,91.0,9090,INDIA,IDEAORI
Idea,India,91.0,850,INDIA,IDEAORI
Idea,India,91.0,9505,INDIA,IDEAPR
Idea,India,91.0,9010,INDIA,IDEAPR
Idea,India,91.0,9603,INDIA,IDEAPR
Idea,India,91.0,9948,INDIA,IDEAPR
Idea,India,91.0,9705,INDIA,IDEAPR
Idea,India,91.0,9951,INDIA,IDEAPR
Idea,India,91.0,,INDIA,IDEAPR
Idea,India,91.0,9912,INDIA,IDEAPR
Idea,India,91.0,9542,INDIA,IDEAPR
Idea,India,91.0,9848,INDIA,IDEAPR
Idea,India,91.0,07,INDIA,IDEAPR
Idea,India,91.0,8096,INDIA,IDEAPR
Idea,India,91.0,9553,INDIA,IDEAPR
Idea,India,91.0,9640,INDIA,IDEAPR
Idea,India,91.0,9666,INDIA,IDEAPR
Idea,India,91.0,9914,INDIA,IDEAPU
Idea,India,91.0,8872,INDIA,IDEAPU
Idea,India,91.0,9781,INDIA,IDEAPU
Idea,India,91.0,9814,INDIA,IDEAPU
Idea,India,91.0,9855,INDIA,IDEAPU
Idea,India,91.0,14,INDIA,IDEAPU
Idea,India,91.0,,INDIA,IDEAPU
Idea,India,91.0,9592,INDIA,IDEAPU
Idea,India,91.0,8058,INDIA,IDEARAJ
Idea,India,91.0,9887,INDIA,IDEARAJ
Idea,India,91.0,7891,INDIA,IDEARAJ
Idea,India,91.0,9785,INDIA,IDEARAJ
Idea,India,91.0,9694,INDIA,IDEARAJ
Idea,India,91.0,,INDIA,IDEARAJ
Idea,India,91.0,87,INDIA,IDEARAJ
Idea,India,91.0,8124,INDIA,IDEATAMN
Idea,India,91.0,,INDIA,IDEATAMN
Idea,India,91.0,852,INDIA,IDEATAMN
Idea,India,91.0,9092,INDIA,IDEATAMN
Idea,India,91.0,,INDIA,IDEAUP
Idea,India,91.0,89,INDIA,IDEAUP
Idea,India,91.0,9795,INDIA,IDEAUP
Idea,India,91.0,9889,INDIA,IDEAUP
Idea,India,91.0,8808,INDIA,IDEAUP
Idea,India,91.0,9598,INDIA,IDEAUP
Idea,India,91.0,9616,INDIA,IDEAUP
Idea,India,91.0,9506,INDIA,IDEAUP
Idea,India,91.0,9093,INDIA,IDEAWBEN
Idea,India,91.0,,INDIA,IDEAWBEN
Idea,India,91.0,853,INDIA,IDEAWBEN
Idea,India,91.0,9927,INDIA,IDEAWEST
Idea,India,91.0,,INDIA,IDEAWEST
Idea,India,91.0,9690,INDIA,IDEAWEST
Idea,India,91.0,8057,INDIA,IDEAWEST
Idea,India,91.0,9012,INDIA,IDEAWEST
Idea,India,91.0,9639,INDIA,IDEAWEST
Idea,India,91.0,9756,INDIA,IDEAWEST
Idea,India,91.0,8958,INDIA,IDEAWEST
Idea,India,91.0,9837,INDIA,IDEAWEST
Idea,India,91.0,9917,INDIA,IDEAWEST
Idea,India,91.0,9568,INDIA,IDEAWEST
Idea,India,91.0,56,INDIA,IDEAWEST
Reliance,India,91.0,7669,INDIA,RELIANCE
Reliance,India,91.0,7676,INDIA,RELIANCE
Reliance,India,91.0,7878,INDIA,RELIANCE
Reliance,India,91.0,8000,INDIA,RELIANCE
Reliance,India,91.0,8055,INDIA,RELIANCE
Reliance,India,91.0,8099,INDIA,RELIANCE
Reliance,India,91.0,8101,INDIA,RELIANCE
Reliance,India,91.0,8144,INDIA,RELIANCE
Reliance,India,91.0,82299,INDIA,RELIANCE
Reliance,India,91.0,82318,INDIA,RELIANCE
Reliance,India,91.0,82320,INDIA,RELIANCE
Reliance,India,91.0,82328,INDIA,RELIANCE
Reliance,India,91.0,82329,INDIA,RELIANCE
Reliance,India,91.0,82368,INDIA,RELIANCE
Reliance,India,91.0,82568,INDIA,RELIANCE
Reliance,India,91.0,82630,INDIA,RELIANCE
Reliance,India,91.0,82638,INDIA,RELIANCE
Reliance,India,91.0,8287,INDIA,RELIANCE
Reliance,India,91.0,83920,INDIA,RELIANCE
Reliance,India,91.0,84429,INDIA,RELIANCE
Reliance,India,91.0,84508,INDIA,RELIANCE
Reliance,India,91.0,84709,INDIA,RELIANCE
Reliance,India,91.0,8509,INDIA,RELIANCE
Reliance,India,91.0,8820,INDIA,RELIANCE
Reliance,India,91.0,9533,INDIA,RELIANCE
Reliance,India,91.0,9548,INDIA,RELIANCE
Reliance,India,91.0,9625,INDIA,RELIANCE
Reliance,India,91.0,9641,INDIA,RELIANCE
Reliance,India,91.0,9699,INDIA,RELIANCE
Reliance,India,91.0,9827,INDIA,RELIANCE
Reliance,India,91.0,9835,INDIA,RELIANCE
Reliance,India,91.0,9883,INDIA,RELIANCE
Reliance,India,91.0,7303,INDIA,RELIANCE
Reliance,India,91.0,7308,INDIA,RELIANCE
Reliance,India,91.0,7814,INDIA,RELIANCE
Reliance,India,91.0,7876,INDIA,RELIANCE
Reliance,India,91.0,82308,INDIA,RELIANCE
Reliance,India,91.0,82340,INDIA,RELIANCE
Reliance,India,91.0,82369,INDIA,RELIANCE
Reliance,India,91.0,82559,INDIA,RELIANCE
Reliance,India,91.0,8260,INDIA,RELIANCE
Reliance,India,91.0,82628,INDIA,RELIANCE
Reliance,India,91.0,83890,INDIA,RELIANCE
Reliance,India,91.0,8695,INDIA,RELIANCE
Reliance,India,91.0,8881,INDIA,RELIANCE
Reliance,India,91.0,8929,INDIA,RELIANCE
Reliance,India,91.0,9017,INDIA,RELIANCE
Reliance,India,91.0,9027,INDIA,RELIANCE
Reliance,India,91.0,9508,INDIA,RELIANCE
Reliance,India,91.0,9555,INDIA,RELIANCE
Reliance,India,91.0,9580,INDIA,RELIANCE
Reliance,India,91.0,9681,INDIA,RELIANCE
Reliance,India,91.0,9693,INDIA,RELIANCE
Reliance,India,91.0,9749,INDIA,RELIANCE
Reliance,India,91.0,7304,INDIA,RELIANCE
Reliance,India,91.0,7305,INDIA,RELIANCE
Reliance,India,91.0,7620,INDIA,RELIANCE
Reliance,India,91.0,7667,INDIA,RELIANCE
Reliance,India,91.0,7827,INDIA,RELIANCE
Reliance,India,91.0,8081,INDIA,RELIANCE
Reliance,India,91.0,8088,INDIA,RELIANCE
Reliance,India,91.0,8103,INDIA,RELIANCE
Reliance,India,91.0,8252,INDIA,RELIANCE
Reliance,India,91.0,82538,INDIA,RELIANCE
Reliance,India,91.0,82618,INDIA,RELIANCE
Reliance,India,91.0,82619,INDIA,RELIANCE
Reliance,India,91.0,82650,INDIA,RELIANCE
Reliance,India,91.0,8430,INDIA,RELIANCE
Reliance,India,91.0,84428,INDIA,RELIANCE
Reliance,India,91.0,84439,INDIA,RELIANCE
Reliance,India,91.0,8591,INDIA,RELIANCE
Reliance,India,91.0,9025,INDIA,RELIANCE
Reliance,India,91.0,9595,INDIA,RELIANCE
Reliance,India,91.0,9861,INDIA,RELIANCE
Reliance,India,91.0,67,INDIA,RELIANCE
Reliance,India,91.0,7569,INDIA,RELIANCE
Reliance,India,91.0,7828,INDIA,RELIANCE
Reliance,India,91.0,82319,INDIA,RELIANCE
Reliance,India,91.0,82349,INDIA,RELIANCE
Reliance,India,91.0,82360,INDIA,RELIANCE
Reliance,India,91.0,82540,INDIA,RELIANCE
Reliance,India,91.0,82548,INDIA,RELIANCE
Reliance,India,91.0,8305,INDIA,RELIANCE
Reliance,India,91.0,8306,INDIA,RELIANCE
Reliance,India,91.0,83889,INDIA,RELIANCE
Reliance,India,91.0,84440,INDIA,RELIANCE
Reliance,India,91.0,84500,INDIA,RELIANCE
Reliance,India,91.0,84670,INDIA,RELIANCE
Reliance,India,91.0,84680,INDIA,RELIANCE
Reliance,India,91.0,84700,INDIA,RELIANCE
Reliance,India,91.0,84708,INDIA,RELIANCE
Reliance,India,91.0,8590,INDIA,RELIANCE
Reliance,India,91.0,8657,INDIA,RELIANCE
Reliance,India,91.0,8767,INDIA,RELIANCE
Reliance,India,91.0,9020,INDIA,RELIANCE
Reliance,India,91.0,9510,INDIA,RELIANCE
Reliance,India,91.0,9528,INDIA,RELIANCE
Reliance,India,91.0,9696,INDIA,RELIANCE
Reliance,India,91.0,9770,INDIA,RELIANCE
Reliance,India,91.0,9863,INDIA,RELIANCE
Reliance,India,91.0,9864,INDIA,RELIANCE
Reliance,India,91.0,7677,INDIA,RELIANCE
Reliance,India,91.0,8080,INDIA,RELIANCE
Reliance,India,91.0,8100,INDIA,RELIANCE
Reliance,India,91.0,82530,INDIA,RELIANCE
Reliance,India,91.0,82550,INDIA,RELIANCE
Reliance,India,91.0,82560,INDIA,RELIANCE
Reliance,India,91.0,8302,INDIA,RELIANCE
Reliance,India,91.0,83880,INDIA,RELIANCE
Reliance,India,91.0,83898,INDIA,RELIANCE
Reliance,India,91.0,84688,INDIA,RELIANCE
Reliance,India,91.0,8688,INDIA,RELIANCE
Reliance,India,91.0,8690,INDIA,RELIANCE
Reliance,India,91.0,8882,INDIA,RELIANCE
Reliance,India,91.0,8927,INDIA,RELIANCE
Reliance,India,91.0,8956,INDIA,RELIANCE
Reliance,India,91.0,9018,INDIA,RELIANCE
Reliance,India,91.0,9023,INDIA,RELIANCE
Reliance,India,91.0,9098,INDIA,RELIANCE
Reliance,India,91.0,9543,INDIA,RELIANCE
Reliance,India,91.0,9905,INDIA,RELIANCE
Reliance,India,91.0,7306,INDIA,RELIANCE
Reliance,India,91.0,7666,INDIA,RELIANCE
Reliance,India,91.0,82348,INDIA,RELIANCE
Reliance,India,91.0,82518,INDIA,RELIANCE
Reliance,India,91.0,82519,INDIA,RELIANCE
Reliance,India,91.0,82549,INDIA,RELIANCE
Reliance,India,91.0,83888,INDIA,RELIANCE
Reliance,India,91.0,83918,INDIA,RELIANCE
Reliance,India,91.0,83919,INDIA,RELIANCE
Reliance,India,91.0,84449,INDIA,RELIANCE
Reliance,India,91.0,84679,INDIA,RELIANCE
Reliance,India,91.0,84710,INDIA,RELIANCE
Reliance,India,91.0,8687,INDIA,RELIANCE
Reliance,India,91.0,8824,INDIA,RELIANCE
Reliance,India,91.0,8880,INDIA,RELIANCE
Reliance,India,91.0,8899,INDIA,RELIANCE
Reliance,India,91.0,8957,INDIA,RELIANCE
Reliance,India,91.0,9015,INDIA,RELIANCE
Reliance,India,91.0,9024,INDIA,RELIANCE
Reliance,India,91.0,9541,INDIA,RELIANCE
Reliance,India,91.0,7668,INDIA,RELIANCE
Reliance,India,91.0,7879,INDIA,RELIANCE
Reliance,India,91.0,8010,INDIA,RELIANCE
Reliance,India,91.0,82300,INDIA,RELIANCE
Reliance,India,91.0,82309,INDIA,RELIANCE
Reliance,India,91.0,82310,INDIA,RELIANCE
Reliance,India,91.0,82539,INDIA,RELIANCE
Reliance,India,91.0,82558,INDIA,RELIANCE
Reliance,India,91.0,82610,INDIA,RELIANCE
Reliance,India,91.0,82629,INDIA,RELIANCE
Reliance,India,91.0,82639,INDIA,RELIANCE
Reliance,India,91.0,8303,INDIA,RELIANCE
Reliance,India,91.0,8307,INDIA,RELIANCE
Reliance,India,91.0,83899,INDIA,RELIANCE
Reliance,India,91.0,8431,INDIA,RELIANCE
Reliance,India,91.0,84430,INDIA,RELIANCE
Reliance,India,91.0,84438,INDIA,RELIANCE
Reliance,India,91.0,84689,INDIA,RELIANCE
Reliance,India,91.0,8817,INDIA,RELIANCE
Reliance,India,91.0,8893,INDIA,RELIANCE
Reliance,India,91.0,9014,INDIA,RELIANCE
Reliance,India,91.0,9019,INDIA,RELIANCE
Reliance,India,91.0,9021,INDIA,RELIANCE
Reliance,India,91.0,9022,INDIA,RELIANCE
Reliance,India,91.0,9529,INDIA,RELIANCE
Reliance,India,91.0,9569,INDIA,RELIANCE
Reliance,India,91.0,9608,INDIA,RELIANCE
Reliance,India,91.0,9691,INDIA,RELIANCE
Reliance,India,91.0,9778,INDIA,RELIANCE
Reliance,India,91.0,9798,INDIA,RELIANCE
Reliance,India,91.0,9817,INDIA,RELIANCE
Reliance,India,91.0,9832,INDIA,RELIANCE
Reliance,India,91.0,9907,INDIA,RELIANCE
Reliance,India,91.0,7307,INDIA,RELIANCE
Reliance,India,91.0,7505,INDIA,RELIANCE
Reliance,India,91.0,7679,INDIA,RELIANCE
Reliance,India,91.0,7735,INDIA,RELIANCE
Reliance,India,91.0,7877,INDIA,RELIANCE
Reliance,India,91.0,8102,INDIA,RELIANCE
Reliance,India,91.0,82510,INDIA,RELIANCE
Reliance,India,91.0,82620,INDIA,RELIANCE
Reliance,India,91.0,83910,INDIA,RELIANCE
Reliance,India,91.0,84448,INDIA,RELIANCE
Reliance,India,91.0,84678,INDIA,RELIANCE
Reliance,India,91.0,8822,INDIA,RELIANCE
Reliance,India,91.0,8905,INDIA,RELIANCE
Reliance,India,91.0,8928,INDIA,RELIANCE
Reliance,India,91.0,8955,INDIA,RELIANCE
Reliance,India,91.0,9016,INDIA,RELIANCE
Reliance,India,91.0,9026,INDIA,RELIANCE
Reliance,India,91.0,9509,INDIA,RELIANCE
Reliance,India,91.0,9579,INDIA,RELIANCE
Reliance,India,91.0,9590,INDIA,RELIANCE
Reliance,India,91.0,9692,INDIA,RELIANCE
Reliance,India,91.0,9707,INDIA,RELIANCE
Tata,India,91.0,,INDIA,TATA
Tata,India,91.0,25,INDIA,TATA
Tata,India,91.0,9030,INDIA,TATA
Tata,India,91.0,9031,INDIA,TATA BIHAR
Tata,India,91.0,,INDIA,TATA BIHAR
Tata,India,91.0,27,INDIA,TATA BIHAR
Tata,India,91.0,029,INDIA,TATA DELHI
Tata,India,91.0,,INDIA,TATA DELHI
Tata,India,91.0,7796,INDIA,TATA DELHI
Tata,India,91.0,9033,INDIA,TATA GUJARAT
Tata,India,91.0,30,INDIA,TATA GUJARAT
Tata,India,91.0,,INDIA,TATA GUJARAT
Tata,India,91.0,9034,INDIA,TATA HARYANA
Tata,India,91.0,,INDIA,TATA HARYANA
Tata,India,91.0,31,INDIA,TATA HARYANA
Tata,India,91.0,8091,INDIA,TATA HIMA
Tata,India,91.0,,INDIA,TATA HIMA
Tata,India,91.0,32,INDIA,TATA HIMA
Tata,India,91.0,9029,INDIA,TATA HUB
Tata,India,91.0,,INDIA,TATA HUB
Tata,India,91.0,39,INDIA,TATA HUB
Tata,India,91.0,,INDIA,TATA KARNAT
Tata,India,91.0,9036,INDIA,TATA KARNAT
Tata,India,91.0,34,INDIA,TATA KARNAT
Tata,India,91.0,,INDIA,TATA KERALA
Tata,India,91.0,9037,INDIA,TATA KERALA
Tata,India,91.0,35,INDIA,TATA KERALA
Tata,India,91.0,9038,INDIA,TATA KOLKATA
Tata,India,91.0,,INDIA,TATA KOLKATA
Tata,India,91.0,36,INDIA,TATA KOLKATA
Tata,India,91.0,9039,INDIA,TATA MADHYA
Tata,India,91.0,38,INDIA,TATA MADHYA
Tata,India,91.0,,INDIA,TATA MADHYA
Tata,India,91.0,9028,INDIA,TATA MAHARA
Tata,India,91.0,,INDIA,TATA MAHARA
Tata,India,91.0,37,INDIA,TATA MAHARA
Tata,India,91.0,9040,INDIA,TATA ORISSA
Tata,India,91.0,,INDIA,TATA ORISSA
Tata,India,91.0,41,INDIA,TATA ORISSA
Tata,India,91.0,9041,INDIA,TATA PUNJAB
Tata,India,91.0,42,INDIA,TATA PUNJAB
Tata,India,91.0,,INDIA,TATA PUNJAB
Tata,India,91.0,7737,INDIA,TATA RAJAS
Tata,India,91.0,,INDIA,TATA RAJAS
Tata,India,91.0,43,INDIA,TATA RAJAS
Tata,India,91.0,9046,INDIA,TATA RO WB
Tata,India,91.0,,INDIA,TATA RO WB
Tata,India,91.0,045,INDIA,TATA RO WB
Tata,India,91.0,9043,INDIA,TATA TAMIL
Tata,India,91.0,44,INDIA,TATA TAMIL
Tata,India,91.0,,INDIA,TATA TAMIL
Tata,India,91.0,,INDIA,TATA UTTAR
Tata,India,91.0,9044,INDIA,TATA UTTAR
Tata,India,91.0,45,INDIA,TATA UTTAR
Tata,India,91.0,9045,INDIA,TATA UTTARP
Tata,India,91.0,,INDIA,TATA UTTARP
Tata,India,91.0,46,INDIA,TATA UTTARP
Vodafone,India,91.0,7549,INDIA,VODAFONE MUM
Vodafone,India,91.0,7631,INDIA,VODAFONE MUM
Vodafone,India,91.0,7639,INDIA,VODAFONE MUM
Vodafone,India,91.0,7829,INDIA,VODAFONE MUM
Vodafone,India,91.0,8001,INDIA,VODAFONE MUM
Vodafone,India,91.0,8875,INDIA,VODAFONE MUM
Vodafone,India,91.0,8886,INDIA,VODAFONE MUM
Vodafone,India,91.0,9049,INDIA,VODAFONE MUM
Vodafone,India,91.0,9158,INDIA,VODAFONE MUM
Vodafone,India,91.0,9159,INDIA,VODAFONE MUM
Vodafone,India,91.0,9534,INDIA,VODAFONE MUM
Vodafone,India,91.0,9610,INDIA,VODAFONE MUM
Vodafone,India,91.0,9619,INDIA,VODAFONE MUM
Vodafone,India,91.0,9642,INDIA,VODAFONE MUM
Vodafone,India,91.0,9646,INDIA,VODAFONE MUM
Vodafone,India,91.0,9675,INDIA,VODAFONE MUM
Vodafone,India,91.0,9733,INDIA,VODAFONE MUM
Vodafone,India,91.0,9759,INDIA,VODAFONE MUM
Vodafone,India,91.0,9761,INDIA,VODAFONE MUM
Vodafone,India,91.0,9919,INDIA,VODAFONE MUM
Vodafone,India,91.0,9943,INDIA,VODAFONE MUM
Vodafone,India,91.0,7875,INDIA,VODAFONE MUM
Vodafone,India,91.0,8007,INDIA,VODAFONE MUM
Vodafone,India,91.0,8052,INDIA,VODAFONE MUM
Vodafone,India,91.0,8878,INDIA,VODAFONE MUM
Vodafone,India,91.0,8879,INDIA,VODAFONE MUM
Vodafone,India,91.0,8884,INDIA,VODAFONE MUM
Vodafone,India,91.0,8930,INDIA,VODAFONE MUM
Vodafone,India,91.0,9536,INDIA,VODAFONE MUM
Vodafone,India,91.0,9626,INDIA,VODAFONE MUM
Vodafone,India,91.0,9637,INDIA,VODAFONE MUM
Vodafone,India,91.0,9719,INDIA,VODAFONE MUM
Vodafone,India,91.0,9739,INDIA,VODAFONE MUM
Vodafone,India,91.0,9751,INDIA,VODAFONE MUM
Vodafone,India,91.0,9775,INDIA,VODAFONE MUM
Vodafone,India,91.0,9780,INDIA,VODAFONE MUM
Vodafone,India,91.0,9792,INDIA,VODAFONE MUM
Vodafone,India,91.0,9984,INDIA,VODAFONE MUM
Vodafone,India,91.0,20,INDIA,VODAFONE MUM
Vodafone,India,91.0,7665,INDIA,VODAFONE MUM
Vodafone,India,91.0,7798,INDIA,VODAFONE MUM
Vodafone,India,91.0,7873,INDIA,VODAFONE MUM
Vodafone,India,91.0,8086,INDIA,VODAFONE MUM
Vodafone,India,91.0,8795,INDIA,VODAFONE MUM
Vodafone,India,91.0,8859,INDIA,VODAFONE MUM
Vodafone,India,91.0,8876,INDIA,VODAFONE MUM
Vodafone,India,91.0,8940,INDIA,VODAFONE MUM
Vodafone,India,91.0,8943,INDIA,VODAFONE MUM
Vodafone,India,91.0,9176,INDIA,VODAFONE MUM
Vodafone,India,91.0,9584,INDIA,VODAFONE MUM
Vodafone,India,91.0,9587,INDIA,VODAFONE MUM
Vodafone,India,91.0,9620,INDIA,VODAFONE MUM
Vodafone,India,91.0,9649,INDIA,VODAFONE MUM
Vodafone,India,91.0,9703,INDIA,VODAFONE MUM
Vodafone,India,91.0,9706,INDIA,VODAFONE MUM
Vodafone,India,91.0,9709,INDIA,VODAFONE MUM
Vodafone,India,91.0,9713,INDIA,VODAFONE MUM
Vodafone,India,91.0,9736,INDIA,VODAFONE MUM
Vodafone,India,91.0,9764,INDIA,VODAFONE MUM
Vodafone,India,91.0,9765,INDIA,VODAFONE MUM
Vodafone,India,91.0,9776,INDIA,VODAFONE MUM
Vodafone,India,91.0,9783,INDIA,VODAFONE MUM
Vodafone,India,91.0,9833,INDIA,VODAFONE MUM
Vodafone,India,91.0,9886,INDIA,VODAFONE MUM
Vodafone,India,91.0,9946,INDIA,VODAFONE MUM
Vodafone,India,91.0,9962,INDIA,VODAFONE MUM
Vodafone,India,91.0,7837,INDIA,VODAFONE MUM
Vodafone,India,91.0,8006,INDIA,VODAFONE MUM
Vodafone,India,91.0,8053,INDIA,VODAFONE MUM
Vodafone,India,91.0,8094,INDIA,VODAFONE MUM
Vodafone,India,91.0,8939,INDIA,VODAFONE MUM
Vodafone,India,91.0,9048,INDIA,VODAFONE MUM
Vodafone,India,91.0,9160,INDIA,VODAFONE MUM
Vodafone,India,91.0,9167,INDIA,VODAFONE MUM
Vodafone,India,91.0,9549,INDIA,VODAFONE MUM
Vodafone,India,91.0,9648,INDIA,VODAFONE MUM
Vodafone,India,91.0,9670,INDIA,VODAFONE MUM
Vodafone,India,91.0,9671,INDIA,VODAFONE MUM
Vodafone,India,91.0,9734,INDIA,VODAFONE MUM
Vodafone,India,91.0,9745,INDIA,VODAFONE MUM
Vodafone,India,91.0,9787,INDIA,VODAFONE MUM
Vodafone,India,91.0,9828,INDIA,VODAFONE MUM
Vodafone,India,91.0,9838,INDIA,VODAFONE MUM
Vodafone,India,91.0,9846,INDIA,VODAFONE MUM
Vodafone,India,91.0,9888,INDIA,VODAFONE MUM
Vodafone,India,91.0,9966,INDIA,VODAFONE MUM
Vodafone,India,91.0,9983,INDIA,VODAFONE MUM
Vodafone,India,91.0,,INDIA,VODAFONE MUM
Vodafone,India,91.0,8095,INDIA,VODAFONE MUM
Vodafone,India,91.0,8794,INDIA,VODAFONE MUM
Vodafone,India,91.0,8806,INDIA,VODAFONE MUM
Vodafone,India,91.0,9047,INDIA,VODAFONE MUM
Vodafone,India,91.0,9538,INDIA,VODAFONE MUM
Vodafone,India,91.0,9539,INDIA,VODAFONE MUM
Vodafone,India,91.0,9554,INDIA,VODAFONE MUM
Vodafone,India,91.0,9581,INDIA,VODAFONE MUM
Vodafone,India,91.0,9585,INDIA,VODAFONE MUM
Vodafone,India,91.0,9645,INDIA,VODAFONE MUM
Vodafone,India,91.0,9647,INDIA,VODAFONE MUM
Vodafone,India,91.0,9655,INDIA,VODAFONE MUM
Vodafone,India,91.0,9673,INDIA,VODAFONE MUM
Vodafone,India,91.0,9732,INDIA,VODAFONE MUM
Vodafone,India,91.0,9758,INDIA,VODAFONE MUM
Vodafone,India,91.0,9772,INDIA,VODAFONE MUM
Vodafone,India,91.0,9820,INDIA,VODAFONE MUM
Vodafone,India,91.0,9843,INDIA,VODAFONE MUM
Vodafone,India,91.0,9923,INDIA,VODAFONE MUM
Vodafone,India,91.0,9930,INDIA,VODAFONE MUM
Vodafone,India,91.0,9986,INDIA,VODAFONE MUM
Vodafone,India,91.0,9988,INDIA,VODAFONE MUM
Vodafone,India,91.0,7799,INDIA,VODAFONE MUM
Vodafone,India,91.0,7830,INDIA,VODAFONE MUM
Vodafone,India,91.0,8698,INDIA,VODAFONE MUM
Vodafone,India,91.0,8948,INDIA,VODAFONE MUM
Vodafone,India,91.0,9050,INDIA,VODAFONE MUM
Vodafone,India,91.0,9545,INDIA,VODAFONE MUM
Vodafone,India,91.0,9609,INDIA,VODAFONE MUM
Vodafone,India,91.0,9627,INDIA,VODAFONE MUM
Vodafone,India,91.0,9721,INDIA,VODAFONE MUM
Vodafone,India,91.0,9735,INDIA,VODAFONE MUM
Vodafone,India,91.0,9769,INDIA,VODAFONE MUM
Vodafone,India,91.0,9786,INDIA,VODAFONE MUM
Vodafone,India,91.0,9920,INDIA,VODAFONE MUM
Vodafone,India,91.0,7379,INDIA,VODAFONE MUM
Vodafone,India,91.0,7872,INDIA,VODAFONE MUM
Vodafone,India,91.0,8054,INDIA,VODAFONE MUM
Vodafone,India,91.0,8142,INDIA,VODAFONE MUM
Vodafone,India,91.0,8601,INDIA,VODAFONE MUM
Vodafone,India,91.0,8874,INDIA,VODAFONE MUM
Vodafone,India,91.0,8877,INDIA,VODAFONE MUM
Vodafone,India,91.0,9052,INDIA,VODAFONE MUM
Vodafone,India,91.0,9161,INDIA,VODAFONE MUM
Vodafone,India,91.0,9593,INDIA,VODAFONE MUM
Vodafone,India,91.0,9628,INDIA,VODAFONE MUM
Vodafone,India,91.0,9796,INDIA,VODAFONE MUM
Vodafone,India,91.0,9813,INDIA,VODAFONE MUM
Vodafone,India,91.0,9839,INDIA,VODAFONE MUM
Vodafone,India,91.0,9884,INDIA,VODAFONE MUM
Vodafone,India,91.0,9885,INDIA,VODAFONE MUM
Vodafone,India,91.0,7566,INDIA,VODAFONE MUM
Vodafone,India,91.0,7797,INDIA,VODAFONE MUM
Vodafone,India,91.0,7800,INDIA,VODAFONE MUM
Vodafone,India,91.0,8051,INDIA,VODAFONE MUM
Vodafone,India,91.0,8098,INDIA,VODAFONE MUM
Vodafone,India,91.0,8145,INDIA,VODAFONE MUM
Vodafone,India,91.0,8768,INDIA,VODAFONE MUM
Vodafone,India,91.0,8954,INDIA,VODAFONE MUM
Vodafone,India,91.0,9564,INDIA,VODAFONE MUM
Vodafone,India,91.0,9565,INDIA,VODAFONE MUM
Vodafone,India,91.0,9570,INDIA,VODAFONE MUM
Vodafone,India,91.0,9583,INDIA,VODAFONE MUM
Vodafone,India,91.0,9672,INDIA,VODAFONE MUM
Vodafone,India,91.0,9720,INDIA,VODAFONE MUM
Vodafone,India,91.0,9742,INDIA,VODAFONE MUM
Vodafone,India,91.0,9774,INDIA,VODAFONE MUM
Vodafone,India,91.0,9819,INDIA,VODAFONE MUM
Vodafone,India,91.0,9823,INDIA,VODAFONE MUM
Vodafone,India,91.0,9982,INDIA,VODAFONE MUM
Vodafone,India,91.0,9985,INDIA,VODAFONE MUM
Vodafone,India,91.0,9991,INDIA,VODAFONE MUM
Vodafone,India,91.0,8697,INDIA,VODAFONEKOLK
Vodafone,India,91.0,9051,INDIA,VODAFONEKOLK
Vodafone,India,91.0,337,INDIA,VODAFONEKOLK
Vodafone,India,91.0,9674,INDIA,VODAFONEKOLK
Vodafone,India,91.0,9830,INDIA,VODAFONEKOLK
Vodafone,India,91.0,,INDIA,VODAFONEKOLK
Vodafone,India,91.0,8017,INDIA,VODAFONEKOLK
Vodafone,India,91.0,9836,INDIA,VODAFONEKOLK
Vodafone,India,91.0,9874,INDIA,VODAFONEKOLK
Vodafone,India,91.0,9654,INDIA,VODAFONEND
Vodafone,India,91.0,9873,INDIA,VODAFONEND
Vodafone,India,91.0,9999,INDIA,VODAFONEND
Vodafone,India,91.0,11,INDIA,VODAFONEND
Vodafone,India,91.0,9953,INDIA,VODAFONEND
Vodafone,India,91.0,7838,INDIA,VODAFONEND
Vodafone,India,91.0,9899,INDIA,VODAFONEND
Vodafone,India,91.0,9582,INDIA,VODAFONEND
Vodafone,India,91.0,9711,INDIA,VODAFONEND
Vodafone,India,91.0,9811,INDIA,VODAFONEND
Vodafone,India,91.0,8860,INDIA,VODAFONEND
Vodafone,India,91.0,8098,INDIA,VODAFONETAM
Vodafone,India,91.0,9843,INDIA,VODAFONETAM
Vodafone,India,91.0,9047,INDIA,VODAFONETAM
Vodafone,India,91.0,9751,INDIA,VODAFONETAM
Vodafone,India,91.0,7639,INDIA,VODAFONETAM
Vodafone,India,91.0,8489,INDIA,VODAFONETAM
Vodafone,India,91.0,9585,INDIA,VODAFONETAM
Vodafone,India,91.0,9159,INDIA,VODAFONETAM
Vodafone,India,91.0,9655,INDIA,VODAFONETAM
Vodafone,India,91.0,,INDIA,VODAFONETAM
Vodafone,India,91.0,43,INDIA,VODAFONETAM
Vodafone,India,91.0,9626,INDIA,VODAFONETAM
Vodafone,India,91.0,8940,INDIA,VODAFONETAM
Vodafone,India,91.0,9786,INDIA,VODAFONETAM
Vodafone,India,91.0,9787,INDIA,VODAFONETAM
Vodafone,India,91.0,9943,INDIA,VODAFONETAM
VodaKera,India,91.0,85920,INDIA,VODAKERA
VodaKera,India,91.0,9048,INDIA,VODAKERA
VodaKera,India,91.0,9745,INDIA,VODAKERA
VodaKera,India,91.0,46,INDIA,VODAKERA
VodaKera,India,91.0,8086,INDIA,VODAKERA
VodaKera,India,91.0,9645,INDIA,VODAKERA
VodaKera,India,91.0,9846,INDIA,VODAKERA
VodaKera,India,91.0,85939,INDIA,VODAKERA
VodaKera,India,91.0,85890,INDIA,VODAKERA
VodaKera,India,91.0,85928,INDIA,VODAKERA
VodaKera,India,91.0,8943,INDIA,VODAKERA
VodaKera,India,91.0,85898,INDIA,VODAKERA
VodaKera,India,91.0,85940,INDIA,VODAKERA
VodaKera,India,91.0,9539,INDIA,VODAKERA
VodaKera,India,91.0,85899,INDIA,VODAKERA
VodaKera,India,91.0,85929,INDIA,VODAKERA
VodaKera,India,91.0,85930,INDIA,VODAKERA
VodaKera,India,91.0,85938,INDIA,VODAKERA
VodaKera,India,91.0,9946,INDIA,VODAKERA
VodaWI,India,91.0,8469,INDIA,VODAWI
VodaWI,India,91.0,8758,INDIA,VODAWI
VodaWI,India,91.0,9925,INDIA,VODAWI
VodaWI,India,91.0,9978,INDIA,VODAWI
VodaWI,India,91.0,8141,INDIA,VODAWI
VodaWI,India,91.0,8980,INDIA,VODAWI
VodaWI,India,91.0,9638,INDIA,VODAWI
VodaWI,India,91.0,9712,INDIA,VODAWI
VodaWI,India,91.0,9726,INDIA,VODAWI
VodaWI,India,91.0,9825,INDIA,VODAWI
VodaWI,India,91.0,9879,INDIA,VODAWI
VodaWI,India,91.0,9979,INDIA,VODAWI
VodaWI,India,91.0,9687,INDIA,VODAWI
VodaWI,India,91.0,05,INDIA,VODAWI
VodaWI,India,91.0,9537,INDIA,VODAWI
VodaWI,India,91.0,9727,INDIA,VODAWI
VodaWI,India,91.0,9909,INDIA,VODAWI
VodaWI,India,91.0,7874,INDIA,VODAWI
VodaWI,India,91.0,8238,INDIA,VODAWI
VodaWI,India,91.0,9586,INDIA,VODAWI
VodaWI,India,91.0,7567,INDIA,VODAWI
VodaWI,India,91.0,9099,INDIA,VODAWI
VodaWI,India,91.0,9913,INDIA,VODAWI
Aircel,India,91.0,8686,INDIAAN,AIRCELAN
Aircel,India,91.0,8801,INDIAAN,AIRCELAN
Aircel,India,91.0,9700,INDIAAN,AIRCELAN
Aircel,India,91.0,,INDIAAN,AIRCELAN
Aircel,India,91.0,801,INDIAAN,AIRCELAN
Aircel,India,91.0,807,INDIAHA,AIRCELHA
Aircel,India,91.0,9802,INDIAHA,AIRCELHA
Aircel,India,91.0,,INDIAHA,AIRCELHA
Aircel,India,91.0,801,INDIAHP,AIRCELHP
Aircel,India,91.0,,INDIAHP,AIRCELHP
Aircel,India,91.0,8679,INDIAHP,AIRCELHP
Aircel,India,91.0,9857,INDIAHP,AIRCELHP
Aircel,India,91.0,8892,INDIAKA,AIRCELKA
Aircel,India,91.0,9738,INDIAKA,AIRCELKA
Aircel,India,91.0,8553,INDIAKA,AIRCELKA
Aircel,India,91.0,803,INDIAKA,AIRCELKA
Aircel,India,91.0,,INDIAKA,AIRCELKA
Aircel,India,91.0,,INDIAKE,AIRCELKE
Aircel,India,91.0,9809,INDIAKE,AIRCELKE
Aircel,India,91.0,809,INDIAKE,AIRCELKE
Aircel,India,91.0,805,INDIAMU,AIRCELMU
Aircel,India,91.0,8286,INDIAMU,AIRCELMU
Aircel,India,91.0,8898,INDIAMU,AIRCELMU
Aircel,India,91.0,9768,INDIAMU,AIRCELMU
Aircel,India,91.0,,INDIAMU,AIRCELMU
Aircel,India,91.0,812,INDIAPU,AIRCELPU
Aircel,India,91.0,,INDIAPU,AIRCELPU
Aircel,India,91.0,9803,INDIAPU,AIRCELPU
Aircel,India,91.0,9563,INDIAWB,AIRCEL
Aircel,India,91.0,9614,INDIAWB,AIRCEL
Aircel,India,91.0,9851,INDIAWB,AIRCEL
Aircel,India,91.0,17,INDIAWB,AIRCEL
Aircel,India,91.0,8906,INDIAWB,AIRCEL
Aircel,India,91.0,,INDIAWB,AIRCEL
Aircel,India,91.0,8759,INDIAWB,AIRCEL
Axis,Indonesia,62.0,831,INDONESIA,AXIS
Axis,Indonesia,62.0,838,INDONESIA,AXIS
Axis,Indonesia,62.0,08,INDONESIA,AXIS
Axis,Indonesia,62.0,,INDONESIA,AXIS
H3G,Indonesia,62.0,89641,INDONESIA,H3G I
H3G,Indonesia,62.0,89,INDONESIA,H3G I
H3G,Indonesia,62.0,898,INDONESIA,H3G I
H3G,Indonesia,62.0,896,INDONESIA,H3G I
H3G,Indonesia,62.0,897,INDONESIA,H3G I
H3G,Indonesia,62.0,,INDONESIA,H3G I
H3G,Indonesia,62.0,899,INDONESIA,H3G I
IndosatOOrd,Indonesia,62.0,897,INDONESIA,INDOSATOORD
IndosatOOrd,Indonesia,62.0,898,INDONESIA,INDOSATOORD
IndosatOOrd,Indonesia,62.0,896,INDONESIA,INDOSATOORD
IndosatOOrd,Indonesia,62.0,899,INDONESIA,INDOSATOORD
IndosatOOrd,Indonesia,62.0,89,INDONESIA,INDOSATOORD
IndosatOOrd,Indonesia,62.0,895,INDONESIA,INDOSATOORD
IndoSAtTbk,Indonesia,62.0,857,INDONESIA,INDOSATTBK
IndoSAtTbk,Indonesia,62.0,21,INDONESIA,INDOSATTBK
IndoSAtTbk,Indonesia,62.0,814,INDONESIA,INDOSATTBK
IndoSAtTbk,Indonesia,62.0,815,INDONESIA,INDOSATTBK
IndoSAtTbk,Indonesia,62.0,856,INDONESIA,INDOSATTBK
IndoSAtTbk,Indonesia,62.0,816,INDONESIA,INDOSATTBK
IndoSAtTbk,Indonesia,62.0,855,INDONESIA,INDOSATTBK
IndoSAtTbk,Indonesia,62.0,858,INDONESIA,INDOSATTBK
Telkom,Indonesia,62.0,852,INDONESIA,TELKOM
Telkom,Indonesia,62.0,813,INDONESIA,TELKOM
Telkom,Indonesia,62.0,10,INDONESIA,TELKOM
Telkom,Indonesia,62.0,,INDONESIA,TELKOM
Telkom,Indonesia,62.0,811,INDONESIA,TELKOM
Telkom,Indonesia,62.0,821,INDONESIA,TELKOM
Telkom,Indonesia,62.0,822,INDONESIA,TELKOM
Telkom,Indonesia,62.0,823,INDONESIA,TELKOM
Telkom,Indonesia,62.0,853,INDONESIA,TELKOM
Telkom,Indonesia,62.0,812,INDONESIA,TELKOM
TimorTelecom,Indonesia,670.0,77,INDONESIA,TIMORTELECOM
TimorTelecom,Indonesia,670.0,78,INDONESIA,TIMORTELECOM
TimorTelecom,Indonesia,670.0,02,INDONESIA,TIMORTELECOM
PTIndosatTbk,Indonesia,62.0,815,INDONESIE,PTINDOSATTBK
PTIndosatTbk,Indonesia,62.0,855,INDONESIE,PTINDOSATTBK
PTIndosatTbk,Indonesia,62.0,857,INDONESIE,PTINDOSATTBK
PTIndosatTbk,Indonesia,62.0,858,INDONESIE,PTINDOSATTBK
PTIndosatTbk,Indonesia,62.0,1,INDONESIE,PTINDOSATTBK
PTIndosatTbk,Indonesia,62.0,856,INDONESIE,PTINDOSATTBK
PTIndosatTbk,Indonesia,62.0,814,INDONESIE,PTINDOSATTBK
PTIndosatTbk,Indonesia,62.0,816,INDONESIE,PTINDOSATTBK
Thuraya,International NW,882.0,,INTERNATIONAL NW,THURAYA
Thuraya,International NW,882.0,16,INTERNATIONAL NW,THURAYA
Thuraya,International NW,882.0,05,INTERNATIONAL NW,THURAYA
Irancell,Iran,98.0,901,IRAN,IRANCELL
Irancell,Iran,98.0,35,IRAN,IRANCELL
Irancell,Iran,98.0,990,IRAN,IRANCELL
Irancell,Iran,98.0,,IRAN,IRANCELL
Irancell,Iran,98.0,902,IRAN,IRANCELL
Irancell,Iran,98.0,91,IRAN,IRANCELL
Irancell,Iran,98.0,935,IRAN,IRANCELL
Irancell,Iran,98.0,939,IRAN,IRANCELL
Irancell,Iran,98.0,999,IRAN,IRANCELL
Irancell,Iran,98.0,920,IRAN,IRANCELL
Irancell,Iran,98.0,921,IRAN,IRANCELL
Irancell,Iran,98.0,930,IRAN,IRANCELL
Irancell,Iran,98.0,933,IRAN,IRANCELL
Irancell,Iran,98.0,938,IRAN,IRANCELL
Irancell,Iran,98.0,903,IRAN,IRANCELL
Irancell,Iran,98.0,937,IRAN,IRANCELL
Irancell,Iran,98.0,432,IRAN,IRANCELL
Irancell,Iran,98.0,922,IRAN,IRANCELL
Irancell,Iran,98.0,936,IRAN,IRANCELL
Rightel,Iran,98.0,922,IRAN,RIGHTEL
Rightel,Iran,98.0,921,IRAN,RIGHTEL
Rightel,Iran,98.0,920,IRAN,RIGHTEL
Rightel,Iran,98.0,20,IRAN,RIGHTEL
AsiaCell,Iraq,964.0,7712,IRAQ,ASIACELL
AsiaCell,Iraq,964.0,7713,IRAQ,ASIACELL
AsiaCell,Iraq,964.0,7710,IRAQ,ASIACELL
AsiaCell,Iraq,964.0,7701,IRAQ,ASIACELL
AsiaCell,Iraq,964.0,770,IRAQ,ASIACELL
AsiaCell,Iraq,964.0,7711,IRAQ,ASIACELL
AsiaCell,Iraq,964.0,,IRAQ,ASIACELL
AsiaCell,Iraq,964.0,5,IRAQ,ASIACELL
KorekTelec,Iraq,964.0,7504,IRAQ,KOREKTELEC
KorekTelec,Iraq,964.0,750,IRAQ,KOREKTELEC
KorekTelec,Iraq,964.0,7503,IRAQ,KOREKTELEC
KorekTelec,Iraq,964.0,7506,IRAQ,KOREKTELEC
KorekTelec,Iraq,964.0,75080,IRAQ,KOREKTELEC
KorekTelec,Iraq,964.0,,IRAQ,KOREKTELEC
KorekTelec,Iraq,964.0,7507,IRAQ,KOREKTELEC
KorekTelec,Iraq,964.0,75081,IRAQ,KOREKTELEC
KorekTelec,Iraq,964.0,40,IRAQ,KOREKTELEC
KorekTelec,Iraq,964.0,7505,IRAQ,KOREKTELEC
KorekTelec,Iraq,964.0,7501,IRAQ,KOREKTELEC
Zain,Iraq,964.0,7904,IRAQ,ZAINIR
Zain,Iraq,964.0,,IRAQ,ZAINIR
Zain,Iraq,964.0,780,IRAQ,ZAINIR
Zain,Iraq,964.0,781,IRAQ,ZAINIR
Zain,Iraq,964.0,7905,IRAQ,ZAINIR
Zain,Iraq,964.0,7907,IRAQ,ZAINIR
Zain,Iraq,964.0,20,IRAQ,ZAINIR
Zain,Iraq,964.0,7906,IRAQ,ZAINIR
Zain,Iraq,964.0,7903,IRAQ,ZAINIR
Zain,Iraq,964.0,30,IRAQ,ZAINIR
Zain,Iraq,964.0,7901,IRAQ,ZAINIR
Zain,Iraq,964.0,7902,IRAQ,ZAINIR
MeteorComLTD,IReland,353.0,85,IRELAND,METEORCOMLTD
MeteorComLTD,IReland,353.0,03,IRELAND,METEORCOMLTD
Telefonica,Ireland,353.0,,IRELAND,O2TELEFONICA
Telefonica,Ireland,353.0,8995,IRELAND,O2TELEFONICA
Telefonica,Ireland,353.0,86,IRELAND,O2TELEFONICA
Telefonica,Ireland,353.0,02,IRELAND,O2TELEFONICA
Telefonica,Ireland,353.0,8996,IRELAND,O2TELEFONICA
VodaFIreland,Ireland,882.0,28,IRELAND,VODAFIRELAND
VodaFIreland,Ireland,882.0,39,IRELAND,VODAFIRELAND
Vodafone,Ireland,353.0,01,IRELAND,VODAFONEIR
Vodafone,Ireland,353.0,87,IRELAND,VODAFONEIR
CellC Israel,Israel,972.0,52,ISRAEL,CELLC ISRAEL
CellC Israel,Israel,972.0,,ISRAEL,CELLC ISRAEL
CellC Israel,Israel,972.0,2,ISRAEL,CELLC ISRAEL
Orange,Israel,972.0,1,ISRAEL,ORANGEISRAEL
Orange,Israel,972.0,50,ISRAEL,ORANGEISRAEL
Orange,Israel,972.0,,ISRAEL,ORANGEISRAEL
DigiItlySRL,Italy,39.0,3533,ITALY,DIGIITLYSRL
DigiItlySRL,Italy,39.0,36,ITALY,DIGIITLYSRL
H3G,Italy,39.0,,ITALY,H3G
H3G,Italy,39.0,391,ITALY,H3G
H3G,Italy,39.0,99,ITALY,H3G
ILIAD Italy,Italy,39.0,3213,ITALY,ILIAD ITALY
ILIAD Italy,Italy,39.0,3216,ITALY,ILIAD ITALY
ILIAD Italy,Italy,39.0,334,ITALY,ILIAD ITALY
ILIAD Italy,Italy,39.0,346,ITALY,ILIAD ITALY
ILIAD Italy,Italy,39.0,3512,ITALY,ILIAD ITALY
ILIAD Italy,Italy,39.0,3518,ITALY,ILIAD ITALY
ILIAD Italy,Italy,39.0,3520,ITALY,ILIAD ITALY
ILIAD Italy,Italy,39.0,3533,ITALY,ILIAD ITALY
ILIAD Italy,Italy,39.0,371,ITALY,ILIAD ITALY
ILIAD Italy,Italy,39.0,324,ITALY,ILIAD ITALY
ILIAD Italy,Italy,39.0,342,ITALY,ILIAD ITALY
ILIAD Italy,Italy,39.0,349,ITALY,ILIAD ITALY
ILIAD Italy,Italy,39.0,389,ITALY,ILIAD ITALY
ILIAD Italy,Italy,39.0,3211,ITALY,ILIAD ITALY
ILIAD Italy,Italy,39.0,3215,ITALY,ILIAD ITALY
ILIAD Italy,Italy,39.0,337,ITALY,ILIAD ITALY
ILIAD Italy,Italy,39.0,340,ITALY,ILIAD ITALY
ILIAD Italy,Italy,39.0,3514,ITALY,ILIAD ITALY
ILIAD Italy,Italy,39.0,3515,ITALY,ILIAD ITALY
ILIAD Italy,Italy,39.0,3517,ITALY,ILIAD ITALY
ILIAD Italy,Italy,39.0,373,ITALY,ILIAD ITALY
ILIAD Italy,Italy,39.0,02,ITALY,ILIAD ITALY
ILIAD Italy,Italy,39.0,3214,ITALY,ILIAD ITALY
ILIAD Italy,Italy,39.0,327,ITALY,ILIAD ITALY
ILIAD Italy,Italy,39.0,333,ITALY,ILIAD ITALY
ILIAD Italy,Italy,39.0,3510,ITALY,ILIAD ITALY
ILIAD Italy,Italy,39.0,3516,ITALY,ILIAD ITALY
ILIAD Italy,Italy,39.0,3519,ITALY,ILIAD ITALY
ILIAD Italy,Italy,39.0,3756,ITALY,ILIAD ITALY
ILIAD Italy,Italy,39.0,385,ITALY,ILIAD ITALY
ILIAD Italy,Italy,39.0,392,ITALY,ILIAD ITALY
ILIAD Italy,Italy,39.0,393,ITALY,ILIAD ITALY
ILIAD Italy,Italy,39.0,338,ITALY,ILIAD ITALY
ILIAD Italy,Italy,39.0,366,ITALY,ILIAD ITALY
ILIAD Italy,Italy,39.0,3783,ITALY,ILIAD ITALY
ILIAD Italy,Italy,39.0,391,ITALY,ILIAD ITALY
ILIAD Italy,Italy,39.0,328,ITALY,ILIAD ITALY
ILIAD Italy,Italy,39.0,335,ITALY,ILIAD ITALY
ILIAD Italy,Italy,39.0,344,ITALY,ILIAD ITALY
ILIAD Italy,Italy,39.0,3511,ITALY,ILIAD ITALY
ILIAD Italy,Italy,39.0,368,ITALY,ILIAD ITALY
ILIAD Italy,Italy,39.0,3791,ITALY,ILIAD ITALY
ILIAD Italy,Italy,39.0,320,ITALY,ILIAD ITALY
ILIAD Italy,Italy,39.0,330,ITALY,ILIAD ITALY
ILIAD Italy,Italy,39.0,339,ITALY,ILIAD ITALY
ILIAD Italy,Italy,39.0,345,ITALY,ILIAD ITALY
ILIAD Italy,Italy,39.0,347,ITALY,ILIAD ITALY
ILIAD Italy,Italy,39.0,348,ITALY,ILIAD ITALY
ILIAD Italy,Italy,39.0,3513,ITALY,ILIAD ITALY
ILIAD Italy,Italy,39.0,360,ITALY,ILIAD ITALY
ILIAD Italy,Italy,39.0,370,ITALY,ILIAD ITALY
ILIAD Italy,Italy,39.0,3755,ITALY,ILIAD ITALY
ILIAD Italy,Italy,39.0,380,ITALY,ILIAD ITALY
ILIAD Italy,Italy,39.0,3212,ITALY,ILIAD ITALY
ILIAD Italy,Italy,39.0,329,ITALY,ILIAD ITALY
ILIAD Italy,Italy,39.0,331,ITALY,ILIAD ITALY
ILIAD Italy,Italy,39.0,336,ITALY,ILIAD ITALY
ILIAD Italy,Italy,39.0,350,ITALY,ILIAD ITALY
ILIAD Italy,Italy,39.0,377,ITALY,ILIAD ITALY
ILIAD Italy,Italy,39.0,388,ITALY,ILIAD ITALY
Tel. Italia,Italy,39.0,,ITALY,TEL. ITALIA
Tel. Italia,Italy,39.0,01,ITALY,TEL. ITALIA
Tel. Italia,Italy,39.0,330,ITALY,TEL. ITALIA
TIM-Maritime,Italy,39.0,334,ITALY,TIM-MARITIME
TIM-Maritime,Italy,39.0,339,ITALY,TIM-MARITIME
TIM-Maritime,Italy,39.0,338,ITALY,TIM-MARITIME
TIM-Maritime,Italy,39.0,360,ITALY,TIM-MARITIME
TIM-Maritime,Italy,39.0,366,ITALY,TIM-MARITIME
TIM-Maritime,Italy,39.0,335,ITALY,TIM-MARITIME
TIM-Maritime,Italy,39.0,363,ITALY,TIM-MARITIME
TIM-Maritime,Italy,39.0,337,ITALY,TIM-MARITIME
TIM-Maritime,Italy,39.0,370,ITALY,TIM-MARITIME
TIM-Maritime,Italy,39.0,368,ITALY,TIM-MARITIME
TIM-Maritime,Italy,39.0,333,ITALY,TIM-MARITIME
TIM-Maritime,Italy,39.0,336,ITALY,TIM-MARITIME
TIM-Maritime,Italy,39.0,,ITALY,TIM-MARITIME
TIM-Maritime,Italy,39.0,330,ITALY,TIM-MARITIME
TIM-Maritime,Italy,39.0,331,ITALY,TIM-MARITIME
TIM-Maritime,Italy,39.0,01,ITALY,TIM-MARITIME
Vodafone,Italy,39.0,324,ITALY,VODAF. ITALY
Vodafone,Italy,39.0,10,ITALY,VODAF. ITALY
Wind Telecom,Italy,39.0,323,ITALY,WIND TELECOM
Wind Telecom,Italy,39.0,320,ITALY,WIND TELECOM
Wind Telecom,Italy,39.0,380,ITALY,WIND TELECOM
Wind Telecom,Italy,39.0,88,ITALY,WIND TELECOM
Wind Telecom,Italy,39.0,329,ITALY,WIND TELECOM
Wind Telecom,Italy,39.0,,ITALY,WIND TELECOM
Wind Telecom,Italy,39.0,324,ITALY,WIND TELECOM
Wind Telecom,Italy,39.0,327,ITALY,WIND TELECOM
Wind Telecom,Italy,39.0,388,ITALY,WIND TELECOM
Wind Telecom,Italy,39.0,328,ITALY,WIND TELECOM
Wind Telecom,Italy,39.0,389,ITALY,WIND TELECOM
Oricel,Côte dIvoire,225.0,06,IVORYCOAST,ORICEL
Oricel,Côte dIvoire,225.0,60,IVORYCOAST,ORICEL
Oricel,Côte dIvoire,225.0,61,IVORYCOAST,ORICEL
CWWI,Jamaica,1.0,,JAMAICA,CWWIJAM
CWWI,Jamaica,1.0,87682,JAMAICA,CWWIJAM
CWWI,Jamaica,1.0,180,JAMAICA,CWWIJAM
Digicel,Jamaica,187.0,50,JAMAICA,DIGICEL
Digicel,Jamaica,187.0,246,JAMAICA,DIGICEL
Digicel,Jamaica,187.0,,JAMAICA,DIGICEL
KDDICorporat,Japan,81.0,7020,JAPAN,KDDICORPORAT
KDDICorporat,Japan,81.0,7021,JAPAN,KDDICORPORAT
KDDICorporat,Japan,81.0,90192,JAPAN,KDDICORPORAT
KDDICorporat,Japan,81.0,90343,JAPAN,KDDICORPORAT
KDDICorporat,Japan,81.0,90398,JAPAN,KDDICORPORAT
KDDICorporat,Japan,81.0,90418,JAPAN,KDDICORPORAT
KDDICorporat,Japan,81.0,90425,JAPAN,KDDICORPORAT
KDDICorporat,Japan,81.0,90808,JAPAN,KDDICORPORAT
KDDICorporat,Japan,81.0,90831,JAPAN,KDDICORPORAT
KDDICorporat,Japan,81.0,90844,JAPAN,KDDICORPORAT
KDDICorporat,Japan,81.0,7036,JAPAN,KDDICORPORAT
KDDICorporat,Japan,81.0,7075,JAPAN,KDDICORPORAT
KDDICorporat,Japan,81.0,90113,JAPAN,KDDICORPORAT
KDDICorporat,Japan,81.0,90193,JAPAN,KDDICORPORAT
KDDICorporat,Japan,81.0,90195,JAPAN,KDDICORPORAT
KDDICorporat,Japan,81.0,90291,JAPAN,KDDICORPORAT
KDDICorporat,Japan,81.0,9063,JAPAN,KDDICORPORAT
KDDICorporat,Japan,81.0,90670,JAPAN,KDDICORPORAT
KDDICorporat,Japan,81.0,90833,JAPAN,KDDICORPORAT
KDDICorporat,Japan,81.0,90962,JAPAN,KDDICORPORAT
KDDICorporat,Japan,81.0,7023,JAPAN,KDDICORPORAT
KDDICorporat,Japan,81.0,708,JAPAN,KDDICORPORAT
KDDICorporat,Japan,81.0,90119,JAPAN,KDDICORPORAT
KDDICorporat,Japan,81.0,90182,JAPAN,KDDICORPORAT
KDDICorporat,Japan,81.0,90186,JAPAN,KDDICORPORAT
KDDICorporat,Japan,81.0,90194,JAPAN,KDDICORPORAT
KDDICorporat,Japan,81.0,90197,JAPAN,KDDICORPORAT
KDDICorporat,Japan,81.0,90294,JAPAN,KDDICORPORAT
KDDICorporat,Japan,81.0,9035,JAPAN,KDDICORPORAT
KDDICorporat,Japan,81.0,9037,JAPAN,KDDICORPORAT
KDDICorporat,Japan,81.0,90399,JAPAN,KDDICORPORAT
KDDICorporat,Japan,81.0,90421,JAPAN,KDDICORPORAT
KDDICorporat,Japan,81.0,90422,JAPAN,KDDICORPORAT
KDDICorporat,Japan,81.0,90424,JAPAN,KDDICORPORAT
KDDICorporat,Japan,81.0,90671,JAPAN,KDDICORPORAT
KDDICorporat,Japan,81.0,90837,JAPAN,KDDICORPORAT
KDDICorporat,Japan,81.0,90838,JAPAN,KDDICORPORAT
KDDICorporat,Japan,81.0,90961,JAPAN,KDDICORPORAT
KDDICorporat,Japan,81.0,7024,JAPAN,KDDICORPORAT
KDDICorporat,Japan,81.0,90114,JAPAN,KDDICORPORAT
KDDICorporat,Japan,81.0,90180,JAPAN,KDDICORPORAT
KDDICorporat,Japan,81.0,90293,JAPAN,KDDICORPORAT
KDDICorporat,Japan,81.0,90686,JAPAN,KDDICORPORAT
KDDICorporat,Japan,81.0,90830,JAPAN,KDDICORPORAT
KDDICorporat,Japan,81.0,90839,JAPAN,KDDICORPORAT
KDDICorporat,Japan,81.0,9092,JAPAN,KDDICORPORAT
KDDICorporat,Japan,81.0,90964,JAPAN,KDDICORPORAT
KDDICorporat,Japan,81.0,90967,JAPAN,KDDICORPORAT
KDDICorporat,Japan,81.0,70,JAPAN,KDDICORPORAT
KDDICorporat,Japan,81.0,7046,JAPAN,KDDICORPORAT
KDDICorporat,Japan,81.0,8090,JAPAN,KDDICORPORAT
KDDICorporat,Japan,81.0,90116,JAPAN,KDDICORPORAT
KDDICorporat,Japan,81.0,90117,JAPAN,KDDICORPORAT
KDDICorporat,Japan,81.0,90118,JAPAN,KDDICORPORAT
KDDICorporat,Japan,81.0,9012,JAPAN,KDDICORPORAT
KDDICorporat,Japan,81.0,90183,JAPAN,KDDICORPORAT
KDDICorporat,Japan,81.0,90184,JAPAN,KDDICORPORAT
KDDICorporat,Japan,81.0,90185,JAPAN,KDDICORPORAT
KDDICorporat,Japan,81.0,90416,JAPAN,KDDICORPORAT
KDDICorporat,Japan,81.0,9044,JAPAN,KDDICORPORAT
KDDICorporat,Japan,81.0,90673,JAPAN,KDDICORPORAT
KDDICorporat,Japan,81.0,90675,JAPAN,KDDICORPORAT
KDDICorporat,Japan,81.0,90685,JAPAN,KDDICORPORAT
KDDICorporat,Japan,81.0,9075,JAPAN,KDDICORPORAT
KDDICorporat,Japan,81.0,90836,JAPAN,KDDICORPORAT
KDDICorporat,Japan,81.0,90960,JAPAN,KDDICORPORAT
KDDICorporat,Japan,81.0,9097,JAPAN,KDDICORPORAT
KDDICorporat,Japan,81.0,7035,JAPAN,KDDICORPORAT
KDDICorporat,Japan,81.0,7045,JAPAN,KDDICORPORAT
KDDICorporat,Japan,81.0,7047,JAPAN,KDDICORPORAT
KDDICorporat,Japan,81.0,7076,JAPAN,KDDICORPORAT
KDDICorporat,Japan,81.0,8093,JAPAN,KDDICORPORAT
KDDICorporat,Japan,81.0,90,JAPAN,KDDICORPORAT
KDDICorporat,Japan,81.0,90110,JAPAN,KDDICORPORAT
KDDICorporat,Japan,81.0,90191,JAPAN,KDDICORPORAT
KDDICorporat,Japan,81.0,90196,JAPAN,KDDICORPORAT
KDDICorporat,Japan,81.0,9020,JAPAN,KDDICORPORAT
KDDICorporat,Japan,81.0,90417,JAPAN,KDDICORPORAT
KDDICorporat,Japan,81.0,90423,JAPAN,KDDICORPORAT
KDDICorporat,Japan,81.0,9061,JAPAN,KDDICORPORAT
KDDICorporat,Japan,81.0,90687,JAPAN,KDDICORPORAT
KDDICorporat,Japan,81.0,90806,JAPAN,KDDICORPORAT
KDDICorporat,Japan,81.0,9082,JAPAN,KDDICORPORAT
KDDICorporat,Japan,81.0,90832,JAPAN,KDDICORPORAT
KDDICorporat,Japan,81.0,9093,JAPAN,KDDICORPORAT
KDDICorporat,Japan,81.0,90966,JAPAN,KDDICORPORAT
KDDICorporat,Japan,81.0,54,JAPAN,KDDICORPORAT
KDDICorporat,Japan,81.0,7038,JAPAN,KDDICORPORAT
KDDICorporat,Japan,81.0,7074,JAPAN,KDDICORPORAT
KDDICorporat,Japan,81.0,7077,JAPAN,KDDICORPORAT
KDDICorporat,Japan,81.0,8098,JAPAN,KDDICORPORAT
KDDICorporat,Japan,81.0,90181,JAPAN,KDDICORPORAT
KDDICorporat,Japan,81.0,90190,JAPAN,KDDICORPORAT
KDDICorporat,Japan,81.0,90290,JAPAN,KDDICORPORAT
KDDICorporat,Japan,81.0,9038,JAPAN,KDDICORPORAT
KDDICorporat,Japan,81.0,90415,JAPAN,KDDICORPORAT
KDDICorporat,Japan,81.0,90420,JAPAN,KDDICORPORAT
KDDICorporat,Japan,81.0,9062,JAPAN,KDDICORPORAT
KDDICorporat,Japan,81.0,90683,JAPAN,KDDICORPORAT
KDDICorporat,Japan,81.0,90805,JAPAN,KDDICORPORAT
KDDICorporat,Japan,81.0,9081,JAPAN,KDDICORPORAT
KDDICorporat,Japan,81.0,90843,JAPAN,KDDICORPORAT
KDDICorporat,Japan,81.0,7022,JAPAN,KDDICORPORAT
KDDICorporat,Japan,81.0,7037,JAPAN,KDDICORPORAT
KDDICorporat,Japan,81.0,80,JAPAN,KDDICORPORAT
KDDICorporat,Japan,81.0,805,JAPAN,KDDICORPORAT
KDDICorporat,Japan,81.0,806,JAPAN,KDDICORPORAT
KDDICorporat,Japan,81.0,90115,JAPAN,KDDICORPORAT
KDDICorporat,Japan,81.0,90344,JAPAN,KDDICORPORAT
KDDICorporat,Japan,81.0,90345,JAPAN,KDDICORPORAT
KDDICorporat,Japan,81.0,9036,JAPAN,KDDICORPORAT
KDDICorporat,Japan,81.0,90419,JAPAN,KDDICORPORAT
KDDICorporat,Japan,81.0,90672,JAPAN,KDDICORPORAT
KDDICorporat,Japan,81.0,90674,JAPAN,KDDICORPORAT
KDDICorporat,Japan,81.0,90804,JAPAN,KDDICORPORAT
KDDICorporat,Japan,81.0,90963,JAPAN,KDDICORPORAT
NTTDoco,Japan,81.0,9015,JAPAN,NTTDOCO
NTTDoco,Japan,81.0,90187,JAPAN,NTTDOCO
NTTDoco,Japan,81.0,9025,JAPAN,NTTDOCO
NTTDoco,Japan,81.0,9030,JAPAN,NTTDOCO
NTTDoco,Japan,81.0,8092,JAPAN,NTTDOCO
NTTDoco,Japan,81.0,80995,JAPAN,NTTDOCO
NTTDoco,Japan,81.0,80993,JAPAN,NTTDOCO
NTTDoco,Japan,81.0,80996,JAPAN,NTTDOCO
NTTDoco,Japan,81.0,90112,JAPAN,NTTDOCO
NTTDoco,Japan,81.0,9016,JAPAN,NTTDOCO
NTTDoco,Japan,81.0,90189,JAPAN,NTTDOCO
NTTDoco,Japan,81.0,90198,JAPAN,NTTDOCO
NTTDoco,Japan,81.0,9022,JAPAN,NTTDOCO
NTTDoco,Japan,81.0,9027,JAPAN,NTTDOCO
NTTDoco,Japan,81.0,801,JAPAN,NTTDOCO
NTTDoco,Japan,81.0,808,JAPAN,NTTDOCO
NTTDoco,Japan,81.0,80992,JAPAN,NTTDOCO
NTTDoco,Japan,81.0,80994,JAPAN,NTTDOCO
NTTDoco,Japan,81.0,90188,JAPAN,NTTDOCO
NTTDoco,Japan,81.0,9023,JAPAN,NTTDOCO
NTTDoco,Japan,81.0,90411,JAPAN,NTTDOCO
NTTDoco,Japan,81.0,802,JAPAN,NTTDOCO
NTTDoco,Japan,81.0,9021,JAPAN,NTTDOCO
NTTDoco,Japan,81.0,9026,JAPAN,NTTDOCO
NTTDoco,Japan,81.0,90346,JAPAN,NTTDOCO
NTTDoco,Japan,81.0,80991,JAPAN,NTTDOCO
NTTDoco,Japan,81.0,9010,JAPAN,NTTDOCO
NTTDoco,Japan,81.0,9014,JAPAN,NTTDOCO
NTTDoco,Japan,81.0,9032,JAPAN,NTTDOCO
NTTDoco,Japan,81.0,90348,JAPAN,NTTDOCO
NTTDoco,Japan,81.0,90349,JAPAN,NTTDOCO
NTTDoco,Japan,81.0,9040,JAPAN,NTTDOCO
NTTDoco,Japan,81.0,8095,JAPAN,NTTDOCO
NTTDoco,Japan,81.0,90111,JAPAN,NTTDOCO
NTTDoco,Japan,81.0,90199,JAPAN,NTTDOCO
NTTDoco,Japan,81.0,9024,JAPAN,NTTDOCO
NTTDoco,Japan,81.0,9031,JAPAN,NTTDOCO
NTTDoco,Japan,81.0,9033,JAPAN,NTTDOCO
NTTDoco,Japan,81.0,90347,JAPAN,NTTDOCO
NTTDoco,Japan,81.0,80990,JAPAN,NTTDOCO
NTTDoco,Japan,81.0,90340,JAPAN,NTTDOCO
NTTDoco,Japan,81.0,10,JAPAN,NTTDOCO
SoftBank,Japan,81.0,8041,JAPAN,SOFTBANK
SoftBank,Japan,81.0,8044,JAPAN,SOFTBANK
SoftBank,Japan,81.0,8091,JAPAN,SOFTBANK
SoftBank,Japan,81.0,80960,JAPAN,SOFTBANK
SoftBank,Japan,81.0,90296,JAPAN,SOFTBANK
SoftBank,Japan,81.0,90299,JAPAN,SOFTBANK
SoftBank,Japan,81.0,90341,JAPAN,SOFTBANK
SoftBank,Japan,81.0,90393,JAPAN,SOFTBANK
SoftBank,Japan,81.0,90395,JAPAN,SOFTBANK
SoftBank,Japan,81.0,90834,JAPAN,SOFTBANK
SoftBank,Japan,81.0,90845,JAPAN,SOFTBANK
SoftBank,Japan,81.0,90856,JAPAN,SOFTBANK
SoftBank,Japan,81.0,90965,JAPAN,SOFTBANK
SoftBank,Japan,81.0,9098,JAPAN,SOFTBANK
SoftBank,Japan,81.0,8042,JAPAN,SOFTBANK
SoftBank,Japan,81.0,8045,JAPAN,SOFTBANK
SoftBank,Japan,81.0,9028,JAPAN,SOFTBANK
SoftBank,Japan,81.0,90410,JAPAN,SOFTBANK
SoftBank,Japan,81.0,90426,JAPAN,SOFTBANK
SoftBank,Japan,81.0,90427,JAPAN,SOFTBANK
SoftBank,Japan,81.0,90429,JAPAN,SOFTBANK
SoftBank,Japan,81.0,90662,JAPAN,SOFTBANK
SoftBank,Japan,81.0,90664,JAPAN,SOFTBANK
SoftBank,Japan,81.0,90668,JAPAN,SOFTBANK
SoftBank,Japan,81.0,90835,JAPAN,SOFTBANK
SoftBank,Japan,81.0,90846,JAPAN,SOFTBANK
SoftBank,Japan,81.0,9017,JAPAN,SOFTBANK
SoftBank,Japan,81.0,90292,JAPAN,SOFTBANK
SoftBank,Japan,81.0,90295,JAPAN,SOFTBANK
SoftBank,Japan,81.0,90392,JAPAN,SOFTBANK
SoftBank,Japan,81.0,9060,JAPAN,SOFTBANK
SoftBank,Japan,81.0,9064,JAPAN,SOFTBANK
SoftBank,Japan,81.0,90665,JAPAN,SOFTBANK
SoftBank,Japan,81.0,90666,JAPAN,SOFTBANK
SoftBank,Japan,81.0,90667,JAPAN,SOFTBANK
SoftBank,Japan,81.0,90854,JAPAN,SOFTBANK
SoftBank,Japan,81.0,90969,JAPAN,SOFTBANK
SoftBank,Japan,81.0,8094,JAPAN,SOFTBANK
SoftBank,Japan,81.0,90297,JAPAN,SOFTBANK
SoftBank,Japan,81.0,90428,JAPAN,SOFTBANK
SoftBank,Japan,81.0,90660,JAPAN,SOFTBANK
SoftBank,Japan,81.0,90807,JAPAN,SOFTBANK
SoftBank,Japan,81.0,90847,JAPAN,SOFTBANK
SoftBank,Japan,81.0,90851,JAPAN,SOFTBANK
SoftBank,Japan,81.0,90862,JAPAN,SOFTBANK
SoftBank,Japan,81.0,8040,JAPAN,SOFTBANK
SoftBank,Japan,81.0,8046,JAPAN,SOFTBANK
SoftBank,Japan,81.0,90342,JAPAN,SOFTBANK
SoftBank,Japan,81.0,90391,JAPAN,SOFTBANK
SoftBank,Japan,81.0,90394,JAPAN,SOFTBANK
SoftBank,Japan,81.0,90661,JAPAN,SOFTBANK
SoftBank,Japan,81.0,90663,JAPAN,SOFTBANK
SoftBank,Japan,81.0,90861,JAPAN,SOFTBANK
SoftBank,Japan,81.0,90298,JAPAN,SOFTBANK
SoftBank,Japan,81.0,90396,JAPAN,SOFTBANK
SoftBank,Japan,81.0,9065,JAPAN,SOFTBANK
SoftBank,Japan,81.0,90840,JAPAN,SOFTBANK
SoftBank,Japan,81.0,90848,JAPAN,SOFTBANK
SoftBank,Japan,81.0,90853,JAPAN,SOFTBANK
SoftBank,Japan,81.0,90968,JAPAN,SOFTBANK
SoftBank,Japan,81.0,8047,JAPAN,SOFTBANK
SoftBank,Japan,81.0,8049,JAPAN,SOFTBANK
SoftBank,Japan,81.0,90390,JAPAN,SOFTBANK
SoftBank,Japan,81.0,90849,JAPAN,SOFTBANK
SoftBank,Japan,81.0,90850,JAPAN,SOFTBANK
SoftBank,Japan,81.0,90852,JAPAN,SOFTBANK
SoftBank,Japan,81.0,803,JAPAN,SOFTBANK
SoftBank,Japan,81.0,8043,JAPAN,SOFTBANK
SoftBank,Japan,81.0,8048,JAPAN,SOFTBANK
SoftBank,Japan,81.0,9013,JAPAN,SOFTBANK
SoftBank,Japan,81.0,90397,JAPAN,SOFTBANK
SoftBank,Japan,81.0,90809,JAPAN,SOFTBANK
SoftBank,Japan,81.0,90855,JAPAN,SOFTBANK
SoftBank,Japan,81.0,90860,JAPAN,SOFTBANK
SoftBank,Japan,81.0,9091,JAPAN,SOFTBANK
SoftBank,Japan,81.0,9094,JAPAN,SOFTBANK
SoftBank,Japan,81.0,9099,JAPAN,SOFTBANK
SoftBank,Japan,81.0,20,JAPAN,SOFTBANK
JerseyTel,Jersey,44.0,153448,JERSEY,JERSEYTEL
JerseyTel,Jersey,44.0,153475,JERSEY,JERSEYTEL
JerseyTel,Jersey,44.0,153483,JERSEY,JERSEYTEL
JerseyTel,Jersey,44.0,153488,JERSEY,JERSEYTEL
JerseyTel,Jersey,44.0,75898,JERSEY,JERSEYTEL
JerseyTel,Jersey,44.0,77978,JERSEY,JERSEYTEL
JerseyTel,Jersey,44.0,153449,JERSEY,JERSEYTEL
JerseyTel,Jersey,44.0,153464,JERSEY,JERSEYTEL
JerseyTel,Jersey,44.0,153465,JERSEY,JERSEYTEL
JerseyTel,Jersey,44.0,153474,JERSEY,JERSEYTEL
JerseyTel,Jersey,44.0,77977,JERSEY,JERSEYTEL
JerseyTel,Jersey,44.0,121768,JERSEY,JERSEYTEL
JerseyTel,Jersey,44.0,153467,JERSEY,JERSEYTEL
JerseyTel,Jersey,44.0,153471,JERSEY,JERSEYTEL
JerseyTel,Jersey,44.0,75094,JERSEY,JERSEYTEL
JerseyTel,Jersey,44.0,75097,JERSEY,JERSEYTEL
JerseyTel,Jersey,44.0,75591,JERSEY,JERSEYTEL
JerseyTel,Jersey,44.0,75718,JERSEY,JERSEYTEL
JerseyTel,Jersey,44.0,153444,JERSEY,JERSEYTEL
JerseyTel,Jersey,44.0,153472,JERSEY,JERSEYTEL
JerseyTel,Jersey,44.0,75090,JERSEY,JERSEYTEL
JerseyTel,Jersey,44.0,75091,JERSEY,JERSEYTEL
JerseyTel,Jersey,44.0,75092,JERSEY,JERSEYTEL
JerseyTel,Jersey,44.0,153428,JERSEY,JERSEYTEL
JerseyTel,Jersey,44.0,153450,JERSEY,JERSEYTEL
JerseyTel,Jersey,44.0,153461,JERSEY,JERSEYTEL
JerseyTel,Jersey,44.0,153470,JERSEY,JERSEYTEL
JerseyTel,Jersey,44.0,153476,JERSEY,JERSEYTEL
JerseyTel,Jersey,44.0,153481,JERSEY,JERSEYTEL
JerseyTel,Jersey,44.0,153486,JERSEY,JERSEYTEL
JerseyTel,Jersey,44.0,7937,JERSEY,JERSEYTEL
JerseyTel,Jersey,44.0,153460,JERSEY,JERSEYTEL
JerseyTel,Jersey,44.0,153473,JERSEY,JERSEYTEL
JerseyTel,Jersey,44.0,153485,JERSEY,JERSEYTEL
JerseyTel,Jersey,44.0,75899,JERSEY,JERSEYTEL
JerseyTel,Jersey,44.0,153451,JERSEY,JERSEYTEL
JerseyTel,Jersey,44.0,153462,JERSEY,JERSEYTEL
JerseyTel,Jersey,44.0,153463,JERSEY,JERSEYTEL
JerseyTel,Jersey,44.0,153484,JERSEY,JERSEYTEL
JerseyTel,Jersey,44.0,,JERSEY,JERSEYTEL
JerseyTel,Jersey,44.0,50,JERSEY,JERSEYTEL
JerseyTel,Jersey,44.0,153455,JERSEY,JERSEYTEL
JerseyTel,Jersey,44.0,153478,JERSEY,JERSEYTEL
JerseyTel,Jersey,44.0,153482,JERSEY,JERSEYTEL
JerseyTel,Jersey,44.0,153487,JERSEY,JERSEYTEL
JerseyTel,Jersey,44.0,75093,JERSEY,JERSEYTEL
JerseyTel,Jersey,44.0,75095,JERSEY,JERSEYTEL
JerseyTel,Jersey,44.0,75096,JERSEY,JERSEYTEL
JerseyTel,Jersey,44.0,77979,JERSEY,JERSEYTEL
JerseyTel,Jersey,44.0,79111,JERSEY,JERSEYTEL
JerseyTel,Jersey,44.0,79117,JERSEY,JERSEYTEL
Omniah Jord,Jordan,962.0,78891,JORDAN,OMNIAH JORD
Omniah Jord,Jordan,962.0,78892,JORDAN,OMNIAH JORD
Omniah Jord,Jordan,962.0,78893,JORDAN,OMNIAH JORD
Omniah Jord,Jordan,962.0,03,JORDAN,OMNIAH JORD
Omniah Jord,Jordan,962.0,78,JORDAN,OMNIAH JORD
Omniah Jord,Jordan,962.0,78890,JORDAN,OMNIAH JORD
Omniah Jord,Jordan,962.0,,JORDAN,OMNIAH JORD
Orange,Jordan,962.0,77,JORDAN,ORANGEJORDAN
Orange,Jordan,962.0,777,JORDAN,ORANGEJORDAN
Orange,Jordan,962.0,779,JORDAN,ORANGEJORDAN
Orange,Jordan,962.0,775,JORDAN,ORANGEJORDAN
Orange,Jordan,962.0,776,JORDAN,ORANGEJORDAN
Xpress Telec,Jordan,962.0,,JORDAN,XPRESS TELEC
Xpress Telec,Jordan,962.0,74,JORDAN,XPRESS TELEC
Xpress Telec,Jordan,962.0,2,JORDAN,XPRESS TELEC
Zain,Jordan,962.0,75,JORDAN,ZAIN
Zain,Jordan,962.0,01,JORDAN,ZAIN
Zain,Jordan,962.0,79,JORDAN,ZAIN
Zain,Jordan,962.0,,JORDAN,ZAIN
Altel,Kazakhstan,7.0,700,KAZAKHSTAN,ALTEL
Altel,Kazakhstan,7.0,708,KAZAKHSTAN,ALTEL
Altel,Kazakhstan,7.0,07,KAZAKHSTAN,ALTEL
Kartel,Kazakhstan,7.0,776,KAZAKHSTAN,KARTEL
Kartel,Kazakhstan,7.0,777,KAZAKHSTAN,KARTEL
Kartel,Kazakhstan,7.0,,KAZAKHSTAN,KARTEL
Kartel,Kazakhstan,7.0,771,KAZAKHSTAN,KARTEL
Kartel,Kazakhstan,7.0,705,KAZAKHSTAN,KARTEL
Kartel,Kazakhstan,7.0,01,KAZAKHSTAN,KARTEL
Kcell,Kazakhstan,7.0,776,KAZAKHSTAN,KCELL
Kcell,Kazakhstan,7.0,701,KAZAKHSTAN,KCELL
Kcell,Kazakhstan,7.0,702,KAZAKHSTAN,KCELL
Kcell,Kazakhstan,7.0,02,KAZAKHSTAN,KCELL
Kcell,Kazakhstan,7.0,775,KAZAKHSTAN,KCELL
MobTelcomLLP,Kazakhstan,7.0,707,KAZAKHSTAN,MOBTELCOMLLP
MobTelcomLLP,Kazakhstan,7.0,747,KAZAKHSTAN,MOBTELCOMLLP
MobTelcomLLP,Kazakhstan,7.0,77,KAZAKHSTAN,MOBTELCOMLLP
Airtel,Kenya,254.0,102,KENYA,AIRTELKENYA
Airtel,Kenya,254.0,104,KENYA,AIRTELKENYA
Airtel,Kenya,254.0,300030,KENYA,AIRTELKENYA
Airtel,Kenya,254.0,732,KENYA,AIRTELKENYA
Airtel,Kenya,254.0,735,KENYA,AIRTELKENYA
Airtel,Kenya,254.0,751,KENYA,AIRTELKENYA
Airtel,Kenya,254.0,752,KENYA,AIRTELKENYA
Airtel,Kenya,254.0,760,KENYA,AIRTELKENYA
Airtel,Kenya,254.0,782,KENYA,AIRTELKENYA
Airtel,Kenya,254.0,785,KENYA,AIRTELKENYA
Airtel,Kenya,254.0,106,KENYA,AIRTELKENYA
Airtel,Kenya,254.0,733,KENYA,AIRTELKENYA
Airtel,Kenya,254.0,736,KENYA,AIRTELKENYA
Airtel,Kenya,254.0,738,KENYA,AIRTELKENYA
Airtel,Kenya,254.0,763,KENYA,AIRTELKENYA
Airtel,Kenya,254.0,764,KENYA,AIRTELKENYA
Airtel,Kenya,254.0,786,KENYA,AIRTELKENYA
Airtel,Kenya,254.0,101,KENYA,AIRTELKENYA
Airtel,Kenya,254.0,737,KENYA,AIRTELKENYA
Airtel,Kenya,254.0,756,KENYA,AIRTELKENYA
Airtel,Kenya,254.0,788,KENYA,AIRTELKENYA
Airtel,Kenya,254.0,100,KENYA,AIRTELKENYA
Airtel,Kenya,254.0,754,KENYA,AIRTELKENYA
Airtel,Kenya,254.0,766,KENYA,AIRTELKENYA
Airtel,Kenya,254.0,781,KENYA,AIRTELKENYA
Airtel,Kenya,254.0,2030,KENYA,AIRTELKENYA
Airtel,Kenya,254.0,731,KENYA,AIRTELKENYA
Airtel,Kenya,254.0,783,KENYA,AIRTELKENYA
Airtel,Kenya,254.0,103,KENYA,AIRTELKENYA
Airtel,Kenya,254.0,105,KENYA,AIRTELKENYA
Airtel,Kenya,254.0,730,KENYA,AIRTELKENYA
Airtel,Kenya,254.0,734,KENYA,AIRTELKENYA
Airtel,Kenya,254.0,753,KENYA,AIRTELKENYA
Airtel,Kenya,254.0,765,KENYA,AIRTELKENYA
Airtel,Kenya,254.0,767,KENYA,AIRTELKENYA
Airtel,Kenya,254.0,780,KENYA,AIRTELKENYA
Airtel,Kenya,254.0,787,KENYA,AIRTELKENYA
Airtel,Kenya,254.0,762,KENYA,AIRTELKENYA
Airtel,Kenya,254.0,784,KENYA,AIRTELKENYA
Airtel,Kenya,254.0,739,KENYA,AIRTELKENYA
Airtel,Kenya,254.0,750,KENYA,AIRTELKENYA
Airtel,Kenya,254.0,755,KENYA,AIRTELKENYA
Airtel,Kenya,254.0,789,KENYA,AIRTELKENYA
Airtel,Kenya,254.0,03,KENYA,AIRTELKENYA
KenCell,Kenya,254.0,733,KENYA,KENCELL
KenCell,Kenya,254.0,,KENYA,KENCELL
KenCell,Kenya,254.0,3,KENYA,KENCELL
Orange,Kenya,254.0,770,KENYA,ORANGE KENYA
Orange,Kenya,254.0,773,KENYA,ORANGE KENYA
Orange,Kenya,254.0,7,KENYA,ORANGE KENYA
Orange,Kenya,254.0,,KENYA,ORANGE KENYA
Orange,Kenya,254.0,772,KENYA,ORANGE KENYA
Orange,Kenya,254.0,772,KENYA,ORANGETELK
Orange,Kenya,254.0,771,KENYA,ORANGETELK
Orange,Kenya,254.0,07,KENYA,ORANGETELK
Orange,Kenya,254.0,770,KENYA,ORANGETELK
Orange,Kenya,254.0,774,KENYA,ORANGETELK
Orange,Kenya,254.0,773,KENYA,ORANGETELK
Safaricom,Kenya,254.0,720,KENYA,SAFARICOM
Safaricom,Kenya,254.0,,KENYA,SAFARICOM
Safaricom,Kenya,254.0,2,KENYA,SAFARICOM
SafaricomKE,Kenya,254.0,44,KENYA,SAFARICOMKE
SafaricomKE,Kenya,254.0,70,KENYA,SAFARICOMKE
SafaricomKE,Kenya,254.0,41,KENYA,SAFARICOMKE
SafaricomKE,Kenya,254.0,46,KENYA,SAFARICOMKE
SafaricomKE,Kenya,254.0,61,KENYA,SAFARICOMKE
SafaricomKE,Kenya,254.0,72,KENYA,SAFARICOMKE
SafaricomKE,Kenya,254.0,51,KENYA,SAFARICOMKE
SafaricomKE,Kenya,254.0,71,KENYA,SAFARICOMKE
SafaricomKE,Kenya,254.0,56,KENYA,SAFARICOMKE
SafaricomKE,Kenya,254.0,57,KENYA,SAFARICOMKE
SafaricomKE,Kenya,254.0,02,KENYA,SAFARICOMKE
SafaricomKE,Kenya,254.0,20,KENYA,SAFARICOMKE
Vodafone,Kiribati,686.0,85,KIRIBATI,VODAFONEKIR
Vodafone,Kiribati,686.0,80,KIRIBATI,VODAFONEKIR
Vodafone,Kiribati,686.0,83,KIRIBATI,VODAFONEKIR
Vodafone,Kiribati,686.0,84,KIRIBATI,VODAFONEKIR
Vodafone,Kiribati,686.0,01,KIRIBATI,VODAFONEKIR
Vodafone,Kiribati,686.0,3,KIRIBATI,VODAFONEKIR
Vodafone,Kiribati,686.0,7,KIRIBATI,VODAFONEKIR
Vodafone,Kiribati,686.0,4,KIRIBATI,VODAFONEKIR
Vodafone,Kiribati,686.0,82,KIRIBATI,VODAFONEKIR
Vodafone,Kiribati,686.0,81,KIRIBATI,VODAFONEKIR
IPKOTELECLLC,Kosovo,383.0,43,KOSOVO,IPKOTELECLLC
IPKOTELECLLC,Kosovo,383.0,49,KOSOVO,IPKOTELECLLC
IPKOTELECLLC,Kosovo,383.0,02,KOSOVO,IPKOTELECLLC
IPKOTELECLLC,Kosovo,383.0,48,KOSOVO,IPKOTELECLLC
VirginMobil,Kuwait,965.0,09,KUWAIT,VIRGINMOBIL
VirginMobil,Kuwait,965.0,41,KUWAIT,VIRGINMOBIL
Viva,Kuwait,965.0,04,KUWAIT,VIVA
Viva,Kuwait,965.0,500,KUWAIT,VIVA
Viva,Kuwait,965.0,,KUWAIT,VIVA
Wataniya,Kuwait,965.0,656,KUWAIT,WATANIYATELE
Wataniya,Kuwait,965.0,6707,KUWAIT,WATANIYATELE
Wataniya,Kuwait,965.0,6709,KUWAIT,WATANIYATELE
Wataniya,Kuwait,965.0,676,KUWAIT,WATANIYATELE
Wataniya,Kuwait,965.0,6770,KUWAIT,WATANIYATELE
Wataniya,Kuwait,965.0,6779,KUWAIT,WATANIYATELE
Wataniya,Kuwait,965.0,03,KUWAIT,WATANIYATELE
Wataniya,Kuwait,965.0,651,KUWAIT,WATANIYATELE
Wataniya,Kuwait,965.0,6701,KUWAIT,WATANIYATELE
Wataniya,Kuwait,965.0,6704,KUWAIT,WATANIYATELE
Wataniya,Kuwait,965.0,6708,KUWAIT,WATANIYATELE
Wataniya,Kuwait,965.0,6775,KUWAIT,WATANIYATELE
Wataniya,Kuwait,965.0,6778,KUWAIT,WATANIYATELE
Wataniya,Kuwait,965.0,606,KUWAIT,WATANIYATELE
Wataniya,Kuwait,965.0,6776,KUWAIT,WATANIYATELE
Wataniya,Kuwait,965.0,603,KUWAIT,WATANIYATELE
Wataniya,Kuwait,965.0,659,KUWAIT,WATANIYATELE
Wataniya,Kuwait,965.0,6773,KUWAIT,WATANIYATELE
Wataniya,Kuwait,965.0,600,KUWAIT,WATANIYATELE
Wataniya,Kuwait,965.0,650,KUWAIT,WATANIYATELE
Wataniya,Kuwait,965.0,657,KUWAIT,WATANIYATELE
Wataniya,Kuwait,965.0,,KUWAIT,WATANIYATELE
Wataniya,Kuwait,965.0,66,KUWAIT,WATANIYATELE
Wataniya,Kuwait,965.0,6703,KUWAIT,WATANIYATELE
Wataniya,Kuwait,965.0,6705,KUWAIT,WATANIYATELE
Wataniya,Kuwait,965.0,6772,KUWAIT,WATANIYATELE
Wataniya,Kuwait,965.0,658,KUWAIT,WATANIYATELE
Wataniya,Kuwait,965.0,607,KUWAIT,WATANIYATELE
Wataniya,Kuwait,965.0,609,KUWAIT,WATANIYATELE
Wataniya,Kuwait,965.0,655,KUWAIT,WATANIYATELE
Wataniya,Kuwait,965.0,6700,KUWAIT,WATANIYATELE
Wataniya,Kuwait,965.0,6706,KUWAIT,WATANIYATELE
Wataniya,Kuwait,965.0,6771,KUWAIT,WATANIYATELE
Wataniya,Kuwait,965.0,6774,KUWAIT,WATANIYATELE
Zain,Kuwait,965.0,90,KUWAIT,ZAIN KUWAIT
Zain,Kuwait,965.0,02,KUWAIT,ZAIN KUWAIT
Zain,Kuwait,965.0,96,KUWAIT,ZAIN KUWAIT
Zain,Kuwait,965.0,980,KUWAIT,ZAIN KUWAIT
Zain,Kuwait,965.0,989,KUWAIT,ZAIN KUWAIT
Zain,Kuwait,965.0,99,KUWAIT,ZAIN KUWAIT
Zain,Kuwait,965.0,9111,KUWAIT,ZAIN KUWAIT
Zain,Kuwait,965.0,9500,KUWAIT,ZAIN KUWAIT
Zain,Kuwait,965.0,985,KUWAIT,ZAIN KUWAIT
Zain,Kuwait,965.0,987,KUWAIT,ZAIN KUWAIT
Zain,Kuwait,965.0,988,KUWAIT,ZAIN KUWAIT
Zain,Kuwait,965.0,922,KUWAIT,ZAIN KUWAIT
Zain,Kuwait,965.0,97,KUWAIT,ZAIN KUWAIT
Zain,Kuwait,965.0,9110,KUWAIT,ZAIN KUWAIT
Zain,Kuwait,965.0,9333,KUWAIT,ZAIN KUWAIT
Zain,Kuwait,965.0,94,KUWAIT,ZAIN KUWAIT
Zain,Kuwait,965.0,955,KUWAIT,ZAIN KUWAIT
AlfaTelKyrgy,Kyrgyzstan,996.0,05,KYRGYZSTAN,ALFATELKYRGY
AlfaTelKyrgy,Kyrgyzstan,996.0,55,KYRGYZSTAN,ALFATELKYRGY
Nurtelecom,Kyrgyzstan,996.0,70,KYRGYZSTAN,NURTELECOM
Nurtelecom,Kyrgyzstan,996.0,312,KYRGYZSTAN,NURTELECOM
Nurtelecom,Kyrgyzstan,996.0,09,KYRGYZSTAN,NURTELECOM
SkyMobil,Kyrgyzstan,996.0,775,KYRGYZSTAN,SKYMOBIL
SkyMobil,Kyrgyzstan,996.0,777,KYRGYZSTAN,SKYMOBIL
SkyMobil,Kyrgyzstan,996.0,772,KYRGYZSTAN,SKYMOBIL
SkyMobil,Kyrgyzstan,996.0,779,KYRGYZSTAN,SKYMOBIL
SkyMobil,Kyrgyzstan,996.0,778,KYRGYZSTAN,SKYMOBIL
SkyMobil,Kyrgyzstan,996.0,770,KYRGYZSTAN,SKYMOBIL
SkyMobil,Kyrgyzstan,996.0,773,KYRGYZSTAN,SKYMOBIL
SkyMobil,Kyrgyzstan,996.0,312,KYRGYZSTAN,SKYMOBIL
SkyMobil,Kyrgyzstan,996.0,771,KYRGYZSTAN,SKYMOBIL
SkyMobil,Kyrgyzstan,996.0,01,KYRGYZSTAN,SKYMOBIL
StarTlComSTL,Laos,856.0,304,LAOS,STARTLCOMSTL
StarTlComSTL,Laos,856.0,03,LAOS,STARTLCOMSTL
StarTlComSTL,Laos,856.0,209,LAOS,STARTLCOMSTL
StarTlComSTL,Laos,856.0,309,LAOS,STARTLCOMSTL
VimpelLA,Laos,856.0,207,LAOS,VIMPELLA
VimpelLA,Laos,856.0,307,LAOS,VIMPELLA
VimpelLA,Laos,856.0,04,LAOS,VIMPELLA
LMT Latvia,Latvia,371.0,224,LATVIA,LMT LATVIA
LMT Latvia,Latvia,371.0,2556,LATVIA,LMT LATVIA
LMT Latvia,Latvia,371.0,2558,LATVIA,LMT LATVIA
LMT Latvia,Latvia,371.0,278,LATVIA,LMT LATVIA
LMT Latvia,Latvia,371.0,283,LATVIA,LMT LATVIA
LMT Latvia,Latvia,371.0,293,LATVIA,LMT LATVIA
LMT Latvia,Latvia,371.0,2204,LATVIA,LMT LATVIA
LMT Latvia,Latvia,371.0,263,LATVIA,LMT LATVIA
LMT Latvia,Latvia,371.0,202,LATVIA,LMT LATVIA
LMT Latvia,Latvia,371.0,264,LATVIA,LMT LATVIA
LMT Latvia,Latvia,371.0,265,LATVIA,LMT LATVIA
LMT Latvia,Latvia,371.0,291,LATVIA,LMT LATVIA
LMT Latvia,Latvia,371.0,292,LATVIA,LMT LATVIA
LMT Latvia,Latvia,371.0,,LATVIA,LMT LATVIA
LMT Latvia,Latvia,371.0,01,LATVIA,LMT LATVIA
LMT Latvia,Latvia,371.0,2559,LATVIA,LMT LATVIA
LMT Latvia,Latvia,371.0,2849,LATVIA,LMT LATVIA
LMT Latvia,Latvia,371.0,286,LATVIA,LMT LATVIA
LMT Latvia,Latvia,371.0,287,LATVIA,LMT LATVIA
LMT Latvia,Latvia,371.0,2201,LATVIA,LMT LATVIA
LMT Latvia,Latvia,371.0,254,LATVIA,LMT LATVIA
LMT Latvia,Latvia,371.0,261,LATVIA,LMT LATVIA
LMT Latvia,Latvia,371.0,262,LATVIA,LMT LATVIA
LMT Latvia,Latvia,371.0,2200,LATVIA,LMT LATVIA
LMT Latvia,Latvia,371.0,256,LATVIA,LMT LATVIA
LMT Latvia,Latvia,371.0,266,LATVIA,LMT LATVIA
LMT Latvia,Latvia,371.0,294,LATVIA,LMT LATVIA
LMT Latvia,Latvia,371.0,2202,LATVIA,LMT LATVIA
LMT Latvia,Latvia,371.0,2203,LATVIA,LMT LATVIA
LMT Latvia,Latvia,371.0,2557,LATVIA,LMT LATVIA
Tele2,Latvia,371.0,203,LATVIA,TELE2
Tele2,Latvia,371.0,2207,LATVIA,TELE2
Tele2,Latvia,371.0,2208,LATVIA,TELE2
Tele2,Latvia,371.0,2231,LATVIA,TELE2
Tele2,Latvia,371.0,2237,LATVIA,TELE2
Tele2,Latvia,371.0,224,LATVIA,TELE2
Tele2,Latvia,371.0,2552,LATVIA,TELE2
Tele2,Latvia,371.0,2556,LATVIA,TELE2
Tele2,Latvia,371.0,2558,LATVIA,TELE2
Tele2,Latvia,371.0,2559,LATVIA,TELE2
Tele2,Latvia,371.0,264,LATVIA,TELE2
Tele2,Latvia,371.0,271,LATVIA,TELE2
Tele2,Latvia,371.0,2766,LATVIA,TELE2
Tele2,Latvia,371.0,2841,LATVIA,TELE2
Tele2,Latvia,371.0,2844,LATVIA,TELE2
Tele2,Latvia,371.0,2845,LATVIA,TELE2
Tele2,Latvia,371.0,292,LATVIA,TELE2
Tele2,Latvia,371.0,293,LATVIA,TELE2
Tele2,Latvia,371.0,298,LATVIA,TELE2
Tele2,Latvia,371.0,2200,LATVIA,TELE2
Tele2,Latvia,371.0,2204,LATVIA,TELE2
Tele2,Latvia,371.0,2206,LATVIA,TELE2
Tele2,Latvia,371.0,2235,LATVIA,TELE2
Tele2,Latvia,371.0,2239,LATVIA,TELE2
Tele2,Latvia,371.0,2551,LATVIA,TELE2
Tele2,Latvia,371.0,270,LATVIA,TELE2
Tele2,Latvia,371.0,2722,LATVIA,TELE2
Tele2,Latvia,371.0,2765,LATVIA,TELE2
Tele2,Latvia,371.0,278,LATVIA,TELE2
Tele2,Latvia,371.0,200,LATVIA,TELE2
Tele2,Latvia,371.0,2203,LATVIA,TELE2
Tele2,Latvia,371.0,221,LATVIA,TELE2
Tele2,Latvia,371.0,24,LATVIA,TELE2
Tele2,Latvia,371.0,2550,LATVIA,TELE2
Tele2,Latvia,371.0,2585,LATVIA,TELE2
Tele2,Latvia,371.0,2588,LATVIA,TELE2
Tele2,Latvia,371.0,2589,LATVIA,TELE2
Tele2,Latvia,371.0,269,LATVIA,TELE2
Tele2,Latvia,371.0,2729,LATVIA,TELE2
Tele2,Latvia,371.0,273,LATVIA,TELE2
Tele2,Latvia,371.0,2763,LATVIA,TELE2
Tele2,Latvia,371.0,2209,LATVIA,TELE2
Tele2,Latvia,371.0,2234,LATVIA,TELE2
Tele2,Latvia,371.0,2555,LATVIA,TELE2
Tele2,Latvia,371.0,2583,LATVIA,TELE2
Tele2,Latvia,371.0,265,LATVIA,TELE2
Tele2,Latvia,371.0,2720,LATVIA,TELE2
Tele2,Latvia,371.0,2728,LATVIA,TELE2
Tele2,Latvia,371.0,2767,LATVIA,TELE2
Tele2,Latvia,371.0,286,LATVIA,TELE2
Tele2,Latvia,371.0,288,LATVIA,TELE2
Tele2,Latvia,371.0,299,LATVIA,TELE2
Tele2,Latvia,371.0,2,LATVIA,TELE2
Tele2,Latvia,371.0,2554,LATVIA,TELE2
Tele2,Latvia,371.0,2586,LATVIA,TELE2
Tele2,Latvia,371.0,261,LATVIA,TELE2
Tele2,Latvia,371.0,2843,LATVIA,TELE2
Tele2,Latvia,371.0,2847,LATVIA,TELE2
Tele2,Latvia,371.0,2230,LATVIA,TELE2
Tele2,Latvia,371.0,2233,LATVIA,TELE2
Tele2,Latvia,371.0,2557,LATVIA,TELE2
Tele2,Latvia,371.0,2580,LATVIA,TELE2
Tele2,Latvia,371.0,266,LATVIA,TELE2
Tele2,Latvia,371.0,2721,LATVIA,TELE2
Tele2,Latvia,371.0,2724,LATVIA,TELE2
Tele2,Latvia,371.0,2726,LATVIA,TELE2
Tele2,Latvia,371.0,274,LATVIA,TELE2
Tele2,Latvia,371.0,275,LATVIA,TELE2
Tele2,Latvia,371.0,282,LATVIA,TELE2
Tele2,Latvia,371.0,2846,LATVIA,TELE2
Tele2,Latvia,371.0,287,LATVIA,TELE2
Tele2,Latvia,371.0,294,LATVIA,TELE2
Tele2,Latvia,371.0,296,LATVIA,TELE2
Tele2,Latvia,371.0,2201,LATVIA,TELE2
Tele2,Latvia,371.0,2205,LATVIA,TELE2
Tele2,Latvia,371.0,2236,LATVIA,TELE2
Tele2,Latvia,371.0,2581,LATVIA,TELE2
Tele2,Latvia,371.0,2582,LATVIA,TELE2
Tele2,Latvia,371.0,2584,LATVIA,TELE2
Tele2,Latvia,371.0,259,LATVIA,TELE2
Tele2,Latvia,371.0,260,LATVIA,TELE2
Tele2,Latvia,371.0,262,LATVIA,TELE2
Tele2,Latvia,371.0,2761,LATVIA,TELE2
Tele2,Latvia,371.0,277,LATVIA,TELE2
Tele2,Latvia,371.0,2842,LATVIA,TELE2
Tele2,Latvia,371.0,2849,LATVIA,TELE2
Tele2,Latvia,371.0,291,LATVIA,TELE2
Tele2,Latvia,371.0,295,LATVIA,TELE2
Tele2,Latvia,371.0,,LATVIA,TELE2
Tele2,Latvia,371.0,2202,LATVIA,TELE2
Tele2,Latvia,371.0,2232,LATVIA,TELE2
Tele2,Latvia,371.0,2238,LATVIA,TELE2
Tele2,Latvia,371.0,2553,LATVIA,TELE2
Tele2,Latvia,371.0,2587,LATVIA,TELE2
Tele2,Latvia,371.0,263,LATVIA,TELE2
Tele2,Latvia,371.0,267,LATVIA,TELE2
Tele2,Latvia,371.0,2723,LATVIA,TELE2
Tele2,Latvia,371.0,2725,LATVIA,TELE2
Tele2,Latvia,371.0,2760,LATVIA,TELE2
Tele2,Latvia,371.0,2762,LATVIA,TELE2
Tele2,Latvia,371.0,2764,LATVIA,TELE2
Tele2,Latvia,371.0,283,LATVIA,TELE2
Tele2,Latvia,371.0,2848,LATVIA,TELE2
Cellis,Lebanon,961.0,01,LEBANON,CELLIS
Cellis,Lebanon,961.0,31,LEBANON,CELLIS
Cellis,Lebanon,961.0,,LEBANON,CELLIS
MIC2Touch,Lebanon,961.0,766,LEBANON,MIC2TOUCH
MIC2Touch,Lebanon,961.0,7899,LEBANON,MIC2TOUCH
MIC2Touch,Lebanon,961.0,03,LEBANON,MIC2TOUCH
MIC2Touch,Lebanon,961.0,39,LEBANON,MIC2TOUCH
MIC2Touch,Lebanon,961.0,769,LEBANON,MIC2TOUCH
MIC2Touch,Lebanon,961.0,37,LEBANON,MIC2TOUCH
MIC2Touch,Lebanon,961.0,700,LEBANON,MIC2TOUCH
MIC2Touch,Lebanon,961.0,707,LEBANON,MIC2TOUCH
MIC2Touch,Lebanon,961.0,709,LEBANON,MIC2TOUCH
MIC2Touch,Lebanon,961.0,713,LEBANON,MIC2TOUCH
MIC2Touch,Lebanon,961.0,36,LEBANON,MIC2TOUCH
MIC2Touch,Lebanon,961.0,38,LEBANON,MIC2TOUCH
MIC2Touch,Lebanon,961.0,706,LEBANON,MIC2TOUCH
MIC2Touch,Lebanon,961.0,708,LEBANON,MIC2TOUCH
MIC2Touch,Lebanon,961.0,712,LEBANON,MIC2TOUCH
MIC2Touch,Lebanon,961.0,715,LEBANON,MIC2TOUCH
MIC2Touch,Lebanon,961.0,767,LEBANON,MIC2TOUCH
MIC2Touch,Lebanon,961.0,711,LEBANON,MIC2TOUCH
MIC2Touch,Lebanon,961.0,714,LEBANON,MIC2TOUCH
MIC2Touch,Lebanon,961.0,760,LEBANON,MIC2TOUCH
MIC2Touch,Lebanon,961.0,768,LEBANON,MIC2TOUCH
MIC2Touch,Lebanon,961.0,817,LEBANON,MIC2TOUCH
MIC2Touch,Lebanon,961.0,30,LEBANON,MIC2TOUCH
MIC2Touch,Lebanon,961.0,788,LEBANON,MIC2TOUCH
MIC2Touch,Lebanon,961.0,816,LEBANON,MIC2TOUCH
EconetLe,Lesotho,266.0,28,LESOTHO,ECONETLE
EconetLe,Lesotho,266.0,6,LESOTHO,ECONETLE
EconetLe,Lesotho,266.0,02,LESOTHO,ECONETLE
Vodacom,Lesotho,266.0,9,LESOTHO,VODACOM LESO
Vodacom,Lesotho,266.0,,LESOTHO,VODACOM LESO
Vodacom,Lesotho,266.0,1,LESOTHO,VODACOM LESO
CellCLiberia,Liberia,231.0,75,LIBERIA,CELLCLIBERIA
CellCLiberia,Liberia,231.0,76,LIBERIA,CELLCLIBERIA
CellCLiberia,Liberia,231.0,78,LIBERIA,CELLCLIBERIA
CellCLiberia,Liberia,231.0,74,LIBERIA,CELLCLIBERIA
CellCLiberia,Liberia,231.0,07,LIBERIA,CELLCLIBERIA
CellCLiberia,Liberia,231.0,73,LIBERIA,CELLCLIBERIA
CellCLiberia,Liberia,231.0,72,LIBERIA,CELLCLIBERIA
CellCLiberia,Liberia,231.0,77,LIBERIA,CELLCLIBERIA
Lonestar Cel,Liberia,231.0,9,LIBERIA,LONESTAR CEL
Lonestar Cel,Liberia,231.0,,LIBERIA,LONESTAR CEL
Lonestar Cel,Liberia,231.0,1,LIBERIA,LONESTAR CEL
LonestarCorP,Liberia,231.0,88,LIBERIA,LONESTARCORP
LonestarCorP,Liberia,231.0,55,LIBERIA,LONESTARCORP
LonestarCorP,Liberia,231.0,01,LIBERIA,LONESTARCORP
ALMADAR,Libya,218.0,91,LIBYA,ALMADAR
ALMADAR,Libya,218.0,01,LIBYA,ALMADAR
ALMADAR,Libya,218.0,,LIBYA,ALMADAR
Libyana Mob,Libye,218.0,92,LIBYE,LIBYANA MOB
Libyana Mob,Libye,218.0,00,LIBYE,LIBYANA MOB
Libyana Mob,Libye,218.0,94,LIBYE,LIBYANA MOB
Orange,Liechtenstein,423.0,,LIECHTENSTEIN,ORANGELIECHT
Orange,Liechtenstein,423.0,2,LIECHTENSTEIN,ORANGELIECHT
Orange,Liechtenstein,423.0,756,LIECHTENSTEIN,ORANGELIECHT
Salt Liecht,Liechtenstein,423.0,,LIECHTENSTEIN,SALT LIECHT
Salt Liecht,Liechtenstein,423.0,02,LIECHTENSTEIN,SALT LIECHT
Salt Liecht,Liechtenstein,423.0,6978,LIECHTENSTEIN,SALT LIECHT
Salt Liecht,Liechtenstein,423.0,78,LIECHTENSTEIN,SALT LIECHT
Salt Liecht,Liechtenstein,423.0,756,LIECHTENSTEIN,SALT LIECHT
Salt Liecht,Liechtenstein,423.0,69756,LIECHTENSTEIN,SALT LIECHT
Tele 2 AG,Liechtenstein,423.0,,LIECHTENSTEIN,TELE 2 AG
Tele 2 AG,Liechtenstein,423.0,91,LIECHTENSTEIN,TELE 2 AG
Tele 2 AG,Liechtenstein,423.0,77,LIECHTENSTEIN,TELE 2 AG
TelecomLiech,Liechtenstein,423.0,662,LIECHTENSTEIN,TELECOMLIECH
TelecomLiech,Liechtenstein,423.0,669,LIECHTENSTEIN,TELECOMLIECH
TelecomLiech,Liechtenstein,423.0,671,LIECHTENSTEIN,TELECOMLIECH
TelecomLiech,Liechtenstein,423.0,05,LIECHTENSTEIN,TELECOMLIECH
TelecomLiech,Liechtenstein,423.0,697,LIECHTENSTEIN,TELECOMLIECH
TelecomLiech,Liechtenstein,423.0,660,LIECHTENSTEIN,TELECOMLIECH
TelecomLiech,Liechtenstein,423.0,79,LIECHTENSTEIN,TELECOMLIECH
TelecomLiech,Liechtenstein,423.0,661,LIECHTENSTEIN,TELECOMLIECH
TelecomLiech,Liechtenstein,423.0,,LIECHTENSTEIN,TELECOMLIECH
Omnitel,Lithuania,370.0,614,LITHUANIA,OMNITEL
Omnitel,Lithuania,370.0,615,LITHUANIA,OMNITEL
Omnitel,Lithuania,370.0,620,LITHUANIA,OMNITEL
Omnitel,Lithuania,370.0,621,LITHUANIA,OMNITEL
Omnitel,Lithuania,370.0,688,LITHUANIA,OMNITEL
Omnitel,Lithuania,370.0,626,LITHUANIA,OMNITEL
Omnitel,Lithuania,370.0,619,LITHUANIA,OMNITEL
Omnitel,Lithuania,370.0,623,LITHUANIA,OMNITEL
Omnitel,Lithuania,370.0,663,LITHUANIA,OMNITEL
Omnitel,Lithuania,370.0,680,LITHUANIA,OMNITEL
Omnitel,Lithuania,370.0,611,LITHUANIA,OMNITEL
Omnitel,Lithuania,370.0,625,LITHUANIA,OMNITEL
Omnitel,Lithuania,370.0,662,LITHUANIA,OMNITEL
Omnitel,Lithuania,370.0,697,LITHUANIA,OMNITEL
Omnitel,Lithuania,370.0,,LITHUANIA,OMNITEL
Omnitel,Lithuania,370.0,616,LITHUANIA,OMNITEL
Omnitel,Lithuania,370.0,617,LITHUANIA,OMNITEL
Omnitel,Lithuania,370.0,627,LITHUANIA,OMNITEL
Omnitel,Lithuania,370.0,686,LITHUANIA,OMNITEL
Omnitel,Lithuania,370.0,692,LITHUANIA,OMNITEL
Omnitel,Lithuania,370.0,695,LITHUANIA,OMNITEL
Omnitel,Lithuania,370.0,696,LITHUANIA,OMNITEL
Omnitel,Lithuania,370.0,610,LITHUANIA,OMNITEL
Omnitel,Lithuania,370.0,613,LITHUANIA,OMNITEL
Omnitel,Lithuania,370.0,622,LITHUANIA,OMNITEL
Omnitel,Lithuania,370.0,624,LITHUANIA,OMNITEL
Omnitel,Lithuania,370.0,628,LITHUANIA,OMNITEL
Omnitel,Lithuania,370.0,687,LITHUANIA,OMNITEL
Omnitel,Lithuania,370.0,612,LITHUANIA,OMNITEL
Omnitel,Lithuania,370.0,629,LITHUANIA,OMNITEL
Omnitel,Lithuania,370.0,693,LITHUANIA,OMNITEL
Omnitel,Lithuania,370.0,698,LITHUANIA,OMNITEL
Omnitel,Lithuania,370.0,618,LITHUANIA,OMNITEL
Omnitel,Lithuania,370.0,682,LITHUANIA,OMNITEL
Omnitel,Lithuania,370.0,694,LITHUANIA,OMNITEL
Omnitel,Lithuania,370.0,6989,LITHUANIA,OMNITEL
Omnitel,Lithuania,370.0,01,LITHUANIA,OMNITEL
Tele2,Lithuania,370.0,60,LITHUANIA,TELE2
Tele2,Lithuania,370.0,647,LITHUANIA,TELE2
Tele2,Lithuania,370.0,67,LITHUANIA,TELE2
Tele2,Lithuania,370.0,645,LITHUANIA,TELE2
Tele2,Lithuania,370.0,646,LITHUANIA,TELE2
Tele2,Lithuania,370.0,683,LITHUANIA,TELE2
Tele2,Lithuania,370.0,684,LITHUANIA,TELE2
Tele2,Lithuania,370.0,03,LITHUANIA,TELE2
Tele2,Lithuania,370.0,,LITHUANIA,TELE2
Tele2,Lithuania,370.0,6686,LITHUANIA,TELE2
Tele2,Lithuania,370.0,648,LITHUANIA,TELE2
LUXGSM,Luxembourg,352.0,1,LUXEMBOURG,LUXGSM
LUXGSM,Luxembourg,352.0,,LUXEMBOURG,LUXGSM
LUXGSM,Luxembourg,352.0,21,LUXEMBOURG,LUXGSM
MTXConnect,Luxembourg,883.0,5120,LUXEMBOURG,MTXCONNECT
MTXConnect,Luxembourg,352.0,655,LUXEMBOURG,MTXCONNECT
MTXConnect,Luxembourg,352.0,6000,LUXEMBOURG,MTXCONNECT
MTXConnect,Luxembourg,352.0,02,LUXEMBOURG,MTXCONNECT
MTXConnect,Luxembourg,883.0,39,LUXEMBOURG,MTXCONNECT
TANGO,Luxembourg,352.0,77,LUXEMBOURG,TANGO
TANGO,Luxembourg,352.0,91,LUXEMBOURG,TANGO
TANGO,Luxembourg,352.0,,LUXEMBOURG,TANGO
VOX.mobile,Luxembourg,352.0,61,LUXEMBOURG,VOX.MOBILE
VOX.mobile,Luxembourg,352.0,,LUXEMBOURG,VOX.MOBILE
VOX.mobile,Luxembourg,352.0,99,LUXEMBOURG,VOX.MOBILE
SmarToneCom,Macau,853.0,6200,MACAU,SMARTONECOM
SmarToneCom,Macau,853.0,6254,MACAU,SMARTONECOM
SmarToneCom,Macau,853.0,6259,MACAU,SMARTONECOM
SmarToneCom,Macau,853.0,6258,MACAU,SMARTONECOM
SmarToneCom,Macau,853.0,6549,MACAU,SMARTONECOM
SmarToneCom,Macau,853.0,6614,MACAU,SMARTONECOM
SmarToneCom,Macau,853.0,6255,MACAU,SMARTONECOM
SmarToneCom,Macau,853.0,6263,MACAU,SMARTONECOM
SmarToneCom,Macau,853.0,6268,MACAU,SMARTONECOM
SmarToneCom,Macau,853.0,65477,MACAU,SMARTONECOM
SmarToneCom,Macau,853.0,6548,MACAU,SMARTONECOM
SmarToneCom,Macau,853.0,6641,MACAU,SMARTONECOM
SmarToneCom,Macau,853.0,6678,MACAU,SMARTONECOM
SmarToneCom,Macau,853.0,6256,MACAU,SMARTONECOM
SmarToneCom,Macau,853.0,6271,MACAU,SMARTONECOM
SmarToneCom,Macau,853.0,636,MACAU,SMARTONECOM
SmarToneCom,Macau,853.0,65475,MACAU,SMARTONECOM
SmarToneCom,Macau,853.0,65476,MACAU,SMARTONECOM
SmarToneCom,Macau,853.0,65478,MACAU,SMARTONECOM
SmarToneCom,Macau,853.0,65479,MACAU,SMARTONECOM
SmarToneCom,Macau,853.0,6640,MACAU,SMARTONECOM
SmarToneCom,Macau,853.0,6673,MACAU,SMARTONECOM
SmarToneCom,Macau,853.0,6244,MACAU,SMARTONECOM
SmarToneCom,Macau,853.0,6245,MACAU,SMARTONECOM
SmarToneCom,Macau,853.0,6261,MACAU,SMARTONECOM
SmarToneCom,Macau,853.0,6269,MACAU,SMARTONECOM
SmarToneCom,Macau,853.0,00,MACAU,SMARTONECOM
SmarToneCom,Macau,853.0,6260,MACAU,SMARTONECOM
SmarToneCom,Macau,853.0,6262,MACAU,SMARTONECOM
SmarToneCom,Macau,853.0,6270,MACAU,SMARTONECOM
SmarToneCom,Macau,853.0,6604,MACAU,SMARTONECOM
SmarToneCom,Macau,853.0,662,MACAU,SMARTONECOM
SmarToneCom,Macau,853.0,6257,MACAU,SMARTONECOM
SmarToneCom,Macau,853.0,6615,MACAU,SMARTONECOM
TmobMac,Macedonia,389.0,70,MACEDONIA,TMOBMAC
TmobMac,Macedonia,389.0,71,MACEDONIA,TMOBMAC
TmobMac,Macedonia,389.0,72,MACEDONIA,TMOBMAC
TmobMac,Macedonia,389.0,,MACEDONIA,TMOBMAC
TmobMac,Macedonia,389.0,01,MACEDONIA,TMOBMAC
Vip,Macedonia,389.0,78,MACEDONIA,VIP
Vip,Macedonia,389.0,77,MACEDONIA,VIP
Vip,Macedonia,389.0,03,MACEDONIA,VIP
Vip,Macedonia,389.0,,MACEDONIA,VIP
MOBIMAK,Macedonia,389.0,1,MACEDONIA REPUBLIC,MOBIMAK
MOBIMAK,Macedonia,389.0,,MACEDONIA REPUBLIC,MOBIMAK
MOBIMAK,Macedonia,389.0,70,MACEDONIA REPUBLIC,MOBIMAK
ANTARIS,Madagascar,261.0,2,MADAGASCAR,ANTARIS
ANTARIS,Madagascar,261.0,,MADAGASCAR,ANTARIS
ANTARIS,Madagascar,261.0,32,MADAGASCAR,ANTARIS
Orange,Madagascar,261.0,02,MADAGASCAR,ORANGE MGR
Orange,Madagascar,261.0,32,MADAGASCAR,ORANGE MGR
Orange,Madagascar,261.0,,MADAGASCAR,ORANGE MGR
Telma,Madagascar,261.0,04,MADAGASCAR,TELMA
Telma,Madagascar,261.0,34,MADAGASCAR,TELMA
Telma,Madagascar,261.0,,MADAGASCAR,TELMA
Celtel,Malawi,265.0,10,MALAWI,CELTEL
Celtel,Malawi,265.0,9,MALAWI,CELTEL
Celtel,Malawi,265.0,,MALAWI,CELTEL
TNM,Malawi,265.0,88,MALAWI,TNM
TNM,Malawi,265.0,01,MALAWI,TNM
TNM,Malawi,265.0,,MALAWI,TNM
AxiataBerhad,Malaysia,60.0,1040,MALAYSIA,AXIATABERHAD
AxiataBerhad,Malaysia,60.0,11105,MALAYSIA,AXIATABERHAD
AxiataBerhad,Malaysia,60.0,11107,MALAYSIA,AXIATABERHAD
AxiataBerhad,Malaysia,60.0,11133,MALAYSIA,AXIATABERHAD
AxiataBerhad,Malaysia,60.0,11146,MALAYSIA,AXIATABERHAD
AxiataBerhad,Malaysia,60.0,11328,MALAYSIA,AXIATABERHAD
AxiataBerhad,Malaysia,60.0,11329,MALAYSIA,AXIATABERHAD
AxiataBerhad,Malaysia,60.0,11539,MALAYSIA,AXIATABERHAD
AxiataBerhad,Malaysia,60.0,11561,MALAYSIA,AXIATABERHAD
AxiataBerhad,Malaysia,60.0,11716,MALAYSIA,AXIATABERHAD
AxiataBerhad,Malaysia,60.0,11719,MALAYSIA,AXIATABERHAD
AxiataBerhad,Malaysia,60.0,11720,MALAYSIA,AXIATABERHAD
AxiataBerhad,Malaysia,60.0,14400,MALAYSIA,AXIATABERHAD
AxiataBerhad,Malaysia,60.0,1031,MALAYSIA,AXIATABERHAD
AxiataBerhad,Malaysia,60.0,1057,MALAYSIA,AXIATABERHAD
AxiataBerhad,Malaysia,60.0,1081,MALAYSIA,AXIATABERHAD
AxiataBerhad,Malaysia,60.0,11108,MALAYSIA,AXIATABERHAD
AxiataBerhad,Malaysia,60.0,11206,MALAYSIA,AXIATABERHAD
AxiataBerhad,Malaysia,60.0,11207,MALAYSIA,AXIATABERHAD
AxiataBerhad,Malaysia,60.0,11327,MALAYSIA,AXIATABERHAD
AxiataBerhad,Malaysia,60.0,11537,MALAYSIA,AXIATABERHAD
AxiataBerhad,Malaysia,60.0,11579,MALAYSIA,AXIATABERHAD
AxiataBerhad,Malaysia,60.0,11713,MALAYSIA,AXIATABERHAD
AxiataBerhad,Malaysia,60.0,11715,MALAYSIA,AXIATABERHAD
AxiataBerhad,Malaysia,60.0,148,MALAYSIA,AXIATABERHAD
AxiataBerhad,Malaysia,60.0,1059,MALAYSIA,AXIATABERHAD
AxiataBerhad,Malaysia,60.0,1080,MALAYSIA,AXIATABERHAD
AxiataBerhad,Malaysia,60.0,1083,MALAYSIA,AXIATABERHAD
AxiataBerhad,Malaysia,60.0,1086,MALAYSIA,AXIATABERHAD
AxiataBerhad,Malaysia,60.0,11106,MALAYSIA,AXIATABERHAD
AxiataBerhad,Malaysia,60.0,11109,MALAYSIA,AXIATABERHAD
AxiataBerhad,Malaysia,60.0,11132,MALAYSIA,AXIATABERHAD
AxiataBerhad,Malaysia,60.0,11147,MALAYSIA,AXIATABERHAD
AxiataBerhad,Malaysia,60.0,1115,MALAYSIA,AXIATABERHAD
AxiataBerhad,Malaysia,60.0,1119,MALAYSIA,AXIATABERHAD
AxiataBerhad,Malaysia,60.0,11247,MALAYSIA,AXIATABERHAD
AxiataBerhad,Malaysia,60.0,11248,MALAYSIA,AXIATABERHAD
AxiataBerhad,Malaysia,60.0,1140,MALAYSIA,AXIATABERHAD
AxiataBerhad,Malaysia,60.0,1141,MALAYSIA,AXIATABERHAD
AxiataBerhad,Malaysia,60.0,11534,MALAYSIA,AXIATABERHAD
AxiataBerhad,Malaysia,60.0,11535,MALAYSIA,AXIATABERHAD
AxiataBerhad,Malaysia,60.0,11563,MALAYSIA,AXIATABERHAD
AxiataBerhad,Malaysia,60.0,11575,MALAYSIA,AXIATABERHAD
AxiataBerhad,Malaysia,60.0,11596,MALAYSIA,AXIATABERHAD
AxiataBerhad,Malaysia,60.0,1078,MALAYSIA,AXIATABERHAD
AxiataBerhad,Malaysia,60.0,1084,MALAYSIA,AXIATABERHAD
AxiataBerhad,Malaysia,60.0,1085,MALAYSIA,AXIATABERHAD
AxiataBerhad,Malaysia,60.0,1087,MALAYSIA,AXIATABERHAD
AxiataBerhad,Malaysia,60.0,11134,MALAYSIA,AXIATABERHAD
AxiataBerhad,Malaysia,60.0,11149,MALAYSIA,AXIATABERHAD
AxiataBerhad,Malaysia,60.0,11246,MALAYSIA,AXIATABERHAD
AxiataBerhad,Malaysia,60.0,11320,MALAYSIA,AXIATABERHAD
AxiataBerhad,Malaysia,60.0,11321,MALAYSIA,AXIATABERHAD
AxiataBerhad,Malaysia,60.0,11324,MALAYSIA,AXIATABERHAD
AxiataBerhad,Malaysia,60.0,11560,MALAYSIA,AXIATABERHAD
AxiataBerhad,Malaysia,60.0,11562,MALAYSIA,AXIATABERHAD
AxiataBerhad,Malaysia,60.0,11565,MALAYSIA,AXIATABERHAD
AxiataBerhad,Malaysia,60.0,11589,MALAYSIA,AXIATABERHAD
AxiataBerhad,Malaysia,60.0,11597,MALAYSIA,AXIATABERHAD
AxiataBerhad,Malaysia,60.0,11598,MALAYSIA,AXIATABERHAD
AxiataBerhad,Malaysia,60.0,11717,MALAYSIA,AXIATABERHAD
AxiataBerhad,Malaysia,60.0,11718,MALAYSIA,AXIATABERHAD
AxiataBerhad,Malaysia,60.0,13,MALAYSIA,AXIATABERHAD
AxiataBerhad,Malaysia,60.0,1030,MALAYSIA,AXIATABERHAD
AxiataBerhad,Malaysia,60.0,1041,MALAYSIA,AXIATABERHAD
AxiataBerhad,Malaysia,60.0,1053,MALAYSIA,AXIATABERHAD
AxiataBerhad,Malaysia,60.0,1077,MALAYSIA,AXIATABERHAD
AxiataBerhad,Malaysia,60.0,11130,MALAYSIA,AXIATABERHAD
AxiataBerhad,Malaysia,60.0,11187,MALAYSIA,AXIATABERHAD
AxiataBerhad,Malaysia,60.0,11208,MALAYSIA,AXIATABERHAD
AxiataBerhad,Malaysia,60.0,1129,MALAYSIA,AXIATABERHAD
AxiataBerhad,Malaysia,60.0,11323,MALAYSIA,AXIATABERHAD
AxiataBerhad,Malaysia,60.0,11325,MALAYSIA,AXIATABERHAD
AxiataBerhad,Malaysia,60.0,11326,MALAYSIA,AXIATABERHAD
AxiataBerhad,Malaysia,60.0,11530,MALAYSIA,AXIATABERHAD
AxiataBerhad,Malaysia,60.0,11566,MALAYSIA,AXIATABERHAD
AxiataBerhad,Malaysia,60.0,11569,MALAYSIA,AXIATABERHAD
AxiataBerhad,Malaysia,60.0,11578,MALAYSIA,AXIATABERHAD
AxiataBerhad,Malaysia,60.0,11586,MALAYSIA,AXIATABERHAD
AxiataBerhad,Malaysia,60.0,11721,MALAYSIA,AXIATABERHAD
AxiataBerhad,Malaysia,60.0,1032,MALAYSIA,AXIATABERHAD
AxiataBerhad,Malaysia,60.0,1033,MALAYSIA,AXIATABERHAD
AxiataBerhad,Malaysia,60.0,1051,MALAYSIA,AXIATABERHAD
AxiataBerhad,Malaysia,60.0,1079,MALAYSIA,AXIATABERHAD
AxiataBerhad,Malaysia,60.0,11131,MALAYSIA,AXIATABERHAD
AxiataBerhad,Malaysia,60.0,11148,MALAYSIA,AXIATABERHAD
AxiataBerhad,Malaysia,60.0,11189,MALAYSIA,AXIATABERHAD
AxiataBerhad,Malaysia,60.0,1135,MALAYSIA,AXIATABERHAD
AxiataBerhad,Malaysia,60.0,1152,MALAYSIA,AXIATABERHAD
AxiataBerhad,Malaysia,60.0,11538,MALAYSIA,AXIATABERHAD
AxiataBerhad,Malaysia,60.0,11564,MALAYSIA,AXIATABERHAD
AxiataBerhad,Malaysia,60.0,11567,MALAYSIA,AXIATABERHAD
AxiataBerhad,Malaysia,60.0,11587,MALAYSIA,AXIATABERHAD
AxiataBerhad,Malaysia,60.0,11588,MALAYSIA,AXIATABERHAD
AxiataBerhad,Malaysia,60.0,11599,MALAYSIA,AXIATABERHAD
AxiataBerhad,Malaysia,60.0,11712,MALAYSIA,AXIATABERHAD
AxiataBerhad,Malaysia,60.0,19,MALAYSIA,AXIATABERHAD
AxiataBerhad,Malaysia,60.0,1050,MALAYSIA,AXIATABERHAD
AxiataBerhad,Malaysia,60.0,1052,MALAYSIA,AXIATABERHAD
AxiataBerhad,Malaysia,60.0,1054,MALAYSIA,AXIATABERHAD
AxiataBerhad,Malaysia,60.0,1058,MALAYSIA,AXIATABERHAD
AxiataBerhad,Malaysia,60.0,11145,MALAYSIA,AXIATABERHAD
AxiataBerhad,Malaysia,60.0,11185,MALAYSIA,AXIATABERHAD
AxiataBerhad,Malaysia,60.0,11186,MALAYSIA,AXIATABERHAD
AxiataBerhad,Malaysia,60.0,11188,MALAYSIA,AXIATABERHAD
AxiataBerhad,Malaysia,60.0,11205,MALAYSIA,AXIATABERHAD
AxiataBerhad,Malaysia,60.0,11322,MALAYSIA,AXIATABERHAD
AxiataBerhad,Malaysia,60.0,1155,MALAYSIA,AXIATABERHAD
AxiataBerhad,Malaysia,60.0,11595,MALAYSIA,AXIATABERHAD
AxiataBerhad,Malaysia,60.0,145,MALAYSIA,AXIATABERHAD
AxiataBerhad,Malaysia,60.0,1034,MALAYSIA,AXIATABERHAD
AxiataBerhad,Malaysia,60.0,11209,MALAYSIA,AXIATABERHAD
AxiataBerhad,Malaysia,60.0,11245,MALAYSIA,AXIATABERHAD
AxiataBerhad,Malaysia,60.0,11249,MALAYSIA,AXIATABERHAD
AxiataBerhad,Malaysia,60.0,11531,MALAYSIA,AXIATABERHAD
AxiataBerhad,Malaysia,60.0,11532,MALAYSIA,AXIATABERHAD
AxiataBerhad,Malaysia,60.0,11533,MALAYSIA,AXIATABERHAD
AxiataBerhad,Malaysia,60.0,11536,MALAYSIA,AXIATABERHAD
AxiataBerhad,Malaysia,60.0,1154,MALAYSIA,AXIATABERHAD
AxiataBerhad,Malaysia,60.0,11568,MALAYSIA,AXIATABERHAD
AxiataBerhad,Malaysia,60.0,11576,MALAYSIA,AXIATABERHAD
AxiataBerhad,Malaysia,60.0,11577,MALAYSIA,AXIATABERHAD
AxiataBerhad,Malaysia,60.0,11585,MALAYSIA,AXIATABERHAD
AxiataBerhad,Malaysia,60.0,11714,MALAYSIA,AXIATABERHAD
AxiataBerhad,Malaysia,60.0,1592,MALAYSIA,AXIATABERHAD
DiGi,Malaysia,60.0,,MALAYSIA,DIGI
DiGi,Malaysia,60.0,16,MALAYSIA,DIGI
DiGi,Malaysia,60.0,143,MALAYSIA,DIGI
DigiMalay,Malaysia,60.0,1088,MALAYSIA,DIGIMALAY
DigiMalay,Malaysia,60.0,10909,MALAYSIA,DIGIMALAY
DigiMalay,Malaysia,60.0,11200,MALAYSIA,DIGIMALAY
DigiMalay,Malaysia,60.0,146,MALAYSIA,DIGIMALAY
DigiMalay,Malaysia,60.0,1046,MALAYSIA,DIGIMALAY
DigiMalay,Malaysia,60.0,10907,MALAYSIA,DIGIMALAY
DigiMalay,Malaysia,60.0,10908,MALAYSIA,DIGIMALAY
DigiMalay,Malaysia,60.0,1093,MALAYSIA,DIGIMALAY
DigiMalay,Malaysia,60.0,1096,MALAYSIA,DIGIMALAY
DigiMalay,Malaysia,60.0,1097,MALAYSIA,DIGIMALAY
DigiMalay,Malaysia,60.0,11204,MALAYSIA,DIGIMALAY
DigiMalay,Malaysia,60.0,15960,MALAYSIA,DIGIMALAY
DigiMalay,Malaysia,60.0,16,MALAYSIA,DIGIMALAY
DigiMalay,Malaysia,60.0,102,MALAYSIA,DIGIMALAY
DigiMalay,Malaysia,60.0,1066,MALAYSIA,DIGIMALAY
DigiMalay,Malaysia,60.0,1076,MALAYSIA,DIGIMALAY
DigiMalay,Malaysia,60.0,10901,MALAYSIA,DIGIMALAY
DigiMalay,Malaysia,60.0,1092,MALAYSIA,DIGIMALAY
DigiMalay,Malaysia,60.0,1094,MALAYSIA,DIGIMALAY
DigiMalay,Malaysia,60.0,1098,MALAYSIA,DIGIMALAY
DigiMalay,Malaysia,60.0,1116,MALAYSIA,DIGIMALAY
DigiMalay,Malaysia,60.0,11203,MALAYSIA,DIGIMALAY
DigiMalay,Malaysia,60.0,113,MALAYSIA,DIGIMALAY
DigiMalay,Malaysia,60.0,143,MALAYSIA,DIGIMALAY
DigiMalay,Malaysia,60.0,1039,MALAYSIA,DIGIMALAY
DigiMalay,Malaysia,60.0,10900,MALAYSIA,DIGIMALAY
DigiMalay,Malaysia,60.0,10902,MALAYSIA,DIGIMALAY
DigiMalay,Malaysia,60.0,11201,MALAYSIA,DIGIMALAY
DigiMalay,Malaysia,60.0,1133,MALAYSIA,DIGIMALAY
DigiMalay,Malaysia,60.0,1036,MALAYSIA,DIGIMALAY
DigiMalay,Malaysia,60.0,1037,MALAYSIA,DIGIMALAY
DigiMalay,Malaysia,60.0,10906,MALAYSIA,DIGIMALAY
DigiMalay,Malaysia,60.0,1095,MALAYSIA,DIGIMALAY
DigiMalay,Malaysia,60.0,15961,MALAYSIA,DIGIMALAY
DigiMalay,Malaysia,60.0,15962,MALAYSIA,DIGIMALAY
DigiMalay,Malaysia,60.0,15963,MALAYSIA,DIGIMALAY
DigiMalay,Malaysia,60.0,1056,MALAYSIA,DIGIMALAY
DigiMalay,Malaysia,60.0,10903,MALAYSIA,DIGIMALAY
DigiMalay,Malaysia,60.0,1136,MALAYSIA,DIGIMALAY
DigiMalay,Malaysia,60.0,149,MALAYSIA,DIGIMALAY
DigiMalay,Malaysia,60.0,15964,MALAYSIA,DIGIMALAY
DigiMalay,Malaysia,60.0,1038,MALAYSIA,DIGIMALAY
DigiMalay,Malaysia,60.0,1082,MALAYSIA,DIGIMALAY
DigiMalay,Malaysia,60.0,10905,MALAYSIA,DIGIMALAY
DigiMalay,Malaysia,60.0,1091,MALAYSIA,DIGIMALAY
DigiMalay,Malaysia,60.0,1126,MALAYSIA,DIGIMALAY
MaxisMalays,Malaysia,60.0,1089,MALAYSIA,MAXISMALAYS
MaxisMalays,Malaysia,60.0,1123,MALAYSIA,MAXISMALAYS
MaxisMalays,Malaysia,60.0,11277,MALAYSIA,MAXISMALAYS
MaxisMalays,Malaysia,60.0,142,MALAYSIA,MAXISMALAYS
MaxisMalays,Malaysia,60.0,11140,MALAYSIA,MAXISMALAYS
MaxisMalays,Malaysia,60.0,11141,MALAYSIA,MAXISMALAYS
MaxisMalays,Malaysia,60.0,11175,MALAYSIA,MAXISMALAYS
MaxisMalays,Malaysia,60.0,11176,MALAYSIA,MAXISMALAYS
MaxisMalays,Malaysia,60.0,11240,MALAYSIA,MAXISMALAYS
MaxisMalays,Malaysia,60.0,11276,MALAYSIA,MAXISMALAYS
MaxisMalays,Malaysia,60.0,11279,MALAYSIA,MAXISMALAYS
MaxisMalays,Malaysia,60.0,12,MALAYSIA,MAXISMALAYS
MaxisMalays,Malaysia,60.0,11244,MALAYSIA,MAXISMALAYS
MaxisMalays,Malaysia,60.0,1125,MALAYSIA,MAXISMALAYS
MaxisMalays,Malaysia,60.0,11278,MALAYSIA,MAXISMALAYS
MaxisMalays,Malaysia,60.0,11722,MALAYSIA,MAXISMALAYS
MaxisMalays,Malaysia,60.0,1071,MALAYSIA,MAXISMALAYS
MaxisMalays,Malaysia,60.0,11275,MALAYSIA,MAXISMALAYS
MaxisMalays,Malaysia,60.0,11726,MALAYSIA,MAXISMALAYS
MaxisMalays,Malaysia,60.0,1042,MALAYSIA,MAXISMALAYS
MaxisMalays,Malaysia,60.0,11177,MALAYSIA,MAXISMALAYS
MaxisMalays,Malaysia,60.0,11724,MALAYSIA,MAXISMALAYS
MaxisMalays,Malaysia,60.0,1043,MALAYSIA,MAXISMALAYS
MaxisMalays,Malaysia,60.0,11241,MALAYSIA,MAXISMALAYS
MaxisMalays,Malaysia,60.0,11243,MALAYSIA,MAXISMALAYS
MaxisMalays,Malaysia,60.0,11723,MALAYSIA,MAXISMALAYS
MaxisMalays,Malaysia,60.0,17,MALAYSIA,MAXISMALAYS
MaxisMalays,Malaysia,60.0,11144,MALAYSIA,MAXISMALAYS
MaxisMalays,Malaysia,60.0,11725,MALAYSIA,MAXISMALAYS
MaxisMalays,Malaysia,60.0,1070,MALAYSIA,MAXISMALAYS
MaxisMalays,Malaysia,60.0,1112,MALAYSIA,MAXISMALAYS
MaxisMalays,Malaysia,60.0,11142,MALAYSIA,MAXISMALAYS
MaxisMalays,Malaysia,60.0,11143,MALAYSIA,MAXISMALAYS
MaxisMalays,Malaysia,60.0,11178,MALAYSIA,MAXISMALAYS
MaxisMalays,Malaysia,60.0,11179,MALAYSIA,MAXISMALAYS
MaxisMalays,Malaysia,60.0,11242,MALAYSIA,MAXISMALAYS
MaxisMalays,Malaysia,60.0,147,MALAYSIA,MAXISMALAYS
MaxisMalays,Malaysia,60.0,15930,MALAYSIA,MAXISMALAYS
UMobile,Malaysia,60.0,11112,MALAYSIA,UMOBILE
UMobile,Malaysia,60.0,11113,MALAYSIA,UMOBILE
UMobile,Malaysia,60.0,182,MALAYSIA,UMOBILE
UMobile,Malaysia,60.0,1887,MALAYSIA,UMOBILE
UMobile,Malaysia,60.0,1890,MALAYSIA,UMOBILE
UMobile,Malaysia,60.0,04,MALAYSIA,UMOBILE
UMobile,Malaysia,60.0,11110,MALAYSIA,UMOBILE
UMobile,Malaysia,60.0,1837,MALAYSIA,UMOBILE
UMobile,Malaysia,60.0,1847,MALAYSIA,UMOBILE
UMobile,Malaysia,60.0,1839,MALAYSIA,UMOBILE
UMobile,Malaysia,60.0,1857,MALAYSIA,UMOBILE
UMobile,Malaysia,60.0,1878,MALAYSIA,UMOBILE
UMobile,Malaysia,60.0,1895,MALAYSIA,UMOBILE
UMobile,Malaysia,60.0,1896,MALAYSIA,UMOBILE
UMobile,Malaysia,60.0,1899,MALAYSIA,UMOBILE
UMobile,Malaysia,60.0,1832,MALAYSIA,UMOBILE
UMobile,Malaysia,60.0,1835,MALAYSIA,UMOBILE
UMobile,Malaysia,60.0,1846,MALAYSIA,UMOBILE
UMobile,Malaysia,60.0,1838,MALAYSIA,UMOBILE
UMobile,Malaysia,60.0,1879,MALAYSIA,UMOBILE
UMobile,Malaysia,60.0,1894,MALAYSIA,UMOBILE
UMobile,Malaysia,60.0,1840,MALAYSIA,UMOBILE
UMobile,Malaysia,60.0,1877,MALAYSIA,UMOBILE
UMobile,Malaysia,60.0,1891,MALAYSIA,UMOBILE
UMobile,Malaysia,60.0,1833,MALAYSIA,UMOBILE
UMobile,Malaysia,60.0,1866,MALAYSIA,UMOBILE
UMobile,Malaysia,60.0,1876,MALAYSIA,UMOBILE
UMobile,Malaysia,60.0,1898,MALAYSIA,UMOBILE
UMobile,Malaysia,60.0,11111,MALAYSIA,UMOBILE
UMobile,Malaysia,60.0,11114,MALAYSIA,UMOBILE
UMobile,Malaysia,60.0,1831,MALAYSIA,UMOBILE
UMobile,Malaysia,60.0,1836,MALAYSIA,UMOBILE
UMobile,Malaysia,60.0,1897,MALAYSIA,UMOBILE
UMobile,Malaysia,60.0,,MALAYSIA,UMOBILE
Dhivehi MDV,Maldives,960.0,7,MALDIVES,DHIVEHI MDV
Dhivehi MDV,Maldives,960.0,01,MALDIVES,DHIVEHI MDV
Wataniya,Maldives,960.0,02,MALDIVES,WATANIYA
Wataniya,Maldives,960.0,96,MALDIVES,WATANIYA
Wataniya,Maldives,960.0,97,MALDIVES,WATANIYA
Wataniya,Maldives,960.0,99,MALDIVES,WATANIYA
Wataniya,Maldives,960.0,,MALDIVES,WATANIYA
Wataniya,Maldives,960.0,98,MALDIVES,WATANIYA
IKATEL,Mali,223.0,2,MALI,IKATEL
IKATEL,Mali,223.0,50,MALI,IKATEL
IKATEL,Mali,223.0,,MALI,IKATEL
MALITEL,Mali,223.0,65,MALI,MALITEL
MALITEL,Mali,223.0,,MALI,MALITEL
MALITEL,Mali,223.0,1,MALI,MALITEL
Orange,Mali,223.0,703,MALI,ORANGE MALI
Orange,Mali,223.0,752,MALI,ORANGE MALI
Orange,Mali,223.0,760,MALI,ORANGE MALI
Orange,Mali,223.0,764,MALI,ORANGE MALI
Orange,Mali,223.0,765,MALI,ORANGE MALI
Orange,Mali,223.0,772,MALI,ORANGE MALI
Orange,Mali,223.0,783,MALI,ORANGE MALI
Orange,Mali,223.0,786,MALI,ORANGE MALI
Orange,Mali,223.0,,MALI,ORANGE MALI
Orange,Mali,223.0,708,MALI,ORANGE MALI
Orange,Mali,223.0,744,MALI,ORANGE MALI
Orange,Mali,223.0,762,MALI,ORANGE MALI
Orange,Mali,223.0,788,MALI,ORANGE MALI
Orange,Mali,223.0,790,MALI,ORANGE MALI
Orange,Mali,223.0,700,MALI,ORANGE MALI
Orange,Mali,223.0,704,MALI,ORANGE MALI
Orange,Mali,223.0,706,MALI,ORANGE MALI
Orange,Mali,223.0,733,MALI,ORANGE MALI
Orange,Mali,223.0,745,MALI,ORANGE MALI
Orange,Mali,223.0,751,MALI,ORANGE MALI
Orange,Mali,223.0,754,MALI,ORANGE MALI
Orange,Mali,223.0,767,MALI,ORANGE MALI
Orange,Mali,223.0,769,MALI,ORANGE MALI
Orange,Mali,223.0,784,MALI,ORANGE MALI
Orange,Mali,223.0,787,MALI,ORANGE MALI
Orange,Mali,223.0,709,MALI,ORANGE MALI
Orange,Mali,223.0,730,MALI,ORANGE MALI
Orange,Mali,223.0,731,MALI,ORANGE MALI
Orange,Mali,223.0,746,MALI,ORANGE MALI
Orange,Mali,223.0,761,MALI,ORANGE MALI
Orange,Mali,223.0,768,MALI,ORANGE MALI
Orange,Mali,223.0,771,MALI,ORANGE MALI
Orange,Mali,223.0,777,MALI,ORANGE MALI
Orange,Mali,223.0,792,MALI,ORANGE MALI
Orange,Mali,223.0,702,MALI,ORANGE MALI
Orange,Mali,223.0,707,MALI,ORANGE MALI
Orange,Mali,223.0,71,MALI,ORANGE MALI
Orange,Mali,223.0,741,MALI,ORANGE MALI
Orange,Mali,223.0,763,MALI,ORANGE MALI
Orange,Mali,223.0,770,MALI,ORANGE MALI
Orange,Mali,223.0,773,MALI,ORANGE MALI
Orange,Mali,223.0,774,MALI,ORANGE MALI
Orange,Mali,223.0,776,MALI,ORANGE MALI
Orange,Mali,223.0,7900,MALI,ORANGE MALI
Orange,Mali,223.0,02,MALI,ORANGE MALI
Orange,Mali,223.0,778,MALI,ORANGE MALI
Orange,Mali,223.0,779,MALI,ORANGE MALI
Orange,Mali,223.0,785,MALI,ORANGE MALI
Orange,Mali,223.0,793,MALI,ORANGE MALI
Orange,Mali,223.0,732,MALI,ORANGE MALI
Orange,Mali,223.0,747,MALI,ORANGE MALI
Orange,Mali,223.0,781,MALI,ORANGE MALI
Orange,Mali,223.0,782,MALI,ORANGE MALI
Orange,Mali,223.0,791,MALI,ORANGE MALI
Orange,Mali,223.0,794,MALI,ORANGE MALI
Orange,Mali,223.0,701,MALI,ORANGE MALI
Orange,Mali,223.0,705,MALI,ORANGE MALI
Orange,Mali,223.0,734,MALI,ORANGE MALI
Orange,Mali,223.0,740,MALI,ORANGE MALI
Orange,Mali,223.0,750,MALI,ORANGE MALI
Orange,Mali,223.0,753,MALI,ORANGE MALI
Orange,Mali,223.0,7609,MALI,ORANGE MALI
Orange,Mali,223.0,766,MALI,ORANGE MALI
Orange,Mali,223.0,775,MALI,ORANGE MALI
Orange,Mali,223.0,789,MALI,ORANGE MALI
EpicLimited,Malta,356.0,99830920,MALTA,EPICLIMITED
EpicLimited,Malta,356.0,99830928,MALTA,EPICLIMITED
EpicLimited,Malta,356.0,19,MALTA,EPICLIMITED
EpicLimited,Malta,356.0,99830929,MALTA,EPICLIMITED
EpicLimited,Malta,356.0,99830921,MALTA,EPICLIMITED
Go Mobile,Malta,356.0,,MALTA,GO MOBILE
Go Mobile,Malta,356.0,356,MALTA,GO MOBILE
Go Mobile,Malta,356.0,21,MALTA,GO MOBILE
Melita,Malta,356.0,77391,MALTA,MELITA
Melita,Malta,356.0,777940,MALTA,MELITA
Melita,Malta,356.0,77,MALTA,MELITA
Melita,Malta,356.0,,MALTA,MELITA
Vodafone,Malta,356.0,92,MALTA,VODAF. MALTA
Vodafone,Malta,356.0,9813,MALTA,VODAF. MALTA
Vodafone,Malta,356.0,01,MALTA,VODAF. MALTA
Vodafone,Malta,356.0,94,MALTA,VODAF. MALTA
Vodafone,Malta,356.0,9897,MALTA,VODAF. MALTA
Vodafone,Malta,356.0,9811,MALTA,VODAF. MALTA
Vodafone,Malta,356.0,99,MALTA,VODAF. MALTA
Vodafone,Malta,356.0,9696,MALTA,VODAF. MALTA
Vodafone,Malta,356.0,9812,MALTA,VODAF. MALTA
VodaMalta,Malta,356.0,94,MALTA,VODAMALTA
VodaMalta,Malta,356.0,9697,MALTA,VODAMALTA
VodaMalta,Malta,356.0,9812,MALTA,VODAMALTA
VodaMalta,Malta,356.0,9897,MALTA,VODAMALTA
VodaMalta,Malta,356.0,99411,MALTA,VODAMALTA
VodaMalta,Malta,356.0,994155,MALTA,VODAMALTA
VodaMalta,Malta,356.0,9696,MALTA,VODAMALTA
VodaMalta,Malta,356.0,9813,MALTA,VODAMALTA
VodaMalta,Malta,356.0,99,MALTA,VODAMALTA
VodaMalta,Malta,356.0,994159,MALTA,VODAMALTA
VodaMalta,Malta,356.0,72,MALTA,VODAMALTA
VodaMalta,Malta,356.0,9811,MALTA,VODAMALTA
VodaMalta,Malta,356.0,99417,MALTA,VODAMALTA
VodaMalta,Malta,356.0,01,MALTA,VODAMALTA
VodaMalta,Malta,356.0,79,MALTA,VODAMALTA
VodaMalta,Malta,356.0,9889,MALTA,VODAMALTA
VodaMalta,Malta,356.0,994157,MALTA,VODAMALTA
VodaMalta,Malta,356.0,994158,MALTA,VODAMALTA
VodaMalta,Malta,356.0,77,MALTA,VODAMALTA
VodaMalta,Malta,356.0,92,MALTA,VODAMALTA
VodaMalta,Malta,356.0,99412,MALTA,VODAMALTA
VodaMalta,Malta,356.0,99416,MALTA,VODAMALTA
VodaMalta,Malta,356.0,994156,MALTA,VODAMALTA
V MaritimMLT,Malta,356.0,99418588,MALTE,V MARITIMMLT
V MaritimMLT,Malta,356.0,99410467,MALTE,V MARITIMMLT
V MaritimMLT,Malta,356.0,99418589,MALTE,V MARITIMMLT
V MaritimMLT,Malta,356.0,99830928,MALTE,V MARITIMMLT
V MaritimMLT,Malta,356.0,99830929,MALTE,V MARITIMMLT
V MaritimMLT,Malta,356.0,19,MALTE,V MARITIMMLT
Chinguitel,Mauritania,222.0,2,MAURITANIA,CHINGUITEL
Chinguitel,Mauritania,222.0,,MAURITANIA,CHINGUITEL
Chinguitel,Mauritania,222.0,02,MAURITANIA,CHINGUITEL
Chinguitel,Mauritania,222.0,22,MAURITANIA,CHINGUITEL
Mattel2,Mauritania,222.0,363,MAURITANIA,MATTEL2
Mattel2,Mauritania,222.0,371,MAURITANIA,MATTEL2
Mattel2,Mauritania,222.0,373,MAURITANIA,MATTEL2
Mattel2,Mauritania,222.0,33,MAURITANIA,MATTEL2
Mattel2,Mauritania,222.0,362,MAURITANIA,MATTEL2
Mattel2,Mauritania,222.0,01,MAURITANIA,MATTEL2
Mattel2,Mauritania,222.0,366,MAURITANIA,MATTEL2
Mattel2,Mauritania,222.0,372,MAURITANIA,MATTEL2
Mattel2,Mauritania,222.0,361,MAURITANIA,MATTEL2
MAURITEL,Mauritania,222.0,,MAURITANIA,MAURITEL
MAURITEL,Mauritania,222.0,10,MAURITANIA,MAURITEL
MAURITEL,Mauritania,222.0,60,MAURITANIA,MAURITEL
Mattel,Mauritania,222.0,4,MAURITANIE,MATTEL
Mattel,Mauritania,222.0,,MAURITANIE,MATTEL
Mattel,Mauritania,222.0,40,MAURITANIE,MATTEL
Mattel,Mauritania,222.0,10,MAURITANIE,MATTEL
CELLPLUS,Mauritius,230.0,,MAURITIUS,CELLPLUS
CELLPLUS,Mauritius,230.0,1,MAURITIUS,CELLPLUS
CELLPLUS,Mauritius,230.0,25,MAURITIUS,CELLPLUS
MTML,Mauritius,230.0,95,MAURITIUS,MTML
MTML,Mauritius,230.0,03,MAURITIUS,MTML
MTML,Mauritius,230.0,,MAURITIUS,MTML
Orange,Mauritius,230.0,703,MAURITIUS,ORANGMAURICE
Orange,Mauritius,230.0,875,MAURITIUS,ORANGMAURICE
Orange,Mauritius,230.0,91,MAURITIUS,ORANGMAURICE
Orange,Mauritius,230.0,704,MAURITIUS,ORANGMAURICE
Orange,Mauritius,230.0,79,MAURITIUS,ORANGMAURICE
Orange,Mauritius,230.0,94,MAURITIUS,ORANGMAURICE
Orange,Mauritius,230.0,25,MAURITIUS,ORANGMAURICE
Orange,Mauritius,230.0,705,MAURITIUS,ORANGMAURICE
Orange,Mauritius,230.0,706,MAURITIUS,ORANGMAURICE
Orange,Mauritius,230.0,708,MAURITIUS,ORANGMAURICE
Orange,Mauritius,230.0,78,MAURITIUS,ORANGMAURICE
Orange,Mauritius,230.0,75,MAURITIUS,ORANGMAURICE
Orange,Mauritius,230.0,,MAURITIUS,ORANGMAURICE
Orange,Mauritius,230.0,01,MAURITIUS,ORANGMAURICE
Orange,Mauritius,230.0,707,MAURITIUS,ORANGMAURICE
Orange,Mauritius,230.0,877,MAURITIUS,ORANGMAURICE
Orange,Mauritius,230.0,701,MAURITIUS,ORANGMAURICE
Orange,Mauritius,230.0,709,MAURITIUS,ORANGMAURICE
Orange,Mauritius,230.0,702,MAURITIUS,ORANGMAURICE
Orange,Mauritius,230.0,76,MAURITIUS,ORANGMAURICE
Orange,Mauritius,230.0,77,MAURITIUS,ORANGMAURICE
Orange,Mauritius,230.0,876,MAURITIUS,ORANGMAURICE
Altan,Mexico,52.0,243,MEXICO,ALTANMEXICO
Altan,Mexico,52.0,247,MEXICO,ALTANMEXICO
Altan,Mexico,52.0,249,MEXICO,ALTANMEXICO
Altan,Mexico,52.0,272,MEXICO,ALTANMEXICO
Altan,Mexico,52.0,284,MEXICO,ALTANMEXICO
Altan,Mexico,52.0,314,MEXICO,ALTANMEXICO
Altan,Mexico,52.0,315,MEXICO,ALTANMEXICO
Altan,Mexico,52.0,323,MEXICO,ALTANMEXICO
Altan,Mexico,52.0,325,MEXICO,ALTANMEXICO
Altan,Mexico,52.0,352,MEXICO,ALTANMEXICO
Altan,Mexico,52.0,371,MEXICO,ALTANMEXICO
Altan,Mexico,52.0,413,MEXICO,ALTANMEXICO
Altan,Mexico,52.0,421,MEXICO,ALTANMEXICO
Altan,Mexico,52.0,428,MEXICO,ALTANMEXICO
Altan,Mexico,52.0,437,MEXICO,ALTANMEXICO
Altan,Mexico,52.0,451,MEXICO,ALTANMEXICO
Altan,Mexico,52.0,453,MEXICO,ALTANMEXICO
Altan,Mexico,52.0,473,MEXICO,ALTANMEXICO
Altan,Mexico,52.0,474,MEXICO,ALTANMEXICO
Altan,Mexico,52.0,476,MEXICO,ALTANMEXICO
Altan,Mexico,52.0,477,MEXICO,ALTANMEXICO
Altan,Mexico,52.0,478,MEXICO,ALTANMEXICO
Altan,Mexico,52.0,588,MEXICO,ALTANMEXICO
Altan,Mexico,52.0,596,MEXICO,ALTANMEXICO
Altan,Mexico,52.0,597,MEXICO,ALTANMEXICO
Altan,Mexico,52.0,622,MEXICO,ALTANMEXICO
Altan,Mexico,52.0,629,MEXICO,ALTANMEXICO
Altan,Mexico,52.0,633,MEXICO,ALTANMEXICO
Altan,Mexico,52.0,644,MEXICO,ALTANMEXICO
Altan,Mexico,52.0,647,MEXICO,ALTANMEXICO
Altan,Mexico,52.0,649,MEXICO,ALTANMEXICO
Altan,Mexico,52.0,651,MEXICO,ALTANMEXICO
Altan,Mexico,52.0,652,MEXICO,ALTANMEXICO
Altan,Mexico,52.0,653,MEXICO,ALTANMEXICO
Altan,Mexico,52.0,663,MEXICO,ALTANMEXICO
Altan,Mexico,52.0,667,MEXICO,ALTANMEXICO
Altan,Mexico,52.0,711,MEXICO,ALTANMEXICO
Altan,Mexico,52.0,714,MEXICO,ALTANMEXICO
Altan,Mexico,52.0,716,MEXICO,ALTANMEXICO
Altan,Mexico,52.0,737,MEXICO,ALTANMEXICO
Altan,Mexico,52.0,745,MEXICO,ALTANMEXICO
Altan,Mexico,52.0,749,MEXICO,ALTANMEXICO
Altan,Mexico,52.0,784,MEXICO,ALTANMEXICO
Altan,Mexico,52.0,791,MEXICO,ALTANMEXICO
Altan,Mexico,52.0,861,MEXICO,ALTANMEXICO
Altan,Mexico,52.0,872,MEXICO,ALTANMEXICO
Altan,Mexico,52.0,894,MEXICO,ALTANMEXICO
Altan,Mexico,52.0,913,MEXICO,ALTANMEXICO
Altan,Mexico,52.0,916,MEXICO,ALTANMEXICO
Altan,Mexico,52.0,924,MEXICO,ALTANMEXICO
Altan,Mexico,52.0,962,MEXICO,ALTANMEXICO
Altan,Mexico,52.0,992,MEXICO,ALTANMEXICO
Altan,Mexico,52.0,246,MEXICO,ALTANMEXICO
Altan,Mexico,52.0,281,MEXICO,ALTANMEXICO
Altan,Mexico,52.0,329,MEXICO,ALTANMEXICO
Altan,Mexico,52.0,33,MEXICO,ALTANMEXICO
Altan,Mexico,52.0,349,MEXICO,ALTANMEXICO
Altan,Mexico,52.0,354,MEXICO,ALTANMEXICO
Altan,Mexico,52.0,382,MEXICO,ALTANMEXICO
Altan,Mexico,52.0,387,MEXICO,ALTANMEXICO
Altan,Mexico,52.0,412,MEXICO,ALTANMEXICO
Altan,Mexico,52.0,426,MEXICO,ALTANMEXICO
Altan,Mexico,52.0,456,MEXICO,ALTANMEXICO
Altan,Mexico,52.0,464,MEXICO,ALTANMEXICO
Altan,Mexico,52.0,467,MEXICO,ALTANMEXICO
Altan,Mexico,52.0,468,MEXICO,ALTANMEXICO
Altan,Mexico,52.0,471,MEXICO,ALTANMEXICO
Altan,Mexico,52.0,489,MEXICO,ALTANMEXICO
Altan,Mexico,52.0,493,MEXICO,ALTANMEXICO
Altan,Mexico,52.0,496,MEXICO,ALTANMEXICO
Altan,Mexico,52.0,624,MEXICO,ALTANMEXICO
Altan,Mexico,52.0,634,MEXICO,ALTANMEXICO
Altan,Mexico,52.0,646,MEXICO,ALTANMEXICO
Altan,Mexico,52.0,661,MEXICO,ALTANMEXICO
Altan,Mexico,52.0,669,MEXICO,ALTANMEXICO
Altan,Mexico,52.0,673,MEXICO,ALTANMEXICO
Altan,Mexico,52.0,731,MEXICO,ALTANMEXICO
Altan,Mexico,52.0,748,MEXICO,ALTANMEXICO
Altan,Mexico,52.0,759,MEXICO,ALTANMEXICO
Altan,Mexico,52.0,762,MEXICO,ALTANMEXICO
Altan,Mexico,52.0,783,MEXICO,ALTANMEXICO
Altan,Mexico,52.0,869,MEXICO,ALTANMEXICO
Altan,Mexico,52.0,873,MEXICO,ALTANMEXICO
Altan,Mexico,52.0,878,MEXICO,ALTANMEXICO
Altan,Mexico,52.0,899,MEXICO,ALTANMEXICO
Altan,Mexico,52.0,917,MEXICO,ALTANMEXICO
Altan,Mexico,52.0,921,MEXICO,ALTANMEXICO
Altan,Mexico,52.0,964,MEXICO,ALTANMEXICO
Altan,Mexico,52.0,987,MEXICO,ALTANMEXICO
Altan,Mexico,52.0,998,MEXICO,ALTANMEXICO
Altan,Mexico,52.0,999,MEXICO,ALTANMEXICO
Altan,Mexico,52.0,383,MEXICO,ALTANMEXICO
Altan,Mexico,52.0,221,MEXICO,ALTANMEXICO
Altan,Mexico,52.0,226,MEXICO,ALTANMEXICO
Altan,Mexico,52.0,228,MEXICO,ALTANMEXICO
Altan,Mexico,52.0,232,MEXICO,ALTANMEXICO
Altan,Mexico,52.0,233,MEXICO,ALTANMEXICO
Altan,Mexico,52.0,238,MEXICO,ALTANMEXICO
Altan,Mexico,52.0,248,MEXICO,ALTANMEXICO
Altan,Mexico,52.0,271,MEXICO,ALTANMEXICO
Altan,Mexico,52.0,273,MEXICO,ALTANMEXICO
Altan,Mexico,52.0,274,MEXICO,ALTANMEXICO
Altan,Mexico,52.0,282,MEXICO,ALTANMEXICO
Altan,Mexico,52.0,283,MEXICO,ALTANMEXICO
Altan,Mexico,52.0,285,MEXICO,ALTANMEXICO
Altan,Mexico,52.0,287,MEXICO,ALTANMEXICO
Altan,Mexico,52.0,322,MEXICO,ALTANMEXICO
Altan,Mexico,52.0,324,MEXICO,ALTANMEXICO
Altan,Mexico,52.0,342,MEXICO,ALTANMEXICO
Altan,Mexico,52.0,343,MEXICO,ALTANMEXICO
Altan,Mexico,52.0,419,MEXICO,ALTANMEXICO
Altan,Mexico,52.0,423,MEXICO,ALTANMEXICO
Altan,Mexico,52.0,436,MEXICO,ALTANMEXICO
Altan,Mexico,52.0,438,MEXICO,ALTANMEXICO
Altan,Mexico,52.0,452,MEXICO,ALTANMEXICO
Altan,Mexico,52.0,455,MEXICO,ALTANMEXICO
Altan,Mexico,52.0,459,MEXICO,ALTANMEXICO
Altan,Mexico,52.0,462,MEXICO,ALTANMEXICO
Altan,Mexico,52.0,492,MEXICO,ALTANMEXICO
Altan,Mexico,52.0,494,MEXICO,ALTANMEXICO
Altan,Mexico,52.0,495,MEXICO,ALTANMEXICO
Altan,Mexico,52.0,498,MEXICO,ALTANMEXICO
Altan,Mexico,52.0,638,MEXICO,ALTANMEXICO
Altan,Mexico,52.0,645,MEXICO,ALTANMEXICO
Altan,Mexico,52.0,662,MEXICO,ALTANMEXICO
Altan,Mexico,52.0,665,MEXICO,ALTANMEXICO
Altan,Mexico,52.0,671,MEXICO,ALTANMEXICO
Altan,Mexico,52.0,696,MEXICO,ALTANMEXICO
Altan,Mexico,52.0,697,MEXICO,ALTANMEXICO
Altan,Mexico,52.0,719,MEXICO,ALTANMEXICO
Altan,Mexico,52.0,722,MEXICO,ALTANMEXICO
Altan,Mexico,52.0,738,MEXICO,ALTANMEXICO
Altan,Mexico,52.0,751,MEXICO,ALTANMEXICO
Altan,Mexico,52.0,755,MEXICO,ALTANMEXICO
Altan,Mexico,52.0,757,MEXICO,ALTANMEXICO
Altan,Mexico,52.0,761,MEXICO,ALTANMEXICO
Altan,Mexico,52.0,765,MEXICO,ALTANMEXICO
Altan,Mexico,52.0,778,MEXICO,ALTANMEXICO
Altan,Mexico,52.0,782,MEXICO,ALTANMEXICO
Altan,Mexico,52.0,825,MEXICO,ALTANMEXICO
Altan,Mexico,52.0,828,MEXICO,ALTANMEXICO
Altan,Mexico,52.0,832,MEXICO,ALTANMEXICO
Altan,Mexico,52.0,844,MEXICO,ALTANMEXICO
Altan,Mexico,52.0,866,MEXICO,ALTANMEXICO
Altan,Mexico,52.0,953,MEXICO,ALTANMEXICO
Altan,Mexico,52.0,984,MEXICO,ALTANMEXICO
Altan,Mexico,52.0,995,MEXICO,ALTANMEXICO
Altan,Mexico,52.0,997,MEXICO,ALTANMEXICO
Altan,Mexico,52.0,288,MEXICO,ALTANMEXICO
Altan,Mexico,52.0,296,MEXICO,ALTANMEXICO
Altan,Mexico,52.0,311,MEXICO,ALTANMEXICO
Altan,Mexico,52.0,319,MEXICO,ALTANMEXICO
Altan,Mexico,52.0,327,MEXICO,ALTANMEXICO
Altan,Mexico,52.0,345,MEXICO,ALTANMEXICO
Altan,Mexico,52.0,348,MEXICO,ALTANMEXICO
Altan,Mexico,52.0,356,MEXICO,ALTANMEXICO
Altan,Mexico,52.0,375,MEXICO,ALTANMEXICO
Altan,Mexico,52.0,378,MEXICO,ALTANMEXICO
Altan,Mexico,52.0,389,MEXICO,ALTANMEXICO
Altan,Mexico,52.0,392,MEXICO,ALTANMEXICO
Altan,Mexico,52.0,429,MEXICO,ALTANMEXICO
Altan,Mexico,52.0,444,MEXICO,ALTANMEXICO
Altan,Mexico,52.0,446,MEXICO,ALTANMEXICO
Altan,Mexico,52.0,447,MEXICO,ALTANMEXICO
Altan,Mexico,52.0,449,MEXICO,ALTANMEXICO
Altan,Mexico,52.0,463,MEXICO,ALTANMEXICO
Altan,Mexico,52.0,469,MEXICO,ALTANMEXICO
Altan,Mexico,52.0,483,MEXICO,ALTANMEXICO
Altan,Mexico,52.0,595,MEXICO,ALTANMEXICO
Altan,Mexico,52.0,612,MEXICO,ALTANMEXICO
Altan,Mexico,52.0,615,MEXICO,ALTANMEXICO
Altan,Mexico,52.0,632,MEXICO,ALTANMEXICO
Altan,Mexico,52.0,637,MEXICO,ALTANMEXICO
Altan,Mexico,52.0,641,MEXICO,ALTANMEXICO
Altan,Mexico,52.0,648,MEXICO,ALTANMEXICO
Altan,Mexico,52.0,724,MEXICO,ALTANMEXICO
Altan,Mexico,52.0,729,MEXICO,ALTANMEXICO
Altan,Mexico,52.0,735,MEXICO,ALTANMEXICO
Altan,Mexico,52.0,739,MEXICO,ALTANMEXICO
Altan,Mexico,52.0,741,MEXICO,ALTANMEXICO
Altan,Mexico,52.0,744,MEXICO,ALTANMEXICO
Altan,Mexico,52.0,746,MEXICO,ALTANMEXICO
Altan,Mexico,52.0,821,MEXICO,ALTANMEXICO
Altan,Mexico,52.0,835,MEXICO,ALTANMEXICO
Altan,Mexico,52.0,871,MEXICO,ALTANMEXICO
Altan,Mexico,52.0,932,MEXICO,ALTANMEXICO
Altan,Mexico,52.0,936,MEXICO,ALTANMEXICO
Altan,Mexico,52.0,969,MEXICO,ALTANMEXICO
Altan,Mexico,52.0,972,MEXICO,ALTANMEXICO
Altan,Mexico,52.0,993,MEXICO,ALTANMEXICO
Altan,Mexico,52.0,996,MEXICO,ALTANMEXICO
Altan,Mexico,52.0,140,MEXICO,ALTANMEXICO
Altan,Mexico,52.0,229,MEXICO,ALTANMEXICO
Altan,Mexico,52.0,294,MEXICO,ALTANMEXICO
Altan,Mexico,52.0,316,MEXICO,ALTANMEXICO
Altan,Mexico,52.0,328,MEXICO,ALTANMEXICO
Altan,Mexico,52.0,344,MEXICO,ALTANMEXICO
Altan,Mexico,52.0,359,MEXICO,ALTANMEXICO
Altan,Mexico,52.0,374,MEXICO,ALTANMEXICO
Altan,Mexico,52.0,376,MEXICO,ALTANMEXICO
Altan,Mexico,52.0,381,MEXICO,ALTANMEXICO
Altan,Mexico,52.0,411,MEXICO,ALTANMEXICO
Altan,Mexico,52.0,417,MEXICO,ALTANMEXICO
Altan,Mexico,52.0,427,MEXICO,ALTANMEXICO
Altan,Mexico,52.0,435,MEXICO,ALTANMEXICO
Altan,Mexico,52.0,488,MEXICO,ALTANMEXICO
Altan,Mexico,52.0,55,MEXICO,ALTANMEXICO
Altan,Mexico,52.0,591,MEXICO,ALTANMEXICO
Altan,Mexico,52.0,616,MEXICO,ALTANMEXICO
Altan,Mexico,52.0,621,MEXICO,ALTANMEXICO
Altan,Mexico,52.0,623,MEXICO,ALTANMEXICO
Altan,Mexico,52.0,628,MEXICO,ALTANMEXICO
Altan,Mexico,52.0,642,MEXICO,ALTANMEXICO
Altan,Mexico,52.0,656,MEXICO,ALTANMEXICO
Altan,Mexico,52.0,672,MEXICO,ALTANMEXICO
Altan,Mexico,52.0,687,MEXICO,ALTANMEXICO
Altan,Mexico,52.0,728,MEXICO,ALTANMEXICO
Altan,Mexico,52.0,732,MEXICO,ALTANMEXICO
Altan,Mexico,52.0,733,MEXICO,ALTANMEXICO
Altan,Mexico,52.0,734,MEXICO,ALTANMEXICO
Altan,Mexico,52.0,772,MEXICO,ALTANMEXICO
Altan,Mexico,52.0,774,MEXICO,ALTANMEXICO
Altan,Mexico,52.0,81,MEXICO,ALTANMEXICO
Altan,Mexico,52.0,862,MEXICO,ALTANMEXICO
Altan,Mexico,52.0,897,MEXICO,ALTANMEXICO
Altan,Mexico,52.0,919,MEXICO,ALTANMEXICO
Altan,Mexico,52.0,971,MEXICO,ALTANMEXICO
Altan,Mexico,52.0,983,MEXICO,ALTANMEXICO
Altan,Mexico,52.0,991,MEXICO,ALTANMEXICO
Altan,Mexico,52.0,222,MEXICO,ALTANMEXICO
Altan,Mexico,52.0,223,MEXICO,ALTANMEXICO
Altan,Mexico,52.0,225,MEXICO,ALTANMEXICO
Altan,Mexico,52.0,235,MEXICO,ALTANMEXICO
Altan,Mexico,52.0,236,MEXICO,ALTANMEXICO
Altan,Mexico,52.0,244,MEXICO,ALTANMEXICO
Altan,Mexico,52.0,297,MEXICO,ALTANMEXICO
Altan,Mexico,52.0,312,MEXICO,ALTANMEXICO
Altan,Mexico,52.0,321,MEXICO,ALTANMEXICO
Altan,Mexico,52.0,346,MEXICO,ALTANMEXICO
Altan,Mexico,52.0,353,MEXICO,ALTANMEXICO
Altan,Mexico,52.0,358,MEXICO,ALTANMEXICO
Altan,Mexico,52.0,388,MEXICO,ALTANMEXICO
Altan,Mexico,52.0,395,MEXICO,ALTANMEXICO
Altan,Mexico,52.0,415,MEXICO,ALTANMEXICO
Altan,Mexico,52.0,422,MEXICO,ALTANMEXICO
Altan,Mexico,52.0,433,MEXICO,ALTANMEXICO
Altan,Mexico,52.0,434,MEXICO,ALTANMEXICO
Altan,Mexico,52.0,441,MEXICO,ALTANMEXICO
Altan,Mexico,52.0,442,MEXICO,ALTANMEXICO
Altan,Mexico,52.0,445,MEXICO,ALTANMEXICO
Altan,Mexico,52.0,454,MEXICO,ALTANMEXICO
Altan,Mexico,52.0,461,MEXICO,ALTANMEXICO
Altan,Mexico,52.0,472,MEXICO,ALTANMEXICO
Altan,Mexico,52.0,487,MEXICO,ALTANMEXICO
Altan,Mexico,52.0,56,MEXICO,ALTANMEXICO
Altan,Mexico,52.0,592,MEXICO,ALTANMEXICO
Altan,Mexico,52.0,675,MEXICO,ALTANMEXICO
Altan,Mexico,52.0,686,MEXICO,ALTANMEXICO
Altan,Mexico,52.0,698,MEXICO,ALTANMEXICO
Altan,Mexico,52.0,715,MEXICO,ALTANMEXICO
Altan,Mexico,52.0,726,MEXICO,ALTANMEXICO
Altan,Mexico,52.0,736,MEXICO,ALTANMEXICO
Altan,Mexico,52.0,754,MEXICO,ALTANMEXICO
Altan,Mexico,52.0,768,MEXICO,ALTANMEXICO
Altan,Mexico,52.0,771,MEXICO,ALTANMEXICO
Altan,Mexico,52.0,831,MEXICO,ALTANMEXICO
Altan,Mexico,52.0,833,MEXICO,ALTANMEXICO
Altan,Mexico,52.0,934,MEXICO,ALTANMEXICO
Altan,Mexico,52.0,951,MEXICO,ALTANMEXICO
Altan,Mexico,52.0,954,MEXICO,ALTANMEXICO
Altan,Mexico,52.0,961,MEXICO,ALTANMEXICO
Altan,Mexico,52.0,981,MEXICO,ALTANMEXICO
Altan,Mexico,52.0,986,MEXICO,ALTANMEXICO
Altan,Mexico,52.0,224,MEXICO,ALTANMEXICO
Altan,Mexico,52.0,227,MEXICO,ALTANMEXICO
Altan,Mexico,52.0,313,MEXICO,ALTANMEXICO
Altan,Mexico,52.0,317,MEXICO,ALTANMEXICO
Altan,Mexico,52.0,347,MEXICO,ALTANMEXICO
Altan,Mexico,52.0,372,MEXICO,ALTANMEXICO
Altan,Mexico,52.0,384,MEXICO,ALTANMEXICO
Altan,Mexico,52.0,385,MEXICO,ALTANMEXICO
Altan,Mexico,52.0,393,MEXICO,ALTANMEXICO
Altan,Mexico,52.0,414,MEXICO,ALTANMEXICO
Altan,Mexico,52.0,418,MEXICO,ALTANMEXICO
Altan,Mexico,52.0,424,MEXICO,ALTANMEXICO
Altan,Mexico,52.0,443,MEXICO,ALTANMEXICO
Altan,Mexico,52.0,458,MEXICO,ALTANMEXICO
Altan,Mexico,52.0,465,MEXICO,ALTANMEXICO
Altan,Mexico,52.0,479,MEXICO,ALTANMEXICO
Altan,Mexico,52.0,594,MEXICO,ALTANMEXICO
Altan,Mexico,52.0,599,MEXICO,ALTANMEXICO
Altan,Mexico,52.0,613,MEXICO,ALTANMEXICO
Altan,Mexico,52.0,614,MEXICO,ALTANMEXICO
Altan,Mexico,52.0,618,MEXICO,ALTANMEXICO
Altan,Mexico,52.0,627,MEXICO,ALTANMEXICO
Altan,Mexico,52.0,659,MEXICO,ALTANMEXICO
Altan,Mexico,52.0,668,MEXICO,ALTANMEXICO
Altan,Mexico,52.0,677,MEXICO,ALTANMEXICO
Altan,Mexico,52.0,713,MEXICO,ALTANMEXICO
Altan,Mexico,52.0,717,MEXICO,ALTANMEXICO
Altan,Mexico,52.0,725,MEXICO,ALTANMEXICO
Altan,Mexico,52.0,742,MEXICO,ALTANMEXICO
Altan,Mexico,52.0,758,MEXICO,ALTANMEXICO
Altan,Mexico,52.0,769,MEXICO,ALTANMEXICO
Altan,Mexico,52.0,775,MEXICO,ALTANMEXICO
Altan,Mexico,52.0,779,MEXICO,ALTANMEXICO
Altan,Mexico,52.0,829,MEXICO,ALTANMEXICO
Altan,Mexico,52.0,836,MEXICO,ALTANMEXICO
Altan,Mexico,52.0,841,MEXICO,ALTANMEXICO
Altan,Mexico,52.0,842,MEXICO,ALTANMEXICO
Altan,Mexico,52.0,868,MEXICO,ALTANMEXICO
Altan,Mexico,52.0,937,MEXICO,ALTANMEXICO
Altan,Mexico,52.0,963,MEXICO,ALTANMEXICO
Altan,Mexico,52.0,965,MEXICO,ALTANMEXICO
Altan,Mexico,52.0,985,MEXICO,ALTANMEXICO
Altan,Mexico,52.0,326,MEXICO,ALTANMEXICO
Altan,Mexico,52.0,231,MEXICO,ALTANMEXICO
Altan,Mexico,52.0,237,MEXICO,ALTANMEXICO
Altan,Mexico,52.0,241,MEXICO,ALTANMEXICO
Altan,Mexico,52.0,279,MEXICO,ALTANMEXICO
Altan,Mexico,52.0,351,MEXICO,ALTANMEXICO
Altan,Mexico,52.0,373,MEXICO,ALTANMEXICO
Altan,Mexico,52.0,386,MEXICO,ALTANMEXICO
Altan,Mexico,52.0,391,MEXICO,ALTANMEXICO
Altan,Mexico,52.0,425,MEXICO,ALTANMEXICO
Altan,Mexico,52.0,431,MEXICO,ALTANMEXICO
Altan,Mexico,52.0,448,MEXICO,ALTANMEXICO
Altan,Mexico,52.0,457,MEXICO,ALTANMEXICO
Altan,Mexico,52.0,466,MEXICO,ALTANMEXICO
Altan,Mexico,52.0,485,MEXICO,ALTANMEXICO
Altan,Mexico,52.0,499,MEXICO,ALTANMEXICO
Altan,Mexico,52.0,593,MEXICO,ALTANMEXICO
Altan,Mexico,52.0,626,MEXICO,ALTANMEXICO
Altan,Mexico,52.0,631,MEXICO,ALTANMEXICO
Altan,Mexico,52.0,635,MEXICO,ALTANMEXICO
Altan,Mexico,52.0,636,MEXICO,ALTANMEXICO
Altan,Mexico,52.0,643,MEXICO,ALTANMEXICO
Altan,Mexico,52.0,664,MEXICO,ALTANMEXICO
Altan,Mexico,52.0,674,MEXICO,ALTANMEXICO
Altan,Mexico,52.0,694,MEXICO,ALTANMEXICO
Altan,Mexico,52.0,712,MEXICO,ALTANMEXICO
Altan,Mexico,52.0,718,MEXICO,ALTANMEXICO
Altan,Mexico,52.0,721,MEXICO,ALTANMEXICO
Altan,Mexico,52.0,743,MEXICO,ALTANMEXICO
Altan,Mexico,52.0,764,MEXICO,ALTANMEXICO
Altan,Mexico,52.0,766,MEXICO,ALTANMEXICO
Altan,Mexico,52.0,773,MEXICO,ALTANMEXICO
Altan,Mexico,52.0,776,MEXICO,ALTANMEXICO
Altan,Mexico,52.0,777,MEXICO,ALTANMEXICO
Altan,Mexico,52.0,789,MEXICO,ALTANMEXICO
Altan,Mexico,52.0,797,MEXICO,ALTANMEXICO
Altan,Mexico,52.0,823,MEXICO,ALTANMEXICO
Altan,Mexico,52.0,826,MEXICO,ALTANMEXICO
Altan,Mexico,52.0,846,MEXICO,ALTANMEXICO
Altan,Mexico,52.0,867,MEXICO,ALTANMEXICO
Altan,Mexico,52.0,914,MEXICO,ALTANMEXICO
Altan,Mexico,52.0,918,MEXICO,ALTANMEXICO
Altan,Mexico,52.0,922,MEXICO,ALTANMEXICO
Altan,Mexico,52.0,958,MEXICO,ALTANMEXICO
Altan,Mexico,52.0,966,MEXICO,ALTANMEXICO
Altan,Mexico,52.0,967,MEXICO,ALTANMEXICO
Altan,Mexico,52.0,988,MEXICO,ALTANMEXICO
CVMexico,Mexico,52.0,246168,MEXICO,CVMEXICO
CVMexico,Mexico,52.0,274127,MEXICO,CVMEXICO
CVMexico,Mexico,52.0,274129,MEXICO,CVMEXICO
CVMexico,Mexico,52.0,313128,MEXICO,CVMEXICO
CVMexico,Mexico,52.0,322197,MEXICO,CVMEXICO
CVMexico,Mexico,52.0,341143,MEXICO,CVMEXICO
CVMexico,Mexico,52.0,384110,MEXICO,CVMEXICO
CVMexico,Mexico,52.0,434125,MEXICO,CVMEXICO
CVMexico,Mexico,52.0,442479,MEXICO,CVMEXICO
CVMexico,Mexico,52.0,444329,MEXICO,CVMEXICO
CVMexico,Mexico,52.0,449273,MEXICO,CVMEXICO
CVMexico,Mexico,52.0,452173,MEXICO,CVMEXICO
CVMexico,Mexico,52.0,452174,MEXICO,CVMEXICO
CVMexico,Mexico,52.0,625142,MEXICO,CVMEXICO
CVMexico,Mexico,52.0,627129,MEXICO,CVMEXICO
CVMexico,Mexico,52.0,653141,MEXICO,CVMEXICO
CVMexico,Mexico,52.0,714556,MEXICO,CVMEXICO
CVMexico,Mexico,52.0,744254,MEXICO,CVMEXICO
CVMexico,Mexico,52.0,775173,MEXICO,CVMEXICO
CVMexico,Mexico,52.0,782182,MEXICO,CVMEXICO
CVMexico,Mexico,52.0,821132,MEXICO,CVMEXICO
CVMexico,Mexico,52.0,824117,MEXICO,CVMEXICO
CVMexico,Mexico,52.0,899308,MEXICO,CVMEXICO
CVMexico,Mexico,52.0,921192,MEXICO,CVMEXICO
CVMexico,Mexico,52.0,983160,MEXICO,CVMEXICO
CVMexico,Mexico,52.0,999350,MEXICO,CVMEXICO
CVMexico,Mexico,52.0,228230,MEXICO,CVMEXICO
CVMexico,Mexico,52.0,331811,MEXICO,CVMEXICO
CVMexico,Mexico,52.0,462189,MEXICO,CVMEXICO
CVMexico,Mexico,52.0,464137,MEXICO,CVMEXICO
CVMexico,Mexico,52.0,474125,MEXICO,CVMEXICO
CVMexico,Mexico,52.0,477379,MEXICO,CVMEXICO
CVMexico,Mexico,52.0,556302,MEXICO,CVMEXICO
CVMexico,Mexico,52.0,624204,MEXICO,CVMEXICO
CVMexico,Mexico,52.0,639143,MEXICO,CVMEXICO
CVMexico,Mexico,52.0,665129,MEXICO,CVMEXICO
CVMexico,Mexico,52.0,721111,MEXICO,CVMEXICO
CVMexico,Mexico,52.0,744253,MEXICO,CVMEXICO
CVMexico,Mexico,52.0,777349,MEXICO,CVMEXICO
CVMexico,Mexico,52.0,791108,MEXICO,CVMEXICO
CVMexico,Mexico,52.0,821131,MEXICO,CVMEXICO
CVMexico,Mexico,52.0,833385,MEXICO,CVMEXICO
CVMexico,Mexico,52.0,922171,MEXICO,CVMEXICO
CVMexico,Mexico,52.0,933141,MEXICO,CVMEXICO
CVMexico,Mexico,52.0,933143,MEXICO,CVMEXICO
CVMexico,Mexico,52.0,998293,MEXICO,CVMEXICO
CVMexico,Mexico,52.0,090,MEXICO,CVMEXICO
CVMexico,Mexico,52.0,231126,MEXICO,CVMEXICO
CVMexico,Mexico,52.0,241140,MEXICO,CVMEXICO
CVMexico,Mexico,52.0,282114,MEXICO,CVMEXICO
CVMexico,Mexico,52.0,322196,MEXICO,CVMEXICO
CVMexico,Mexico,52.0,384111,MEXICO,CVMEXICO
CVMexico,Mexico,52.0,415128,MEXICO,CVMEXICO
CVMexico,Mexico,52.0,427149,MEXICO,CVMEXICO
CVMexico,Mexico,52.0,442476,MEXICO,CVMEXICO
CVMexico,Mexico,52.0,449274,MEXICO,CVMEXICO
CVMexico,Mexico,52.0,461228,MEXICO,CVMEXICO
CVMexico,Mexico,52.0,618210,MEXICO,CVMEXICO
CVMexico,Mexico,52.0,625140,MEXICO,CVMEXICO
CVMexico,Mexico,52.0,627127,MEXICO,CVMEXICO
CVMexico,Mexico,52.0,642138,MEXICO,CVMEXICO
CVMexico,Mexico,52.0,646227,MEXICO,CVMEXICO
CVMexico,Mexico,52.0,653143,MEXICO,CVMEXICO
CVMexico,Mexico,52.0,662353,MEXICO,CVMEXICO
CVMexico,Mexico,52.0,664440,MEXICO,CVMEXICO
CVMexico,Mexico,52.0,667336,MEXICO,CVMEXICO
CVMexico,Mexico,52.0,669212,MEXICO,CVMEXICO
CVMexico,Mexico,52.0,717107,MEXICO,CVMEXICO
CVMexico,Mexico,52.0,791107,MEXICO,CVMEXICO
CVMexico,Mexico,52.0,828134,MEXICO,CVMEXICO
CVMexico,Mexico,52.0,831139,MEXICO,CVMEXICO
CVMexico,Mexico,52.0,831141,MEXICO,CVMEXICO
CVMexico,Mexico,52.0,834214,MEXICO,CVMEXICO
CVMexico,Mexico,52.0,984176,MEXICO,CVMEXICO
CVMexico,Mexico,52.0,229330,MEXICO,CVMEXICO
CVMexico,Mexico,52.0,243117,MEXICO,CVMEXICO
CVMexico,Mexico,52.0,311199,MEXICO,CVMEXICO
CVMexico,Mexico,52.0,352120,MEXICO,CVMEXICO
CVMexico,Mexico,52.0,415129,MEXICO,CVMEXICO
CVMexico,Mexico,52.0,445128,MEXICO,CVMEXICO
CVMexico,Mexico,52.0,461227,MEXICO,CVMEXICO
CVMexico,Mexico,52.0,469117,MEXICO,CVMEXICO
CVMexico,Mexico,52.0,554421,MEXICO,CVMEXICO
CVMexico,Mexico,52.0,556358,MEXICO,CVMEXICO
CVMexico,Mexico,52.0,612194,MEXICO,CVMEXICO
CVMexico,Mexico,52.0,629114,MEXICO,CVMEXICO
CVMexico,Mexico,52.0,644206,MEXICO,CVMEXICO
CVMexico,Mexico,52.0,648114,MEXICO,CVMEXICO
CVMexico,Mexico,52.0,667335,MEXICO,CVMEXICO
CVMexico,Mexico,52.0,686287,MEXICO,CVMEXICO
CVMexico,Mexico,52.0,687164,MEXICO,CVMEXICO
CVMexico,Mexico,52.0,722649,MEXICO,CVMEXICO
CVMexico,Mexico,52.0,723102,MEXICO,CVMEXICO
CVMexico,Mexico,52.0,735211,MEXICO,CVMEXICO
CVMexico,Mexico,52.0,766108,MEXICO,CVMEXICO
CVMexico,Mexico,52.0,777350,MEXICO,CVMEXICO
CVMexico,Mexico,52.0,784131,MEXICO,CVMEXICO
CVMexico,Mexico,52.0,871316,MEXICO,CVMEXICO
CVMexico,Mexico,52.0,899309,MEXICO,CVMEXICO
CVMexico,Mexico,52.0,938164,MEXICO,CVMEXICO
CVMexico,Mexico,52.0,981166,MEXICO,CVMEXICO
CVMexico,Mexico,52.0,981167,MEXICO,CVMEXICO
CVMexico,Mexico,52.0,222706,MEXICO,CVMEXICO
CVMexico,Mexico,52.0,228231,MEXICO,CVMEXICO
CVMexico,Mexico,52.0,232131,MEXICO,CVMEXICO
CVMexico,Mexico,52.0,238126,MEXICO,CVMEXICO
CVMexico,Mexico,52.0,247116,MEXICO,CVMEXICO
CVMexico,Mexico,52.0,272166,MEXICO,CVMEXICO
CVMexico,Mexico,52.0,282116,MEXICO,CVMEXICO
CVMexico,Mexico,52.0,288126,MEXICO,CVMEXICO
CVMexico,Mexico,52.0,288127,MEXICO,CVMEXICO
CVMexico,Mexico,52.0,312165,MEXICO,CVMEXICO
CVMexico,Mexico,52.0,313130,MEXICO,CVMEXICO
CVMexico,Mexico,52.0,314145,MEXICO,CVMEXICO
CVMexico,Mexico,52.0,314146,MEXICO,CVMEXICO
CVMexico,Mexico,52.0,418122,MEXICO,CVMEXICO
CVMexico,Mexico,52.0,427148,MEXICO,CVMEXICO
CVMexico,Mexico,52.0,434123,MEXICO,CVMEXICO
CVMexico,Mexico,52.0,445129,MEXICO,CVMEXICO
CVMexico,Mexico,52.0,462188,MEXICO,CVMEXICO
CVMexico,Mexico,52.0,464136,MEXICO,CVMEXICO
CVMexico,Mexico,52.0,477380,MEXICO,CVMEXICO
CVMexico,Mexico,52.0,556360,MEXICO,CVMEXICO
CVMexico,Mexico,52.0,646225,MEXICO,CVMEXICO
CVMexico,Mexico,52.0,646228,MEXICO,CVMEXICO
CVMexico,Mexico,52.0,668189,MEXICO,CVMEXICO
CVMexico,Mexico,52.0,717106,MEXICO,CVMEXICO
CVMexico,Mexico,52.0,735212,MEXICO,CVMEXICO
CVMexico,Mexico,52.0,771294,MEXICO,CVMEXICO
CVMexico,Mexico,52.0,771295,MEXICO,CVMEXICO
CVMexico,Mexico,52.0,775171,MEXICO,CVMEXICO
CVMexico,Mexico,52.0,784129,MEXICO,CVMEXICO
CVMexico,Mexico,52.0,811765,MEXICO,CVMEXICO
CVMexico,Mexico,52.0,811941,MEXICO,CVMEXICO
CVMexico,Mexico,52.0,844286,MEXICO,CVMEXICO
CVMexico,Mexico,52.0,867204,MEXICO,CVMEXICO
CVMexico,Mexico,52.0,897110,MEXICO,CVMEXICO
CVMexico,Mexico,52.0,922172,MEXICO,CVMEXICO
CVMexico,Mexico,52.0,937151,MEXICO,CVMEXICO
CVMexico,Mexico,52.0,998294,MEXICO,CVMEXICO
CVMexico,Mexico,52.0,241142,MEXICO,CVMEXICO
CVMexico,Mexico,52.0,243118,MEXICO,CVMEXICO
CVMexico,Mexico,52.0,248147,MEXICO,CVMEXICO
CVMexico,Mexico,52.0,443356,MEXICO,CVMEXICO
CVMexico,Mexico,52.0,474124,MEXICO,CVMEXICO
CVMexico,Mexico,52.0,622149,MEXICO,CVMEXICO
CVMexico,Mexico,52.0,631157,MEXICO,CVMEXICO
CVMexico,Mexico,52.0,644205,MEXICO,CVMEXICO
CVMexico,Mexico,52.0,646226,MEXICO,CVMEXICO
CVMexico,Mexico,52.0,648116,MEXICO,CVMEXICO
CVMexico,Mexico,52.0,656418,MEXICO,CVMEXICO
CVMexico,Mexico,52.0,665127,MEXICO,CVMEXICO
CVMexico,Mexico,52.0,668188,MEXICO,CVMEXICO
CVMexico,Mexico,52.0,669211,MEXICO,CVMEXICO
CVMexico,Mexico,52.0,673564,MEXICO,CVMEXICO
CVMexico,Mexico,52.0,687163,MEXICO,CVMEXICO
CVMexico,Mexico,52.0,722648,MEXICO,CVMEXICO
CVMexico,Mexico,52.0,747135,MEXICO,CVMEXICO
CVMexico,Mexico,52.0,783132,MEXICO,CVMEXICO
CVMexico,Mexico,52.0,826141,MEXICO,CVMEXICO
CVMexico,Mexico,52.0,828135,MEXICO,CVMEXICO
CVMexico,Mexico,52.0,833384,MEXICO,CVMEXICO
CVMexico,Mexico,52.0,834215,MEXICO,CVMEXICO
CVMexico,Mexico,52.0,891108,MEXICO,CVMEXICO
CVMexico,Mexico,52.0,897111,MEXICO,CVMEXICO
CVMexico,Mexico,52.0,232129,MEXICO,CVMEXICO
CVMexico,Mexico,52.0,238160,MEXICO,CVMEXICO
CVMexico,Mexico,52.0,246166,MEXICO,CVMEXICO
CVMexico,Mexico,52.0,247114,MEXICO,CVMEXICO
CVMexico,Mexico,52.0,271167,MEXICO,CVMEXICO
CVMexico,Mexico,52.0,271168,MEXICO,CVMEXICO
CVMexico,Mexico,52.0,331810,MEXICO,CVMEXICO
CVMexico,Mexico,52.0,351154,MEXICO,CVMEXICO
CVMexico,Mexico,52.0,352130,MEXICO,CVMEXICO
CVMexico,Mexico,52.0,418121,MEXICO,CVMEXICO
CVMexico,Mexico,52.0,443357,MEXICO,CVMEXICO
CVMexico,Mexico,52.0,469119,MEXICO,CVMEXICO
CVMexico,Mexico,52.0,472127,MEXICO,CVMEXICO
CVMexico,Mexico,52.0,473134,MEXICO,CVMEXICO
CVMexico,Mexico,52.0,492168,MEXICO,CVMEXICO
CVMexico,Mexico,52.0,493133,MEXICO,CVMEXICO
CVMexico,Mexico,52.0,495113,MEXICO,CVMEXICO
CVMexico,Mexico,52.0,495115,MEXICO,CVMEXICO
CVMexico,Mexico,52.0,554999,MEXICO,CVMEXICO
CVMexico,Mexico,52.0,556357,MEXICO,CVMEXICO
CVMexico,Mexico,52.0,612195,MEXICO,CVMEXICO
CVMexico,Mexico,52.0,624205,MEXICO,CVMEXICO
CVMexico,Mexico,52.0,631156,MEXICO,CVMEXICO
CVMexico,Mexico,52.0,639145,MEXICO,CVMEXICO
CVMexico,Mexico,52.0,656419,MEXICO,CVMEXICO
CVMexico,Mexico,52.0,673136,MEXICO,CVMEXICO
CVMexico,Mexico,52.0,686288,MEXICO,CVMEXICO
CVMexico,Mexico,52.0,747157,MEXICO,CVMEXICO
CVMexico,Mexico,52.0,766110,MEXICO,CVMEXICO
CVMexico,Mexico,52.0,773165,MEXICO,CVMEXICO
CVMexico,Mexico,52.0,824115,MEXICO,CVMEXICO
CVMexico,Mexico,52.0,844285,MEXICO,CVMEXICO
CVMexico,Mexico,52.0,867205,MEXICO,CVMEXICO
CVMexico,Mexico,52.0,891109,MEXICO,CVMEXICO
CVMexico,Mexico,52.0,937149,MEXICO,CVMEXICO
CVMexico,Mexico,52.0,938166,MEXICO,CVMEXICO
CVMexico,Mexico,52.0,983162,MEXICO,CVMEXICO
CVMexico,Mexico,52.0,987127,MEXICO,CVMEXICO
CVMexico,Mexico,52.0,993307,MEXICO,CVMEXICO
CVMexico,Mexico,52.0,999349,MEXICO,CVMEXICO
CVMexico,Mexico,52.0,222705,MEXICO,CVMEXICO
CVMexico,Mexico,52.0,229331,MEXICO,CVMEXICO
CVMexico,Mexico,52.0,231124,MEXICO,CVMEXICO
CVMexico,Mexico,52.0,248146,MEXICO,CVMEXICO
CVMexico,Mexico,52.0,272167,MEXICO,CVMEXICO
CVMexico,Mexico,52.0,311200,MEXICO,CVMEXICO
CVMexico,Mexico,52.0,312166,MEXICO,CVMEXICO
CVMexico,Mexico,52.0,331587,MEXICO,CVMEXICO
CVMexico,Mexico,52.0,331728,MEXICO,CVMEXICO
CVMexico,Mexico,52.0,341141,MEXICO,CVMEXICO
CVMexico,Mexico,52.0,351152,MEXICO,CVMEXICO
CVMexico,Mexico,52.0,444328,MEXICO,CVMEXICO
CVMexico,Mexico,52.0,456120,MEXICO,CVMEXICO
CVMexico,Mexico,52.0,472126,MEXICO,CVMEXICO
CVMexico,Mexico,52.0,473135,MEXICO,CVMEXICO
CVMexico,Mexico,52.0,492169,MEXICO,CVMEXICO
CVMexico,Mexico,52.0,493131,MEXICO,CVMEXICO
CVMexico,Mexico,52.0,556359,MEXICO,CVMEXICO
CVMexico,Mexico,52.0,614301,MEXICO,CVMEXICO
CVMexico,Mexico,52.0,614302,MEXICO,CVMEXICO
CVMexico,Mexico,52.0,618209,MEXICO,CVMEXICO
CVMexico,Mexico,52.0,622148,MEXICO,CVMEXICO
CVMexico,Mexico,52.0,629116,MEXICO,CVMEXICO
CVMexico,Mexico,52.0,642139,MEXICO,CVMEXICO
CVMexico,Mexico,52.0,662352,MEXICO,CVMEXICO
CVMexico,Mexico,52.0,664439,MEXICO,CVMEXICO
CVMexico,Mexico,52.0,714105,MEXICO,CVMEXICO
CVMexico,Mexico,52.0,721110,MEXICO,CVMEXICO
CVMexico,Mexico,52.0,723103,MEXICO,CVMEXICO
CVMexico,Mexico,52.0,773166,MEXICO,CVMEXICO
CVMexico,Mexico,52.0,782181,MEXICO,CVMEXICO
CVMexico,Mexico,52.0,783130,MEXICO,CVMEXICO
CVMexico,Mexico,52.0,826140,MEXICO,CVMEXICO
CVMexico,Mexico,52.0,868240,MEXICO,CVMEXICO
CVMexico,Mexico,52.0,868241,MEXICO,CVMEXICO
CVMexico,Mexico,52.0,871315,MEXICO,CVMEXICO
CVMexico,Mexico,52.0,917121,MEXICO,CVMEXICO
CVMexico,Mexico,52.0,917123,MEXICO,CVMEXICO
CVMexico,Mexico,52.0,921191,MEXICO,CVMEXICO
CVMexico,Mexico,52.0,984175,MEXICO,CVMEXICO
CVMexico,Mexico,52.0,987126,MEXICO,CVMEXICO
CVMexico,Mexico,52.0,993308,MEXICO,CVMEXICO
Lusacell,Mexico,52.0,333,MEXICO,LUSACELL
Lusacell,Mexico,52.0,050,MEXICO,LUSACELL
MOVISTAR GSM,Mexico,52.0,222143,MEXICO,MOVISTAR GSM
MOVISTAR GSM,Mexico,52.0,030,MEXICO,MOVISTAR GSM
MOVISTAR GSM,Mexico,52.0,,MEXICO,MOVISTAR GSM
Moldcell SA,Moldova,373.0,76,MOLDAVIA,MOLDCELL SA
Moldcell SA,Moldova,373.0,79,MOLDAVIA,MOLDCELL SA
Moldcell SA,Moldova,373.0,78,MOLDAVIA,MOLDCELL SA
Moldcell SA,Moldova,373.0,02,MOLDAVIA,MOLDCELL SA
Moldtelecom,Moldova,373.0,05,MOLDOVA,MOLDTELECOM
Moldtelecom,Moldova,373.0,67,MOLDOVA,MOLDTELECOM
Orange,Moldova,373.0,68000,MOLDOVA,ORANGE MADAG
Orange,Moldova,373.0,69,MOLDOVA,ORANGE MADAG
Orange,Moldova,373.0,68,MOLDOVA,ORANGE MADAG
Orange,Moldova,373.0,691,MOLDOVA,ORANGE MADAG
Orange,Moldova,373.0,69100,MOLDOVA,ORANGE MADAG
Orange,Moldova,373.0,01,MOLDOVA,ORANGE MADAG
Orange,Moldova,373.0,,MOLDOVA,ORANGE MADAG
Orange,Moldova,373.0,60,MOLDOVA,ORANGE MADAG
Orange,Moldova,373.0,69700,MOLDOVA,ORANGE MADAG
Orange,Moldova,373.0,1,MOLDOVA REPUBLIC OF,ORANGEMOLDAV
Orange,Moldova,373.0,68,MOLDOVA REPUBLIC OF,ORANGEMOLDAV
Orange,Moldova,373.0,,MOLDOVA REPUBLIC OF,ORANGEMOLDAV
MonacoMartme,Monaco,882.0,27,MONACO,MONACOMARTME
MonacoMartme,Monaco,882.0,49,MONACO,MONACOMARTME
ValaKosova,Monaco,377.0,661,MONACO,VALAKOSOVA
ValaKosova,Monaco,377.0,,MONACO,VALAKOSOVA
ValaKosova,Monaco,377.0,01,MONACO,VALAKOSOVA
Mobicom,Mongolia,976.0,94,MONGOLIA,MOBICOM
Mobicom,Mongolia,976.0,95,MONGOLIA,MOBICOM
Mobicom,Mongolia,976.0,99,MONGOLIA,MOBICOM
Mobicom,Mongolia,976.0,,MONGOLIA,MOBICOM
Unitel1,Mongolia,976.0,86,MONGOLIA,UNITEL1
Unitel1,Mongolia,976.0,88,MONGOLIA,UNITEL1
Unitel1,Mongolia,976.0,89,MONGOLIA,UNITEL1
Mtel,Montenegro,382.0,68,MONTENEGRO,MTEL
Mtel,Montenegro,382.0,03,MONTENEGRO,MTEL
Telenor,Montenegro,382.0,01,MONTENEGRO,TELENORMON
Telenor,Montenegro,382.0,63,MONTENEGRO,TELENORMON
Telenor,Montenegro,382.0,69,MONTENEGRO,TELENORMON
T-Mobile,Montenegro,382.0,67,MONTENEGRO,TMOBILEMONTE
T-Mobile,Montenegro,382.0,,MONTENEGRO,TMOBILEMONTE
T-Mobile,Montenegro,382.0,04,MONTENEGRO,TMOBILEMONTE
CWWI,Montserrat,1.0,66449,MONTSERRAT,CWWIMON
CWWI,Montserrat,1.0,,MONTSERRAT,CWWIMON
CWWI,Montserrat,1.0,860,MONTSERRAT,CWWIMON
IAM,Morocco,212.0,650,MOROCCO,IAM
IAM,Morocco,212.0,654,MOROCCO,IAM
IAM,Morocco,212.0,666,MOROCCO,IAM
IAM,Morocco,212.0,673,MOROCCO,IAM
IAM,Morocco,212.0,623,MOROCCO,IAM
IAM,Morocco,212.0,655,MOROCCO,IAM
IAM,Morocco,212.0,667,MOROCCO,IAM
IAM,Morocco,212.0,672,MOROCCO,IAM
IAM,Morocco,212.0,611,MOROCCO,IAM
IAM,Morocco,212.0,652,MOROCCO,IAM
IAM,Morocco,212.0,653,MOROCCO,IAM
IAM,Morocco,212.0,658,MOROCCO,IAM
IAM,Morocco,212.0,662,MOROCCO,IAM
IAM,Morocco,212.0,01,MOROCCO,IAM
IAM,Morocco,212.0,610,MOROCCO,IAM
IAM,Morocco,212.0,613,MOROCCO,IAM
IAM,Morocco,212.0,624,MOROCCO,IAM
IAM,Morocco,212.0,642,MOROCCO,IAM
IAM,Morocco,212.0,670,MOROCCO,IAM
IAM,Morocco,212.0,671,MOROCCO,IAM
IAM,Morocco,212.0,676,MOROCCO,IAM
IAM,Morocco,212.0,678,MOROCCO,IAM
IAM,Morocco,212.0,615,MOROCCO,IAM
IAM,Morocco,212.0,622,MOROCCO,IAM
IAM,Morocco,212.0,677,MOROCCO,IAM
IAM,Morocco,212.0,616,MOROCCO,IAM
IAM,Morocco,212.0,618,MOROCCO,IAM
IAM,Morocco,212.0,648,MOROCCO,IAM
IAM,Morocco,212.0,661,MOROCCO,IAM
IAM,Morocco,212.0,641,MOROCCO,IAM
IAM,Morocco,212.0,651,MOROCCO,IAM
IAM,Morocco,212.0,659,MOROCCO,IAM
IAM,Morocco,212.0,668,MOROCCO,IAM
Orange,Morocco,212.0,,MOROCCO,ORANGE MAROC
Orange,Morocco,212.0,00,MOROCCO,ORANGE MAROC
Orange,Morocco,212.0,9,MOROCCO,ORANGE MAROC
WANA,Morocco,212.0,647,MOROCCO,WANA
WANA,Morocco,212.0,646,MOROCCO,WANA
WANA,Morocco,212.0,640,MOROCCO,WANA
WANA,Morocco,212.0,02,MOROCCO,WANA
WANA,Morocco,212.0,633,MOROCCO,WANA
WANA,Morocco,212.0,600,MOROCCO,WANA
WANA,Morocco,212.0,699,MOROCCO,WANA
WANA,Morocco,212.0,,MOROCCO,WANA
Movitel,Mozambique,258.0,86,MOZAMBICO,MOVITEL SA
Movitel,Mozambique,258.0,03,MOZAMBICO,MOVITEL SA
Movitel,Mozambique,258.0,87,MOZAMBICO,MOVITEL SA
Mcel,Mozambique,258.0,82,MOZAMBIQUE,MCEL
Mcel,Mozambique,258.0,01,MOZAMBIQUE,MCEL
Mcel,Mozambique,258.0,,MOZAMBIQUE,MCEL
VMMozambique,Mozambique,258.0,85,MOZAMBIQUE,VMMOZAMBIQUE
VMMozambique,Mozambique,258.0,04,MOZAMBIQUE,VMMOZAMBIQUE
VMMozambique,Mozambique,258.0,84,MOZAMBIQUE,VMMOZAMBIQUE
Vodacom,Mozambique,258.0,4,MOZAMBIQUE,VODACOM MOZA
Vodacom,Mozambique,258.0,84,MOZAMBIQUE,VODACOM MOZA
Vodacom,Mozambique,258.0,,MOZAMBIQUE,VODACOM MOZA
MyanmaPT,Myanmar,95.0,9,MYANMA,MYANMAPT
MyanmaPT,Myanmar,95.0,01,MYANMA,MYANMAPT
Ooredoo,Myanmar,95.0,997,MYANMAR,OOREDOOMYAN
Ooredoo,Myanmar,95.0,05,MYANMAR,OOREDOOMYAN
Telenor,Myanmar,95.0,979,MYANMAR,TELENOR
Telenor,Myanmar,95.0,06,MYANMAR,TELENOR
Telenor,Myanmar,95.0,978,MYANMAR,TELENOR
LeoNam,Namibia,264.0,03,NAMIBIA,LEONAM
LeoNam,Namibia,264.0,85,NAMIBIA,LEONAM
LeoNam,Namibia,264.0,,NAMIBIA,LEONAM
MTC,Namibia,264.0,81,NAMIBIA,MTC
MTC,Namibia,264.0,1,NAMIBIA,MTC
MTC,Namibia,264.0,,NAMIBIA,MTC
MTCNamibia,Namibia,264.0,01,NAMIBIA,MTCNAMIBIA
MTCNamibia,Namibia,264.0,81,NAMIBIA,MTCNAMIBIA
Ncell,Nepal,977.0,02,NEPAL,NCELL
Ncell,Nepal,977.0,981,NEPAL,NCELL
Ncell,Nepal,977.0,980,NEPAL,NCELL
Ncell,Nepal,977.0,,NEPAL,NCELL
KPN,Netherlands,31.0,613,NETHERLANDS,KPN B.V
KPN,Netherlands,31.0,620,NETHERLANDS,KPN B.V
KPN,Netherlands,31.0,622,NETHERLANDS,KPN B.V
KPN,Netherlands,31.0,6820,NETHERLANDS,KPN B.V
KPN,Netherlands,31.0,683,NETHERLANDS,KPN B.V
KPN,Netherlands,31.0,623,NETHERLANDS,KPN B.V
KPN,Netherlands,31.0,651,NETHERLANDS,KPN B.V
KPN,Netherlands,31.0,653,NETHERLANDS,KPN B.V
KPN,Netherlands,31.0,630,NETHERLANDS,KPN B.V
KPN,Netherlands,31.0,,NETHERLANDS,KPN B.V
KPN,Netherlands,31.0,657,NETHERLANDS,KPN B.V
KPN,Netherlands,31.0,610,NETHERLANDS,KPN B.V
KPN,Netherlands,31.0,612,NETHERLANDS,KPN B.V
KPN,Netherlands,31.0,08,NETHERLANDS,KPN B.V
Orange,Netherlands,31.0,,NETHERLANDS,ORANGE NEDER
Orange,Netherlands,31.0,618,NETHERLANDS,ORANGE NEDER
Orange,Netherlands,31.0,20,NETHERLANDS,ORANGE NEDER
Telfort B.V.,Netherlands,31.0,,NETHERLANDS,TELFORT B.V.
Telfort B.V.,Netherlands,31.0,616,NETHERLANDS,TELFORT B.V.
Telfort B.V.,Netherlands,31.0,12,NETHERLANDS,TELFORT B.V.
T-Mobile,Netherlands,31.0,6320,NETHERLANDS,TMOBILENETH
T-Mobile,Netherlands,31.0,6561,NETHERLANDS,TMOBILENETH
T-Mobile,Netherlands,31.0,639,NETHERLANDS,TMOBILENETH
T-Mobile,Netherlands,31.0,16,NETHERLANDS,TMOBILENETH
T-Mobile,Netherlands,31.0,624,NETHERLANDS,TMOBILENETH
T-Mobile,Netherlands,31.0,618,NETHERLANDS,TMOBILENETH
T-Mobile,Netherlands,31.0,641,NETHERLANDS,TMOBILENETH
T-Mobile,Netherlands,31.0,6321,NETHERLANDS,TMOBILENETH
T-Mobile,Netherlands,31.0,634,NETHERLANDS,TMOBILENETH
T-Mobile,Netherlands,31.0,643,NETHERLANDS,TMOBILENETH
T-Mobile,Netherlands,31.0,,NETHERLANDS,TMOBILENETH
T-Mobile,Netherlands,31.0,6322,NETHERLANDS,TMOBILENETH
T-Mobile,Netherlands,31.0,642,NETHERLANDS,TMOBILENETH
T-Mobile,Netherlands,31.0,681,NETHERLANDS,TMOBILENETH
T-Mobile,Netherlands,31.0,628,NETHERLANDS,TMOBILENETH
T-Mobile,Netherlands,31.0,6560,NETHERLANDS,TMOBILENETH
T-Mobile,Netherlands,31.0,614,NETHERLANDS,TMOBILENETH
T-Mobile,Netherlands,31.0,638,NETHERLANDS,TMOBILENETH
T-Mobile,Netherlands,31.0,648,NETHERLANDS,TMOBILENETH
Vodafone,Netherlands,31.0,631,NETHERLANDS,VODAFONENL
Vodafone,Netherlands,31.0,625,NETHERLANDS,VODAFONENL
Vodafone,Netherlands,31.0,650,NETHERLANDS,VODAFONENL
Vodafone,Netherlands,31.0,611,NETHERLANDS,VODAFONENL
Vodafone,Netherlands,31.0,654,NETHERLANDS,VODAFONENL
Vodafone,Netherlands,31.0,652,NETHERLANDS,VODAFONENL
Vodafone,Netherlands,31.0,04,NETHERLANDS,VODAFONENL
Vodafone,Netherlands,31.0,615,NETHERLANDS,VODAFONENL
Vodafone,Netherlands,31.0,621,NETHERLANDS,VODAFONENL
Vodafone,Netherlands,31.0,629,NETHERLANDS,VODAFONENL
Vodafone,Netherlands,31.0,655,NETHERLANDS,VODAFONENL
Vodafone,Netherlands,31.0,627,NETHERLANDS,VODAFONENL
Vodafone,Netherlands,31.0,646,NETHERLANDS,VODAFONENL
TelcellSM,Netherlands Antilles,599.0,556,NETHERLANDS ANTILLES,TELCELLSM
TelcellSM,Netherlands Antilles,599.0,3186,NETHERLANDS ANTILLES,TELCELLSM
TelcellSM,Netherlands Antilles,599.0,4161,NETHERLANDS ANTILLES,TELCELLSM
TelcellSM,Netherlands Antilles,599.0,52,NETHERLANDS ANTILLES,TELCELLSM
TelcellSM,Netherlands Antilles,599.0,559,NETHERLANDS ANTILLES,TELCELLSM
TelcellSM,Netherlands Antilles,599.0,550,NETHERLANDS ANTILLES,TELCELLSM
TelcellSM,Netherlands Antilles,599.0,51,NETHERLANDS ANTILLES,TELCELLSM
Digicel,Papua New Guinea,675.0,7012,NEW GUINEA,PNGDPDIGICEL
Digicel,Papua New Guinea,675.0,7038,NEW GUINEA,PNGDPDIGICEL
Digicel,Papua New Guinea,675.0,7042,NEW GUINEA,PNGDPDIGICEL
Digicel,Papua New Guinea,675.0,7052,NEW GUINEA,PNGDPDIGICEL
Digicel,Papua New Guinea,675.0,7053,NEW GUINEA,PNGDPDIGICEL
Digicel,Papua New Guinea,675.0,7079,NEW GUINEA,PNGDPDIGICEL
Digicel,Papua New Guinea,675.0,7099,NEW GUINEA,PNGDPDIGICEL
Digicel,Papua New Guinea,675.0,7104,NEW GUINEA,PNGDPDIGICEL
Digicel,Papua New Guinea,675.0,7105,NEW GUINEA,PNGDPDIGICEL
Digicel,Papua New Guinea,675.0,7115,NEW GUINEA,PNGDPDIGICEL
Digicel,Papua New Guinea,675.0,7124,NEW GUINEA,PNGDPDIGICEL
Digicel,Papua New Guinea,675.0,7125,NEW GUINEA,PNGDPDIGICEL
Digicel,Papua New Guinea,675.0,7128,NEW GUINEA,PNGDPDIGICEL
Digicel,Papua New Guinea,675.0,7140,NEW GUINEA,PNGDPDIGICEL
Digicel,Papua New Guinea,675.0,7142,NEW GUINEA,PNGDPDIGICEL
Digicel,Papua New Guinea,675.0,7146,NEW GUINEA,PNGDPDIGICEL
Digicel,Papua New Guinea,675.0,7155,NEW GUINEA,PNGDPDIGICEL
Digicel,Papua New Guinea,675.0,7166,NEW GUINEA,PNGDPDIGICEL
Digicel,Papua New Guinea,675.0,7177,NEW GUINEA,PNGDPDIGICEL
Digicel,Papua New Guinea,675.0,7181,NEW GUINEA,PNGDPDIGICEL
Digicel,Papua New Guinea,675.0,7194,NEW GUINEA,PNGDPDIGICEL
Digicel,Papua New Guinea,675.0,7204,NEW GUINEA,PNGDPDIGICEL
Digicel,Papua New Guinea,675.0,7213,NEW GUINEA,PNGDPDIGICEL
Digicel,Papua New Guinea,675.0,7231,NEW GUINEA,PNGDPDIGICEL
Digicel,Papua New Guinea,675.0,7233,NEW GUINEA,PNGDPDIGICEL
Digicel,Papua New Guinea,675.0,7236,NEW GUINEA,PNGDPDIGICEL
Digicel,Papua New Guinea,675.0,7239,NEW GUINEA,PNGDPDIGICEL
Digicel,Papua New Guinea,675.0,7243,NEW GUINEA,PNGDPDIGICEL
Digicel,Papua New Guinea,675.0,7247,NEW GUINEA,PNGDPDIGICEL
Digicel,Papua New Guinea,675.0,7270,NEW GUINEA,PNGDPDIGICEL
Digicel,Papua New Guinea,675.0,7272,NEW GUINEA,PNGDPDIGICEL
Digicel,Papua New Guinea,675.0,7276,NEW GUINEA,PNGDPDIGICEL
Digicel,Papua New Guinea,675.0,7281,NEW GUINEA,PNGDPDIGICEL
Digicel,Papua New Guinea,675.0,7284,NEW GUINEA,PNGDPDIGICEL
Digicel,Papua New Guinea,675.0,7289,NEW GUINEA,PNGDPDIGICEL
Digicel,Papua New Guinea,675.0,7311,NEW GUINEA,PNGDPDIGICEL
Digicel,Papua New Guinea,675.0,7317,NEW GUINEA,PNGDPDIGICEL
Digicel,Papua New Guinea,675.0,7319,NEW GUINEA,PNGDPDIGICEL
Digicel,Papua New Guinea,675.0,7320,NEW GUINEA,PNGDPDIGICEL
Digicel,Papua New Guinea,675.0,7321,NEW GUINEA,PNGDPDIGICEL
Digicel,Papua New Guinea,675.0,7326,NEW GUINEA,PNGDPDIGICEL
Digicel,Papua New Guinea,675.0,7330,NEW GUINEA,PNGDPDIGICEL
Digicel,Papua New Guinea,675.0,7343,NEW GUINEA,PNGDPDIGICEL
Digicel,Papua New Guinea,675.0,7368,NEW GUINEA,PNGDPDIGICEL
Digicel,Papua New Guinea,675.0,7369,NEW GUINEA,PNGDPDIGICEL
Digicel,Papua New Guinea,675.0,7378,NEW GUINEA,PNGDPDIGICEL
Digicel,Papua New Guinea,675.0,7379,NEW GUINEA,PNGDPDIGICEL
Digicel,Papua New Guinea,675.0,7383,NEW GUINEA,PNGDPDIGICEL
Digicel,Papua New Guinea,675.0,7412,NEW GUINEA,PNGDPDIGICEL
Digicel,Papua New Guinea,675.0,7422,NEW GUINEA,PNGDPDIGICEL
Digicel,Papua New Guinea,675.0,7430,NEW GUINEA,PNGDPDIGICEL
Digicel,Papua New Guinea,675.0,7437,NEW GUINEA,PNGDPDIGICEL
Digicel,Papua New Guinea,675.0,7449,NEW GUINEA,PNGDPDIGICEL
Digicel,Papua New Guinea,675.0,7452,NEW GUINEA,PNGDPDIGICEL
Digicel,Papua New Guinea,675.0,7455,NEW GUINEA,PNGDPDIGICEL
Digicel,Papua New Guinea,675.0,7456,NEW GUINEA,PNGDPDIGICEL
Digicel,Papua New Guinea,675.0,7458,NEW GUINEA,PNGDPDIGICEL
Digicel,Papua New Guinea,675.0,7465,NEW GUINEA,PNGDPDIGICEL
Digicel,Papua New Guinea,675.0,7466,NEW GUINEA,PNGDPDIGICEL
Digicel,Papua New Guinea,675.0,7479,NEW GUINEA,PNGDPDIGICEL
Digicel,Papua New Guinea,675.0,7490,NEW GUINEA,PNGDPDIGICEL
Digicel,Papua New Guinea,675.0,7908,NEW GUINEA,PNGDPDIGICEL
Digicel,Papua New Guinea,675.0,7923,NEW GUINEA,PNGDPDIGICEL
Digicel,Papua New Guinea,675.0,7928,NEW GUINEA,PNGDPDIGICEL
Digicel,Papua New Guinea,675.0,7936,NEW GUINEA,PNGDPDIGICEL
Digicel,Papua New Guinea,675.0,7941,NEW GUINEA,PNGDPDIGICEL
Digicel,Papua New Guinea,675.0,7942,NEW GUINEA,PNGDPDIGICEL
Digicel,Papua New Guinea,675.0,7946,NEW GUINEA,PNGDPDIGICEL
Digicel,Papua New Guinea,675.0,7948,NEW GUINEA,PNGDPDIGICEL
Digicel,Papua New Guinea,675.0,7957,NEW GUINEA,PNGDPDIGICEL
Digicel,Papua New Guinea,675.0,7961,NEW GUINEA,PNGDPDIGICEL
Digicel,Papua New Guinea,675.0,7975,NEW GUINEA,PNGDPDIGICEL
Digicel,Papua New Guinea,675.0,7981,NEW GUINEA,PNGDPDIGICEL
Digicel,Papua New Guinea,675.0,7983,NEW GUINEA,PNGDPDIGICEL
Digicel,Papua New Guinea,675.0,7988,NEW GUINEA,PNGDPDIGICEL
Digicel,Papua New Guinea,675.0,7997,NEW GUINEA,PNGDPDIGICEL
Digicel,Papua New Guinea,675.0,7999,NEW GUINEA,PNGDPDIGICEL
Digicel,Papua New Guinea,675.0,7011,NEW GUINEA,PNGDPDIGICEL
Digicel,Papua New Guinea,675.0,7015,NEW GUINEA,PNGDPDIGICEL
Digicel,Papua New Guinea,675.0,7021,NEW GUINEA,PNGDPDIGICEL
Digicel,Papua New Guinea,675.0,7026,NEW GUINEA,PNGDPDIGICEL
Digicel,Papua New Guinea,675.0,7035,NEW GUINEA,PNGDPDIGICEL
Digicel,Papua New Guinea,675.0,7058,NEW GUINEA,PNGDPDIGICEL
Digicel,Papua New Guinea,675.0,7065,NEW GUINEA,PNGDPDIGICEL
Digicel,Papua New Guinea,675.0,7072,NEW GUINEA,PNGDPDIGICEL
Digicel,Papua New Guinea,675.0,7077,NEW GUINEA,PNGDPDIGICEL
Digicel,Papua New Guinea,675.0,7081,NEW GUINEA,PNGDPDIGICEL
Digicel,Papua New Guinea,675.0,7088,NEW GUINEA,PNGDPDIGICEL
Digicel,Papua New Guinea,675.0,7090,NEW GUINEA,PNGDPDIGICEL
Digicel,Papua New Guinea,675.0,7092,NEW GUINEA,PNGDPDIGICEL
Digicel,Papua New Guinea,675.0,7098,NEW GUINEA,PNGDPDIGICEL
Digicel,Papua New Guinea,675.0,7106,NEW GUINEA,PNGDPDIGICEL
Digicel,Papua New Guinea,675.0,7112,NEW GUINEA,PNGDPDIGICEL
Digicel,Papua New Guinea,675.0,7122,NEW GUINEA,PNGDPDIGICEL
Digicel,Papua New Guinea,675.0,7143,NEW GUINEA,PNGDPDIGICEL
Digicel,Papua New Guinea,675.0,7148,NEW GUINEA,PNGDPDIGICEL
Digicel,Papua New Guinea,675.0,7150,NEW GUINEA,PNGDPDIGICEL
Digicel,Papua New Guinea,675.0,7158,NEW GUINEA,PNGDPDIGICEL
Digicel,Papua New Guinea,675.0,7162,NEW GUINEA,PNGDPDIGICEL
Digicel,Papua New Guinea,675.0,7165,NEW GUINEA,PNGDPDIGICEL
Digicel,Papua New Guinea,675.0,7171,NEW GUINEA,PNGDPDIGICEL
Digicel,Papua New Guinea,675.0,7179,NEW GUINEA,PNGDPDIGICEL
Digicel,Papua New Guinea,675.0,7191,NEW GUINEA,PNGDPDIGICEL
Digicel,Papua New Guinea,675.0,7198,NEW GUINEA,PNGDPDIGICEL
Digicel,Papua New Guinea,675.0,7199,NEW GUINEA,PNGDPDIGICEL
Digicel,Papua New Guinea,675.0,7201,NEW GUINEA,PNGDPDIGICEL
Digicel,Papua New Guinea,675.0,7205,NEW GUINEA,PNGDPDIGICEL
Digicel,Papua New Guinea,675.0,7229,NEW GUINEA,PNGDPDIGICEL
Digicel,Papua New Guinea,675.0,7234,NEW GUINEA,PNGDPDIGICEL
Digicel,Papua New Guinea,675.0,7262,NEW GUINEA,PNGDPDIGICEL
Digicel,Papua New Guinea,675.0,7265,NEW GUINEA,PNGDPDIGICEL
Digicel,Papua New Guinea,675.0,7279,NEW GUINEA,PNGDPDIGICEL
Digicel,Papua New Guinea,675.0,7280,NEW GUINEA,PNGDPDIGICEL
Digicel,Papua New Guinea,675.0,7286,NEW GUINEA,PNGDPDIGICEL
Digicel,Papua New Guinea,675.0,7346,NEW GUINEA,PNGDPDIGICEL
Digicel,Papua New Guinea,675.0,7350,NEW GUINEA,PNGDPDIGICEL
Digicel,Papua New Guinea,675.0,7370,NEW GUINEA,PNGDPDIGICEL
Digicel,Papua New Guinea,675.0,7371,NEW GUINEA,PNGDPDIGICEL
Digicel,Papua New Guinea,675.0,7376,NEW GUINEA,PNGDPDIGICEL
Digicel,Papua New Guinea,675.0,7388,NEW GUINEA,PNGDPDIGICEL
Digicel,Papua New Guinea,675.0,7407,NEW GUINEA,PNGDPDIGICEL
Digicel,Papua New Guinea,675.0,7408,NEW GUINEA,PNGDPDIGICEL
Digicel,Papua New Guinea,675.0,7410,NEW GUINEA,PNGDPDIGICEL
Digicel,Papua New Guinea,675.0,7411,NEW GUINEA,PNGDPDIGICEL
Digicel,Papua New Guinea,675.0,7419,NEW GUINEA,PNGDPDIGICEL
Digicel,Papua New Guinea,675.0,7431,NEW GUINEA,PNGDPDIGICEL
Digicel,Papua New Guinea,675.0,7441,NEW GUINEA,PNGDPDIGICEL
Digicel,Papua New Guinea,675.0,7444,NEW GUINEA,PNGDPDIGICEL
Digicel,Papua New Guinea,675.0,7471,NEW GUINEA,PNGDPDIGICEL
Digicel,Papua New Guinea,675.0,7478,NEW GUINEA,PNGDPDIGICEL
Digicel,Papua New Guinea,675.0,7480,NEW GUINEA,PNGDPDIGICEL
Digicel,Papua New Guinea,675.0,7492,NEW GUINEA,PNGDPDIGICEL
Digicel,Papua New Guinea,675.0,7499,NEW GUINEA,PNGDPDIGICEL
Digicel,Papua New Guinea,675.0,7902,NEW GUINEA,PNGDPDIGICEL
Digicel,Papua New Guinea,675.0,7913,NEW GUINEA,PNGDPDIGICEL
Digicel,Papua New Guinea,675.0,7914,NEW GUINEA,PNGDPDIGICEL
Digicel,Papua New Guinea,675.0,7916,NEW GUINEA,PNGDPDIGICEL
Digicel,Papua New Guinea,675.0,7929,NEW GUINEA,PNGDPDIGICEL
Digicel,Papua New Guinea,675.0,7943,NEW GUINEA,PNGDPDIGICEL
Digicel,Papua New Guinea,675.0,7956,NEW GUINEA,PNGDPDIGICEL
Digicel,Papua New Guinea,675.0,7958,NEW GUINEA,PNGDPDIGICEL
Digicel,Papua New Guinea,675.0,7966,NEW GUINEA,PNGDPDIGICEL
Digicel,Papua New Guinea,675.0,7978,NEW GUINEA,PNGDPDIGICEL
Digicel,Papua New Guinea,675.0,7982,NEW GUINEA,PNGDPDIGICEL
Digicel,Papua New Guinea,675.0,7991,NEW GUINEA,PNGDPDIGICEL
Digicel,Papua New Guinea,675.0,7993,NEW GUINEA,PNGDPDIGICEL
Digicel,Papua New Guinea,675.0,7005,NEW GUINEA,PNGDPDIGICEL
Digicel,Papua New Guinea,675.0,7006,NEW GUINEA,PNGDPDIGICEL
Digicel,Papua New Guinea,675.0,7033,NEW GUINEA,PNGDPDIGICEL
Digicel,Papua New Guinea,675.0,7037,NEW GUINEA,PNGDPDIGICEL
Digicel,Papua New Guinea,675.0,7041,NEW GUINEA,PNGDPDIGICEL
Digicel,Papua New Guinea,675.0,7048,NEW GUINEA,PNGDPDIGICEL
Digicel,Papua New Guinea,675.0,7050,NEW GUINEA,PNGDPDIGICEL
Digicel,Papua New Guinea,675.0,7061,NEW GUINEA,PNGDPDIGICEL
Digicel,Papua New Guinea,675.0,7067,NEW GUINEA,PNGDPDIGICEL
Digicel,Papua New Guinea,675.0,7073,NEW GUINEA,PNGDPDIGICEL
Digicel,Papua New Guinea,675.0,7075,NEW GUINEA,PNGDPDIGICEL
Digicel,Papua New Guinea,675.0,7078,NEW GUINEA,PNGDPDIGICEL
Digicel,Papua New Guinea,675.0,7083,NEW GUINEA,PNGDPDIGICEL
Digicel,Papua New Guinea,675.0,7097,NEW GUINEA,PNGDPDIGICEL
Digicel,Papua New Guinea,675.0,7102,NEW GUINEA,PNGDPDIGICEL
Digicel,Papua New Guinea,675.0,7107,NEW GUINEA,PNGDPDIGICEL
Digicel,Papua New Guinea,675.0,7116,NEW GUINEA,PNGDPDIGICEL
Digicel,Papua New Guinea,675.0,7130,NEW GUINEA,PNGDPDIGICEL
Digicel,Papua New Guinea,675.0,7147,NEW GUINEA,PNGDPDIGICEL
Digicel,Papua New Guinea,675.0,7153,NEW GUINEA,PNGDPDIGICEL
Digicel,Papua New Guinea,675.0,7156,NEW GUINEA,PNGDPDIGICEL
Digicel,Papua New Guinea,675.0,7159,NEW GUINEA,PNGDPDIGICEL
Digicel,Papua New Guinea,675.0,7168,NEW GUINEA,PNGDPDIGICEL
Digicel,Papua New Guinea,675.0,7170,NEW GUINEA,PNGDPDIGICEL
Digicel,Papua New Guinea,675.0,7172,NEW GUINEA,PNGDPDIGICEL
Digicel,Papua New Guinea,675.0,7184,NEW GUINEA,PNGDPDIGICEL
Digicel,Papua New Guinea,675.0,7187,NEW GUINEA,PNGDPDIGICEL
Digicel,Papua New Guinea,675.0,7197,NEW GUINEA,PNGDPDIGICEL
Digicel,Papua New Guinea,675.0,7200,NEW GUINEA,PNGDPDIGICEL
Digicel,Papua New Guinea,675.0,7202,NEW GUINEA,PNGDPDIGICEL
Digicel,Papua New Guinea,675.0,7203,NEW GUINEA,PNGDPDIGICEL
Digicel,Papua New Guinea,675.0,7217,NEW GUINEA,PNGDPDIGICEL
Digicel,Papua New Guinea,675.0,7227,NEW GUINEA,PNGDPDIGICEL
Digicel,Papua New Guinea,675.0,7228,NEW GUINEA,PNGDPDIGICEL
Digicel,Papua New Guinea,675.0,7246,NEW GUINEA,PNGDPDIGICEL
Digicel,Papua New Guinea,675.0,7268,NEW GUINEA,PNGDPDIGICEL
Digicel,Papua New Guinea,675.0,7275,NEW GUINEA,PNGDPDIGICEL
Digicel,Papua New Guinea,675.0,7290,NEW GUINEA,PNGDPDIGICEL
Digicel,Papua New Guinea,675.0,7293,NEW GUINEA,PNGDPDIGICEL
Digicel,Papua New Guinea,675.0,7295,NEW GUINEA,PNGDPDIGICEL
Digicel,Papua New Guinea,675.0,7297,NEW GUINEA,PNGDPDIGICEL
Digicel,Papua New Guinea,675.0,7307,NEW GUINEA,PNGDPDIGICEL
Digicel,Papua New Guinea,675.0,7314,NEW GUINEA,PNGDPDIGICEL
Digicel,Papua New Guinea,675.0,7322,NEW GUINEA,PNGDPDIGICEL
Digicel,Papua New Guinea,675.0,7325,NEW GUINEA,PNGDPDIGICEL
Digicel,Papua New Guinea,675.0,7338,NEW GUINEA,PNGDPDIGICEL
Digicel,Papua New Guinea,675.0,7342,NEW GUINEA,PNGDPDIGICEL
Digicel,Papua New Guinea,675.0,7349,NEW GUINEA,PNGDPDIGICEL
Digicel,Papua New Guinea,675.0,7354,NEW GUINEA,PNGDPDIGICEL
Digicel,Papua New Guinea,675.0,7362,NEW GUINEA,PNGDPDIGICEL
Digicel,Papua New Guinea,675.0,7366,NEW GUINEA,PNGDPDIGICEL
Digicel,Papua New Guinea,675.0,7394,NEW GUINEA,PNGDPDIGICEL
Digicel,Papua New Guinea,675.0,7397,NEW GUINEA,PNGDPDIGICEL
Digicel,Papua New Guinea,675.0,7413,NEW GUINEA,PNGDPDIGICEL
Digicel,Papua New Guinea,675.0,7421,NEW GUINEA,PNGDPDIGICEL
Digicel,Papua New Guinea,675.0,7424,NEW GUINEA,PNGDPDIGICEL
Digicel,Papua New Guinea,675.0,7426,NEW GUINEA,PNGDPDIGICEL
Digicel,Papua New Guinea,675.0,7438,NEW GUINEA,PNGDPDIGICEL
Digicel,Papua New Guinea,675.0,7457,NEW GUINEA,PNGDPDIGICEL
Digicel,Papua New Guinea,675.0,7462,NEW GUINEA,PNGDPDIGICEL
Digicel,Papua New Guinea,675.0,7469,NEW GUINEA,PNGDPDIGICEL
Digicel,Papua New Guinea,675.0,7476,NEW GUINEA,PNGDPDIGICEL
Digicel,Papua New Guinea,675.0,7477,NEW GUINEA,PNGDPDIGICEL
Digicel,Papua New Guinea,675.0,7925,NEW GUINEA,PNGDPDIGICEL
Digicel,Papua New Guinea,675.0,7932,NEW GUINEA,PNGDPDIGICEL
Digicel,Papua New Guinea,675.0,7933,NEW GUINEA,PNGDPDIGICEL
Digicel,Papua New Guinea,675.0,7938,NEW GUINEA,PNGDPDIGICEL
Digicel,Papua New Guinea,675.0,7951,NEW GUINEA,PNGDPDIGICEL
Digicel,Papua New Guinea,675.0,7965,NEW GUINEA,PNGDPDIGICEL
Digicel,Papua New Guinea,675.0,7968,NEW GUINEA,PNGDPDIGICEL
Digicel,Papua New Guinea,675.0,7980,NEW GUINEA,PNGDPDIGICEL
Digicel,Papua New Guinea,675.0,7000,NEW GUINEA,PNGDPDIGICEL
Digicel,Papua New Guinea,675.0,7001,NEW GUINEA,PNGDPDIGICEL
Digicel,Papua New Guinea,675.0,7009,NEW GUINEA,PNGDPDIGICEL
Digicel,Papua New Guinea,675.0,7013,NEW GUINEA,PNGDPDIGICEL
Digicel,Papua New Guinea,675.0,7016,NEW GUINEA,PNGDPDIGICEL
Digicel,Papua New Guinea,675.0,7022,NEW GUINEA,PNGDPDIGICEL
Digicel,Papua New Guinea,675.0,7024,NEW GUINEA,PNGDPDIGICEL
Digicel,Papua New Guinea,675.0,7025,NEW GUINEA,PNGDPDIGICEL
Digicel,Papua New Guinea,675.0,7034,NEW GUINEA,PNGDPDIGICEL
Digicel,Papua New Guinea,675.0,7036,NEW GUINEA,PNGDPDIGICEL
Digicel,Papua New Guinea,675.0,7039,NEW GUINEA,PNGDPDIGICEL
Digicel,Papua New Guinea,675.0,7060,NEW GUINEA,PNGDPDIGICEL
Digicel,Papua New Guinea,675.0,7066,NEW GUINEA,PNGDPDIGICEL
Digicel,Papua New Guinea,675.0,7071,NEW GUINEA,PNGDPDIGICEL
Digicel,Papua New Guinea,675.0,7096,NEW GUINEA,PNGDPDIGICEL
Digicel,Papua New Guinea,675.0,7118,NEW GUINEA,PNGDPDIGICEL
Digicel,Papua New Guinea,675.0,7132,NEW GUINEA,PNGDPDIGICEL
Digicel,Papua New Guinea,675.0,7134,NEW GUINEA,PNGDPDIGICEL
Digicel,Papua New Guinea,675.0,7137,NEW GUINEA,PNGDPDIGICEL
Digicel,Papua New Guinea,675.0,7139,NEW GUINEA,PNGDPDIGICEL
Digicel,Papua New Guinea,675.0,7144,NEW GUINEA,PNGDPDIGICEL
Digicel,Papua New Guinea,675.0,7145,NEW GUINEA,PNGDPDIGICEL
Digicel,Papua New Guinea,675.0,7152,NEW GUINEA,PNGDPDIGICEL
Digicel,Papua New Guinea,675.0,7157,NEW GUINEA,PNGDPDIGICEL
Digicel,Papua New Guinea,675.0,7161,NEW GUINEA,PNGDPDIGICEL
Digicel,Papua New Guinea,675.0,7169,NEW GUINEA,PNGDPDIGICEL
Digicel,Papua New Guinea,675.0,7174,NEW GUINEA,PNGDPDIGICEL
Digicel,Papua New Guinea,675.0,7178,NEW GUINEA,PNGDPDIGICEL
Digicel,Papua New Guinea,675.0,7180,NEW GUINEA,PNGDPDIGICEL
Digicel,Papua New Guinea,675.0,7211,NEW GUINEA,PNGDPDIGICEL
Digicel,Papua New Guinea,675.0,7212,NEW GUINEA,PNGDPDIGICEL
Digicel,Papua New Guinea,675.0,7215,NEW GUINEA,PNGDPDIGICEL
Digicel,Papua New Guinea,675.0,7223,NEW GUINEA,PNGDPDIGICEL
Digicel,Papua New Guinea,675.0,7226,NEW GUINEA,PNGDPDIGICEL
Digicel,Papua New Guinea,675.0,7245,NEW GUINEA,PNGDPDIGICEL
Digicel,Papua New Guinea,675.0,7255,NEW GUINEA,PNGDPDIGICEL
Digicel,Papua New Guinea,675.0,7257,NEW GUINEA,PNGDPDIGICEL
Digicel,Papua New Guinea,675.0,7266,NEW GUINEA,PNGDPDIGICEL
Digicel,Papua New Guinea,675.0,7269,NEW GUINEA,PNGDPDIGICEL
Digicel,Papua New Guinea,675.0,7271,NEW GUINEA,PNGDPDIGICEL
Digicel,Papua New Guinea,675.0,7273,NEW GUINEA,PNGDPDIGICEL
Digicel,Papua New Guinea,675.0,7274,NEW GUINEA,PNGDPDIGICEL
Digicel,Papua New Guinea,675.0,7282,NEW GUINEA,PNGDPDIGICEL
Digicel,Papua New Guinea,675.0,7285,NEW GUINEA,PNGDPDIGICEL
Digicel,Papua New Guinea,675.0,7294,NEW GUINEA,PNGDPDIGICEL
Digicel,Papua New Guinea,675.0,7300,NEW GUINEA,PNGDPDIGICEL
Digicel,Papua New Guinea,675.0,7301,NEW GUINEA,PNGDPDIGICEL
Digicel,Papua New Guinea,675.0,7303,NEW GUINEA,PNGDPDIGICEL
Digicel,Papua New Guinea,675.0,7305,NEW GUINEA,PNGDPDIGICEL
Digicel,Papua New Guinea,675.0,7309,NEW GUINEA,PNGDPDIGICEL
Digicel,Papua New Guinea,675.0,7312,NEW GUINEA,PNGDPDIGICEL
Digicel,Papua New Guinea,675.0,7327,NEW GUINEA,PNGDPDIGICEL
Digicel,Papua New Guinea,675.0,7328,NEW GUINEA,PNGDPDIGICEL
Digicel,Papua New Guinea,675.0,7331,NEW GUINEA,PNGDPDIGICEL
Digicel,Papua New Guinea,675.0,7332,NEW GUINEA,PNGDPDIGICEL
Digicel,Papua New Guinea,675.0,7335,NEW GUINEA,PNGDPDIGICEL
Digicel,Papua New Guinea,675.0,7385,NEW GUINEA,PNGDPDIGICEL
Digicel,Papua New Guinea,675.0,7389,NEW GUINEA,PNGDPDIGICEL
Digicel,Papua New Guinea,675.0,7390,NEW GUINEA,PNGDPDIGICEL
Digicel,Papua New Guinea,675.0,7395,NEW GUINEA,PNGDPDIGICEL
Digicel,Papua New Guinea,675.0,7425,NEW GUINEA,PNGDPDIGICEL
Digicel,Papua New Guinea,675.0,7428,NEW GUINEA,PNGDPDIGICEL
Digicel,Papua New Guinea,675.0,7432,NEW GUINEA,PNGDPDIGICEL
Digicel,Papua New Guinea,675.0,7440,NEW GUINEA,PNGDPDIGICEL
Digicel,Papua New Guinea,675.0,7442,NEW GUINEA,PNGDPDIGICEL
Digicel,Papua New Guinea,675.0,7459,NEW GUINEA,PNGDPDIGICEL
Digicel,Papua New Guinea,675.0,7463,NEW GUINEA,PNGDPDIGICEL
Digicel,Papua New Guinea,675.0,7487,NEW GUINEA,PNGDPDIGICEL
Digicel,Papua New Guinea,675.0,7488,NEW GUINEA,PNGDPDIGICEL
Digicel,Papua New Guinea,675.0,7901,NEW GUINEA,PNGDPDIGICEL
Digicel,Papua New Guinea,675.0,7903,NEW GUINEA,PNGDPDIGICEL
Digicel,Papua New Guinea,675.0,7920,NEW GUINEA,PNGDPDIGICEL
Digicel,Papua New Guinea,675.0,7949,NEW GUINEA,PNGDPDIGICEL
Digicel,Papua New Guinea,675.0,7974,NEW GUINEA,PNGDPDIGICEL
Digicel,Papua New Guinea,675.0,7976,NEW GUINEA,PNGDPDIGICEL
Digicel,Papua New Guinea,675.0,7979,NEW GUINEA,PNGDPDIGICEL
Digicel,Papua New Guinea,675.0,7985,NEW GUINEA,PNGDPDIGICEL
Digicel,Papua New Guinea,675.0,7990,NEW GUINEA,PNGDPDIGICEL
Digicel,Papua New Guinea,675.0,7002,NEW GUINEA,PNGDPDIGICEL
Digicel,Papua New Guinea,675.0,7018,NEW GUINEA,PNGDPDIGICEL
Digicel,Papua New Guinea,675.0,7027,NEW GUINEA,PNGDPDIGICEL
Digicel,Papua New Guinea,675.0,7028,NEW GUINEA,PNGDPDIGICEL
Digicel,Papua New Guinea,675.0,7030,NEW GUINEA,PNGDPDIGICEL
Digicel,Papua New Guinea,675.0,7043,NEW GUINEA,PNGDPDIGICEL
Digicel,Papua New Guinea,675.0,7046,NEW GUINEA,PNGDPDIGICEL
Digicel,Papua New Guinea,675.0,7054,NEW GUINEA,PNGDPDIGICEL
Digicel,Papua New Guinea,675.0,7068,NEW GUINEA,PNGDPDIGICEL
Digicel,Papua New Guinea,675.0,7070,NEW GUINEA,PNGDPDIGICEL
Digicel,Papua New Guinea,675.0,7094,NEW GUINEA,PNGDPDIGICEL
Digicel,Papua New Guinea,675.0,7095,NEW GUINEA,PNGDPDIGICEL
Digicel,Papua New Guinea,675.0,7103,NEW GUINEA,PNGDPDIGICEL
Digicel,Papua New Guinea,675.0,7109,NEW GUINEA,PNGDPDIGICEL
Digicel,Papua New Guinea,675.0,7117,NEW GUINEA,PNGDPDIGICEL
Digicel,Papua New Guinea,675.0,7119,NEW GUINEA,PNGDPDIGICEL
Digicel,Papua New Guinea,675.0,7127,NEW GUINEA,PNGDPDIGICEL
Digicel,Papua New Guinea,675.0,7129,NEW GUINEA,PNGDPDIGICEL
Digicel,Papua New Guinea,675.0,7135,NEW GUINEA,PNGDPDIGICEL
Digicel,Papua New Guinea,675.0,7136,NEW GUINEA,PNGDPDIGICEL
Digicel,Papua New Guinea,675.0,7138,NEW GUINEA,PNGDPDIGICEL
Digicel,Papua New Guinea,675.0,7163,NEW GUINEA,PNGDPDIGICEL
Digicel,Papua New Guinea,675.0,7167,NEW GUINEA,PNGDPDIGICEL
Digicel,Papua New Guinea,675.0,7214,NEW GUINEA,PNGDPDIGICEL
Digicel,Papua New Guinea,675.0,7232,NEW GUINEA,PNGDPDIGICEL
Digicel,Papua New Guinea,675.0,7235,NEW GUINEA,PNGDPDIGICEL
Digicel,Papua New Guinea,675.0,7237,NEW GUINEA,PNGDPDIGICEL
Digicel,Papua New Guinea,675.0,7241,NEW GUINEA,PNGDPDIGICEL
Digicel,Papua New Guinea,675.0,7251,NEW GUINEA,PNGDPDIGICEL
Digicel,Papua New Guinea,675.0,7256,NEW GUINEA,PNGDPDIGICEL
Digicel,Papua New Guinea,675.0,7259,NEW GUINEA,PNGDPDIGICEL
Digicel,Papua New Guinea,675.0,7264,NEW GUINEA,PNGDPDIGICEL
Digicel,Papua New Guinea,675.0,7287,NEW GUINEA,PNGDPDIGICEL
Digicel,Papua New Guinea,675.0,7291,NEW GUINEA,PNGDPDIGICEL
Digicel,Papua New Guinea,675.0,7296,NEW GUINEA,PNGDPDIGICEL
Digicel,Papua New Guinea,675.0,7298,NEW GUINEA,PNGDPDIGICEL
Digicel,Papua New Guinea,675.0,7306,NEW GUINEA,PNGDPDIGICEL
Digicel,Papua New Guinea,675.0,7310,NEW GUINEA,PNGDPDIGICEL
Digicel,Papua New Guinea,675.0,7316,NEW GUINEA,PNGDPDIGICEL
Digicel,Papua New Guinea,675.0,7329,NEW GUINEA,PNGDPDIGICEL
Digicel,Papua New Guinea,675.0,7341,NEW GUINEA,PNGDPDIGICEL
Digicel,Papua New Guinea,675.0,7355,NEW GUINEA,PNGDPDIGICEL
Digicel,Papua New Guinea,675.0,7356,NEW GUINEA,PNGDPDIGICEL
Digicel,Papua New Guinea,675.0,7357,NEW GUINEA,PNGDPDIGICEL
Digicel,Papua New Guinea,675.0,7358,NEW GUINEA,PNGDPDIGICEL
Digicel,Papua New Guinea,675.0,7359,NEW GUINEA,PNGDPDIGICEL
Digicel,Papua New Guinea,675.0,7365,NEW GUINEA,PNGDPDIGICEL
Digicel,Papua New Guinea,675.0,7387,NEW GUINEA,PNGDPDIGICEL
Digicel,Papua New Guinea,675.0,7400,NEW GUINEA,PNGDPDIGICEL
Digicel,Papua New Guinea,675.0,7402,NEW GUINEA,PNGDPDIGICEL
Digicel,Papua New Guinea,675.0,7406,NEW GUINEA,PNGDPDIGICEL
Digicel,Papua New Guinea,675.0,7420,NEW GUINEA,PNGDPDIGICEL
Digicel,Papua New Guinea,675.0,7436,NEW GUINEA,PNGDPDIGICEL
Digicel,Papua New Guinea,675.0,7447,NEW GUINEA,PNGDPDIGICEL
Digicel,Papua New Guinea,675.0,7460,NEW GUINEA,PNGDPDIGICEL
Digicel,Papua New Guinea,675.0,7485,NEW GUINEA,PNGDPDIGICEL
Digicel,Papua New Guinea,675.0,7494,NEW GUINEA,PNGDPDIGICEL
Digicel,Papua New Guinea,675.0,7495,NEW GUINEA,PNGDPDIGICEL
Digicel,Papua New Guinea,675.0,7904,NEW GUINEA,PNGDPDIGICEL
Digicel,Papua New Guinea,675.0,7905,NEW GUINEA,PNGDPDIGICEL
Digicel,Papua New Guinea,675.0,7907,NEW GUINEA,PNGDPDIGICEL
Digicel,Papua New Guinea,675.0,7912,NEW GUINEA,PNGDPDIGICEL
Digicel,Papua New Guinea,675.0,7921,NEW GUINEA,PNGDPDIGICEL
Digicel,Papua New Guinea,675.0,7927,NEW GUINEA,PNGDPDIGICEL
Digicel,Papua New Guinea,675.0,7935,NEW GUINEA,PNGDPDIGICEL
Digicel,Papua New Guinea,675.0,7939,NEW GUINEA,PNGDPDIGICEL
Digicel,Papua New Guinea,675.0,7952,NEW GUINEA,PNGDPDIGICEL
Digicel,Papua New Guinea,675.0,7953,NEW GUINEA,PNGDPDIGICEL
Digicel,Papua New Guinea,675.0,7954,NEW GUINEA,PNGDPDIGICEL
Digicel,Papua New Guinea,675.0,7955,NEW GUINEA,PNGDPDIGICEL
Digicel,Papua New Guinea,675.0,7963,NEW GUINEA,PNGDPDIGICEL
Digicel,Papua New Guinea,675.0,7970,NEW GUINEA,PNGDPDIGICEL
Digicel,Papua New Guinea,675.0,7995,NEW GUINEA,PNGDPDIGICEL
Digicel,Papua New Guinea,675.0,7008,NEW GUINEA,PNGDPDIGICEL
Digicel,Papua New Guinea,675.0,7010,NEW GUINEA,PNGDPDIGICEL
Digicel,Papua New Guinea,675.0,7014,NEW GUINEA,PNGDPDIGICEL
Digicel,Papua New Guinea,675.0,7032,NEW GUINEA,PNGDPDIGICEL
Digicel,Papua New Guinea,675.0,7044,NEW GUINEA,PNGDPDIGICEL
Digicel,Papua New Guinea,675.0,7047,NEW GUINEA,PNGDPDIGICEL
Digicel,Papua New Guinea,675.0,7056,NEW GUINEA,PNGDPDIGICEL
Digicel,Papua New Guinea,675.0,7059,NEW GUINEA,PNGDPDIGICEL
Digicel,Papua New Guinea,675.0,7069,NEW GUINEA,PNGDPDIGICEL
Digicel,Papua New Guinea,675.0,7074,NEW GUINEA,PNGDPDIGICEL
Digicel,Papua New Guinea,675.0,7093,NEW GUINEA,PNGDPDIGICEL
Digicel,Papua New Guinea,675.0,7100,NEW GUINEA,PNGDPDIGICEL
Digicel,Papua New Guinea,675.0,7101,NEW GUINEA,PNGDPDIGICEL
Digicel,Papua New Guinea,675.0,7110,NEW GUINEA,PNGDPDIGICEL
Digicel,Papua New Guinea,675.0,7120,NEW GUINEA,PNGDPDIGICEL
Digicel,Papua New Guinea,675.0,7133,NEW GUINEA,PNGDPDIGICEL
Digicel,Papua New Guinea,675.0,7141,NEW GUINEA,PNGDPDIGICEL
Digicel,Papua New Guinea,675.0,7154,NEW GUINEA,PNGDPDIGICEL
Digicel,Papua New Guinea,675.0,7173,NEW GUINEA,PNGDPDIGICEL
Digicel,Papua New Guinea,675.0,7183,NEW GUINEA,PNGDPDIGICEL
Digicel,Papua New Guinea,675.0,7190,NEW GUINEA,PNGDPDIGICEL
Digicel,Papua New Guinea,675.0,7195,NEW GUINEA,PNGDPDIGICEL
Digicel,Papua New Guinea,675.0,7216,NEW GUINEA,PNGDPDIGICEL
Digicel,Papua New Guinea,675.0,7218,NEW GUINEA,PNGDPDIGICEL
Digicel,Papua New Guinea,675.0,7225,NEW GUINEA,PNGDPDIGICEL
Digicel,Papua New Guinea,675.0,7230,NEW GUINEA,PNGDPDIGICEL
Digicel,Papua New Guinea,675.0,7240,NEW GUINEA,PNGDPDIGICEL
Digicel,Papua New Guinea,675.0,7249,NEW GUINEA,PNGDPDIGICEL
Digicel,Papua New Guinea,675.0,7250,NEW GUINEA,PNGDPDIGICEL
Digicel,Papua New Guinea,675.0,7254,NEW GUINEA,PNGDPDIGICEL
Digicel,Papua New Guinea,675.0,7258,NEW GUINEA,PNGDPDIGICEL
Digicel,Papua New Guinea,675.0,7277,NEW GUINEA,PNGDPDIGICEL
Digicel,Papua New Guinea,675.0,7288,NEW GUINEA,PNGDPDIGICEL
Digicel,Papua New Guinea,675.0,7302,NEW GUINEA,PNGDPDIGICEL
Digicel,Papua New Guinea,675.0,7315,NEW GUINEA,PNGDPDIGICEL
Digicel,Papua New Guinea,675.0,7333,NEW GUINEA,PNGDPDIGICEL
Digicel,Papua New Guinea,675.0,7336,NEW GUINEA,PNGDPDIGICEL
Digicel,Papua New Guinea,675.0,7337,NEW GUINEA,PNGDPDIGICEL
Digicel,Papua New Guinea,675.0,7340,NEW GUINEA,PNGDPDIGICEL
Digicel,Papua New Guinea,675.0,7345,NEW GUINEA,PNGDPDIGICEL
Digicel,Papua New Guinea,675.0,7347,NEW GUINEA,PNGDPDIGICEL
Digicel,Papua New Guinea,675.0,7372,NEW GUINEA,PNGDPDIGICEL
Digicel,Papua New Guinea,675.0,7374,NEW GUINEA,PNGDPDIGICEL
Digicel,Papua New Guinea,675.0,7377,NEW GUINEA,PNGDPDIGICEL
Digicel,Papua New Guinea,675.0,7380,NEW GUINEA,PNGDPDIGICEL
Digicel,Papua New Guinea,675.0,7381,NEW GUINEA,PNGDPDIGICEL
Digicel,Papua New Guinea,675.0,7386,NEW GUINEA,PNGDPDIGICEL
Digicel,Papua New Guinea,675.0,7391,NEW GUINEA,PNGDPDIGICEL
Digicel,Papua New Guinea,675.0,7399,NEW GUINEA,PNGDPDIGICEL
Digicel,Papua New Guinea,675.0,7401,NEW GUINEA,PNGDPDIGICEL
Digicel,Papua New Guinea,675.0,7403,NEW GUINEA,PNGDPDIGICEL
Digicel,Papua New Guinea,675.0,7416,NEW GUINEA,PNGDPDIGICEL
Digicel,Papua New Guinea,675.0,7423,NEW GUINEA,PNGDPDIGICEL
Digicel,Papua New Guinea,675.0,7427,NEW GUINEA,PNGDPDIGICEL
Digicel,Papua New Guinea,675.0,7433,NEW GUINEA,PNGDPDIGICEL
Digicel,Papua New Guinea,675.0,7443,NEW GUINEA,PNGDPDIGICEL
Digicel,Papua New Guinea,675.0,7446,NEW GUINEA,PNGDPDIGICEL
Digicel,Papua New Guinea,675.0,7453,NEW GUINEA,PNGDPDIGICEL
Digicel,Papua New Guinea,675.0,7454,NEW GUINEA,PNGDPDIGICEL
Digicel,Papua New Guinea,675.0,7461,NEW GUINEA,PNGDPDIGICEL
Digicel,Papua New Guinea,675.0,7467,NEW GUINEA,PNGDPDIGICEL
Digicel,Papua New Guinea,675.0,7470,NEW GUINEA,PNGDPDIGICEL
Digicel,Papua New Guinea,675.0,7472,NEW GUINEA,PNGDPDIGICEL
Digicel,Papua New Guinea,675.0,7473,NEW GUINEA,PNGDPDIGICEL
Digicel,Papua New Guinea,675.0,7484,NEW GUINEA,PNGDPDIGICEL
Digicel,Papua New Guinea,675.0,7493,NEW GUINEA,PNGDPDIGICEL
Digicel,Papua New Guinea,675.0,7496,NEW GUINEA,PNGDPDIGICEL
Digicel,Papua New Guinea,675.0,7917,NEW GUINEA,PNGDPDIGICEL
Digicel,Papua New Guinea,675.0,7924,NEW GUINEA,PNGDPDIGICEL
Digicel,Papua New Guinea,675.0,7937,NEW GUINEA,PNGDPDIGICEL
Digicel,Papua New Guinea,675.0,7945,NEW GUINEA,PNGDPDIGICEL
Digicel,Papua New Guinea,675.0,7950,NEW GUINEA,PNGDPDIGICEL
Digicel,Papua New Guinea,675.0,7964,NEW GUINEA,PNGDPDIGICEL
Digicel,Papua New Guinea,675.0,7967,NEW GUINEA,PNGDPDIGICEL
Digicel,Papua New Guinea,675.0,7972,NEW GUINEA,PNGDPDIGICEL
Digicel,Papua New Guinea,675.0,7973,NEW GUINEA,PNGDPDIGICEL
Digicel,Papua New Guinea,675.0,7977,NEW GUINEA,PNGDPDIGICEL
Digicel,Papua New Guinea,675.0,7986,NEW GUINEA,PNGDPDIGICEL
Digicel,Papua New Guinea,675.0,7989,NEW GUINEA,PNGDPDIGICEL
Digicel,Papua New Guinea,675.0,7998,NEW GUINEA,PNGDPDIGICEL
Digicel,Papua New Guinea,675.0,88,NEW GUINEA,PNGDPDIGICEL
Digicel,Papua New Guinea,675.0,03,NEW GUINEA,PNGDPDIGICEL
Digicel,Papua New Guinea,675.0,7003,NEW GUINEA,PNGDPDIGICEL
Digicel,Papua New Guinea,675.0,7017,NEW GUINEA,PNGDPDIGICEL
Digicel,Papua New Guinea,675.0,7019,NEW GUINEA,PNGDPDIGICEL
Digicel,Papua New Guinea,675.0,7023,NEW GUINEA,PNGDPDIGICEL
Digicel,Papua New Guinea,675.0,7029,NEW GUINEA,PNGDPDIGICEL
Digicel,Papua New Guinea,675.0,7045,NEW GUINEA,PNGDPDIGICEL
Digicel,Papua New Guinea,675.0,7051,NEW GUINEA,PNGDPDIGICEL
Digicel,Papua New Guinea,675.0,7062,NEW GUINEA,PNGDPDIGICEL
Digicel,Papua New Guinea,675.0,7063,NEW GUINEA,PNGDPDIGICEL
Digicel,Papua New Guinea,675.0,7064,NEW GUINEA,PNGDPDIGICEL
Digicel,Papua New Guinea,675.0,7080,NEW GUINEA,PNGDPDIGICEL
Digicel,Papua New Guinea,675.0,7082,NEW GUINEA,PNGDPDIGICEL
Digicel,Papua New Guinea,675.0,7084,NEW GUINEA,PNGDPDIGICEL
Digicel,Papua New Guinea,675.0,7111,NEW GUINEA,PNGDPDIGICEL
Digicel,Papua New Guinea,675.0,7149,NEW GUINEA,PNGDPDIGICEL
Digicel,Papua New Guinea,675.0,7160,NEW GUINEA,PNGDPDIGICEL
Digicel,Papua New Guinea,675.0,7175,NEW GUINEA,PNGDPDIGICEL
Digicel,Papua New Guinea,675.0,7186,NEW GUINEA,PNGDPDIGICEL
Digicel,Papua New Guinea,675.0,7192,NEW GUINEA,PNGDPDIGICEL
Digicel,Papua New Guinea,675.0,7193,NEW GUINEA,PNGDPDIGICEL
Digicel,Papua New Guinea,675.0,7206,NEW GUINEA,PNGDPDIGICEL
Digicel,Papua New Guinea,675.0,7207,NEW GUINEA,PNGDPDIGICEL
Digicel,Papua New Guinea,675.0,7209,NEW GUINEA,PNGDPDIGICEL
Digicel,Papua New Guinea,675.0,7210,NEW GUINEA,PNGDPDIGICEL
Digicel,Papua New Guinea,675.0,7248,NEW GUINEA,PNGDPDIGICEL
Digicel,Papua New Guinea,675.0,7253,NEW GUINEA,PNGDPDIGICEL
Digicel,Papua New Guinea,675.0,7261,NEW GUINEA,PNGDPDIGICEL
Digicel,Papua New Guinea,675.0,7283,NEW GUINEA,PNGDPDIGICEL
Digicel,Papua New Guinea,675.0,7292,NEW GUINEA,PNGDPDIGICEL
Digicel,Papua New Guinea,675.0,7299,NEW GUINEA,PNGDPDIGICEL
Digicel,Papua New Guinea,675.0,7304,NEW GUINEA,PNGDPDIGICEL
Digicel,Papua New Guinea,675.0,7323,NEW GUINEA,PNGDPDIGICEL
Digicel,Papua New Guinea,675.0,7324,NEW GUINEA,PNGDPDIGICEL
Digicel,Papua New Guinea,675.0,7334,NEW GUINEA,PNGDPDIGICEL
Digicel,Papua New Guinea,675.0,7344,NEW GUINEA,PNGDPDIGICEL
Digicel,Papua New Guinea,675.0,7351,NEW GUINEA,PNGDPDIGICEL
Digicel,Papua New Guinea,675.0,7353,NEW GUINEA,PNGDPDIGICEL
Digicel,Papua New Guinea,675.0,7360,NEW GUINEA,PNGDPDIGICEL
Digicel,Papua New Guinea,675.0,7367,NEW GUINEA,PNGDPDIGICEL
Digicel,Papua New Guinea,675.0,7373,NEW GUINEA,PNGDPDIGICEL
Digicel,Papua New Guinea,675.0,7382,NEW GUINEA,PNGDPDIGICEL
Digicel,Papua New Guinea,675.0,7384,NEW GUINEA,PNGDPDIGICEL
Digicel,Papua New Guinea,675.0,7392,NEW GUINEA,PNGDPDIGICEL
Digicel,Papua New Guinea,675.0,7398,NEW GUINEA,PNGDPDIGICEL
Digicel,Papua New Guinea,675.0,7404,NEW GUINEA,PNGDPDIGICEL
Digicel,Papua New Guinea,675.0,7405,NEW GUINEA,PNGDPDIGICEL
Digicel,Papua New Guinea,675.0,7429,NEW GUINEA,PNGDPDIGICEL
Digicel,Papua New Guinea,675.0,7434,NEW GUINEA,PNGDPDIGICEL
Digicel,Papua New Guinea,675.0,7445,NEW GUINEA,PNGDPDIGICEL
Digicel,Papua New Guinea,675.0,7448,NEW GUINEA,PNGDPDIGICEL
Digicel,Papua New Guinea,675.0,7474,NEW GUINEA,PNGDPDIGICEL
Digicel,Papua New Guinea,675.0,7475,NEW GUINEA,PNGDPDIGICEL
Digicel,Papua New Guinea,675.0,7481,NEW GUINEA,PNGDPDIGICEL
Digicel,Papua New Guinea,675.0,7482,NEW GUINEA,PNGDPDIGICEL
Digicel,Papua New Guinea,675.0,7491,NEW GUINEA,PNGDPDIGICEL
Digicel,Papua New Guinea,675.0,7497,NEW GUINEA,PNGDPDIGICEL
Digicel,Papua New Guinea,675.0,7909,NEW GUINEA,PNGDPDIGICEL
Digicel,Papua New Guinea,675.0,7910,NEW GUINEA,PNGDPDIGICEL
Digicel,Papua New Guinea,675.0,7911,NEW GUINEA,PNGDPDIGICEL
Digicel,Papua New Guinea,675.0,7915,NEW GUINEA,PNGDPDIGICEL
Digicel,Papua New Guinea,675.0,7918,NEW GUINEA,PNGDPDIGICEL
Digicel,Papua New Guinea,675.0,7919,NEW GUINEA,PNGDPDIGICEL
Digicel,Papua New Guinea,675.0,7926,NEW GUINEA,PNGDPDIGICEL
Digicel,Papua New Guinea,675.0,7930,NEW GUINEA,PNGDPDIGICEL
Digicel,Papua New Guinea,675.0,7934,NEW GUINEA,PNGDPDIGICEL
Digicel,Papua New Guinea,675.0,7940,NEW GUINEA,PNGDPDIGICEL
Digicel,Papua New Guinea,675.0,7960,NEW GUINEA,PNGDPDIGICEL
Digicel,Papua New Guinea,675.0,7962,NEW GUINEA,PNGDPDIGICEL
Digicel,Papua New Guinea,675.0,7971,NEW GUINEA,PNGDPDIGICEL
Digicel,Papua New Guinea,675.0,7987,NEW GUINEA,PNGDPDIGICEL
Digicel,Papua New Guinea,675.0,7996,NEW GUINEA,PNGDPDIGICEL
Digicel,Papua New Guinea,675.0,7004,NEW GUINEA,PNGDPDIGICEL
Digicel,Papua New Guinea,675.0,7007,NEW GUINEA,PNGDPDIGICEL
Digicel,Papua New Guinea,675.0,7020,NEW GUINEA,PNGDPDIGICEL
Digicel,Papua New Guinea,675.0,7031,NEW GUINEA,PNGDPDIGICEL
Digicel,Papua New Guinea,675.0,7040,NEW GUINEA,PNGDPDIGICEL
Digicel,Papua New Guinea,675.0,7049,NEW GUINEA,PNGDPDIGICEL
Digicel,Papua New Guinea,675.0,7055,NEW GUINEA,PNGDPDIGICEL
Digicel,Papua New Guinea,675.0,7057,NEW GUINEA,PNGDPDIGICEL
Digicel,Papua New Guinea,675.0,7076,NEW GUINEA,PNGDPDIGICEL
Digicel,Papua New Guinea,675.0,7085,NEW GUINEA,PNGDPDIGICEL
Digicel,Papua New Guinea,675.0,7086,NEW GUINEA,PNGDPDIGICEL
Digicel,Papua New Guinea,675.0,7087,NEW GUINEA,PNGDPDIGICEL
Digicel,Papua New Guinea,675.0,7089,NEW GUINEA,PNGDPDIGICEL
Digicel,Papua New Guinea,675.0,7091,NEW GUINEA,PNGDPDIGICEL
Digicel,Papua New Guinea,675.0,7108,NEW GUINEA,PNGDPDIGICEL
Digicel,Papua New Guinea,675.0,7113,NEW GUINEA,PNGDPDIGICEL
Digicel,Papua New Guinea,675.0,7114,NEW GUINEA,PNGDPDIGICEL
Digicel,Papua New Guinea,675.0,7121,NEW GUINEA,PNGDPDIGICEL
Digicel,Papua New Guinea,675.0,7123,NEW GUINEA,PNGDPDIGICEL
Digicel,Papua New Guinea,675.0,7126,NEW GUINEA,PNGDPDIGICEL
Digicel,Papua New Guinea,675.0,7131,NEW GUINEA,PNGDPDIGICEL
Digicel,Papua New Guinea,675.0,7151,NEW GUINEA,PNGDPDIGICEL
Digicel,Papua New Guinea,675.0,7164,NEW GUINEA,PNGDPDIGICEL
Digicel,Papua New Guinea,675.0,7176,NEW GUINEA,PNGDPDIGICEL
Digicel,Papua New Guinea,675.0,7182,NEW GUINEA,PNGDPDIGICEL
Digicel,Papua New Guinea,675.0,7185,NEW GUINEA,PNGDPDIGICEL
Digicel,Papua New Guinea,675.0,7188,NEW GUINEA,PNGDPDIGICEL
Digicel,Papua New Guinea,675.0,7189,NEW GUINEA,PNGDPDIGICEL
Digicel,Papua New Guinea,675.0,7196,NEW GUINEA,PNGDPDIGICEL
Digicel,Papua New Guinea,675.0,7208,NEW GUINEA,PNGDPDIGICEL
Digicel,Papua New Guinea,675.0,7219,NEW GUINEA,PNGDPDIGICEL
Digicel,Papua New Guinea,675.0,7222,NEW GUINEA,PNGDPDIGICEL
Digicel,Papua New Guinea,675.0,7224,NEW GUINEA,PNGDPDIGICEL
Digicel,Papua New Guinea,675.0,7238,NEW GUINEA,PNGDPDIGICEL
Digicel,Papua New Guinea,675.0,7242,NEW GUINEA,PNGDPDIGICEL
Digicel,Papua New Guinea,675.0,7244,NEW GUINEA,PNGDPDIGICEL
Digicel,Papua New Guinea,675.0,7252,NEW GUINEA,PNGDPDIGICEL
Digicel,Papua New Guinea,675.0,7260,NEW GUINEA,PNGDPDIGICEL
Digicel,Papua New Guinea,675.0,7263,NEW GUINEA,PNGDPDIGICEL
Digicel,Papua New Guinea,675.0,7267,NEW GUINEA,PNGDPDIGICEL
Digicel,Papua New Guinea,675.0,7278,NEW GUINEA,PNGDPDIGICEL
Digicel,Papua New Guinea,675.0,7308,NEW GUINEA,PNGDPDIGICEL
Digicel,Papua New Guinea,675.0,7313,NEW GUINEA,PNGDPDIGICEL
Digicel,Papua New Guinea,675.0,7318,NEW GUINEA,PNGDPDIGICEL
Digicel,Papua New Guinea,675.0,7339,NEW GUINEA,PNGDPDIGICEL
Digicel,Papua New Guinea,675.0,7348,NEW GUINEA,PNGDPDIGICEL
Digicel,Papua New Guinea,675.0,7352,NEW GUINEA,PNGDPDIGICEL
Digicel,Papua New Guinea,675.0,7361,NEW GUINEA,PNGDPDIGICEL
Digicel,Papua New Guinea,675.0,7363,NEW GUINEA,PNGDPDIGICEL
Digicel,Papua New Guinea,675.0,7364,NEW GUINEA,PNGDPDIGICEL
Digicel,Papua New Guinea,675.0,7375,NEW GUINEA,PNGDPDIGICEL
Digicel,Papua New Guinea,675.0,7393,NEW GUINEA,PNGDPDIGICEL
Digicel,Papua New Guinea,675.0,7396,NEW GUINEA,PNGDPDIGICEL
Digicel,Papua New Guinea,675.0,7409,NEW GUINEA,PNGDPDIGICEL
Digicel,Papua New Guinea,675.0,7414,NEW GUINEA,PNGDPDIGICEL
Digicel,Papua New Guinea,675.0,7415,NEW GUINEA,PNGDPDIGICEL
Digicel,Papua New Guinea,675.0,7417,NEW GUINEA,PNGDPDIGICEL
Digicel,Papua New Guinea,675.0,7418,NEW GUINEA,PNGDPDIGICEL
Digicel,Papua New Guinea,675.0,7435,NEW GUINEA,PNGDPDIGICEL
Digicel,Papua New Guinea,675.0,7439,NEW GUINEA,PNGDPDIGICEL
Digicel,Papua New Guinea,675.0,7450,NEW GUINEA,PNGDPDIGICEL
Digicel,Papua New Guinea,675.0,7451,NEW GUINEA,PNGDPDIGICEL
Digicel,Papua New Guinea,675.0,7464,NEW GUINEA,PNGDPDIGICEL
Digicel,Papua New Guinea,675.0,7468,NEW GUINEA,PNGDPDIGICEL
Digicel,Papua New Guinea,675.0,7483,NEW GUINEA,PNGDPDIGICEL
Digicel,Papua New Guinea,675.0,7486,NEW GUINEA,PNGDPDIGICEL
Digicel,Papua New Guinea,675.0,7489,NEW GUINEA,PNGDPDIGICEL
Digicel,Papua New Guinea,675.0,7498,NEW GUINEA,PNGDPDIGICEL
Digicel,Papua New Guinea,675.0,7900,NEW GUINEA,PNGDPDIGICEL
Digicel,Papua New Guinea,675.0,7906,NEW GUINEA,PNGDPDIGICEL
Digicel,Papua New Guinea,675.0,7922,NEW GUINEA,PNGDPDIGICEL
Digicel,Papua New Guinea,675.0,7931,NEW GUINEA,PNGDPDIGICEL
Digicel,Papua New Guinea,675.0,7944,NEW GUINEA,PNGDPDIGICEL
Digicel,Papua New Guinea,675.0,7947,NEW GUINEA,PNGDPDIGICEL
Digicel,Papua New Guinea,675.0,7959,NEW GUINEA,PNGDPDIGICEL
Digicel,Papua New Guinea,675.0,7969,NEW GUINEA,PNGDPDIGICEL
Digicel,Papua New Guinea,675.0,7984,NEW GUINEA,PNGDPDIGICEL
Digicel,Papua New Guinea,675.0,7992,NEW GUINEA,PNGDPDIGICEL
Digicel,Papua New Guinea,675.0,7994,NEW GUINEA,PNGDPDIGICEL
TelecomNZ,New Zealand,64.0,05,NEW ZEALAND,TELECOMNZ
TelecomNZ,New Zealand,64.0,27,NEW ZEALAND,TELECOMNZ
TWODEGREES,New Zealand,64.0,22,NEW ZEALAND,TWODEGREES
TWODEGREES,New Zealand,64.0,,NEW ZEALAND,TWODEGREES
TWODEGREES,New Zealand,64.0,24,NEW ZEALAND,TWODEGREES
Vodafone,New Zealand,64.0,21,NEW ZEALAND,VODAFONENZ
Vodafone,New Zealand,64.0,280,NEW ZEALAND,VODAFONENZ
Vodafone,New Zealand,64.0,202,NEW ZEALAND,VODAFONENZ
Vodafone,New Zealand,64.0,2885,NEW ZEALAND,VODAFONENZ
Vodafone,New Zealand,64.0,2824,NEW ZEALAND,VODAFONENZ
Vodafone,New Zealand,64.0,28258,NEW ZEALAND,VODAFONENZ
Vodafone,New Zealand,64.0,01,NEW ZEALAND,VODAFONENZ
Vodafone,New Zealand,64.0,201,NEW ZEALAND,VODAFONENZ
Vodafone,New Zealand,64.0,29,NEW ZEALAND,VODAFONENZ
Digicel,Papua New Guinea,675.0,79,NEWGUINEA,DIGICELPU
Digicel,Papua New Guinea,675.0,70,NEWGUINEA,DIGICELPU
Digicel,Papua New Guinea,675.0,72,NEWGUINEA,DIGICELPU
Digicel,Papua New Guinea,675.0,03,NEWGUINEA,DIGICELPU
Digicel,Papua New Guinea,675.0,71,NEWGUINEA,DIGICELPU
Digicel,Papua New Guinea,675.0,73,NEWGUINEA,DIGICELPU
Claro,Nicaragua,505.0,552,NICARAGUA,CLARONICARAG
Claro,Nicaragua,505.0,820,NICARAGUA,CLARONICARAG
Claro,Nicaragua,505.0,822,NICARAGUA,CLARONICARAG
Claro,Nicaragua,505.0,851,NICARAGUA,CLARONICARAG
Claro,Nicaragua,505.0,863,NICARAGUA,CLARONICARAG
Claro,Nicaragua,505.0,884,NICARAGUA,CLARONICARAG
Claro,Nicaragua,505.0,885,NICARAGUA,CLARONICARAG
Claro,Nicaragua,505.0,5503,NICARAGUA,CLARONICARAG
Claro,Nicaragua,505.0,5508,NICARAGUA,CLARONICARAG
Claro,Nicaragua,505.0,5509,NICARAGUA,CLARONICARAG
Claro,Nicaragua,505.0,821,NICARAGUA,CLARONICARAG
Claro,Nicaragua,505.0,833,NICARAGUA,CLARONICARAG
Claro,Nicaragua,505.0,843,NICARAGUA,CLARONICARAG
Claro,Nicaragua,505.0,844,NICARAGUA,CLARONICARAG
Claro,Nicaragua,505.0,861,NICARAGUA,CLARONICARAG
Claro,Nicaragua,505.0,862,NICARAGUA,CLARONICARAG
Claro,Nicaragua,505.0,864,NICARAGUA,CLARONICARAG
Claro,Nicaragua,505.0,870,NICARAGUA,CLARONICARAG
Claro,Nicaragua,505.0,21,NICARAGUA,CLARONICARAG
Claro,Nicaragua,505.0,5502,NICARAGUA,CLARONICARAG
Claro,Nicaragua,505.0,551,NICARAGUA,CLARONICARAG
Claro,Nicaragua,505.0,555,NICARAGUA,CLARONICARAG
Claro,Nicaragua,505.0,58,NICARAGUA,CLARONICARAG
Claro,Nicaragua,505.0,854,NICARAGUA,CLARONICARAG
Claro,Nicaragua,505.0,866,NICARAGUA,CLARONICARAG
Claro,Nicaragua,505.0,872,NICARAGUA,CLARONICARAG
Claro,Nicaragua,505.0,873,NICARAGUA,CLARONICARAG
Claro,Nicaragua,505.0,883,NICARAGUA,CLARONICARAG
Claro,Nicaragua,505.0,5504,NICARAGUA,CLARONICARAG
Claro,Nicaragua,505.0,5507,NICARAGUA,CLARONICARAG
Claro,Nicaragua,505.0,553,NICARAGUA,CLARONICARAG
Claro,Nicaragua,505.0,556,NICARAGUA,CLARONICARAG
Claro,Nicaragua,505.0,842,NICARAGUA,CLARONICARAG
Claro,Nicaragua,505.0,849,NICARAGUA,CLARONICARAG
Claro,Nicaragua,505.0,850,NICARAGUA,CLARONICARAG
Claro,Nicaragua,505.0,860,NICARAGUA,CLARONICARAG
Claro,Nicaragua,505.0,869,NICARAGUA,CLARONICARAG
Claro,Nicaragua,505.0,5501,NICARAGUA,CLARONICARAG
Claro,Nicaragua,505.0,5506,NICARAGUA,CLARONICARAG
Claro,Nicaragua,505.0,5570,NICARAGUA,CLARONICARAG
Claro,Nicaragua,505.0,835,NICARAGUA,CLARONICARAG
Claro,Nicaragua,505.0,836,NICARAGUA,CLARONICARAG
Claro,Nicaragua,505.0,840,NICARAGUA,CLARONICARAG
Claro,Nicaragua,505.0,841,NICARAGUA,CLARONICARAG
Claro,Nicaragua,505.0,853,NICARAGUA,CLARONICARAG
Claro,Nicaragua,505.0,874,NICARAGUA,CLARONICARAG
Claro,Nicaragua,505.0,892,NICARAGUA,CLARONICARAG
Claro,Nicaragua,505.0,893,NICARAGUA,CLARONICARAG
Claro,Nicaragua,505.0,554,NICARAGUA,CLARONICARAG
Claro,Nicaragua,505.0,852,NICARAGUA,CLARONICARAG
Claro,Nicaragua,505.0,865,NICARAGUA,CLARONICARAG
Claro,Nicaragua,505.0,871,NICARAGUA,CLARONICARAG
Claro,Nicaragua,505.0,882,NICARAGUA,CLARONICARAG
Claro,Nicaragua,505.0,890,NICARAGUA,CLARONICARAG
Claro,Nicaragua,505.0,894,NICARAGUA,CLARONICARAG
Claro,Nicaragua,505.0,5500,NICARAGUA,CLARONICARAG
Claro,Nicaragua,505.0,5505,NICARAGUA,CLARONICARAG
Claro,Nicaragua,505.0,57,NICARAGUA,CLARONICARAG
Claro,Nicaragua,505.0,823,NICARAGUA,CLARONICARAG
Claro,Nicaragua,505.0,891,NICARAGUA,CLARONICARAG
Celtel,Niger,227.0,96,NIGER,CELTEL
Celtel,Niger,227.0,,NIGER,CELTEL
Celtel,Niger,227.0,2,NIGER,CELTEL
Moov,Niger,227.0,24,NIGER,MOOV NIGER
Moov,Niger,227.0,,NIGER,MOOV NIGER
Moov,Niger,227.0,3,NIGER,MOOV NIGER
Moov,Niger,227.0,9590,NIGER,MOOVNG
Moov,Niger,227.0,9593,NIGER,MOOVNG
Moov,Niger,227.0,9595,NIGER,MOOVNG
Moov,Niger,227.0,9596,NIGER,MOOVNG
Moov,Niger,227.0,03,NIGER,MOOVNG
Moov,Niger,227.0,94,NIGER,MOOVNG
Moov,Niger,227.0,9597,NIGER,MOOVNG
Moov,Niger,227.0,9598,NIGER,MOOVNG
Moov,Niger,227.0,9591,NIGER,MOOVNG
Moov,Niger,227.0,9594,NIGER,MOOVNG
Moov,Niger,227.0,9589,NIGER,MOOVNG
Moov,Niger,227.0,9599,NIGER,MOOVNG
Moov,Niger,227.0,9500,NIGER,MOOVNG
Moov,Niger,227.0,9592,NIGER,MOOVNG
Orange,Niger,227.0,04,NIGER,ORANGENIGER
Orange,Niger,227.0,92,NIGER,ORANGENIGER
Orange,Niger,227.0,80,NIGER,ORANGENIGER
Orange,Niger,227.0,91,NIGER,ORANGENIGER
Orange,Niger,227.0,90,NIGER,ORANGENIGER
Etisalet,Nigeria,234.0,809,NIGERIA,ETISALETNG
Etisalet,Nigeria,234.0,909,NIGERIA,ETISALETNG
Etisalet,Nigeria,234.0,60,NIGERIA,ETISALETNG
Etisalet,Nigeria,234.0,817,NIGERIA,ETISALETNG
Etisalet,Nigeria,234.0,818,NIGERIA,ETISALETNG
Glo Mobile,Nigeria,234.0,705,NIGERIA,GLO MOBILE
Glo Mobile,Nigeria,234.0,,NIGERIA,GLO MOBILE
Glo Mobile,Nigeria,234.0,50,NIGERIA,GLO MOBILE
Glo Mobile,Nigeria,234.0,705,NIGERIA,GLOMOB NGRIA
Glo Mobile,Nigeria,234.0,805,NIGERIA,GLOMOB NGRIA
Glo Mobile,Nigeria,234.0,50,NIGERIA,GLOMOB NGRIA
Glo Mobile,Nigeria,234.0,807,NIGERIA,GLOMOB NGRIA
Glo Mobile,Nigeria,234.0,811,NIGERIA,GLOMOB NGRIA
Glo Mobile,Nigeria,234.0,815,NIGERIA,GLOMOB NGRIA
Glo Mobile,Nigeria,234.0,,NIGERIA,GLOMOB NGRIA
MTN,Nigeria,234.0,,NIGERIA,MTN NIGERIA
MTN,Nigeria,234.0,703,NIGERIA,MTN NIGERIA
MTN,Nigeria,234.0,30,NIGERIA,MTN NIGERIA
Vmobile Nige,Nigeria,234.0,802,NIGERIA,VMOBILE NIGE
Vmobile Nige,Nigeria,234.0,812,NIGERIA,VMOBILE NIGE
Vmobile Nige,Nigeria,234.0,,NIGERIA,VMOBILE NIGE
Vmobile Nige,Nigeria,234.0,708,NIGERIA,VMOBILE NIGE
Vmobile Nige,Nigeria,234.0,808,NIGERIA,VMOBILE NIGE
Vmobile Nige,Nigeria,234.0,20,NIGERIA,VMOBILE NIGE
OPT,New Caledonia,687.0,99,NLECALEDONIE,OPT
OPT,New Caledonia,687.0,76,NLECALEDONIE,OPT
OPT,New Caledonia,687.0,85,NLECALEDONIE,OPT
OPT,New Caledonia,687.0,90,NLECALEDONIE,OPT
OPT,New Caledonia,687.0,91,NLECALEDONIE,OPT
OPT,New Caledonia,687.0,93,NLECALEDONIE,OPT
OPT,New Caledonia,687.0,81,NLECALEDONIE,OPT
OPT,New Caledonia,687.0,86,NLECALEDONIE,OPT
OPT,New Caledonia,687.0,89,NLECALEDONIE,OPT
OPT,New Caledonia,687.0,95,NLECALEDONIE,OPT
OPT,New Caledonia,687.0,96,NLECALEDONIE,OPT
OPT,New Caledonia,687.0,98,NLECALEDONIE,OPT
OPT,New Caledonia,687.0,79,NLECALEDONIE,OPT
OPT,New Caledonia,687.0,84,NLECALEDONIE,OPT
OPT,New Caledonia,687.0,92,NLECALEDONIE,OPT
OPT,New Caledonia,687.0,94,NLECALEDONIE,OPT
OPT,New Caledonia,687.0,,NLECALEDONIE,OPT
OPT,New Caledonia,687.0,75,NLECALEDONIE,OPT
OPT,New Caledonia,687.0,78,NLECALEDONIE,OPT
OPT,New Caledonia,687.0,83,NLECALEDONIE,OPT
OPT,New Caledonia,687.0,1,NLECALEDONIE,OPT
OPT,New Caledonia,687.0,74,NLECALEDONIE,OPT
OPT,New Caledonia,687.0,82,NLECALEDONIE,OPT
OPT,New Caledonia,687.0,73,NLECALEDONIE,OPT
OPT,New Caledonia,687.0,77,NLECALEDONIE,OPT
OPT,New Caledonia,687.0,80,NLECALEDONIE,OPT
OPT,New Caledonia,687.0,87,NLECALEDONIE,OPT
OPT,New Caledonia,687.0,97,NLECALEDONIE,OPT
Aeromobile,Norway,882.0,99,NORWAY,AEROMOBILE
Aeromobile,Norway,882.0,14,NORWAY,AEROMOBILE
MobileNorway,Norway,47.0,4056,NORWAY,MOBILENORWAY
MobileNorway,Norway,47.0,,NORWAY,MOBILENORWAY
MobileNorway,Norway,47.0,05,NORWAY,MOBILENORWAY
Netcom,Norway,47.0,4040,NORWAY,NETCOM
Netcom,Norway,47.0,4060,NORWAY,NETCOM
Netcom,Norway,47.0,9357,NORWAY,NETCOM
Netcom,Norway,47.0,942,NORWAY,NETCOM
Netcom,Norway,47.0,9442,NORWAY,NETCOM
Netcom,Norway,47.0,986,NORWAY,NETCOM
Netcom,Norway,47.0,9899,NORWAY,NETCOM
Netcom,Norway,47.0,02,NORWAY,NETCOM
Netcom,Norway,47.0,4001,NORWAY,NETCOM
Netcom,Norway,47.0,4047,NORWAY,NETCOM
Netcom,Norway,47.0,936,NORWAY,NETCOM
Netcom,Norway,47.0,9447,NORWAY,NETCOM
Netcom,Norway,47.0,9699,NORWAY,NETCOM
Netcom,Norway,47.0,4000,NORWAY,NETCOM
Netcom,Norway,47.0,4067,NORWAY,NETCOM
Netcom,Norway,47.0,4068,NORWAY,NETCOM
Netcom,Norway,47.0,930,NORWAY,NETCOM
Netcom,Norway,47.0,9317,NORWAY,NETCOM
Netcom,Norway,47.0,9410,NORWAY,NETCOM
Netcom,Norway,47.0,9471,NORWAY,NETCOM
Netcom,Norway,47.0,9473,NORWAY,NETCOM
Netcom,Norway,47.0,9697,NORWAY,NETCOM
Netcom,Norway,47.0,4049,NORWAY,NETCOM
Netcom,Norway,47.0,4050,NORWAY,NETCOM
Netcom,Norway,47.0,4055,NORWAY,NETCOM
Netcom,Norway,47.0,4063,NORWAY,NETCOM
Netcom,Norway,47.0,9297,NORWAY,NETCOM
Netcom,Norway,47.0,9337,NORWAY,NETCOM
Netcom,Norway,47.0,9412,NORWAY,NETCOM
Netcom,Norway,47.0,9664,NORWAY,NETCOM
Netcom,Norway,47.0,932,NORWAY,NETCOM
Netcom,Norway,47.0,9443,NORWAY,NETCOM
Netcom,Norway,47.0,9695,NORWAY,NETCOM
Netcom,Norway,47.0,980,NORWAY,NETCOM
Netcom,Norway,47.0,9837,NORWAY,NETCOM
Netcom,Norway,47.0,9876,NORWAY,NETCOM
Netcom,Norway,47.0,,NORWAY,NETCOM
Netcom,Norway,47.0,4011,NORWAY,NETCOM
Netcom,Norway,47.0,402,NORWAY,NETCOM
Netcom,Norway,47.0,4045,NORWAY,NETCOM
Netcom,Norway,47.0,4061,NORWAY,NETCOM
Netcom,Norway,47.0,4062,NORWAY,NETCOM
Netcom,Norway,47.0,4064,NORWAY,NETCOM
Netcom,Norway,47.0,9217,NORWAY,NETCOM
Netcom,Norway,47.0,9277,NORWAY,NETCOM
Netcom,Norway,47.0,9472,NORWAY,NETCOM
Netcom,Norway,47.0,9692,NORWAY,NETCOM
Netcom,Norway,47.0,9696,NORWAY,NETCOM
Netcom,Norway,47.0,978,NORWAY,NETCOM
Netcom,Norway,47.0,982,NORWAY,NETCOM
Netcom,Norway,47.0,4010,NORWAY,NETCOM
Netcom,Norway,47.0,4046,NORWAY,NETCOM
Netcom,Norway,47.0,4048,NORWAY,NETCOM
Netcom,Norway,47.0,9237,NORWAY,NETCOM
Netcom,Norway,47.0,934,NORWAY,NETCOM
Netcom,Norway,47.0,9377,NORWAY,NETCOM
Netcom,Norway,47.0,938,NORWAY,NETCOM
Netcom,Norway,47.0,9448,NORWAY,NETCOM
Netcom,Norway,47.0,9449,NORWAY,NETCOM
Netcom,Norway,47.0,9698,NORWAY,NETCOM
Netcom,Norway,47.0,9815,NORWAY,NETCOM
Netcom,Norway,47.0,984,NORWAY,NETCOM
Netcom,Norway,47.0,9854,NORWAY,NETCOM
Netcom,Norway,47.0,403,NORWAY,NETCOM
Netcom,Norway,47.0,9257,NORWAY,NETCOM
Netcom,Norway,47.0,9391,NORWAY,NETCOM
Netcom,Norway,47.0,9411,NORWAY,NETCOM
Netcom,Norway,47.0,988,NORWAY,NETCOM
Telenor,Norway,47.0,4105,NORWAY,TELENOR
Telenor,Norway,47.0,,NORWAY,TELENOR
Telenor,Norway,47.0,1,NORWAY,TELENOR
MCP,Norway,882.0,12,NORWAY INT WATER,MCP
MCP,Norway,882.0,32,NORWAY INT WATER,MCP
MCP,Norway,882.0,,NORWAY INT WATER,MCP
NAWRAS,Oman,968.0,95003,OMAN,NAWRAS
NAWRAS,Oman,968.0,95006,OMAN,NAWRAS
NAWRAS,Oman,968.0,95007,OMAN,NAWRAS
NAWRAS,Oman,968.0,95009,OMAN,NAWRAS
NAWRAS,Oman,968.0,95001,OMAN,NAWRAS
NAWRAS,Oman,968.0,95,OMAN,NAWRAS
NAWRAS,Oman,968.0,95004,OMAN,NAWRAS
NAWRAS,Oman,968.0,96,OMAN,NAWRAS
NAWRAS,Oman,968.0,940,OMAN,NAWRAS
NAWRAS,Oman,968.0,95002,OMAN,NAWRAS
NAWRAS,Oman,968.0,95005,OMAN,NAWRAS
NAWRAS,Oman,968.0,,OMAN,NAWRAS
NAWRAS,Oman,968.0,1505,OMAN,NAWRAS
NAWRAS,Oman,968.0,95008,OMAN,NAWRAS
NAWRAS,Oman,968.0,97,OMAN,NAWRAS
NAWRAS,Oman,968.0,03,OMAN,NAWRAS
OMAN MOBILE,Oman,968.0,93,OMAN,OMAN MOBILE
OMAN MOBILE,Oman,968.0,940,OMAN,OMAN MOBILE
OMAN MOBILE,Oman,968.0,975,OMAN,OMAN MOBILE
OMAN MOBILE,Oman,968.0,976,OMAN,OMAN MOBILE
OMAN MOBILE,Oman,968.0,977,OMAN,OMAN MOBILE
OMAN MOBILE,Oman,968.0,99,OMAN,OMAN MOBILE
OMAN MOBILE,Oman,968.0,972,OMAN,OMAN MOBILE
OMAN MOBILE,Oman,968.0,,OMAN,OMAN MOBILE
OMAN MOBILE,Oman,968.0,92,OMAN,OMAN MOBILE
OMAN MOBILE,Oman,968.0,95,OMAN,OMAN MOBILE
OMAN MOBILE,Oman,968.0,96,OMAN,OMAN MOBILE
OMAN MOBILE,Oman,968.0,973,OMAN,OMAN MOBILE
OMAN MOBILE,Oman,968.0,979,OMAN,OMAN MOBILE
OMAN MOBILE,Oman,968.0,98,OMAN,OMAN MOBILE
OMAN MOBILE,Oman,968.0,974,OMAN,OMAN MOBILE
OMAN MOBILE,Oman,968.0,971,OMAN,OMAN MOBILE
OMAN MOBILE,Oman,968.0,978,OMAN,OMAN MOBILE
OMAN MOBILE,Oman,968.0,02,OMAN,OMAN MOBILE
OMAN MOBILE,Oman,968.0,970,OMAN,OMAN MOBILE
PMCL,Pakistan,93.0,01,PAKISTAN,PMCL
PMCL,Pakistan,93.0,30,PAKISTAN,PMCL
Warid Teleco,Pakistan,92.0,7,PAKISTAN,WARID TELECO
Warid Teleco,Pakistan,92.0,321,PAKISTAN,WARID TELECO
Warid Teleco,Pakistan,92.0,,PAKISTAN,WARID TELECO
Zong CM,Pakistan,92.0,31,PAKISTAN,ZONG CM
Zong CM,Pakistan,92.0,04,PAKISTAN,ZONG CM
PalauNatinal,Palau,680.0,774,PALAU,PALAUNATINAL
PalauNatinal,Palau,680.0,770,PALAU,PALAUNATINAL
PalauNatinal,Palau,680.0,773,PALAU,PALAUNATINAL
PalauNatinal,Palau,680.0,775,PALAU,PALAUNATINAL
PalauNatinal,Palau,680.0,776,PALAU,PALAUNATINAL
PalauNatinal,Palau,680.0,777,PALAU,PALAUNATINAL
PalauNatinal,Palau,680.0,778,PALAU,PALAUNATINAL
PalauNatinal,Palau,680.0,779,PALAU,PALAUNATINAL
PalauNatinal,Palau,680.0,771,PALAU,PALAUNATINAL
PalauNatinal,Palau,680.0,01,PALAU,PALAUNATINAL
PalauNatinal,Palau,680.0,772,PALAU,PALAUNATINAL
Jawwal,Palestine,970.0,05,PALESTINE,JAWWAL
Jawwal,Palestine,970.0,59,PALESTINE,JAWWAL
Jawwal,Palestine,970.0,,PALESTINE,JAWWAL
Wataniya,Palestine,972.0,56,PALESTINE,WATANYAPALES
Wataniya,Palestine,972.0,06,PALESTINE,WATANYAPALES
Wataniya,Palestine,972.0,,PALESTINE,WATANYAPALES
Cable&Wire,Panama,507.0,694,PANAMA,CABLE&WIRE1
Cable&Wire,Panama,507.0,01,PANAMA,CABLE&WIRE1
Cable&Wire,Panama,507.0,634,PANAMA,CABLE&WIRE1
Digicel,Panama,507.0,04,PANAMA,DIGICELP
Digicel,Panama,507.0,60,PANAMA,DIGICELP
Digicel,Panama,507.0,61,PANAMA,DIGICELP
TelfonicaPAN,Panama,507.0,659,PANAMA,TELFONICAPAN
TelfonicaPAN,Panama,507.0,660,PANAMA,TELFONICAPAN
TelfonicaPAN,Panama,507.0,664,PANAMA,TELFONICAPAN
TelfonicaPAN,Panama,507.0,638,PANAMA,TELFONICAPAN
TelfonicaPAN,Panama,507.0,642,PANAMA,TELFONICAPAN
TelfonicaPAN,Panama,507.0,645,PANAMA,TELFONICAPAN
TelfonicaPAN,Panama,507.0,647,PANAMA,TELFONICAPAN
TelfonicaPAN,Panama,507.0,649,PANAMA,TELFONICAPAN
TelfonicaPAN,Panama,507.0,661,PANAMA,TELFONICAPAN
TelfonicaPAN,Panama,507.0,662,PANAMA,TELFONICAPAN
TelfonicaPAN,Panama,507.0,685,PANAMA,TELFONICAPAN
TelfonicaPAN,Panama,507.0,020,PANAMA,TELFONICAPAN
TelfonicaPAN,Panama,507.0,641,PANAMA,TELFONICAPAN
TelfonicaPAN,Panama,507.0,643,PANAMA,TELFONICAPAN
TelfonicaPAN,Panama,507.0,646,PANAMA,TELFONICAPAN
TelfonicaPAN,Panama,507.0,682,PANAMA,TELFONICAPAN
TelfonicaPAN,Panama,507.0,683,PANAMA,TELFONICAPAN
TelfonicaPAN,Panama,507.0,658,PANAMA,TELFONICAPAN
TelfonicaPAN,Panama,507.0,636,PANAMA,TELFONICAPAN
TelfonicaPAN,Panama,507.0,657,PANAMA,TELFONICAPAN
TelfonicaPAN,Panama,507.0,686,PANAMA,TELFONICAPAN
TelfonicaPAN,Panama,507.0,689,PANAMA,TELFONICAPAN
TelfonicaPAN,Panama,507.0,693,PANAMA,TELFONICAPAN
TelfonicaPAN,Panama,507.0,697,PANAMA,TELFONICAPAN
TelfonicaPAN,Panama,507.0,635,PANAMA,TELFONICAPAN
TelfonicaPAN,Panama,507.0,640,PANAMA,TELFONICAPAN
TelfonicaPAN,Panama,507.0,648,PANAMA,TELFONICAPAN
TelfonicaPAN,Panama,507.0,656,PANAMA,TELFONICAPAN
TelfonicaPAN,Panama,507.0,639,PANAMA,TELFONICAPAN
TelfonicaPAN,Panama,507.0,663,PANAMA,TELFONICAPAN
TelfonicaPAN,Panama,507.0,681,PANAMA,TELFONICAPAN
TelfonicaPAN,Panama,507.0,692,PANAMA,TELFONICAPAN
Bemobile,Papua New Guinea,675.0,75,PAPUA NEW GUINEA,BEMOBILELTED
Bemobile,Papua New Guinea,675.0,01,PAPUA NEW GUINEA,BEMOBILELTED
Bemobile,Papua New Guinea,675.0,76,PAPUA NEW GUINEA,BEMOBILELTED
DigitecLmted,Papua New Guinea,675.0,812,PAPUA NEW GUINEA,DIGITECLMTED
DigitecLmted,Papua New Guinea,675.0,814,PAPUA NEW GUINEA,DIGITECLMTED
DigitecLmted,Papua New Guinea,675.0,816,PAPUA NEW GUINEA,DIGITECLMTED
DigitecLmted,Papua New Guinea,675.0,811,PAPUA NEW GUINEA,DIGITECLMTED
DigitecLmted,Papua New Guinea,675.0,817,PAPUA NEW GUINEA,DIGITECLMTED
DigitecLmted,Papua New Guinea,675.0,207,PAPUA NEW GUINEA,DIGITECLMTED
DigitecLmted,Papua New Guinea,675.0,813,PAPUA NEW GUINEA,DIGITECLMTED
DigitecLmted,Papua New Guinea,675.0,815,PAPUA NEW GUINEA,DIGITECLMTED
DigitecLmted,Papua New Guinea,675.0,818,PAPUA NEW GUINEA,DIGITECLMTED
DigitecLmted,Papua New Guinea,675.0,204,PAPUA NEW GUINEA,DIGITECLMTED
DigitecLmted,Papua New Guinea,675.0,819,PAPUA NEW GUINEA,DIGITECLMTED
DigitecLmted,Papua New Guinea,675.0,04,PAPUA NEW GUINEA,DIGITECLMTED
TelikomPap,Papua New Guinea,675.0,76,PAPUA NEW GUINEA,TELIKOMPAP
TelikomPap,Papua New Guinea,675.0,02,PAPUA NEW GUINEA,TELIKOMPAP
TelikomPap,Papua New Guinea,675.0,75,PAPUA NEW GUINEA,TELIKOMPAP
TelikomPap,Papua New Guinea,675.0,78,PAPUA NEW GUINEA,TELIKOMPAP
TelikomPap,Papua New Guinea,675.0,77,PAPUA NEW GUINEA,TELIKOMPAP
Hola,Paraguay,595.0,962,PARAGUAY,HOLA
Hola,Paraguay,595.0,01,PARAGUAY,HOLA
Hola,Paraguay,595.0,961,PARAGUAY,HOLA
Hola,Paraguay,595.0,969,PARAGUAY,HOLA
Hola,Paraguay,595.0,951,PARAGUAY,HOLA
Nucleo,Paraguay,595.0,974,PARAGUAY,NUCLEO
Nucleo,Paraguay,595.0,972,PARAGUAY,NUCLEO
Nucleo,Paraguay,595.0,,PARAGUAY,NUCLEO
Nucleo,Paraguay,595.0,971,PARAGUAY,NUCLEO
Nucleo,Paraguay,595.0,975,PARAGUAY,NUCLEO
Nucleo,Paraguay,595.0,05,PARAGUAY,NUCLEO
Nucleo,Paraguay,595.0,976,PARAGUAY,NUCLEO
Nucleo,Paraguay,595.0,973,PARAGUAY,NUCLEO
Telecel,Paraguay,595.0,984,PARAGUAY,TELECELPARAG
Telecel,Paraguay,595.0,985,PARAGUAY,TELECELPARAG
Telecel,Paraguay,595.0,981,PARAGUAY,TELECELPARAG
Telecel,Paraguay,595.0,982,PARAGUAY,TELECELPARAG
Telecel,Paraguay,595.0,986,PARAGUAY,TELECELPARAG
Telecel,Paraguay,595.0,04,PARAGUAY,TELECELPARAG
Telecel,Paraguay,595.0,983,PARAGUAY,TELECELPARAG
Nextel,Peru,51.0,,PERU,NEXTEL
Nextel,Peru,51.0,9,PERU,NEXTEL
Nextel,Peru,51.0,17,PERU,NEXTEL
TelefDelPeru,Peru,51.0,06,PERU,TELEFDELPERU
TelefDelPeru,Peru,51.0,9,PERU,TELEFDELPERU
Viettel,Peru,51.0,900,PERU,VIETTELPERUS
Viettel,Peru,51.0,917,PERU,VIETTELPERUS
Viettel,Peru,51.0,921,PERU,VIETTELPERUS
Viettel,Peru,51.0,926,PERU,VIETTELPERUS
Viettel,Peru,51.0,915,PERU,VIETTELPERUS
Viettel,Peru,51.0,925,PERU,VIETTELPERUS
Viettel,Peru,51.0,928,PERU,VIETTELPERUS
Viettel,Peru,51.0,910,PERU,VIETTELPERUS
Viettel,Peru,51.0,916,PERU,VIETTELPERUS
Viettel,Peru,51.0,919,PERU,VIETTELPERUS
Viettel,Peru,51.0,930,PERU,VIETTELPERUS
Viettel,Peru,51.0,918,PERU,VIETTELPERUS
Viettel,Peru,51.0,927,PERU,VIETTELPERUS
Viettel,Peru,51.0,929,PERU,VIETTELPERUS
Viettel,Peru,51.0,937,PERU,VIETTELPERUS
Viettel,Peru,51.0,15,PERU,VIETTELPERUS
Viettel,Peru,51.0,901,PERU,VIETTELPERUS
Viettel,Peru,51.0,931,PERU,VIETTELPERUS
Viettel,Peru,51.0,935,PERU,VIETTELPERUS
GLOBE,Philippines,63.0,9050000002,PHILIPPINES,GLOBE TELECO
GLOBE,Philippines,63.0,9060000001,PHILIPPINES,GLOBE TELECO
GLOBE,Philippines,63.0,9060000003,PHILIPPINES,GLOBE TELECO
GLOBE,Philippines,63.0,9060000006,PHILIPPINES,GLOBE TELECO
GLOBE,Philippines,63.0,9150000001,PHILIPPINES,GLOBE TELECO
GLOBE,Philippines,63.0,9150000004,PHILIPPINES,GLOBE TELECO
GLOBE,Philippines,63.0,9160000001,PHILIPPINES,GLOBE TELECO
GLOBE,Philippines,63.0,9160000003,PHILIPPINES,GLOBE TELECO
GLOBE,Philippines,63.0,9160000006,PHILIPPINES,GLOBE TELECO
GLOBE,Philippines,63.0,9260000002,PHILIPPINES,GLOBE TELECO
GLOBE,Philippines,63.0,9260000008,PHILIPPINES,GLOBE TELECO
GLOBE,Philippines,63.0,9350000001,PHILIPPINES,GLOBE TELECO
GLOBE,Philippines,63.0,9350000002,PHILIPPINES,GLOBE TELECO
GLOBE,Philippines,63.0,9350000005,PHILIPPINES,GLOBE TELECO
GLOBE,Philippines,63.0,9360000003,PHILIPPINES,GLOBE TELECO
GLOBE,Philippines,63.0,9370000001,PHILIPPINES,GLOBE TELECO
GLOBE,Philippines,63.0,9050000005,PHILIPPINES,GLOBE TELECO
GLOBE,Philippines,63.0,9050000006,PHILIPPINES,GLOBE TELECO
GLOBE,Philippines,63.0,9050000008,PHILIPPINES,GLOBE TELECO
GLOBE,Philippines,63.0,9060000005,PHILIPPINES,GLOBE TELECO
GLOBE,Philippines,63.0,9060000009,PHILIPPINES,GLOBE TELECO
GLOBE,Philippines,63.0,9170000003,PHILIPPINES,GLOBE TELECO
GLOBE,Philippines,63.0,9260000009,PHILIPPINES,GLOBE TELECO
GLOBE,Philippines,63.0,9270000003,PHILIPPINES,GLOBE TELECO
GLOBE,Philippines,63.0,9270000006,PHILIPPINES,GLOBE TELECO
GLOBE,Philippines,63.0,9270000009,PHILIPPINES,GLOBE TELECO
GLOBE,Philippines,63.0,9350000009,PHILIPPINES,GLOBE TELECO
GLOBE,Philippines,63.0,9370000007,PHILIPPINES,GLOBE TELECO
GLOBE,Philippines,63.0,9150000002,PHILIPPINES,GLOBE TELECO
GLOBE,Philippines,63.0,9150000006,PHILIPPINES,GLOBE TELECO
GLOBE,Philippines,63.0,9160000004,PHILIPPINES,GLOBE TELECO
GLOBE,Philippines,63.0,9170000008,PHILIPPINES,GLOBE TELECO
GLOBE,Philippines,63.0,9270000002,PHILIPPINES,GLOBE TELECO
GLOBE,Philippines,63.0,9350000008,PHILIPPINES,GLOBE TELECO
GLOBE,Philippines,63.0,9370000009,PHILIPPINES,GLOBE TELECO
GLOBE,Philippines,63.0,9050000003,PHILIPPINES,GLOBE TELECO
GLOBE,Philippines,63.0,9150000003,PHILIPPINES,GLOBE TELECO
GLOBE,Philippines,63.0,9170000002,PHILIPPINES,GLOBE TELECO
GLOBE,Philippines,63.0,9260000007,PHILIPPINES,GLOBE TELECO
GLOBE,Philippines,63.0,9270000004,PHILIPPINES,GLOBE TELECO
GLOBE,Philippines,63.0,9270000007,PHILIPPINES,GLOBE TELECO
GLOBE,Philippines,63.0,9360000005,PHILIPPINES,GLOBE TELECO
GLOBE,Philippines,63.0,9360000006,PHILIPPINES,GLOBE TELECO
GLOBE,Philippines,63.0,9360000007,PHILIPPINES,GLOBE TELECO
GLOBE,Philippines,63.0,9370000004,PHILIPPINES,GLOBE TELECO
GLOBE,Philippines,63.0,9050000004,PHILIPPINES,GLOBE TELECO
GLOBE,Philippines,63.0,9150000005,PHILIPPINES,GLOBE TELECO
GLOBE,Philippines,63.0,9150000009,PHILIPPINES,GLOBE TELECO
GLOBE,Philippines,63.0,9160000002,PHILIPPINES,GLOBE TELECO
GLOBE,Philippines,63.0,9160000007,PHILIPPINES,GLOBE TELECO
GLOBE,Philippines,63.0,9160000009,PHILIPPINES,GLOBE TELECO
GLOBE,Philippines,63.0,9170000006,PHILIPPINES,GLOBE TELECO
GLOBE,Philippines,63.0,9170000007,PHILIPPINES,GLOBE TELECO
GLOBE,Philippines,63.0,9170000009,PHILIPPINES,GLOBE TELECO
GLOBE,Philippines,63.0,9260000004,PHILIPPINES,GLOBE TELECO
GLOBE,Philippines,63.0,9260000006,PHILIPPINES,GLOBE TELECO
GLOBE,Philippines,63.0,9350000006,PHILIPPINES,GLOBE TELECO
GLOBE,Philippines,63.0,9350000007,PHILIPPINES,GLOBE TELECO
GLOBE,Philippines,63.0,9360000004,PHILIPPINES,GLOBE TELECO
GLOBE,Philippines,63.0,9370000002,PHILIPPINES,GLOBE TELECO
GLOBE,Philippines,63.0,9370000005,PHILIPPINES,GLOBE TELECO
GLOBE,Philippines,63.0,,PHILIPPINES,GLOBE TELECO
GLOBE,Philippines,63.0,9050000009,PHILIPPINES,GLOBE TELECO
GLOBE,Philippines,63.0,9060000004,PHILIPPINES,GLOBE TELECO
GLOBE,Philippines,63.0,9150000008,PHILIPPINES,GLOBE TELECO
GLOBE,Philippines,63.0,9170000001,PHILIPPINES,GLOBE TELECO
GLOBE,Philippines,63.0,9260000001,PHILIPPINES,GLOBE TELECO
GLOBE,Philippines,63.0,9260000003,PHILIPPINES,GLOBE TELECO
GLOBE,Philippines,63.0,9260000005,PHILIPPINES,GLOBE TELECO
GLOBE,Philippines,63.0,9270000001,PHILIPPINES,GLOBE TELECO
GLOBE,Philippines,63.0,9270000005,PHILIPPINES,GLOBE TELECO
GLOBE,Philippines,63.0,9270000008,PHILIPPINES,GLOBE TELECO
GLOBE,Philippines,63.0,9360000001,PHILIPPINES,GLOBE TELECO
GLOBE,Philippines,63.0,9360000008,PHILIPPINES,GLOBE TELECO
GLOBE,Philippines,63.0,9360000009,PHILIPPINES,GLOBE TELECO
GLOBE,Philippines,63.0,9370000006,PHILIPPINES,GLOBE TELECO
GLOBE,Philippines,63.0,9370000008,PHILIPPINES,GLOBE TELECO
GLOBE,Philippines,63.0,02,PHILIPPINES,GLOBE TELECO
GLOBE,Philippines,63.0,9060000007,PHILIPPINES,GLOBE TELECO
GLOBE,Philippines,63.0,9060000008,PHILIPPINES,GLOBE TELECO
GLOBE,Philippines,63.0,9150000007,PHILIPPINES,GLOBE TELECO
GLOBE,Philippines,63.0,9160000008,PHILIPPINES,GLOBE TELECO
GLOBE,Philippines,63.0,9170000004,PHILIPPINES,GLOBE TELECO
GLOBE,Philippines,63.0,9170000005,PHILIPPINES,GLOBE TELECO
GLOBE,Philippines,63.0,9360000002,PHILIPPINES,GLOBE TELECO
GLOBE,Philippines,63.0,9050000001,PHILIPPINES,GLOBE TELECO
GLOBE,Philippines,63.0,9050000007,PHILIPPINES,GLOBE TELECO
GLOBE,Philippines,63.0,9060000002,PHILIPPINES,GLOBE TELECO
GLOBE,Philippines,63.0,9160000005,PHILIPPINES,GLOBE TELECO
GLOBE,Philippines,63.0,9350000003,PHILIPPINES,GLOBE TELECO
GLOBE,Philippines,63.0,9350000004,PHILIPPINES,GLOBE TELECO
GLOBE,Philippines,63.0,9370000003,PHILIPPINES,GLOBE TELECO
Nextel,Philippines,63.0,,PHILIPPINES,NEXTEL COMMU
Nextel,Philippines,63.0,88,PHILIPPINES,NEXTEL COMMU
Nextel,Philippines,63.0,97972,PHILIPPINES,NEXTEL COMMU
SMART Gold,Philippines,63.0,,PHILIPPINES,SMART GOLD
SMART Gold,Philippines,63.0,3,PHILIPPINES,SMART GOLD
SMART Gold,Philippines,63.0,908,PHILIPPINES,SMART GOLD
SmartCommuni,Philippines,63.0,3,PHILIPPINES,SMARTCOMMUNI
SmartCommuni,Philippines,63.0,918,PHILIPPINES,SMARTCOMMUNI
EZPhoneSpZOO,Poland,48.0,41,POLAND,EZPHONESPZOO
EZPhoneSpZOO,Poland,48.0,579,POLAND,EZPHONESPZOO
Idea,Poland,48.0,500,POLAND,IDEA CENTERT
Idea,Poland,48.0,,POLAND,IDEA CENTERT
Idea,Poland,48.0,3,POLAND,IDEA CENTERT
Orange,Poland,48.0,661,POLAND,ORANGEPOLAND
Orange,Poland,48.0,69902,POLAND,ORANGEPOLAND
Orange,Poland,48.0,69908,POLAND,ORANGEPOLAND
Orange,Poland,48.0,69913,POLAND,ORANGEPOLAND
Orange,Poland,48.0,721,POLAND,ORANGEPOLAND
Orange,Poland,48.0,725,POLAND,ORANGEPOLAND
Orange,Poland,48.0,782,POLAND,ORANGEPOLAND
Orange,Poland,48.0,785,POLAND,ORANGEPOLAND
Orange,Poland,48.0,7864,POLAND,ORANGEPOLAND
Orange,Poland,48.0,792,POLAND,ORANGEPOLAND
Orange,Poland,48.0,795,POLAND,ORANGEPOLAND
Orange,Poland,48.0,604,POLAND,ORANGEPOLAND
Orange,Poland,48.0,663,POLAND,ORANGEPOLAND
Orange,Poland,48.0,695,POLAND,ORANGEPOLAND
Orange,Poland,48.0,69962,POLAND,ORANGEPOLAND
Orange,Poland,48.0,724,POLAND,ORANGEPOLAND
Orange,Poland,48.0,726,POLAND,ORANGEPOLAND
Orange,Poland,48.0,728,POLAND,ORANGEPOLAND
Orange,Poland,48.0,781,POLAND,ORANGEPOLAND
Orange,Poland,48.0,7862,POLAND,ORANGEPOLAND
Orange,Poland,48.0,794,POLAND,ORANGEPOLAND
Orange,Poland,48.0,796,POLAND,ORANGEPOLAND
Orange,Poland,48.0,882,POLAND,ORANGEPOLAND
Orange,Poland,48.0,883,POLAND,ORANGEPOLAND
Orange,Poland,48.0,884,POLAND,ORANGEPOLAND
Orange,Poland,48.0,887,POLAND,ORANGEPOLAND
Orange,Poland,48.0,608,POLAND,ORANGEPOLAND
Orange,Poland,48.0,666,POLAND,ORANGEPOLAND
Orange,Poland,48.0,6666,POLAND,ORANGEPOLAND
Orange,Poland,48.0,669,POLAND,ORANGEPOLAND
Orange,Poland,48.0,692,POLAND,ORANGEPOLAND
Orange,Poland,48.0,69906,POLAND,ORANGEPOLAND
Orange,Poland,48.0,69909,POLAND,ORANGEPOLAND
Orange,Poland,48.0,6993,POLAND,ORANGEPOLAND
Orange,Poland,48.0,723,POLAND,ORANGEPOLAND
Orange,Poland,48.0,783,POLAND,ORANGEPOLAND
Orange,Poland,48.0,786,POLAND,ORANGEPOLAND
Orange,Poland,48.0,790,POLAND,ORANGEPOLAND
Orange,Poland,48.0,602,POLAND,ORANGEPOLAND
Orange,Poland,48.0,691,POLAND,ORANGEPOLAND
Orange,Poland,48.0,69914,POLAND,ORANGEPOLAND
Orange,Poland,48.0,69917,POLAND,ORANGEPOLAND
Orange,Poland,48.0,720,POLAND,ORANGEPOLAND
Orange,Poland,48.0,7271,POLAND,ORANGEPOLAND
Orange,Poland,48.0,787,POLAND,ORANGEPOLAND
Orange,Poland,48.0,885,POLAND,ORANGEPOLAND
Orange,Poland,48.0,888,POLAND,ORANGEPOLAND
Orange,Poland,48.0,889,POLAND,ORANGEPOLAND
Orange,Poland,48.0,03,POLAND,ORANGEPOLAND
Orange,Poland,48.0,600,POLAND,ORANGEPOLAND
Orange,Poland,48.0,660,POLAND,ORANGEPOLAND
Orange,Poland,48.0,696,POLAND,ORANGEPOLAND
Orange,Poland,48.0,697,POLAND,ORANGEPOLAND
Orange,Poland,48.0,69900,POLAND,ORANGEPOLAND
Orange,Poland,48.0,69904,POLAND,ORANGEPOLAND
Orange,Poland,48.0,69916,POLAND,ORANGEPOLAND
Orange,Poland,48.0,69918,POLAND,ORANGEPOLAND
Orange,Poland,48.0,727,POLAND,ORANGEPOLAND
Orange,Poland,48.0,791,POLAND,ORANGEPOLAND
Orange,Poland,48.0,793,POLAND,ORANGEPOLAND
Orange,Poland,48.0,880,POLAND,ORANGEPOLAND
Orange,Poland,48.0,881,POLAND,ORANGEPOLAND
Orange,Poland,48.0,601,POLAND,ORANGEPOLAND
Orange,Poland,48.0,606,POLAND,ORANGEPOLAND
Orange,Poland,48.0,662,POLAND,ORANGEPOLAND
Orange,Poland,48.0,665,POLAND,ORANGEPOLAND
Orange,Poland,48.0,694,POLAND,ORANGEPOLAND
Orange,Poland,48.0,69903,POLAND,ORANGEPOLAND
Orange,Poland,48.0,69905,POLAND,ORANGEPOLAND
Orange,Poland,48.0,69910,POLAND,ORANGEPOLAND
Orange,Poland,48.0,69915,POLAND,ORANGEPOLAND
Orange,Poland,48.0,69919,POLAND,ORANGEPOLAND
Orange,Poland,48.0,7280,POLAND,ORANGEPOLAND
Orange,Poland,48.0,784,POLAND,ORANGEPOLAND
Orange,Poland,48.0,788,POLAND,ORANGEPOLAND
Orange,Poland,48.0,886,POLAND,ORANGEPOLAND
Orange,Poland,48.0,,POLAND,ORANGEPOLAND
Orange,Poland,48.0,605,POLAND,ORANGEPOLAND
Orange,Poland,48.0,609,POLAND,ORANGEPOLAND
Orange,Poland,48.0,664,POLAND,ORANGEPOLAND
Orange,Poland,48.0,668,POLAND,ORANGEPOLAND
Orange,Poland,48.0,6994,POLAND,ORANGEPOLAND
Orange,Poland,48.0,722,POLAND,ORANGEPOLAND
Orange,Poland,48.0,7861,POLAND,ORANGEPOLAND
Orange,Poland,48.0,603,POLAND,ORANGEPOLAND
Orange,Poland,48.0,607,POLAND,ORANGEPOLAND
Orange,Poland,48.0,667,POLAND,ORANGEPOLAND
Orange,Poland,48.0,693,POLAND,ORANGEPOLAND
Orange,Poland,48.0,698,POLAND,ORANGEPOLAND
Orange,Poland,48.0,69907,POLAND,ORANGEPOLAND
Orange,Poland,48.0,69961,POLAND,ORANGEPOLAND
Orange,Poland,48.0,69963,POLAND,ORANGEPOLAND
Orange,Poland,48.0,7863,POLAND,ORANGEPOLAND
P4,Poland,48.0,530,POLAND,P4
P4,Poland,48.0,535,POLAND,P4
P4,Poland,48.0,5372,POLAND,P4
P4,Poland,48.0,6900,POLAND,P4
P4,Poland,48.0,790,POLAND,P4
P4,Poland,48.0,7950,POLAND,P4
P4,Poland,48.0,8832,POLAND,P4
P4,Poland,48.0,06,POLAND,P4
P4,Poland,48.0,533,POLAND,P4
P4,Poland,48.0,534,POLAND,P4
P4,Poland,48.0,5366,POLAND,P4
P4,Poland,48.0,5371,POLAND,P4
P4,Poland,48.0,5373,POLAND,P4
P4,Poland,48.0,7994,POLAND,P4
P4,Poland,48.0,8837,POLAND,P4
P4,Poland,48.0,8839,POLAND,P4
P4,Poland,48.0,,POLAND,P4
P4,Poland,48.0,5361,POLAND,P4
P4,Poland,48.0,5363,POLAND,P4
P4,Poland,48.0,6909,POLAND,P4
P4,Poland,48.0,79099,POLAND,P4
P4,Poland,48.0,793,POLAND,P4
P4,Poland,48.0,7957,POLAND,P4
P4,Poland,48.0,7958,POLAND,P4
P4,Poland,48.0,7993,POLAND,P4
P4,Poland,48.0,8812,POLAND,P4
P4,Poland,48.0,8834,POLAND,P4
P4,Poland,48.0,8843,POLAND,P4
P4,Poland,48.0,8849,POLAND,P4
P4,Poland,48.0,531,POLAND,P4
P4,Poland,48.0,8816,POLAND,P4
P4,Poland,48.0,5362,POLAND,P4
P4,Poland,48.0,5365,POLAND,P4
P4,Poland,48.0,79091,POLAND,P4
P4,Poland,48.0,7991,POLAND,P4
P4,Poland,48.0,8813,POLAND,P4
P4,Poland,48.0,8840,POLAND,P4
P4,Poland,48.0,8847,POLAND,P4
P4,Poland,48.0,5367,POLAND,P4
P4,Poland,48.0,5368,POLAND,P4
P4,Poland,48.0,6908,POLAND,P4
P4,Poland,48.0,792,POLAND,P4
P4,Poland,48.0,7956,POLAND,P4
P4,Poland,48.0,796,POLAND,P4
P4,Poland,48.0,8814,POLAND,P4
P4,Poland,48.0,8817,POLAND,P4
P4,Poland,48.0,5360,POLAND,P4
P4,Poland,48.0,5369,POLAND,P4
P4,Poland,48.0,5374,POLAND,P4
P4,Poland,48.0,79092,POLAND,P4
P4,Poland,48.0,791,POLAND,P4
P4,Poland,48.0,7959,POLAND,P4
P4,Poland,48.0,8831,POLAND,P4
P4,Poland,48.0,8836,POLAND,P4
P4,Poland,48.0,8846,POLAND,P4
P4,Poland,48.0,5364,POLAND,P4
P4,Poland,48.0,5370,POLAND,P4
P4,Poland,48.0,6666,POLAND,P4
P4,Poland,48.0,79095,POLAND,P4
P4,Poland,48.0,794,POLAND,P4
P4,Poland,48.0,7992,POLAND,P4
P4,Poland,48.0,7995,POLAND,P4
P4,Poland,48.0,8815,POLAND,P4
P4,Poland,48.0,8830,POLAND,P4
P4,Poland,48.0,8835,POLAND,P4
P4,Poland,48.0,8848,POLAND,P4
Polkomtel,Poland,48.0,661,POLAND,POLKOMTEL
Polkomtel,Poland,48.0,663,POLAND,POLKOMTEL
Polkomtel,Poland,48.0,695,POLAND,POLKOMTEL
Polkomtel,Poland,48.0,697,POLAND,POLKOMTEL
Polkomtel,Poland,48.0,69971,POLAND,POLKOMTEL
Polkomtel,Poland,48.0,7293,POLAND,POLKOMTEL
Polkomtel,Poland,48.0,72971,POLAND,POLKOMTEL
Polkomtel,Poland,48.0,7898,POLAND,POLKOMTEL
Polkomtel,Poland,48.0,885,POLAND,POLKOMTEL
Polkomtel,Poland,48.0,603,POLAND,POLKOMTEL
Polkomtel,Poland,48.0,607,POLAND,POLKOMTEL
Polkomtel,Poland,48.0,69956,POLAND,POLKOMTEL
Polkomtel,Poland,48.0,69957,POLAND,POLKOMTEL
Polkomtel,Poland,48.0,7896,POLAND,POLKOMTEL
Polkomtel,Poland,48.0,887,POLAND,POLKOMTEL
Polkomtel,Poland,48.0,01,POLAND,POLKOMTEL
Polkomtel,Poland,48.0,725,POLAND,POLKOMTEL
Polkomtel,Poland,48.0,7274,POLAND,POLKOMTEL
Polkomtel,Poland,48.0,781,POLAND,POLKOMTEL
Polkomtel,Poland,48.0,5366,POLAND,POLKOMTEL
Polkomtel,Poland,48.0,669,POLAND,POLKOMTEL
Polkomtel,Poland,48.0,69953,POLAND,POLKOMTEL
Polkomtel,Poland,48.0,69979,POLAND,POLKOMTEL
Polkomtel,Poland,48.0,7275,POLAND,POLKOMTEL
Polkomtel,Poland,48.0,7277,POLAND,POLKOMTEL
Polkomtel,Poland,48.0,7294,POLAND,POLKOMTEL
Polkomtel,Poland,48.0,7295,POLAND,POLKOMTEL
Polkomtel,Poland,48.0,783,POLAND,POLKOMTEL
Polkomtel,Poland,48.0,7897,POLAND,POLKOMTEL
Polkomtel,Poland,48.0,601,POLAND,POLKOMTEL
Polkomtel,Poland,48.0,69951,POLAND,POLKOMTEL
Polkomtel,Poland,48.0,6999,POLAND,POLKOMTEL
Polkomtel,Poland,48.0,722,POLAND,POLKOMTEL
Polkomtel,Poland,48.0,7270,POLAND,POLKOMTEL
Polkomtel,Poland,48.0,7279,POLAND,POLKOMTEL
Polkomtel,Poland,48.0,7296,POLAND,POLKOMTEL
Polkomtel,Poland,48.0,785,POLAND,POLKOMTEL
Polkomtel,Poland,48.0,693,POLAND,POLKOMTEL
Polkomtel,Poland,48.0,69952,POLAND,POLKOMTEL
Polkomtel,Poland,48.0,69958,POLAND,POLKOMTEL
Polkomtel,Poland,48.0,726,POLAND,POLKOMTEL
Polkomtel,Poland,48.0,782,POLAND,POLKOMTEL
Polkomtel,Poland,48.0,7895,POLAND,POLKOMTEL
Polkomtel,Poland,48.0,667,POLAND,POLKOMTEL
Polkomtel,Poland,48.0,691,POLAND,POLKOMTEL
Polkomtel,Poland,48.0,69954,POLAND,POLKOMTEL
Polkomtel,Poland,48.0,69955,POLAND,POLKOMTEL
Polkomtel,Poland,48.0,723,POLAND,POLKOMTEL
Polkomtel,Poland,48.0,724,POLAND,POLKOMTEL
Polkomtel,Poland,48.0,605,POLAND,POLKOMTEL
Polkomtel,Poland,48.0,609,POLAND,POLKOMTEL
Polkomtel,Poland,48.0,665,POLAND,POLKOMTEL
Polkomtel,Poland,48.0,69959,POLAND,POLKOMTEL
Polkomtel,Poland,48.0,721,POLAND,POLKOMTEL
Polkomtel,Poland,48.0,7276,POLAND,POLKOMTEL
Polkomtel,Poland,48.0,7278,POLAND,POLKOMTEL
Polkomtel,Poland,48.0,7292,POLAND,POLKOMTEL
Polkomtel,Poland,48.0,7899,POLAND,POLKOMTEL
T-Mobile,Poland,48.0,739,POLAND,T-MOBILEPO
T-Mobile,Poland,48.0,795,POLAND,T-MOBILEPO
T-Mobile,Poland,48.0,882,POLAND,T-MOBILEPO
T-Mobile,Poland,48.0,888,POLAND,T-MOBILEPO
T-Mobile,Poland,48.0,602,POLAND,T-MOBILEPO
T-Mobile,Poland,48.0,662,POLAND,T-MOBILEPO
T-Mobile,Poland,48.0,735,POLAND,T-MOBILEPO
T-Mobile,Poland,48.0,883,POLAND,T-MOBILEPO
T-Mobile,Poland,48.0,606,POLAND,T-MOBILEPO
T-Mobile,Poland,48.0,664,POLAND,T-MOBILEPO
T-Mobile,Poland,48.0,698,POLAND,T-MOBILEPO
T-Mobile,Poland,48.0,787,POLAND,T-MOBILEPO
T-Mobile,Poland,48.0,729,POLAND,T-MOBILEPO
T-Mobile,Poland,48.0,886,POLAND,T-MOBILEPO
T-Mobile,Poland,48.0,889,POLAND,T-MOBILEPO
T-Mobile,Poland,48.0,694,POLAND,T-MOBILEPO
T-Mobile,Poland,48.0,727,POLAND,T-MOBILEPO
T-Mobile,Poland,48.0,734,POLAND,T-MOBILEPO
T-Mobile,Poland,48.0,881,POLAND,T-MOBILEPO
T-Mobile,Poland,48.0,532,POLAND,T-MOBILEPO
T-Mobile,Poland,48.0,608,POLAND,T-MOBILEPO
T-Mobile,Poland,48.0,692,POLAND,T-MOBILEPO
T-Mobile,Poland,48.0,696,POLAND,T-MOBILEPO
T-Mobile,Poland,48.0,788,POLAND,T-MOBILEPO
T-Mobile,Poland,48.0,538,POLAND,T-MOBILEPO
T-Mobile,Poland,48.0,539,POLAND,T-MOBILEPO
T-Mobile,Poland,48.0,660,POLAND,T-MOBILEPO
T-Mobile,Poland,48.0,666,POLAND,T-MOBILEPO
T-Mobile,Poland,48.0,668,POLAND,T-MOBILEPO
T-Mobile,Poland,48.0,728,POLAND,T-MOBILEPO
T-Mobile,Poland,48.0,880,POLAND,T-MOBILEPO
T-Mobile,Poland,48.0,884,POLAND,T-MOBILEPO
T-Mobile,Poland,48.0,02,POLAND,T-MOBILEPO
T-Mobile,Poland,48.0,600,POLAND,T-MOBILEPO
T-Mobile,Poland,48.0,604,POLAND,T-MOBILEPO
T-Mobile,Poland,48.0,784,POLAND,T-MOBILEPO
MEO,Portugal,351.0,06,PORTUGAL,MEO
MEO,Portugal,351.0,66,PORTUGAL,MEO
MEO,Portugal,351.0,,PORTUGAL,MEO
MEO,Portugal,351.0,67,PORTUGAL,MEO
MEO,Portugal,351.0,68,PORTUGAL,MEO
Optimus,Portugal,351.0,1893,PORTUGAL,OPTIMUS
Optimus,Portugal,351.0,6093,PORTUGAL,OPTIMUS
Optimus,Portugal,351.0,6693,PORTUGAL,OPTIMUS
Optimus,Portugal,351.0,93,PORTUGAL,OPTIMUS
OPTIMUS,Portugal,351.0,1693,PORTUGAL,OPTIMUS
Optimus,Portugal,351.0,6593,PORTUGAL,OPTIMUS
Optimus,Portugal,351.0,1693,PORTUGAL,OPTIMUS
OPTIMUS,Portugal,351.0,,PORTUGAL,OPTIMUS
OPTIMUS,Portugal,351.0,3,PORTUGAL,OPTIMUS
Optimus,Portugal,351.0,,PORTUGAL,OPTIMUS
Optimus,Portugal,351.0,03,PORTUGAL,OPTIMUS
Optimus,Portugal,351.0,6393,PORTUGAL,OPTIMUS
Vodafone,Portugal,351.0,91,PORTUGAL,VODAF.PORTUG
Vodafone,Portugal,351.0,,PORTUGAL,VODAF.PORTUG
Vodafone,Portugal,351.0,1,PORTUGAL,VODAF.PORTUG
Vodafone,Portugal,351.0,924,PORTUGAL,VODAFONEPRT
Vodafone,Portugal,351.0,929,PORTUGAL,VODAFONEPRT
Vodafone,Portugal,351.0,01,PORTUGAL,VODAFONEPRT
Vodafone,Portugal,351.0,921,PORTUGAL,VODAFONEPRT
Vodafone,Portugal,351.0,927,PORTUGAL,VODAFONEPRT
Vodafone,Portugal,351.0,91,PORTUGAL,VODAFONEPRT
Vodafone,Portugal,351.0,93,PORTUGAL,VODAFONEPRT
Vodafone,Portugal,351.0,922,PORTUGAL,VODAFONEPRT
Vodafone,Portugal,351.0,925,PORTUGAL,VODAFONEPRT
Vodafone,Portugal,351.0,96,PORTUGAL,VODAFONEPRT
Vodafone,Portugal,351.0,,PORTUGAL,VODAFONEPRT
Claro,Puerto Rico,1.0,787312,PUERTO RICO,CLARPURTRICO
Claro,Puerto Rico,1.0,787313,PUERTO RICO,CLARPURTRICO
Claro,Puerto Rico,1.0,787314,PUERTO RICO,CLARPURTRICO
Claro,Puerto Rico,1.0,787327,PUERTO RICO,CLARPURTRICO
Claro,Puerto Rico,1.0,787329,PUERTO RICO,CLARPURTRICO
Claro,Puerto Rico,1.0,787385,PUERTO RICO,CLARPURTRICO
Claro,Puerto Rico,1.0,787453,PUERTO RICO,CLARPURTRICO
Claro,Puerto Rico,1.0,787481,PUERTO RICO,CLARPURTRICO
Claro,Puerto Rico,1.0,787527,PUERTO RICO,CLARPURTRICO
Claro,Puerto Rico,1.0,787612,PUERTO RICO,CLARPURTRICO
Claro,Puerto Rico,1.0,787616,PUERTO RICO,CLARPURTRICO
Claro,Puerto Rico,1.0,787617,PUERTO RICO,CLARPURTRICO
Claro,Puerto Rico,1.0,787943,PUERTO RICO,CLARPURTRICO
Claro,Puerto Rico,1.0,939257,PUERTO RICO,CLARPURTRICO
Claro,Puerto Rico,1.0,939259,PUERTO RICO,CLARPURTRICO
Claro,Puerto Rico,1.0,939262,PUERTO RICO,CLARPURTRICO
Claro,Puerto Rico,1.0,939266,PUERTO RICO,CLARPURTRICO
Claro,Puerto Rico,1.0,939280,PUERTO RICO,CLARPURTRICO
Claro,Puerto Rico,1.0,939288,PUERTO RICO,CLARPURTRICO
Claro,Puerto Rico,1.0,939334,PUERTO RICO,CLARPURTRICO
Claro,Puerto Rico,1.0,939405,PUERTO RICO,CLARPURTRICO
Claro,Puerto Rico,1.0,939451,PUERTO RICO,CLARPURTRICO
Claro,Puerto Rico,1.0,939454,PUERTO RICO,CLARPURTRICO
Claro,Puerto Rico,1.0,939499,PUERTO RICO,CLARPURTRICO
Claro,Puerto Rico,1.0,787204,PUERTO RICO,CLARPURTRICO
Claro,Puerto Rico,1.0,787206,PUERTO RICO,CLARPURTRICO
Claro,Puerto Rico,1.0,787208,PUERTO RICO,CLARPURTRICO
Claro,Puerto Rico,1.0,787217,PUERTO RICO,CLARPURTRICO
Claro,Puerto Rico,1.0,787375,PUERTO RICO,CLARPURTRICO
Claro,Puerto Rico,1.0,787377,PUERTO RICO,CLARPURTRICO
Claro,Puerto Rico,1.0,787380,PUERTO RICO,CLARPURTRICO
Claro,Puerto Rico,1.0,787384,PUERTO RICO,CLARPURTRICO
Claro,Puerto Rico,1.0,787390,PUERTO RICO,CLARPURTRICO
Claro,Puerto Rico,1.0,787391,PUERTO RICO,CLARPURTRICO
Claro,Puerto Rico,1.0,787445,PUERTO RICO,CLARPURTRICO
Claro,Puerto Rico,1.0,787610,PUERTO RICO,CLARPURTRICO
Claro,Puerto Rico,1.0,939242,PUERTO RICO,CLARPURTRICO
Claro,Puerto Rico,1.0,939244,PUERTO RICO,CLARPURTRICO
Claro,Puerto Rico,1.0,939245,PUERTO RICO,CLARPURTRICO
Claro,Puerto Rico,1.0,939247,PUERTO RICO,CLARPURTRICO
Claro,Puerto Rico,1.0,939263,PUERTO RICO,CLARPURTRICO
Claro,Puerto Rico,1.0,939264,PUERTO RICO,CLARPURTRICO
Claro,Puerto Rico,1.0,939269,PUERTO RICO,CLARPURTRICO
Claro,Puerto Rico,1.0,939276,PUERTO RICO,CLARPURTRICO
Claro,Puerto Rico,1.0,939279,PUERTO RICO,CLARPURTRICO
Claro,Puerto Rico,1.0,939404,PUERTO RICO,CLARPURTRICO
Claro,Puerto Rico,1.0,939408,PUERTO RICO,CLARPURTRICO
Claro,Puerto Rico,1.0,939410,PUERTO RICO,CLARPURTRICO
Claro,Puerto Rico,1.0,939490,PUERTO RICO,CLARPURTRICO
Claro,Puerto Rico,1.0,939497,PUERTO RICO,CLARPURTRICO
Claro,Puerto Rico,1.0,787201,PUERTO RICO,CLARPURTRICO
Claro,Puerto Rico,1.0,787228,PUERTO RICO,CLARPURTRICO
Claro,Puerto Rico,1.0,787318,PUERTO RICO,CLARPURTRICO
Claro,Puerto Rico,1.0,787388,PUERTO RICO,CLARPURTRICO
Claro,Puerto Rico,1.0,787450,PUERTO RICO,CLARPURTRICO
Claro,Puerto Rico,1.0,787472,PUERTO RICO,CLARPURTRICO
Claro,Puerto Rico,1.0,787487,PUERTO RICO,CLARPURTRICO
Claro,Puerto Rico,1.0,787553,PUERTO RICO,CLARPURTRICO
Claro,Puerto Rico,1.0,787615,PUERTO RICO,CLARPURTRICO
Claro,Puerto Rico,1.0,787618,PUERTO RICO,CLARPURTRICO
Claro,Puerto Rico,1.0,787941,PUERTO RICO,CLARPURTRICO
Claro,Puerto Rico,1.0,939248,PUERTO RICO,CLARPURTRICO
Claro,Puerto Rico,1.0,939249,PUERTO RICO,CLARPURTRICO
Claro,Puerto Rico,1.0,939255,PUERTO RICO,CLARPURTRICO
Claro,Puerto Rico,1.0,939261,PUERTO RICO,CLARPURTRICO
Claro,Puerto Rico,1.0,939267,PUERTO RICO,CLARPURTRICO
Claro,Puerto Rico,1.0,939277,PUERTO RICO,CLARPURTRICO
Claro,Puerto Rico,1.0,939278,PUERTO RICO,CLARPURTRICO
Claro,Puerto Rico,1.0,939414,PUERTO RICO,CLARPURTRICO
Claro,Puerto Rico,1.0,939415,PUERTO RICO,CLARPURTRICO
Claro,Puerto Rico,1.0,939450,PUERTO RICO,CLARPURTRICO
Claro,Puerto Rico,1.0,939460,PUERTO RICO,CLARPURTRICO
Claro,Puerto Rico,1.0,939494,PUERTO RICO,CLARPURTRICO
Claro,Puerto Rico,1.0,939498,PUERTO RICO,CLARPURTRICO
Claro,Puerto Rico,1.0,787215,PUERTO RICO,CLARPURTRICO
Claro,Puerto Rico,1.0,787216,PUERTO RICO,CLARPURTRICO
Claro,Puerto Rico,1.0,787219,PUERTO RICO,CLARPURTRICO
Claro,Puerto Rico,1.0,787317,PUERTO RICO,CLARPURTRICO
Claro,Puerto Rico,1.0,787321,PUERTO RICO,CLARPURTRICO
Claro,Puerto Rico,1.0,787328,PUERTO RICO,CLARPURTRICO
Claro,Puerto Rico,1.0,787373,PUERTO RICO,CLARPURTRICO
Claro,Puerto Rico,1.0,787376,PUERTO RICO,CLARPURTRICO
Claro,Puerto Rico,1.0,787382,PUERTO RICO,CLARPURTRICO
Claro,Puerto Rico,1.0,787383,PUERTO RICO,CLARPURTRICO
Claro,Puerto Rico,1.0,787392,PUERTO RICO,CLARPURTRICO
Claro,Puerto Rico,1.0,787393,PUERTO RICO,CLARPURTRICO
Claro,Puerto Rico,1.0,787484,PUERTO RICO,CLARPURTRICO
Claro,Puerto Rico,1.0,787518,PUERTO RICO,CLARPURTRICO
Claro,Puerto Rico,1.0,787614,PUERTO RICO,CLARPURTRICO
Claro,Puerto Rico,1.0,787910,PUERTO RICO,CLARPURTRICO
Claro,Puerto Rico,1.0,939241,PUERTO RICO,CLARPURTRICO
Claro,Puerto Rico,1.0,939250,PUERTO RICO,CLARPURTRICO
Claro,Puerto Rico,1.0,939251,PUERTO RICO,CLARPURTRICO
Claro,Puerto Rico,1.0,939258,PUERTO RICO,CLARPURTRICO
Claro,Puerto Rico,1.0,939268,PUERTO RICO,CLARPURTRICO
Claro,Puerto Rico,1.0,939275,PUERTO RICO,CLARPURTRICO
Claro,Puerto Rico,1.0,939281,PUERTO RICO,CLARPURTRICO
Claro,Puerto Rico,1.0,939402,PUERTO RICO,CLARPURTRICO
Claro,Puerto Rico,1.0,939403,PUERTO RICO,CLARPURTRICO
Claro,Puerto Rico,1.0,939406,PUERTO RICO,CLARPURTRICO
Claro,Puerto Rico,1.0,939416,PUERTO RICO,CLARPURTRICO
Claro,Puerto Rico,1.0,939777,PUERTO RICO,CLARPURTRICO
Claro,Puerto Rico,1.0,787205,PUERTO RICO,CLARPURTRICO
Claro,Puerto Rico,1.0,787213,PUERTO RICO,CLARPURTRICO
Claro,Puerto Rico,1.0,787214,PUERTO RICO,CLARPURTRICO
Claro,Puerto Rico,1.0,787326,PUERTO RICO,CLARPURTRICO
Claro,Puerto Rico,1.0,787486,PUERTO RICO,CLARPURTRICO
Claro,Puerto Rico,1.0,787516,PUERTO RICO,CLARPURTRICO
Claro,Puerto Rico,1.0,939243,PUERTO RICO,CLARPURTRICO
Claro,Puerto Rico,1.0,939254,PUERTO RICO,CLARPURTRICO
Claro,Puerto Rico,1.0,939256,PUERTO RICO,CLARPURTRICO
Claro,Puerto Rico,1.0,939270,PUERTO RICO,CLARPURTRICO
Claro,Puerto Rico,1.0,939271,PUERTO RICO,CLARPURTRICO
Claro,Puerto Rico,1.0,939284,PUERTO RICO,CLARPURTRICO
Claro,Puerto Rico,1.0,939285,PUERTO RICO,CLARPURTRICO
Claro,Puerto Rico,1.0,939409,PUERTO RICO,CLARPURTRICO
Claro,Puerto Rico,1.0,939458,PUERTO RICO,CLARPURTRICO
Claro,Puerto Rico,1.0,787212,PUERTO RICO,CLARPURTRICO
Claro,Puerto Rico,1.0,787323,PUERTO RICO,CLARPURTRICO
Claro,Puerto Rico,1.0,787324,PUERTO RICO,CLARPURTRICO
Claro,Puerto Rico,1.0,787325,PUERTO RICO,CLARPURTRICO
Claro,Puerto Rico,1.0,787371,PUERTO RICO,CLARPURTRICO
Claro,Puerto Rico,1.0,787381,PUERTO RICO,CLARPURTRICO
Claro,Puerto Rico,1.0,787387,PUERTO RICO,CLARPURTRICO
Claro,Puerto Rico,1.0,939273,PUERTO RICO,CLARPURTRICO
Claro,Puerto Rico,1.0,939274,PUERTO RICO,CLARPURTRICO
Claro,Puerto Rico,1.0,939287,PUERTO RICO,CLARPURTRICO
Claro,Puerto Rico,1.0,939400,PUERTO RICO,CLARPURTRICO
Claro,Puerto Rico,1.0,939407,PUERTO RICO,CLARPURTRICO
Claro,Puerto Rico,1.0,939412,PUERTO RICO,CLARPURTRICO
Claro,Puerto Rico,1.0,939418,PUERTO RICO,CLARPURTRICO
Claro,Puerto Rico,1.0,939456,PUERTO RICO,CLARPURTRICO
Claro,Puerto Rico,1.0,787202,PUERTO RICO,CLARPURTRICO
Claro,Puerto Rico,1.0,787315,PUERTO RICO,CLARPURTRICO
Claro,Puerto Rico,1.0,787316,PUERTO RICO,CLARPURTRICO
Claro,Puerto Rico,1.0,787319,PUERTO RICO,CLARPURTRICO
Claro,Puerto Rico,1.0,787446,PUERTO RICO,CLARPURTRICO
Claro,Puerto Rico,1.0,787485,PUERTO RICO,CLARPURTRICO
Claro,Puerto Rico,1.0,787515,PUERTO RICO,CLARPURTRICO
Claro,Puerto Rico,1.0,787517,PUERTO RICO,CLARPURTRICO
Claro,Puerto Rico,1.0,787519,PUERTO RICO,CLARPURTRICO
Claro,Puerto Rico,1.0,787579,PUERTO RICO,CLARPURTRICO
Claro,Puerto Rico,1.0,787613,PUERTO RICO,CLARPURTRICO
Claro,Puerto Rico,1.0,939265,PUERTO RICO,CLARPURTRICO
Claro,Puerto Rico,1.0,939282,PUERTO RICO,CLARPURTRICO
Claro,Puerto Rico,1.0,939286,PUERTO RICO,CLARPURTRICO
Claro,Puerto Rico,1.0,939413,PUERTO RICO,CLARPURTRICO
Claro,Puerto Rico,1.0,939417,PUERTO RICO,CLARPURTRICO
Claro,Puerto Rico,1.0,939464,PUERTO RICO,CLARPURTRICO
Claro,Puerto Rico,1.0,939493,PUERTO RICO,CLARPURTRICO
Claro,Puerto Rico,1.0,939496,PUERTO RICO,CLARPURTRICO
Claro,Puerto Rico,1.0,110,PUERTO RICO,CLARPURTRICO
Claro,Puerto Rico,1.0,787203,PUERTO RICO,CLARPURTRICO
Claro,Puerto Rico,1.0,787207,PUERTO RICO,CLARPURTRICO
Claro,Puerto Rico,1.0,787218,PUERTO RICO,CLARPURTRICO
Claro,Puerto Rico,1.0,787320,PUERTO RICO,CLARPURTRICO
Claro,Puerto Rico,1.0,787322,PUERTO RICO,CLARPURTRICO
Claro,Puerto Rico,1.0,787372,PUERTO RICO,CLARPURTRICO
Claro,Puerto Rico,1.0,787374,PUERTO RICO,CLARPURTRICO
Claro,Puerto Rico,1.0,787394,PUERTO RICO,CLARPURTRICO
Claro,Puerto Rico,1.0,787451,PUERTO RICO,CLARPURTRICO
Claro,Puerto Rico,1.0,787514,PUERTO RICO,CLARPURTRICO
Claro,Puerto Rico,1.0,939246,PUERTO RICO,CLARPURTRICO
Claro,Puerto Rico,1.0,939253,PUERTO RICO,CLARPURTRICO
Claro,Puerto Rico,1.0,939260,PUERTO RICO,CLARPURTRICO
Claro,Puerto Rico,1.0,939272,PUERTO RICO,CLARPURTRICO
Claro,Puerto Rico,1.0,939283,PUERTO RICO,CLARPURTRICO
Claro,Puerto Rico,1.0,939289,PUERTO RICO,CLARPURTRICO
Claro,Puerto Rico,1.0,939290,PUERTO RICO,CLARPURTRICO
Claro,Puerto Rico,1.0,939401,PUERTO RICO,CLARPURTRICO
Claro,Puerto Rico,1.0,939457,PUERTO RICO,CLARPURTRICO
Claro,Puerto Rico,1.0,939491,PUERTO RICO,CLARPURTRICO
PuerToRico,Puerto Rico,1.0,790,PUERTO RICO,PUERTORICO
PuerToRico,Puerto Rico,1.0,939,PUERTO RICO,PUERTORICO
PuerToRico,Puerto Rico,1.0,340,PUERTO RICO,PUERTORICO
PuerToRico,Puerto Rico,1.0,787,PUERTO RICO,PUERTORICO
Qtel,Qatar,974.0,55,QATAR,QTEL QUATA
Qtel,Qatar,974.0,33,QATAR,QTEL QUATA
Qtel,Qatar,974.0,66,QATAR,QTEL QUATA
Qtel,Qatar,974.0,,QATAR,QTEL QUATA
Qtel,Qatar,974.0,31,QATAR,QTEL QUATA
Qtel,Qatar,974.0,01,QATAR,QTEL QUATA
Vodafone,Qatar,974.0,30,QATAR,VODAFONEQT
Vodafone,Qatar,974.0,74,QATAR,VODAFONEQT
Vodafone,Qatar,974.0,02,QATAR,VODAFONEQT
Vodafone,Qatar,974.0,70,QATAR,VODAFONEQT
Vodafone,Qatar,974.0,77,QATAR,VODAFONEQT
O2,Czech Republic,420.0,,REPUBLIQUE CHEQUE,O2 TELEFONI
O2,Czech Republic,420.0,607,REPUBLIQUE CHEQUE,O2 TELEFONI
O2,Czech Republic,420.0,606,REPUBLIQUE CHEQUE,O2 TELEFONI
O2,Czech Republic,420.0,72,REPUBLIQUE CHEQUE,O2 TELEFONI
O2,Czech Republic,420.0,60209,REPUBLIQUE CHEQUE,O2 TELEFONI
O2,Czech Republic,420.0,962,REPUBLIQUE CHEQUE,O2 TELEFONI
O2,Czech Republic,420.0,602,REPUBLIQUE CHEQUE,O2 TELEFONI
O2,Czech Republic,420.0,60202,REPUBLIQUE CHEQUE,O2 TELEFONI
O2,Czech Republic,420.0,966,REPUBLIQUE CHEQUE,O2 TELEFONI
O2,Czech Republic,420.0,601,REPUBLIQUE CHEQUE,O2 TELEFONI
O2,Czech Republic,420.0,60201,REPUBLIQUE CHEQUE,O2 TELEFONI
O2,Czech Republic,420.0,02,REPUBLIQUE CHEQUE,O2 TELEFONI
Orange,Reunion,262.0,63961,REUNION,ORANGE RE
Orange,Reunion,262.0,69200,REUNION,ORANGE RE
Orange,Reunion,262.0,6922,REUNION,ORANGE RE
Orange,Reunion,262.0,6923,REUNION,ORANGE RE
Orange,Reunion,262.0,69392,REUNION,ORANGE RE
Orange,Reunion,262.0,63960,REUNION,ORANGE RE
Orange,Reunion,262.0,69240,REUNION,ORANGE RE
Orange,Reunion,262.0,69201,REUNION,ORANGE RE
Orange,Reunion,262.0,69204,REUNION,ORANGE RE
Orange,Reunion,262.0,69241,REUNION,ORANGE RE
Orange,Reunion,262.0,69300,REUNION,ORANGE RE
Orange,Reunion,262.0,69391,REUNION,ORANGE RE
Orange,Reunion,262.0,69202,REUNION,ORANGE RE
Orange,Reunion,262.0,69203,REUNION,ORANGE RE
Orange,Reunion,262.0,69208,REUNION,ORANGE RE
Orange,Reunion,262.0,69390,REUNION,ORANGE RE
Orange,Reunion,262.0,69393,REUNION,ORANGE RE
Orange,Reunion,262.0,69209,REUNION,ORANGE RE
Orange,Reunion,262.0,69228,REUNION,ORANGE RE
Orange,Reunion,262.0,69244,REUNION,ORANGE RE
Orange,Reunion,262.0,69333,REUNION,ORANGE RE
Orange,Reunion,262.0,63900,REUNION,ORANGE RE
Orange,Reunion,262.0,69205,REUNION,ORANGE RE
Orange,Reunion,262.0,69207,REUNION,ORANGE RE
Orange,Reunion,262.0,69242,REUNION,ORANGE RE
Orange,Reunion,262.0,69243,REUNION,ORANGE RE
Orange,Reunion,262.0,,REUNION,ORANGE RE
Orange,Reunion,262.0,00,REUNION,ORANGE RE
CosmoRomania,Romania,40.0,785,ROAMANIA,COSMOROMANIA
CosmoRomania,Romania,40.0,786,ROAMANIA,COSMOROMANIA
CosmoRomania,Romania,40.0,76,ROAMANIA,COSMOROMANIA
CosmoRomania,Romania,40.0,,ROAMANIA,COSMOROMANIA
CosmoRomania,Romania,40.0,03,ROAMANIA,COSMOROMANIA
Orange,Romania,40.0,10,ROMANIA,ORANGEROMANI
Orange,Romania,40.0,74,ROMANIA,ORANGEROMANI
Orange,Romania,40.0,,ROMANIA,ORANGEROMANI
RCS&RDS,Romania,40.0,05,ROMANIA,RCS&RDS
RCS&RDS,Romania,40.0,772,ROMANIA,RCS&RDS
RCS&RDS,Romania,40.0,773,ROMANIA,RCS&RDS
RCS&RDS,Romania,40.0,775,ROMANIA,RCS&RDS
RCS&RDS,Romania,40.0,771,ROMANIA,RCS&RDS
RCS&RDS,Romania,40.0,770,ROMANIA,RCS&RDS
RCS&RDS,Romania,40.0,774,ROMANIA,RCS&RDS
Vodafone,Romania,40.0,72,ROMANIA,VODAFONERO
Vodafone,Romania,40.0,01,ROMANIA,VODAFONERO
Hutchison,United Kingdom,44.0,7575,ROYAUME-UNI,HUTCHISON UK
Hutchison,United Kingdom,44.0,7865,ROYAUME-UNI,HUTCHISON UK
Hutchison,United Kingdom,44.0,7869,ROYAUME-UNI,HUTCHISON UK
Hutchison,United Kingdom,44.0,7916,ROYAUME-UNI,HUTCHISON UK
Hutchison,United Kingdom,44.0,7576,ROYAUME-UNI,HUTCHISON UK
Hutchison,United Kingdom,44.0,7868,ROYAUME-UNI,HUTCHISON UK
Hutchison,United Kingdom,44.0,7882,ROYAUME-UNI,HUTCHISON UK
Hutchison,United Kingdom,44.0,7886,ROYAUME-UNI,HUTCHISON UK
Hutchison,United Kingdom,44.0,7898,ROYAUME-UNI,HUTCHISON UK
Hutchison,United Kingdom,44.0,7588,ROYAUME-UNI,HUTCHISON UK
Hutchison,United Kingdom,44.0,7859,ROYAUME-UNI,HUTCHISON UK
Hutchison,United Kingdom,44.0,7723,ROYAUME-UNI,HUTCHISON UK
Hutchison,United Kingdom,44.0,7830,ROYAUME-UNI,HUTCHISON UK
Hutchison,United Kingdom,44.0,7832,ROYAUME-UNI,HUTCHISON UK
Hutchison,United Kingdom,44.0,7888,ROYAUME-UNI,HUTCHISON UK
Hutchison,United Kingdom,44.0,7578,ROYAUME-UNI,HUTCHISON UK
Hutchison,United Kingdom,44.0,7727,ROYAUME-UNI,HUTCHISON UK
Hutchison,United Kingdom,44.0,7735,ROYAUME-UNI,HUTCHISON UK
Hutchison,United Kingdom,44.0,7848,ROYAUME-UNI,HUTCHISON UK
Hutchison,United Kingdom,44.0,7533,ROYAUME-UNI,HUTCHISON UK
Hutchison,United Kingdom,44.0,7728,ROYAUME-UNI,HUTCHISON UK
Hutchison,United Kingdom,44.0,7737,ROYAUME-UNI,HUTCHISON UK
Hutchison,United Kingdom,44.0,7846,ROYAUME-UNI,HUTCHISON UK
Hutchison,United Kingdom,44.0,7862,ROYAUME-UNI,HUTCHISON UK
Hutchison,United Kingdom,44.0,7863,ROYAUME-UNI,HUTCHISON UK
Hutchison,United Kingdom,44.0,7877,ROYAUME-UNI,HUTCHISON UK
Hutchison,United Kingdom,44.0,7878,ROYAUME-UNI,HUTCHISON UK
Hutchison,United Kingdom,44.0,7897,ROYAUME-UNI,HUTCHISON UK
Hutchison,United Kingdom,44.0,7838,ROYAUME-UNI,HUTCHISON UK
Hutchison,United Kingdom,44.0,7883,ROYAUME-UNI,HUTCHISON UK
Hutchison,United Kingdom,44.0,7915,ROYAUME-UNI,HUTCHISON UK
Hutchison,United Kingdom,44.0,7988,ROYAUME-UNI,HUTCHISON UK
Hutchison,United Kingdom,44.0,20,ROYAUME-UNI,HUTCHISON UK
Hutchison,United Kingdom,44.0,7400,ROYAUME-UNI,HUTCHISON UK
Hutchison,United Kingdom,44.0,7577,ROYAUME-UNI,HUTCHISON UK
Hutchison,United Kingdom,44.0,7782,ROYAUME-UNI,HUTCHISON UK
Hutchison,United Kingdom,44.0,7828,ROYAUME-UNI,HUTCHISON UK
Hutchison,United Kingdom,44.0,7853,ROYAUME-UNI,HUTCHISON UK
Hutchison,United Kingdom,44.0,7861,ROYAUME-UNI,HUTCHISON UK
Baykalestcom,Russia,7.0,901630,RUSSIA,BAYKALESTCOM
Baykalestcom,Russia,7.0,9016340,RUSSIA,BAYKALESTCOM
Baykalestcom,Russia,7.0,9016341,RUSSIA,BAYKALESTCOM
Baykalestcom,Russia,7.0,90166,RUSSIA,BAYKALESTCOM
Baykalestcom,Russia,7.0,90216,RUSSIA,BAYKALESTCOM
Baykalestcom,Russia,7.0,90217,RUSSIA,BAYKALESTCOM
Baykalestcom,Russia,7.0,902512,RUSSIA,BAYKALESTCOM
Baykalestcom,Russia,7.0,90276,RUSSIA,BAYKALESTCOM
Baykalestcom,Russia,7.0,90412,RUSSIA,BAYKALESTCOM
Baykalestcom,Russia,7.0,90414,RUSSIA,BAYKALESTCOM
Baykalestcom,Russia,7.0,95010,RUSSIA,BAYKALESTCOM
Baykalestcom,Russia,7.0,95263,RUSSIA,BAYKALESTCOM
Baykalestcom,Russia,7.0,12,RUSSIA,BAYKALESTCOM
Baykalestcom,Russia,7.0,9016344,RUSSIA,BAYKALESTCOM
Baykalestcom,Russia,7.0,901654,RUSSIA,BAYKALESTCOM
Baykalestcom,Russia,7.0,901670,RUSSIA,BAYKALESTCOM
Baykalestcom,Russia,7.0,901674,RUSSIA,BAYKALESTCOM
Baykalestcom,Russia,7.0,902484,RUSSIA,BAYKALESTCOM
Baykalestcom,Russia,7.0,90413,RUSSIA,BAYKALESTCOM
Baykalestcom,Russia,7.0,90415,RUSSIA,BAYKALESTCOM
Baykalestcom,Russia,7.0,908496,RUSSIA,BAYKALESTCOM
Baykalestcom,Russia,7.0,90859,RUSSIA,BAYKALESTCOM
Baykalestcom,Russia,7.0,9503970,RUSSIA,BAYKALESTCOM
Baykalestcom,Russia,7.0,951291,RUSSIA,BAYKALESTCOM
Baykalestcom,Russia,7.0,952081,RUSSIA,BAYKALESTCOM
Baykalestcom,Russia,7.0,952084,RUSSIA,BAYKALESTCOM
Baykalestcom,Russia,7.0,901655,RUSSIA,BAYKALESTCOM
Baykalestcom,Russia,7.0,901657,RUSSIA,BAYKALESTCOM
Baykalestcom,Russia,7.0,902505,RUSSIA,BAYKALESTCOM
Baykalestcom,Russia,7.0,902506,RUSSIA,BAYKALESTCOM
Baykalestcom,Russia,7.0,902513,RUSSIA,BAYKALESTCOM
Baykalestcom,Russia,7.0,902514,RUSSIA,BAYKALESTCOM
Baykalestcom,Russia,7.0,90256,RUSSIA,BAYKALESTCOM
Baykalestcom,Russia,7.0,902578,RUSSIA,BAYKALESTCOM
Baykalestcom,Russia,7.0,904156,RUSSIA,BAYKALESTCOM
Baykalestcom,Russia,7.0,9041582,RUSSIA,BAYKALESTCOM
Baykalestcom,Russia,7.0,9041584,RUSSIA,BAYKALESTCOM
Baykalestcom,Russia,7.0,90865,RUSSIA,BAYKALESTCOM
Baykalestcom,Russia,7.0,95005,RUSSIA,BAYKALESTCOM
Baykalestcom,Russia,7.0,9501029,RUSSIA,BAYKALESTCOM
Baykalestcom,Russia,7.0,95012,RUSSIA,BAYKALESTCOM
Baykalestcom,Russia,7.0,95014,RUSSIA,BAYKALESTCOM
Baykalestcom,Russia,7.0,95038,RUSSIA,BAYKALESTCOM
Baykalestcom,Russia,7.0,95262,RUSSIA,BAYKALESTCOM
Baykalestcom,Russia,7.0,901641,RUSSIA,BAYKALESTCOM
Baykalestcom,Russia,7.0,901650,RUSSIA,BAYKALESTCOM
Baykalestcom,Russia,7.0,901651,RUSSIA,BAYKALESTCOM
Baykalestcom,Russia,7.0,901659,RUSSIA,BAYKALESTCOM
Baykalestcom,Russia,7.0,901673,RUSSIA,BAYKALESTCOM
Baykalestcom,Russia,7.0,902464,RUSSIA,BAYKALESTCOM
Baykalestcom,Russia,7.0,90248,RUSSIA,BAYKALESTCOM
Baykalestcom,Russia,7.0,902511,RUSSIA,BAYKALESTCOM
Baykalestcom,Russia,7.0,952082,RUSSIA,BAYKALESTCOM
Baykalestcom,Russia,7.0,901631,RUSSIA,BAYKALESTCOM
Baykalestcom,Russia,7.0,9016343,RUSSIA,BAYKALESTCOM
Baykalestcom,Russia,7.0,901656,RUSSIA,BAYKALESTCOM
Baykalestcom,Russia,7.0,901658,RUSSIA,BAYKALESTCOM
Baykalestcom,Russia,7.0,902461,RUSSIA,BAYKALESTCOM
Baykalestcom,Russia,7.0,902463,RUSSIA,BAYKALESTCOM
Baykalestcom,Russia,7.0,902510,RUSSIA,BAYKALESTCOM
Baykalestcom,Russia,7.0,902519,RUSSIA,BAYKALESTCOM
Baykalestcom,Russia,7.0,90254,RUSSIA,BAYKALESTCOM
Baykalestcom,Russia,7.0,902576,RUSSIA,BAYKALESTCOM
Baykalestcom,Russia,7.0,902579,RUSSIA,BAYKALESTCOM
Baykalestcom,Russia,7.0,9041581,RUSSIA,BAYKALESTCOM
Baykalestcom,Russia,7.0,9041583,RUSSIA,BAYKALESTCOM
Baykalestcom,Russia,7.0,9041586,RUSSIA,BAYKALESTCOM
Baykalestcom,Russia,7.0,908495,RUSSIA,BAYKALESTCOM
Baykalestcom,Russia,7.0,95007,RUSSIA,BAYKALESTCOM
Baykalestcom,Russia,7.0,95008,RUSSIA,BAYKALESTCOM
Baykalestcom,Russia,7.0,95011,RUSSIA,BAYKALESTCOM
Baykalestcom,Russia,7.0,901640,RUSSIA,BAYKALESTCOM
Baykalestcom,Russia,7.0,901653,RUSSIA,BAYKALESTCOM
Baykalestcom,Russia,7.0,90411,RUSSIA,BAYKALESTCOM
Baykalestcom,Russia,7.0,904157,RUSSIA,BAYKALESTCOM
Baykalestcom,Russia,7.0,9041585,RUSSIA,BAYKALESTCOM
Baykalestcom,Russia,7.0,90866,RUSSIA,BAYKALESTCOM
Baykalestcom,Russia,7.0,95009,RUSSIA,BAYKALESTCOM
Baykalestcom,Russia,7.0,95039,RUSSIA,BAYKALESTCOM
Baykalestcom,Russia,7.0,95261,RUSSIA,BAYKALESTCOM
Baykalestcom,Russia,7.0,901633,RUSSIA,BAYKALESTCOM
Baykalestcom,Russia,7.0,902577,RUSSIA,BAYKALESTCOM
Baykalestcom,Russia,7.0,950096,RUSSIA,BAYKALESTCOM
Baykalestcom,Russia,7.0,95013,RUSSIA,BAYKALESTCOM
Baykalestcom,Russia,7.0,95029,RUSSIA,BAYKALESTCOM
Baykalestcom,Russia,7.0,95162,RUSSIA,BAYKALESTCOM
Baykalestcom,Russia,7.0,952080,RUSSIA,BAYKALESTCOM
Baykalestcom,Russia,7.0,901632,RUSSIA,BAYKALESTCOM
Baykalestcom,Russia,7.0,9016342,RUSSIA,BAYKALESTCOM
Baykalestcom,Russia,7.0,901652,RUSSIA,BAYKALESTCOM
Baykalestcom,Russia,7.0,901671,RUSSIA,BAYKALESTCOM
Baykalestcom,Russia,7.0,901672,RUSSIA,BAYKALESTCOM
Baykalestcom,Russia,7.0,90245,RUSSIA,BAYKALESTCOM
Baykalestcom,Russia,7.0,902462,RUSSIA,BAYKALESTCOM
Baykalestcom,Russia,7.0,902515,RUSSIA,BAYKALESTCOM
Baykalestcom,Russia,7.0,902516,RUSSIA,BAYKALESTCOM
Baykalestcom,Russia,7.0,90253,RUSSIA,BAYKALESTCOM
Baykalestcom,Russia,7.0,902564,RUSSIA,BAYKALESTCOM
Baykalestcom,Russia,7.0,9041580,RUSSIA,BAYKALESTCOM
Baykalestcom,Russia,7.0,90864,RUSSIA,BAYKALESTCOM
Baykalestcom,Russia,7.0,95006,RUSSIA,BAYKALESTCOM
Baykalestcom,Russia,7.0,95028,RUSSIA,BAYKALESTCOM
Baykalestcom,Russia,7.0,951290,RUSSIA,BAYKALESTCOM
Baykalestcom,Russia,7.0,95163,RUSSIA,BAYKALESTCOM
Baykalestcom,Russia,7.0,952083,RUSSIA,BAYKALESTCOM
Baykalestcom,Russia,7.0,,RUSSIA,BAYKALESTCOM
LLC T2 Mob,Russia,7.0,346,RUSSIA,LLC T2 MOB
LLC T2 Mob,Russia,7.0,8422495,RUSSIA,LLC T2 MOB
LLC T2 Mob,Russia,7.0,842298,RUSSIA,LLC T2 MOB
LLC T2 Mob,Russia,7.0,84235902,RUSSIA,LLC T2 MOB
LLC T2 Mob,Russia,7.0,84235912,RUSSIA,LLC T2 MOB
LLC T2 Mob,Russia,7.0,84235955,RUSSIA,LLC T2 MOB
LLC T2 Mob,Russia,7.0,9002187,RUSSIA,LLC T2 MOB
LLC T2 Mob,Russia,7.0,9004714,RUSSIA,LLC T2 MOB
LLC T2 Mob,Russia,7.0,90204,RUSSIA,LLC T2 MOB
LLC T2 Mob,Russia,7.0,902244,RUSSIA,LLC T2 MOB
LLC T2 Mob,Russia,7.0,90226,RUSSIA,LLC T2 MOB
LLC T2 Mob,Russia,7.0,902310,RUSSIA,LLC T2 MOB
LLC T2 Mob,Russia,7.0,902312,RUSSIA,LLC T2 MOB
LLC T2 Mob,Russia,7.0,902329,RUSSIA,LLC T2 MOB
LLC T2 Mob,Russia,7.0,902358,RUSSIA,LLC T2 MOB
LLC T2 Mob,Russia,7.0,902400,RUSSIA,LLC T2 MOB
LLC T2 Mob,Russia,7.0,902409,RUSSIA,LLC T2 MOB
LLC T2 Mob,Russia,7.0,902462,RUSSIA,LLC T2 MOB
LLC T2 Mob,Russia,7.0,902506,RUSSIA,LLC T2 MOB
LLC T2 Mob,Russia,7.0,902511,RUSSIA,LLC T2 MOB
LLC T2 Mob,Russia,7.0,90253,RUSSIA,LLC T2 MOB
LLC T2 Mob,Russia,7.0,90256,RUSSIA,LLC T2 MOB
LLC T2 Mob,Russia,7.0,902672,RUSSIA,LLC T2 MOB
LLC T2 Mob,Russia,7.0,902937,RUSSIA,LLC T2 MOB
LLC T2 Mob,Russia,7.0,90414,RUSSIA,LLC T2 MOB
LLC T2 Mob,Russia,7.0,904266,RUSSIA,LLC T2 MOB
LLC T2 Mob,Russia,7.0,90445,RUSSIA,LLC T2 MOB
LLC T2 Mob,Russia,7.0,90449,RUSSIA,LLC T2 MOB
LLC T2 Mob,Russia,7.0,90479,RUSSIA,LLC T2 MOB
LLC T2 Mob,Russia,7.0,908000,RUSSIA,LLC T2 MOB
LLC T2 Mob,Russia,7.0,908002,RUSSIA,LLC T2 MOB
LLC T2 Mob,Russia,7.0,908006,RUSSIA,LLC T2 MOB
LLC T2 Mob,Russia,7.0,908007,RUSSIA,LLC T2 MOB
LLC T2 Mob,Russia,7.0,90825,RUSSIA,LLC T2 MOB
LLC T2 Mob,Russia,7.0,908322,RUSSIA,LLC T2 MOB
LLC T2 Mob,Russia,7.0,908491,RUSSIA,LLC T2 MOB
LLC T2 Mob,Russia,7.0,908498,RUSSIA,LLC T2 MOB
LLC T2 Mob,Russia,7.0,908499,RUSSIA,LLC T2 MOB
LLC T2 Mob,Russia,7.0,90854,RUSSIA,LLC T2 MOB
LLC T2 Mob,Russia,7.0,908603,RUSSIA,LLC T2 MOB
LLC T2 Mob,Russia,7.0,9086081,RUSSIA,LLC T2 MOB
LLC T2 Mob,Russia,7.0,90883,RUSSIA,LLC T2 MOB
LLC T2 Mob,Russia,7.0,908854,RUSSIA,LLC T2 MOB
LLC T2 Mob,Russia,7.0,908856,RUSSIA,LLC T2 MOB
LLC T2 Mob,Russia,7.0,95031,RUSSIA,LLC T2 MOB
LLC T2 Mob,Russia,7.0,95038,RUSSIA,LLC T2 MOB
LLC T2 Mob,Russia,7.0,95039,RUSSIA,LLC T2 MOB
LLC T2 Mob,Russia,7.0,95109,RUSSIA,LLC T2 MOB
LLC T2 Mob,Russia,7.0,95123,RUSSIA,LLC T2 MOB
LLC T2 Mob,Russia,7.0,95125,RUSSIA,LLC T2 MOB
LLC T2 Mob,Russia,7.0,951271,RUSSIA,LLC T2 MOB
LLC T2 Mob,Russia,7.0,951272,RUSSIA,LLC T2 MOB
LLC T2 Mob,Russia,7.0,951275,RUSSIA,LLC T2 MOB
LLC T2 Mob,Russia,7.0,951342,RUSSIA,LLC T2 MOB
LLC T2 Mob,Russia,7.0,951993,RUSSIA,LLC T2 MOB
LLC T2 Mob,Russia,7.0,951999,RUSSIA,LLC T2 MOB
LLC T2 Mob,Russia,7.0,952010,RUSSIA,LLC T2 MOB
LLC T2 Mob,Russia,7.0,952013,RUSSIA,LLC T2 MOB
LLC T2 Mob,Russia,7.0,952014,RUSSIA,LLC T2 MOB
LLC T2 Mob,Russia,7.0,952310,RUSSIA,LLC T2 MOB
LLC T2 Mob,Russia,7.0,952312,RUSSIA,LLC T2 MOB
LLC T2 Mob,Russia,7.0,952319,RUSSIA,LLC T2 MOB
LLC T2 Mob,Russia,7.0,95232,RUSSIA,LLC T2 MOB
LLC T2 Mob,Russia,7.0,952662,RUSSIA,LLC T2 MOB
LLC T2 Mob,Russia,7.0,952663,RUSSIA,LLC T2 MOB
LLC T2 Mob,Russia,7.0,952673,RUSSIA,LLC T2 MOB
LLC T2 Mob,Russia,7.0,952680,RUSSIA,LLC T2 MOB
LLC T2 Mob,Russia,7.0,953034,RUSSIA,LLC T2 MOB
LLC T2 Mob,Russia,7.0,953415,RUSSIA,LLC T2 MOB
LLC T2 Mob,Russia,7.0,953998,RUSSIA,LLC T2 MOB
LLC T2 Mob,Russia,7.0,958641,RUSSIA,LLC T2 MOB
LLC T2 Mob,Russia,7.0,9586444,RUSSIA,LLC T2 MOB
LLC T2 Mob,Russia,7.0,99100,RUSSIA,LLC T2 MOB
LLC T2 Mob,Russia,7.0,99101,RUSSIA,LLC T2 MOB
LLC T2 Mob,Russia,7.0,99202,RUSSIA,LLC T2 MOB
LLC T2 Mob,Russia,7.0,99235,RUSSIA,LLC T2 MOB
LLC T2 Mob,Russia,7.0,99240,RUSSIA,LLC T2 MOB
LLC T2 Mob,Russia,7.0,99252,RUSSIA,LLC T2 MOB
LLC T2 Mob,Russia,7.0,99300,RUSSIA,LLC T2 MOB
LLC T2 Mob,Russia,7.0,99400,RUSSIA,LLC T2 MOB
LLC T2 Mob,Russia,7.0,99580,RUSSIA,LLC T2 MOB
LLC T2 Mob,Russia,7.0,996013,RUSSIA,LLC T2 MOB
LLC T2 Mob,Russia,7.0,996202,RUSSIA,LLC T2 MOB
LLC T2 Mob,Russia,7.0,99673,RUSSIA,LLC T2 MOB
LLC T2 Mob,Russia,7.0,999689,RUSSIA,LLC T2 MOB
LLC T2 Mob,Russia,7.0,351,RUSSIA,LLC T2 MOB
LLC T2 Mob,Russia,7.0,5863,RUSSIA,LLC T2 MOB
LLC T2 Mob,Russia,7.0,831415,RUSSIA,LLC T2 MOB
LLC T2 Mob,Russia,7.0,84235910,RUSSIA,LLC T2 MOB
LLC T2 Mob,Russia,7.0,84235911,RUSSIA,LLC T2 MOB
LLC T2 Mob,Russia,7.0,900334,RUSSIA,LLC T2 MOB
LLC T2 Mob,Russia,7.0,902254,RUSSIA,LLC T2 MOB
LLC T2 Mob,Russia,7.0,902255,RUSSIA,LLC T2 MOB
LLC T2 Mob,Russia,7.0,90230,RUSSIA,LLC T2 MOB
LLC T2 Mob,Russia,7.0,902356,RUSSIA,LLC T2 MOB
LLC T2 Mob,Russia,7.0,902365,RUSSIA,LLC T2 MOB
LLC T2 Mob,Russia,7.0,90238,RUSSIA,LLC T2 MOB
LLC T2 Mob,Russia,7.0,902515,RUSSIA,LLC T2 MOB
LLC T2 Mob,Russia,7.0,902516,RUSSIA,LLC T2 MOB
LLC T2 Mob,Russia,7.0,902576,RUSSIA,LLC T2 MOB
LLC T2 Mob,Russia,7.0,902579,RUSSIA,LLC T2 MOB
LLC T2 Mob,Russia,7.0,902670,RUSSIA,LLC T2 MOB
LLC T2 Mob,Russia,7.0,902732,RUSSIA,LLC T2 MOB
LLC T2 Mob,Russia,7.0,902744,RUSSIA,LLC T2 MOB
LLC T2 Mob,Russia,7.0,90279,RUSSIA,LLC T2 MOB
LLC T2 Mob,Russia,7.0,902817,RUSSIA,LLC T2 MOB
LLC T2 Mob,Russia,7.0,902819,RUSSIA,LLC T2 MOB
LLC T2 Mob,Russia,7.0,902820,RUSSIA,LLC T2 MOB
LLC T2 Mob,Russia,7.0,90289,RUSSIA,LLC T2 MOB
LLC T2 Mob,Russia,7.0,90412,RUSSIA,LLC T2 MOB
LLC T2 Mob,Russia,7.0,90415,RUSSIA,LLC T2 MOB
LLC T2 Mob,Russia,7.0,904242,RUSSIA,LLC T2 MOB
LLC T2 Mob,Russia,7.0,90480,RUSSIA,LLC T2 MOB
LLC T2 Mob,Russia,7.0,904853,RUSSIA,LLC T2 MOB
LLC T2 Mob,Russia,7.0,904854,RUSSIA,LLC T2 MOB
LLC T2 Mob,Russia,7.0,90487,RUSSIA,LLC T2 MOB
LLC T2 Mob,Russia,7.0,90491,RUSSIA,LLC T2 MOB
LLC T2 Mob,Russia,7.0,90807,RUSSIA,LLC T2 MOB
LLC T2 Mob,Russia,7.0,908080,RUSSIA,LLC T2 MOB
LLC T2 Mob,Russia,7.0,908083,RUSSIA,LLC T2 MOB
LLC T2 Mob,Russia,7.0,908324,RUSSIA,LLC T2 MOB
LLC T2 Mob,Russia,7.0,908490,RUSSIA,LLC T2 MOB
LLC T2 Mob,Russia,7.0,9086080,RUSSIA,LLC T2 MOB
LLC T2 Mob,Russia,7.0,908858,RUSSIA,LLC T2 MOB
LLC T2 Mob,Russia,7.0,90887,RUSSIA,LLC T2 MOB
LLC T2 Mob,Russia,7.0,90889,RUSSIA,LLC T2 MOB
LLC T2 Mob,Russia,7.0,95010,RUSSIA,LLC T2 MOB
LLC T2 Mob,Russia,7.0,95018,RUSSIA,LLC T2 MOB
LLC T2 Mob,Russia,7.0,95035,RUSSIA,LLC T2 MOB
LLC T2 Mob,Russia,7.0,950564,RUSSIA,LLC T2 MOB
LLC T2 Mob,Russia,7.0,950948,RUSSIA,LLC T2 MOB
LLC T2 Mob,Russia,7.0,95124,RUSSIA,LLC T2 MOB
LLC T2 Mob,Russia,7.0,951270,RUSSIA,LLC T2 MOB
LLC T2 Mob,Russia,7.0,95188,RUSSIA,LLC T2 MOB
LLC T2 Mob,Russia,7.0,95189,RUSSIA,LLC T2 MOB
LLC T2 Mob,Russia,7.0,95190,RUSSIA,LLC T2 MOB
LLC T2 Mob,Russia,7.0,95194,RUSSIA,LLC T2 MOB
LLC T2 Mob,Russia,7.0,95195,RUSSIA,LLC T2 MOB
LLC T2 Mob,Russia,7.0,951990,RUSSIA,LLC T2 MOB
LLC T2 Mob,Russia,7.0,951997,RUSSIA,LLC T2 MOB
LLC T2 Mob,Russia,7.0,95219,RUSSIA,LLC T2 MOB
LLC T2 Mob,Russia,7.0,95247,RUSSIA,LLC T2 MOB
LLC T2 Mob,Russia,7.0,95261,RUSSIA,LLC T2 MOB
LLC T2 Mob,Russia,7.0,95270,RUSSIA,LLC T2 MOB
LLC T2 Mob,Russia,7.0,952759,RUSSIA,LLC T2 MOB
LLC T2 Mob,Russia,7.0,953445,RUSSIA,LLC T2 MOB
LLC T2 Mob,Russia,7.0,95349,RUSSIA,LLC T2 MOB
LLC T2 Mob,Russia,7.0,9539962,RUSSIA,LLC T2 MOB
LLC T2 Mob,Russia,7.0,958642,RUSSIA,LLC T2 MOB
LLC T2 Mob,Russia,7.0,993030,RUSSIA,LLC T2 MOB
LLC T2 Mob,Russia,7.0,993032,RUSSIA,LLC T2 MOB
LLC T2 Mob,Russia,7.0,994012,RUSSIA,LLC T2 MOB
LLC T2 Mob,Russia,7.0,994270,RUSSIA,LLC T2 MOB
LLC T2 Mob,Russia,7.0,995202,RUSSIA,LLC T2 MOB
LLC T2 Mob,Russia,7.0,996015,RUSSIA,LLC T2 MOB
LLC T2 Mob,Russia,7.0,996016,RUSSIA,LLC T2 MOB
LLC T2 Mob,Russia,7.0,996017,RUSSIA,LLC T2 MOB
LLC T2 Mob,Russia,7.0,996200,RUSSIA,LLC T2 MOB
LLC T2 Mob,Russia,7.0,996201,RUSSIA,LLC T2 MOB
LLC T2 Mob,Russia,7.0,99666,RUSSIA,LLC T2 MOB
LLC T2 Mob,Russia,7.0,996810,RUSSIA,LLC T2 MOB
LLC T2 Mob,Russia,7.0,8422497,RUSSIA,LLC T2 MOB
LLC T2 Mob,Russia,7.0,842297,RUSSIA,LLC T2 MOB
LLC T2 Mob,Russia,7.0,84235956,RUSSIA,LLC T2 MOB
LLC T2 Mob,Russia,7.0,9002182,RUSSIA,LLC T2 MOB
LLC T2 Mob,Russia,7.0,9004655,RUSSIA,LLC T2 MOB
LLC T2 Mob,Russia,7.0,90212,RUSSIA,LLC T2 MOB
LLC T2 Mob,Russia,7.0,902150,RUSSIA,LLC T2 MOB
LLC T2 Mob,Russia,7.0,902230,RUSSIA,LLC T2 MOB
LLC T2 Mob,Russia,7.0,902258,RUSSIA,LLC T2 MOB
LLC T2 Mob,Russia,7.0,90227,RUSSIA,LLC T2 MOB
LLC T2 Mob,Russia,7.0,902326,RUSSIA,LLC T2 MOB
LLC T2 Mob,Russia,7.0,90243,RUSSIA,LLC T2 MOB
LLC T2 Mob,Russia,7.0,902465,RUSSIA,LLC T2 MOB
LLC T2 Mob,Russia,7.0,90247,RUSSIA,LLC T2 MOB
LLC T2 Mob,Russia,7.0,902584,RUSSIA,LLC T2 MOB
LLC T2 Mob,Russia,7.0,902588,RUSSIA,LLC T2 MOB
LLC T2 Mob,Russia,7.0,90261,RUSSIA,LLC T2 MOB
LLC T2 Mob,Russia,7.0,90263,RUSSIA,LLC T2 MOB
LLC T2 Mob,Russia,7.0,90265,RUSSIA,LLC T2 MOB
LLC T2 Mob,Russia,7.0,90268,RUSSIA,LLC T2 MOB
LLC T2 Mob,Russia,7.0,902690,RUSSIA,LLC T2 MOB
LLC T2 Mob,Russia,7.0,902738,RUSSIA,LLC T2 MOB
LLC T2 Mob,Russia,7.0,902743,RUSSIA,LLC T2 MOB
LLC T2 Mob,Russia,7.0,902818,RUSSIA,LLC T2 MOB
LLC T2 Mob,Russia,7.0,902825,RUSSIA,LLC T2 MOB
LLC T2 Mob,Russia,7.0,902938,RUSSIA,LLC T2 MOB
LLC T2 Mob,Russia,7.0,904241,RUSSIA,LLC T2 MOB
LLC T2 Mob,Russia,7.0,904243,RUSSIA,LLC T2 MOB
LLC T2 Mob,Russia,7.0,904265,RUSSIA,LLC T2 MOB
LLC T2 Mob,Russia,7.0,90440,RUSSIA,LLC T2 MOB
LLC T2 Mob,Russia,7.0,90446,RUSSIA,LLC T2 MOB
LLC T2 Mob,Russia,7.0,90481,RUSSIA,LLC T2 MOB
LLC T2 Mob,Russia,7.0,90484,RUSSIA,LLC T2 MOB
LLC T2 Mob,Russia,7.0,904852,RUSSIA,LLC T2 MOB
LLC T2 Mob,Russia,7.0,90488,RUSSIA,LLC T2 MOB
LLC T2 Mob,Russia,7.0,908088,RUSSIA,LLC T2 MOB
LLC T2 Mob,Russia,7.0,908089,RUSSIA,LLC T2 MOB
LLC T2 Mob,Russia,7.0,908321,RUSSIA,LLC T2 MOB
LLC T2 Mob,Russia,7.0,908323,RUSSIA,LLC T2 MOB
LLC T2 Mob,Russia,7.0,90847,RUSSIA,LLC T2 MOB
LLC T2 Mob,Russia,7.0,90874,RUSSIA,LLC T2 MOB
LLC T2 Mob,Russia,7.0,908859,RUSSIA,LLC T2 MOB
LLC T2 Mob,Russia,7.0,90888,RUSSIA,LLC T2 MOB
LLC T2 Mob,Russia,7.0,950013,RUSSIA,LLC T2 MOB
LLC T2 Mob,Russia,7.0,95011,RUSSIA,LLC T2 MOB
LLC T2 Mob,Russia,7.0,950309,RUSSIA,LLC T2 MOB
LLC T2 Mob,Russia,7.0,95045,RUSSIA,LLC T2 MOB
LLC T2 Mob,Russia,7.0,950969,RUSSIA,LLC T2 MOB
LLC T2 Mob,Russia,7.0,95103,RUSSIA,LLC T2 MOB
LLC T2 Mob,Russia,7.0,951034,RUSSIA,LLC T2 MOB
LLC T2 Mob,Russia,7.0,951291,RUSSIA,LLC T2 MOB
LLC T2 Mob,Russia,7.0,951357,RUSSIA,LLC T2 MOB
LLC T2 Mob,Russia,7.0,95162,RUSSIA,LLC T2 MOB
LLC T2 Mob,Russia,7.0,95163,RUSSIA,LLC T2 MOB
LLC T2 Mob,Russia,7.0,95191,RUSSIA,LLC T2 MOB
LLC T2 Mob,Russia,7.0,951991,RUSSIA,LLC T2 MOB
LLC T2 Mob,Russia,7.0,951992,RUSSIA,LLC T2 MOB
LLC T2 Mob,Russia,7.0,951995,RUSSIA,LLC T2 MOB
LLC T2 Mob,Russia,7.0,95204,RUSSIA,LLC T2 MOB
LLC T2 Mob,Russia,7.0,952311,RUSSIA,LLC T2 MOB
LLC T2 Mob,Russia,7.0,952316,RUSSIA,LLC T2 MOB
LLC T2 Mob,Russia,7.0,95246,RUSSIA,LLC T2 MOB
LLC T2 Mob,Russia,7.0,95264,RUSSIA,LLC T2 MOB
LLC T2 Mob,Russia,7.0,952682,RUSSIA,LLC T2 MOB
LLC T2 Mob,Russia,7.0,952720,RUSSIA,LLC T2 MOB
LLC T2 Mob,Russia,7.0,952722,RUSSIA,LLC T2 MOB
LLC T2 Mob,Russia,7.0,952724,RUSSIA,LLC T2 MOB
LLC T2 Mob,Russia,7.0,953447,RUSSIA,LLC T2 MOB
LLC T2 Mob,Russia,7.0,953448,RUSSIA,LLC T2 MOB
LLC T2 Mob,Russia,7.0,95345,RUSSIA,LLC T2 MOB
LLC T2 Mob,Russia,7.0,95348,RUSSIA,LLC T2 MOB
LLC T2 Mob,Russia,7.0,9586441,RUSSIA,LLC T2 MOB
LLC T2 Mob,Russia,7.0,99236,RUSSIA,LLC T2 MOB
LLC T2 Mob,Russia,7.0,994014,RUSSIA,LLC T2 MOB
LLC T2 Mob,Russia,7.0,994271,RUSSIA,LLC T2 MOB
LLC T2 Mob,Russia,7.0,996018,RUSSIA,LLC T2 MOB
LLC T2 Mob,Russia,7.0,996019,RUSSIA,LLC T2 MOB
LLC T2 Mob,Russia,7.0,996203,RUSSIA,LLC T2 MOB
LLC T2 Mob,Russia,7.0,996811,RUSSIA,LLC T2 MOB
LLC T2 Mob,Russia,7.0,996814,RUSSIA,LLC T2 MOB
LLC T2 Mob,Russia,7.0,996850,RUSSIA,LLC T2 MOB
LLC T2 Mob,Russia,7.0,999680,RUSSIA,LLC T2 MOB
LLC T2 Mob,Russia,7.0,8422493,RUSSIA,LLC T2 MOB
LLC T2 Mob,Russia,7.0,842293,RUSSIA,LLC T2 MOB
LLC T2 Mob,Russia,7.0,84235914,RUSSIA,LLC T2 MOB
LLC T2 Mob,Russia,7.0,84235957,RUSSIA,LLC T2 MOB
LLC T2 Mob,Russia,7.0,84235958,RUSSIA,LLC T2 MOB
LLC T2 Mob,Russia,7.0,84235959,RUSSIA,LLC T2 MOB
LLC T2 Mob,Russia,7.0,84235980,RUSSIA,LLC T2 MOB
LLC T2 Mob,Russia,7.0,900333,RUSSIA,LLC T2 MOB
LLC T2 Mob,Russia,7.0,900454,RUSSIA,LLC T2 MOB
LLC T2 Mob,Russia,7.0,901,RUSSIA,LLC T2 MOB
LLC T2 Mob,Russia,7.0,902156,RUSSIA,LLC T2 MOB
LLC T2 Mob,Russia,7.0,90216,RUSSIA,LLC T2 MOB
LLC T2 Mob,Russia,7.0,902246,RUSSIA,LLC T2 MOB
LLC T2 Mob,Russia,7.0,902357,RUSSIA,LLC T2 MOB
LLC T2 Mob,Russia,7.0,902361,RUSSIA,LLC T2 MOB
LLC T2 Mob,Russia,7.0,902362,RUSSIA,LLC T2 MOB
LLC T2 Mob,Russia,7.0,90244,RUSSIA,LLC T2 MOB
LLC T2 Mob,Russia,7.0,902461,RUSSIA,LLC T2 MOB
LLC T2 Mob,Russia,7.0,902514,RUSSIA,LLC T2 MOB
LLC T2 Mob,Russia,7.0,902519,RUSSIA,LLC T2 MOB
LLC T2 Mob,Russia,7.0,902582,RUSSIA,LLC T2 MOB
LLC T2 Mob,Russia,7.0,902667,RUSSIA,LLC T2 MOB
LLC T2 Mob,Russia,7.0,90272,RUSSIA,LLC T2 MOB
LLC T2 Mob,Russia,7.0,902737,RUSSIA,LLC T2 MOB
LLC T2 Mob,Russia,7.0,902828,RUSSIA,LLC T2 MOB
LLC T2 Mob,Russia,7.0,90442,RUSSIA,LLC T2 MOB
LLC T2 Mob,Russia,7.0,90467,RUSSIA,LLC T2 MOB
LLC T2 Mob,Russia,7.0,90477,RUSSIA,LLC T2 MOB
LLC T2 Mob,Russia,7.0,904855,RUSSIA,LLC T2 MOB
LLC T2 Mob,Russia,7.0,90490,RUSSIA,LLC T2 MOB
LLC T2 Mob,Russia,7.0,90493,RUSSIA,LLC T2 MOB
LLC T2 Mob,Russia,7.0,908001,RUSSIA,LLC T2 MOB
LLC T2 Mob,Russia,7.0,908086,RUSSIA,LLC T2 MOB
LLC T2 Mob,Russia,7.0,908497,RUSSIA,LLC T2 MOB
LLC T2 Mob,Russia,7.0,908852,RUSSIA,LLC T2 MOB
LLC T2 Mob,Russia,7.0,908853,RUSSIA,LLC T2 MOB
LLC T2 Mob,Russia,7.0,95006,RUSSIA,LLC T2 MOB
LLC T2 Mob,Russia,7.0,95008,RUSSIA,LLC T2 MOB
LLC T2 Mob,Russia,7.0,95029,RUSSIA,LLC T2 MOB
LLC T2 Mob,Russia,7.0,95049,RUSSIA,LLC T2 MOB
LLC T2 Mob,Russia,7.0,950949,RUSSIA,LLC T2 MOB
LLC T2 Mob,Russia,7.0,951294,RUSSIA,LLC T2 MOB
LLC T2 Mob,Russia,7.0,951298,RUSSIA,LLC T2 MOB
LLC T2 Mob,Russia,7.0,951343,RUSSIA,LLC T2 MOB
LLC T2 Mob,Russia,7.0,95203,RUSSIA,LLC T2 MOB
LLC T2 Mob,Russia,7.0,952317,RUSSIA,LLC T2 MOB
LLC T2 Mob,Russia,7.0,95262,RUSSIA,LLC T2 MOB
LLC T2 Mob,Russia,7.0,95265,RUSSIA,LLC T2 MOB
LLC T2 Mob,Russia,7.0,952670,RUSSIA,LLC T2 MOB
LLC T2 Mob,Russia,7.0,952672,RUSSIA,LLC T2 MOB
LLC T2 Mob,Russia,7.0,952684,RUSSIA,LLC T2 MOB
LLC T2 Mob,Russia,7.0,952685,RUSSIA,LLC T2 MOB
LLC T2 Mob,Russia,7.0,952757,RUSSIA,LLC T2 MOB
LLC T2 Mob,Russia,7.0,953030,RUSSIA,LLC T2 MOB
LLC T2 Mob,Russia,7.0,953032,RUSSIA,LLC T2 MOB
LLC T2 Mob,Russia,7.0,953444,RUSSIA,LLC T2 MOB
LLC T2 Mob,Russia,7.0,953976,RUSSIA,LLC T2 MOB
LLC T2 Mob,Russia,7.0,9586443,RUSSIA,LLC T2 MOB
LLC T2 Mob,Russia,7.0,991012,RUSSIA,LLC T2 MOB
LLC T2 Mob,Russia,7.0,99220,RUSSIA,LLC T2 MOB
LLC T2 Mob,Russia,7.0,99302,RUSSIA,LLC T2 MOB
LLC T2 Mob,Russia,7.0,994010,RUSSIA,LLC T2 MOB
LLC T2 Mob,Russia,7.0,994013,RUSSIA,LLC T2 MOB
LLC T2 Mob,Russia,7.0,994250,RUSSIA,LLC T2 MOB
LLC T2 Mob,Russia,7.0,996010,RUSSIA,LLC T2 MOB
LLC T2 Mob,Russia,7.0,99690,RUSSIA,LLC T2 MOB
LLC T2 Mob,Russia,7.0,35226,RUSSIA,LLC T2 MOB
LLC T2 Mob,Russia,7.0,8313037,RUSSIA,LLC T2 MOB
LLC T2 Mob,Russia,7.0,8422496,RUSSIA,LLC T2 MOB
LLC T2 Mob,Russia,7.0,84235913,RUSSIA,LLC T2 MOB
LLC T2 Mob,Russia,7.0,84235988,RUSSIA,LLC T2 MOB
LLC T2 Mob,Russia,7.0,9002183,RUSSIA,LLC T2 MOB
LLC T2 Mob,Russia,7.0,9002185,RUSSIA,LLC T2 MOB
LLC T2 Mob,Russia,7.0,90031,RUSSIA,LLC T2 MOB
LLC T2 Mob,Russia,7.0,900330,RUSSIA,LLC T2 MOB
LLC T2 Mob,Russia,7.0,900331,RUSSIA,LLC T2 MOB
LLC T2 Mob,Russia,7.0,900446,RUSSIA,LLC T2 MOB
LLC T2 Mob,Russia,7.0,90200,RUSSIA,LLC T2 MOB
LLC T2 Mob,Russia,7.0,90209,RUSSIA,LLC T2 MOB
LLC T2 Mob,Russia,7.0,902233,RUSSIA,LLC T2 MOB
LLC T2 Mob,Russia,7.0,902256,RUSSIA,LLC T2 MOB
LLC T2 Mob,Russia,7.0,902463,RUSSIA,LLC T2 MOB
LLC T2 Mob,Russia,7.0,90248,RUSSIA,LLC T2 MOB
LLC T2 Mob,Russia,7.0,902502,RUSSIA,LLC T2 MOB
LLC T2 Mob,Russia,7.0,902586,RUSSIA,LLC T2 MOB
LLC T2 Mob,Russia,7.0,902589,RUSSIA,LLC T2 MOB
LLC T2 Mob,Russia,7.0,90264,RUSSIA,LLC T2 MOB
LLC T2 Mob,Russia,7.0,902669,RUSSIA,LLC T2 MOB
LLC T2 Mob,Russia,7.0,902730,RUSSIA,LLC T2 MOB
LLC T2 Mob,Russia,7.0,902731,RUSSIA,LLC T2 MOB
LLC T2 Mob,Russia,7.0,902733,RUSSIA,LLC T2 MOB
LLC T2 Mob,Russia,7.0,902734,RUSSIA,LLC T2 MOB
LLC T2 Mob,Russia,7.0,902735,RUSSIA,LLC T2 MOB
LLC T2 Mob,Russia,7.0,90276,RUSSIA,LLC T2 MOB
LLC T2 Mob,Russia,7.0,902814,RUSSIA,LLC T2 MOB
LLC T2 Mob,Russia,7.0,902829,RUSSIA,LLC T2 MOB
LLC T2 Mob,Russia,7.0,902936,RUSSIA,LLC T2 MOB
LLC T2 Mob,Russia,7.0,904244,RUSSIA,LLC T2 MOB
LLC T2 Mob,Russia,7.0,904268,RUSSIA,LLC T2 MOB
LLC T2 Mob,Russia,7.0,90492,RUSSIA,LLC T2 MOB
LLC T2 Mob,Russia,7.0,908004,RUSSIA,LLC T2 MOB
LLC T2 Mob,Russia,7.0,908009,RUSSIA,LLC T2 MOB
LLC T2 Mob,Russia,7.0,908081,RUSSIA,LLC T2 MOB
LLC T2 Mob,Russia,7.0,908085,RUSSIA,LLC T2 MOB
LLC T2 Mob,Russia,7.0,90826,RUSSIA,LLC T2 MOB
LLC T2 Mob,Russia,7.0,908495,RUSSIA,LLC T2 MOB
LLC T2 Mob,Russia,7.0,908496,RUSSIA,LLC T2 MOB
LLC T2 Mob,Russia,7.0,90872,RUSSIA,LLC T2 MOB
LLC T2 Mob,Russia,7.0,90882,RUSSIA,LLC T2 MOB
LLC T2 Mob,Russia,7.0,95009,RUSSIA,LLC T2 MOB
LLC T2 Mob,Russia,7.0,95014,RUSSIA,LLC T2 MOB
LLC T2 Mob,Russia,7.0,95032,RUSSIA,LLC T2 MOB
LLC T2 Mob,Russia,7.0,95037,RUSSIA,LLC T2 MOB
LLC T2 Mob,Russia,7.0,95046,RUSSIA,LLC T2 MOB
LLC T2 Mob,Russia,7.0,95047,RUSSIA,LLC T2 MOB
LLC T2 Mob,Russia,7.0,95051,RUSSIA,LLC T2 MOB
LLC T2 Mob,Russia,7.0,95053,RUSSIA,LLC T2 MOB
LLC T2 Mob,Russia,7.0,950560,RUSSIA,LLC T2 MOB
LLC T2 Mob,Russia,7.0,950561,RUSSIA,LLC T2 MOB
LLC T2 Mob,Russia,7.0,950945,RUSSIA,LLC T2 MOB
LLC T2 Mob,Russia,7.0,951292,RUSSIA,LLC T2 MOB
LLC T2 Mob,Russia,7.0,951293,RUSSIA,LLC T2 MOB
LLC T2 Mob,Russia,7.0,951340,RUSSIA,LLC T2 MOB
LLC T2 Mob,Russia,7.0,95193,RUSSIA,LLC T2 MOB
LLC T2 Mob,Russia,7.0,95197,RUSSIA,LLC T2 MOB
LLC T2 Mob,Russia,7.0,951994,RUSSIA,LLC T2 MOB
LLC T2 Mob,Russia,7.0,952082,RUSSIA,LLC T2 MOB
LLC T2 Mob,Russia,7.0,952313,RUSSIA,LLC T2 MOB
LLC T2 Mob,Russia,7.0,952318,RUSSIA,LLC T2 MOB
LLC T2 Mob,Russia,7.0,952664,RUSSIA,LLC T2 MOB
LLC T2 Mob,Russia,7.0,952671,RUSSIA,LLC T2 MOB
LLC T2 Mob,Russia,7.0,952674,RUSSIA,LLC T2 MOB
LLC T2 Mob,Russia,7.0,952675,RUSSIA,LLC T2 MOB
LLC T2 Mob,Russia,7.0,952677,RUSSIA,LLC T2 MOB
LLC T2 Mob,Russia,7.0,95269,RUSSIA,LLC T2 MOB
LLC T2 Mob,Russia,7.0,953031,RUSSIA,LLC T2 MOB
LLC T2 Mob,Russia,7.0,95340,RUSSIA,LLC T2 MOB
LLC T2 Mob,Russia,7.0,953449,RUSSIA,LLC T2 MOB
LLC T2 Mob,Russia,7.0,953897,RUSSIA,LLC T2 MOB
LLC T2 Mob,Russia,7.0,953899,RUSSIA,LLC T2 MOB
LLC T2 Mob,Russia,7.0,953999,RUSSIA,LLC T2 MOB
LLC T2 Mob,Russia,7.0,958643,RUSSIA,LLC T2 MOB
LLC T2 Mob,Russia,7.0,99223,RUSSIA,LLC T2 MOB
LLC T2 Mob,Russia,7.0,99231,RUSSIA,LLC T2 MOB
LLC T2 Mob,Russia,7.0,99241,RUSSIA,LLC T2 MOB
LLC T2 Mob,Russia,7.0,99242,RUSSIA,LLC T2 MOB
LLC T2 Mob,Russia,7.0,99301,RUSSIA,LLC T2 MOB
LLC T2 Mob,Russia,7.0,993031,RUSSIA,LLC T2 MOB
LLC T2 Mob,Russia,7.0,995200,RUSSIA,LLC T2 MOB
LLC T2 Mob,Russia,7.0,995201,RUSSIA,LLC T2 MOB
LLC T2 Mob,Russia,7.0,99540,RUSSIA,LLC T2 MOB
LLC T2 Mob,Russia,7.0,99541,RUSSIA,LLC T2 MOB
LLC T2 Mob,Russia,7.0,99672,RUSSIA,LLC T2 MOB
LLC T2 Mob,Russia,7.0,9968013,RUSSIA,LLC T2 MOB
LLC T2 Mob,Russia,7.0,99989,RUSSIA,LLC T2 MOB
LLC T2 Mob,Russia,7.0,99991,RUSSIA,LLC T2 MOB
LLC T2 Mob,Russia,7.0,842292,RUSSIA,LLC T2 MOB
LLC T2 Mob,Russia,7.0,842294,RUSSIA,LLC T2 MOB
LLC T2 Mob,Russia,7.0,842299,RUSSIA,LLC T2 MOB
LLC T2 Mob,Russia,7.0,900217,RUSSIA,LLC T2 MOB
LLC T2 Mob,Russia,7.0,900332,RUSSIA,LLC T2 MOB
LLC T2 Mob,Russia,7.0,902151,RUSSIA,LLC T2 MOB
LLC T2 Mob,Russia,7.0,902155,RUSSIA,LLC T2 MOB
LLC T2 Mob,Russia,7.0,902313,RUSSIA,LLC T2 MOB
LLC T2 Mob,Russia,7.0,902314,RUSSIA,LLC T2 MOB
LLC T2 Mob,Russia,7.0,902364,RUSSIA,LLC T2 MOB
LLC T2 Mob,Russia,7.0,902366,RUSSIA,LLC T2 MOB
LLC T2 Mob,Russia,7.0,902500,RUSSIA,LLC T2 MOB
LLC T2 Mob,Russia,7.0,902501,RUSSIA,LLC T2 MOB
LLC T2 Mob,Russia,7.0,902508,RUSSIA,LLC T2 MOB
LLC T2 Mob,Russia,7.0,902509,RUSSIA,LLC T2 MOB
LLC T2 Mob,Russia,7.0,902510,RUSSIA,LLC T2 MOB
LLC T2 Mob,Russia,7.0,902666,RUSSIA,LLC T2 MOB
LLC T2 Mob,Russia,7.0,902816,RUSSIA,LLC T2 MOB
LLC T2 Mob,Russia,7.0,902826,RUSSIA,LLC T2 MOB
LLC T2 Mob,Russia,7.0,902935,RUSSIA,LLC T2 MOB
LLC T2 Mob,Russia,7.0,90419,RUSSIA,LLC T2 MOB
LLC T2 Mob,Russia,7.0,904264,RUSSIA,LLC T2 MOB
LLC T2 Mob,Russia,7.0,90447,RUSSIA,LLC T2 MOB
LLC T2 Mob,Russia,7.0,90448,RUSSIA,LLC T2 MOB
LLC T2 Mob,Russia,7.0,90466,RUSSIA,LLC T2 MOB
LLC T2 Mob,Russia,7.0,90478,RUSSIA,LLC T2 MOB
LLC T2 Mob,Russia,7.0,908003,RUSSIA,LLC T2 MOB
LLC T2 Mob,Russia,7.0,908005,RUSSIA,LLC T2 MOB
LLC T2 Mob,Russia,7.0,90809,RUSSIA,LLC T2 MOB
LLC T2 Mob,Russia,7.0,908320,RUSSIA,LLC T2 MOB
LLC T2 Mob,Russia,7.0,90855,RUSSIA,LLC T2 MOB
LLC T2 Mob,Russia,7.0,90859,RUSSIA,LLC T2 MOB
LLC T2 Mob,Russia,7.0,9086083,RUSSIA,LLC T2 MOB
LLC T2 Mob,Russia,7.0,9086084,RUSSIA,LLC T2 MOB
LLC T2 Mob,Russia,7.0,90865,RUSSIA,LLC T2 MOB
LLC T2 Mob,Russia,7.0,90866,RUSSIA,LLC T2 MOB
LLC T2 Mob,Russia,7.0,90873,RUSSIA,LLC T2 MOB
LLC T2 Mob,Russia,7.0,90886,RUSSIA,LLC T2 MOB
LLC T2 Mob,Russia,7.0,95007,RUSSIA,LLC T2 MOB
LLC T2 Mob,Russia,7.0,95036,RUSSIA,LLC T2 MOB
LLC T2 Mob,Russia,7.0,95044,RUSSIA,LLC T2 MOB
LLC T2 Mob,Russia,7.0,95052,RUSSIA,LLC T2 MOB
LLC T2 Mob,Russia,7.0,95055,RUSSIA,LLC T2 MOB
LLC T2 Mob,Russia,7.0,950946,RUSSIA,LLC T2 MOB
LLC T2 Mob,Russia,7.0,950947,RUSSIA,LLC T2 MOB
LLC T2 Mob,Russia,7.0,951276,RUSSIA,LLC T2 MOB
LLC T2 Mob,Russia,7.0,951341,RUSSIA,LLC T2 MOB
LLC T2 Mob,Russia,7.0,95192,RUSSIA,LLC T2 MOB
LLC T2 Mob,Russia,7.0,95196,RUSSIA,LLC T2 MOB
LLC T2 Mob,Russia,7.0,951996,RUSSIA,LLC T2 MOB
LLC T2 Mob,Russia,7.0,95202,RUSSIA,LLC T2 MOB
LLC T2 Mob,Russia,7.0,952081,RUSSIA,LLC T2 MOB
LLC T2 Mob,Russia,7.0,95234,RUSSIA,LLC T2 MOB
LLC T2 Mob,Russia,7.0,952660,RUSSIA,LLC T2 MOB
LLC T2 Mob,Russia,7.0,952676,RUSSIA,LLC T2 MOB
LLC T2 Mob,Russia,7.0,952678,RUSSIA,LLC T2 MOB
LLC T2 Mob,Russia,7.0,952689,RUSSIA,LLC T2 MOB
LLC T2 Mob,Russia,7.0,95271,RUSSIA,LLC T2 MOB
LLC T2 Mob,Russia,7.0,95301,RUSSIA,LLC T2 MOB
LLC T2 Mob,Russia,7.0,953033,RUSSIA,LLC T2 MOB
LLC T2 Mob,Russia,7.0,953412,RUSSIA,LLC T2 MOB
LLC T2 Mob,Russia,7.0,95382,RUSSIA,LLC T2 MOB
LLC T2 Mob,Russia,7.0,953898,RUSSIA,LLC T2 MOB
LLC T2 Mob,Russia,7.0,95398,RUSSIA,LLC T2 MOB
LLC T2 Mob,Russia,7.0,9539963,RUSSIA,LLC T2 MOB
LLC T2 Mob,Russia,7.0,9580,RUSSIA,LLC T2 MOB
LLC T2 Mob,Russia,7.0,958640,RUSSIA,LLC T2 MOB
LLC T2 Mob,Russia,7.0,99221,RUSSIA,LLC T2 MOB
LLC T2 Mob,Russia,7.0,99251,RUSSIA,LLC T2 MOB
LLC T2 Mob,Russia,7.0,99542,RUSSIA,LLC T2 MOB
LLC T2 Mob,Russia,7.0,996204,RUSSIA,LLC T2 MOB
LLC T2 Mob,Russia,7.0,996851,RUSSIA,LLC T2 MOB
LLC T2 Mob,Russia,7.0,996852,RUSSIA,LLC T2 MOB
LLC T2 Mob,Russia,7.0,17,RUSSIA,LLC T2 MOB
LLC T2 Mob,Russia,7.0,8422491,RUSSIA,LLC T2 MOB
LLC T2 Mob,Russia,7.0,8422494,RUSSIA,LLC T2 MOB
LLC T2 Mob,Russia,7.0,842295,RUSSIA,LLC T2 MOB
LLC T2 Mob,Russia,7.0,84235903,RUSSIA,LLC T2 MOB
LLC T2 Mob,Russia,7.0,84235989,RUSSIA,LLC T2 MOB
LLC T2 Mob,Russia,7.0,900194,RUSSIA,LLC T2 MOB
LLC T2 Mob,Russia,7.0,9002180,RUSSIA,LLC T2 MOB
LLC T2 Mob,Russia,7.0,90210,RUSSIA,LLC T2 MOB
LLC T2 Mob,Russia,7.0,90217,RUSSIA,LLC T2 MOB
LLC T2 Mob,Russia,7.0,902231,RUSSIA,LLC T2 MOB
LLC T2 Mob,Russia,7.0,902248,RUSSIA,LLC T2 MOB
LLC T2 Mob,Russia,7.0,902253,RUSSIA,LLC T2 MOB
LLC T2 Mob,Russia,7.0,902259,RUSSIA,LLC T2 MOB
LLC T2 Mob,Russia,7.0,902288,RUSSIA,LLC T2 MOB
LLC T2 Mob,Russia,7.0,902311,RUSSIA,LLC T2 MOB
LLC T2 Mob,Russia,7.0,902325,RUSSIA,LLC T2 MOB
LLC T2 Mob,Russia,7.0,902464,RUSSIA,LLC T2 MOB
LLC T2 Mob,Russia,7.0,902512,RUSSIA,LLC T2 MOB
LLC T2 Mob,Russia,7.0,90254,RUSSIA,LLC T2 MOB
LLC T2 Mob,Russia,7.0,902578,RUSSIA,LLC T2 MOB
LLC T2 Mob,Russia,7.0,902583,RUSSIA,LLC T2 MOB
LLC T2 Mob,Russia,7.0,902587,RUSSIA,LLC T2 MOB
LLC T2 Mob,Russia,7.0,90262,RUSSIA,LLC T2 MOB
LLC T2 Mob,Russia,7.0,902668,RUSSIA,LLC T2 MOB
LLC T2 Mob,Russia,7.0,902671,RUSSIA,LLC T2 MOB
LLC T2 Mob,Russia,7.0,902693,RUSSIA,LLC T2 MOB
LLC T2 Mob,Russia,7.0,902694,RUSSIA,LLC T2 MOB
LLC T2 Mob,Russia,7.0,902739,RUSSIA,LLC T2 MOB
LLC T2 Mob,Russia,7.0,90278,RUSSIA,LLC T2 MOB
LLC T2 Mob,Russia,7.0,90280,RUSSIA,LLC T2 MOB
LLC T2 Mob,Russia,7.0,902812,RUSSIA,LLC T2 MOB
LLC T2 Mob,Russia,7.0,902827,RUSSIA,LLC T2 MOB
LLC T2 Mob,Russia,7.0,90283,RUSSIA,LLC T2 MOB
LLC T2 Mob,Russia,7.0,90286,RUSSIA,LLC T2 MOB
LLC T2 Mob,Russia,7.0,902939,RUSSIA,LLC T2 MOB
LLC T2 Mob,Russia,7.0,90418,RUSSIA,LLC T2 MOB
LLC T2 Mob,Russia,7.0,904240,RUSSIA,LLC T2 MOB
LLC T2 Mob,Russia,7.0,904267,RUSSIA,LLC T2 MOB
LLC T2 Mob,Russia,7.0,90441,RUSSIA,LLC T2 MOB
LLC T2 Mob,Russia,7.0,90443,RUSSIA,LLC T2 MOB
LLC T2 Mob,Russia,7.0,904850,RUSSIA,LLC T2 MOB
LLC T2 Mob,Russia,7.0,90494,RUSSIA,LLC T2 MOB
LLC T2 Mob,Russia,7.0,908227,RUSSIA,LLC T2 MOB
LLC T2 Mob,Russia,7.0,90824,RUSSIA,LLC T2 MOB
LLC T2 Mob,Russia,7.0,90827,RUSSIA,LLC T2 MOB
LLC T2 Mob,Russia,7.0,9086082,RUSSIA,LLC T2 MOB
LLC T2 Mob,Russia,7.0,90876,RUSSIA,LLC T2 MOB
LLC T2 Mob,Russia,7.0,908857,RUSSIA,LLC T2 MOB
LLC T2 Mob,Russia,7.0,95005,RUSSIA,LLC T2 MOB
LLC T2 Mob,Russia,7.0,95012,RUSSIA,LLC T2 MOB
LLC T2 Mob,Russia,7.0,95028,RUSSIA,LLC T2 MOB
LLC T2 Mob,Russia,7.0,95048,RUSSIA,LLC T2 MOB
LLC T2 Mob,Russia,7.0,95050,RUSSIA,LLC T2 MOB
LLC T2 Mob,Russia,7.0,95105,RUSSIA,LLC T2 MOB
LLC T2 Mob,Russia,7.0,95106,RUSSIA,LLC T2 MOB
LLC T2 Mob,Russia,7.0,95126,RUSSIA,LLC T2 MOB
LLC T2 Mob,Russia,7.0,951273,RUSSIA,LLC T2 MOB
LLC T2 Mob,Russia,7.0,951277,RUSSIA,LLC T2 MOB
LLC T2 Mob,Russia,7.0,951290,RUSSIA,LLC T2 MOB
LLC T2 Mob,Russia,7.0,951299,RUSSIA,LLC T2 MOB
LLC T2 Mob,Russia,7.0,951359,RUSSIA,LLC T2 MOB
LLC T2 Mob,Russia,7.0,95143,RUSSIA,LLC T2 MOB
LLC T2 Mob,Russia,7.0,951998,RUSSIA,LLC T2 MOB
LLC T2 Mob,Russia,7.0,952011,RUSSIA,LLC T2 MOB
LLC T2 Mob,Russia,7.0,952012,RUSSIA,LLC T2 MOB
LLC T2 Mob,Russia,7.0,95207,RUSSIA,LLC T2 MOB
LLC T2 Mob,Russia,7.0,952083,RUSSIA,LLC T2 MOB
LLC T2 Mob,Russia,7.0,952084,RUSSIA,LLC T2 MOB
LLC T2 Mob,Russia,7.0,952315,RUSSIA,LLC T2 MOB
LLC T2 Mob,Russia,7.0,95263,RUSSIA,LLC T2 MOB
LLC T2 Mob,Russia,7.0,952661,RUSSIA,LLC T2 MOB
LLC T2 Mob,Russia,7.0,952687,RUSSIA,LLC T2 MOB
LLC T2 Mob,Russia,7.0,952758,RUSSIA,LLC T2 MOB
LLC T2 Mob,Russia,7.0,95302,RUSSIA,LLC T2 MOB
LLC T2 Mob,Russia,7.0,953446,RUSSIA,LLC T2 MOB
LLC T2 Mob,Russia,7.0,95363,RUSSIA,LLC T2 MOB
LLC T2 Mob,Russia,7.0,953977,RUSSIA,LLC T2 MOB
LLC T2 Mob,Russia,7.0,953978,RUSSIA,LLC T2 MOB
LLC T2 Mob,Russia,7.0,9586442,RUSSIA,LLC T2 MOB
LLC T2 Mob,Russia,7.0,99222,RUSSIA,LLC T2 MOB
LLC T2 Mob,Russia,7.0,99615,RUSSIA,LLC T2 MOB
LLC T2 Mob,Russia,7.0,996302,RUSSIA,LLC T2 MOB
LLC T2 Mob,Russia,7.0,99674,RUSSIA,LLC T2 MOB
LLC T2 Mob,Russia,7.0,99680,RUSSIA,LLC T2 MOB
LLC T2 Mob,Russia,7.0,996812,RUSSIA,LLC T2 MOB
LLC T2 Mob,Russia,7.0,996853,RUSSIA,LLC T2 MOB
LLC T2 Mob,Russia,7.0,99988,RUSSIA,LLC T2 MOB
LLC T2 Mob,Russia,7.0,99992,RUSSIA,LLC T2 MOB
LLC T2 Mob,Russia,7.0,842296,RUSSIA,LLC T2 MOB
LLC T2 Mob,Russia,7.0,9002181,RUSSIA,LLC T2 MOB
LLC T2 Mob,Russia,7.0,9002184,RUSSIA,LLC T2 MOB
LLC T2 Mob,Russia,7.0,9002186,RUSSIA,LLC T2 MOB
LLC T2 Mob,Russia,7.0,90032,RUSSIA,LLC T2 MOB
LLC T2 Mob,Russia,7.0,902188,RUSSIA,LLC T2 MOB
LLC T2 Mob,Russia,7.0,902232,RUSSIA,LLC T2 MOB
LLC T2 Mob,Russia,7.0,902234,RUSSIA,LLC T2 MOB
LLC T2 Mob,Russia,7.0,902245,RUSSIA,LLC T2 MOB
LLC T2 Mob,Russia,7.0,902247,RUSSIA,LLC T2 MOB
LLC T2 Mob,Russia,7.0,902257,RUSSIA,LLC T2 MOB
LLC T2 Mob,Russia,7.0,902287,RUSSIA,LLC T2 MOB
LLC T2 Mob,Russia,7.0,902355,RUSSIA,LLC T2 MOB
LLC T2 Mob,Russia,7.0,902360,RUSSIA,LLC T2 MOB
LLC T2 Mob,Russia,7.0,902363,RUSSIA,LLC T2 MOB
LLC T2 Mob,Russia,7.0,90245,RUSSIA,LLC T2 MOB
LLC T2 Mob,Russia,7.0,902466,RUSSIA,LLC T2 MOB
LLC T2 Mob,Russia,7.0,902503,RUSSIA,LLC T2 MOB
LLC T2 Mob,Russia,7.0,902505,RUSSIA,LLC T2 MOB
LLC T2 Mob,Russia,7.0,902513,RUSSIA,LLC T2 MOB
LLC T2 Mob,Russia,7.0,902577,RUSSIA,LLC T2 MOB
LLC T2 Mob,Russia,7.0,902585,RUSSIA,LLC T2 MOB
LLC T2 Mob,Russia,7.0,90260,RUSSIA,LLC T2 MOB
LLC T2 Mob,Russia,7.0,902664,RUSSIA,LLC T2 MOB
LLC T2 Mob,Russia,7.0,902691,RUSSIA,LLC T2 MOB
LLC T2 Mob,Russia,7.0,902692,RUSSIA,LLC T2 MOB
LLC T2 Mob,Russia,7.0,902736,RUSSIA,LLC T2 MOB
LLC T2 Mob,Russia,7.0,902745,RUSSIA,LLC T2 MOB
LLC T2 Mob,Russia,7.0,902813,RUSSIA,LLC T2 MOB
LLC T2 Mob,Russia,7.0,902815,RUSSIA,LLC T2 MOB
LLC T2 Mob,Russia,7.0,902824,RUSSIA,LLC T2 MOB
LLC T2 Mob,Russia,7.0,90285,RUSSIA,LLC T2 MOB
LLC T2 Mob,Russia,7.0,90411,RUSSIA,LLC T2 MOB
LLC T2 Mob,Russia,7.0,90413,RUSSIA,LLC T2 MOB
LLC T2 Mob,Russia,7.0,904263,RUSSIA,LLC T2 MOB
LLC T2 Mob,Russia,7.0,904269,RUSSIA,LLC T2 MOB
LLC T2 Mob,Russia,7.0,90475,RUSSIA,LLC T2 MOB
LLC T2 Mob,Russia,7.0,90476,RUSSIA,LLC T2 MOB
LLC T2 Mob,Russia,7.0,904851,RUSSIA,LLC T2 MOB
LLC T2 Mob,Russia,7.0,908082,RUSSIA,LLC T2 MOB
LLC T2 Mob,Russia,7.0,908087,RUSSIA,LLC T2 MOB
LLC T2 Mob,Russia,7.0,90830,RUSSIA,LLC T2 MOB
LLC T2 Mob,Russia,7.0,90848,RUSSIA,LLC T2 MOB
LLC T2 Mob,Russia,7.0,90864,RUSSIA,LLC T2 MOB
LLC T2 Mob,Russia,7.0,90875,RUSSIA,LLC T2 MOB
LLC T2 Mob,Russia,7.0,90881,RUSSIA,LLC T2 MOB
LLC T2 Mob,Russia,7.0,908855,RUSSIA,LLC T2 MOB
LLC T2 Mob,Russia,7.0,95034,RUSSIA,LLC T2 MOB
LLC T2 Mob,Russia,7.0,95054,RUSSIA,LLC T2 MOB
LLC T2 Mob,Russia,7.0,950562,RUSSIA,LLC T2 MOB
LLC T2 Mob,Russia,7.0,950563,RUSSIA,LLC T2 MOB
LLC T2 Mob,Russia,7.0,951274,RUSSIA,LLC T2 MOB
LLC T2 Mob,Russia,7.0,951278,RUSSIA,LLC T2 MOB
LLC T2 Mob,Russia,7.0,951358,RUSSIA,LLC T2 MOB
LLC T2 Mob,Russia,7.0,95198,RUSSIA,LLC T2 MOB
LLC T2 Mob,Russia,7.0,952080,RUSSIA,LLC T2 MOB
LLC T2 Mob,Russia,7.0,95233,RUSSIA,LLC T2 MOB
LLC T2 Mob,Russia,7.0,952688,RUSSIA,LLC T2 MOB
LLC T2 Mob,Russia,7.0,952721,RUSSIA,LLC T2 MOB
LLC T2 Mob,Russia,7.0,952723,RUSSIA,LLC T2 MOB
LLC T2 Mob,Russia,7.0,953975,RUSSIA,LLC T2 MOB
LLC T2 Mob,Russia,7.0,953979,RUSSIA,LLC T2 MOB
LLC T2 Mob,Russia,7.0,9586440,RUSSIA,LLC T2 MOB
LLC T2 Mob,Russia,7.0,99200,RUSSIA,LLC T2 MOB
LLC T2 Mob,Russia,7.0,99201,RUSSIA,LLC T2 MOB
LLC T2 Mob,Russia,7.0,99230,RUSSIA,LLC T2 MOB
LLC T2 Mob,Russia,7.0,99250,RUSSIA,LLC T2 MOB
LLC T2 Mob,Russia,7.0,99600,RUSSIA,LLC T2 MOB
LLC T2 Mob,Russia,7.0,996014,RUSSIA,LLC T2 MOB
LLC T2 Mob,Russia,7.0,996854,RUSSIA,LLC T2 MOB
LLC T2 Mob,Russia,7.0,9997799,RUSSIA,LLC T2 MOB
LLC T2 Mob,Russia,7.0,99990,RUSSIA,LLC T2 MOB
LLC TE Mob,Russia,7.0,951,RUSSIA,LLC TE MOB
LLC TE Mob,Russia,7.0,351,RUSSIA,LLC TE MOB
LLC TE Mob,Russia,7.0,831,RUSSIA,LLC TE MOB
LLC TE Mob,Russia,7.0,977,RUSSIA,LLC TE MOB
LLC TE Mob,Russia,7.0,993,RUSSIA,LLC TE MOB
LLC TE Mob,Russia,7.0,950,RUSSIA,LLC TE MOB
LLC TE Mob,Russia,7.0,958,RUSSIA,LLC TE MOB
LLC TE Mob,Russia,7.0,991,RUSSIA,LLC TE MOB
LLC TE Mob,Russia,7.0,995,RUSSIA,LLC TE MOB
LLC TE Mob,Russia,7.0,901,RUSSIA,LLC TE MOB
LLC TE Mob,Russia,7.0,902,RUSSIA,LLC TE MOB
LLC TE Mob,Russia,7.0,908,RUSSIA,LLC TE MOB
LLC TE Mob,Russia,7.0,20,RUSSIA,LLC TE MOB
LLC TE Mob,Russia,7.0,346,RUSSIA,LLC TE MOB
LLC TE Mob,Russia,7.0,999,RUSSIA,LLC TE MOB
LLC TE Mob,Russia,7.0,842,RUSSIA,LLC TE MOB
LLC TE Mob,Russia,7.0,900,RUSSIA,LLC TE MOB
LLC TE Mob,Russia,7.0,952,RUSSIA,LLC TE MOB
LLC TE Mob,Russia,7.0,953,RUSSIA,LLC TE MOB
LLC TE Mob,Russia,7.0,996,RUSSIA,LLC TE MOB
LLC TE Mob,Russia,7.0,904,RUSSIA,LLC TE MOB
LLC TE Mob,Russia,7.0,352,RUSSIA,LLC TE MOB
LLC TE Mob,Russia,7.0,992,RUSSIA,LLC TE MOB
LLC TE Mob,Russia,7.0,994,RUSSIA,LLC TE MOB
LLC-T2-Mob,Russia,7.0,5863,RUSSIA,LLC-T2-MOB
LLC-T2-Mob,Russia,7.0,831415,RUSSIA,LLC-T2-MOB
LLC-T2-Mob,Russia,7.0,8422491,RUSSIA,LLC-T2-MOB
LLC-T2-Mob,Russia,7.0,8422493,RUSSIA,LLC-T2-MOB
LLC-T2-Mob,Russia,7.0,842297,RUSSIA,LLC-T2-MOB
LLC-T2-Mob,Russia,7.0,84235903,RUSSIA,LLC-T2-MOB
LLC-T2-Mob,Russia,7.0,84235910,RUSSIA,LLC-T2-MOB
LLC-T2-Mob,Russia,7.0,84235988,RUSSIA,LLC-T2-MOB
LLC-T2-Mob,Russia,7.0,900334,RUSSIA,LLC-T2-MOB
LLC-T2-Mob,Russia,7.0,901,RUSSIA,LLC-T2-MOB
LLC-T2-Mob,Russia,7.0,902150,RUSSIA,LLC-T2-MOB
LLC-T2-Mob,Russia,7.0,902151,RUSSIA,LLC-T2-MOB
LLC-T2-Mob,Russia,7.0,90216,RUSSIA,LLC-T2-MOB
LLC-T2-Mob,Russia,7.0,902248,RUSSIA,LLC-T2-MOB
LLC-T2-Mob,Russia,7.0,902287,RUSSIA,LLC-T2-MOB
LLC-T2-Mob,Russia,7.0,902356,RUSSIA,LLC-T2-MOB
LLC-T2-Mob,Russia,7.0,902358,RUSSIA,LLC-T2-MOB
LLC-T2-Mob,Russia,7.0,902363,RUSSIA,LLC-T2-MOB
LLC-T2-Mob,Russia,7.0,902576,RUSSIA,LLC-T2-MOB
LLC-T2-Mob,Russia,7.0,902584,RUSSIA,LLC-T2-MOB
LLC-T2-Mob,Russia,7.0,902585,RUSSIA,LLC-T2-MOB
LLC-T2-Mob,Russia,7.0,902587,RUSSIA,LLC-T2-MOB
LLC-T2-Mob,Russia,7.0,90263,RUSSIA,LLC-T2-MOB
LLC-T2-Mob,Russia,7.0,90264,RUSSIA,LLC-T2-MOB
LLC-T2-Mob,Russia,7.0,90265,RUSSIA,LLC-T2-MOB
LLC-T2-Mob,Russia,7.0,902691,RUSSIA,LLC-T2-MOB
LLC-T2-Mob,Russia,7.0,902733,RUSSIA,LLC-T2-MOB
LLC-T2-Mob,Russia,7.0,902744,RUSSIA,LLC-T2-MOB
LLC-T2-Mob,Russia,7.0,902824,RUSSIA,LLC-T2-MOB
LLC-T2-Mob,Russia,7.0,90412,RUSSIA,LLC-T2-MOB
LLC-T2-Mob,Russia,7.0,908001,RUSSIA,LLC-T2-MOB
LLC-T2-Mob,Russia,7.0,908006,RUSSIA,LLC-T2-MOB
LLC-T2-Mob,Russia,7.0,908087,RUSSIA,LLC-T2-MOB
LLC-T2-Mob,Russia,7.0,908089,RUSSIA,LLC-T2-MOB
LLC-T2-Mob,Russia,7.0,90809,RUSSIA,LLC-T2-MOB
LLC-T2-Mob,Russia,7.0,90827,RUSSIA,LLC-T2-MOB
LLC-T2-Mob,Russia,7.0,908323,RUSSIA,LLC-T2-MOB
LLC-T2-Mob,Russia,7.0,90873,RUSSIA,LLC-T2-MOB
LLC-T2-Mob,Russia,7.0,90874,RUSSIA,LLC-T2-MOB
LLC-T2-Mob,Russia,7.0,908858,RUSSIA,LLC-T2-MOB
LLC-T2-Mob,Russia,7.0,90886,RUSSIA,LLC-T2-MOB
LLC-T2-Mob,Russia,7.0,95010,RUSSIA,LLC-T2-MOB
LLC-T2-Mob,Russia,7.0,95037,RUSSIA,LLC-T2-MOB
LLC-T2-Mob,Russia,7.0,95045,RUSSIA,LLC-T2-MOB
LLC-T2-Mob,Russia,7.0,95054,RUSSIA,LLC-T2-MOB
LLC-T2-Mob,Russia,7.0,950561,RUSSIA,LLC-T2-MOB
LLC-T2-Mob,Russia,7.0,95106,RUSSIA,LLC-T2-MOB
LLC-T2-Mob,Russia,7.0,95123,RUSSIA,LLC-T2-MOB
LLC-T2-Mob,Russia,7.0,951270,RUSSIA,LLC-T2-MOB
LLC-T2-Mob,Russia,7.0,951271,RUSSIA,LLC-T2-MOB
LLC-T2-Mob,Russia,7.0,951293,RUSSIA,LLC-T2-MOB
LLC-T2-Mob,Russia,7.0,951340,RUSSIA,LLC-T2-MOB
LLC-T2-Mob,Russia,7.0,951342,RUSSIA,LLC-T2-MOB
LLC-T2-Mob,Russia,7.0,951359,RUSSIA,LLC-T2-MOB
LLC-T2-Mob,Russia,7.0,95193,RUSSIA,LLC-T2-MOB
LLC-T2-Mob,Russia,7.0,95194,RUSSIA,LLC-T2-MOB
LLC-T2-Mob,Russia,7.0,95197,RUSSIA,LLC-T2-MOB
LLC-T2-Mob,Russia,7.0,952011,RUSSIA,LLC-T2-MOB
LLC-T2-Mob,Russia,7.0,952014,RUSSIA,LLC-T2-MOB
LLC-T2-Mob,Russia,7.0,95207,RUSSIA,LLC-T2-MOB
LLC-T2-Mob,Russia,7.0,952664,RUSSIA,LLC-T2-MOB
LLC-T2-Mob,Russia,7.0,952671,RUSSIA,LLC-T2-MOB
LLC-T2-Mob,Russia,7.0,952682,RUSSIA,LLC-T2-MOB
LLC-T2-Mob,Russia,7.0,952684,RUSSIA,LLC-T2-MOB
LLC-T2-Mob,Russia,7.0,953034,RUSSIA,LLC-T2-MOB
LLC-T2-Mob,Russia,7.0,953897,RUSSIA,LLC-T2-MOB
LLC-T2-Mob,Russia,7.0,953999,RUSSIA,LLC-T2-MOB
LLC-T2-Mob,Russia,7.0,99236,RUSSIA,LLC-T2-MOB
LLC-T2-Mob,Russia,7.0,99240,RUSSIA,LLC-T2-MOB
LLC-T2-Mob,Russia,7.0,994010,RUSSIA,LLC-T2-MOB
LLC-T2-Mob,Russia,7.0,994270,RUSSIA,LLC-T2-MOB
LLC-T2-Mob,Russia,7.0,995201,RUSSIA,LLC-T2-MOB
LLC-T2-Mob,Russia,7.0,99580,RUSSIA,LLC-T2-MOB
LLC-T2-Mob,Russia,7.0,996014,RUSSIA,LLC-T2-MOB
LLC-T2-Mob,Russia,7.0,996203,RUSSIA,LLC-T2-MOB
LLC-T2-Mob,Russia,7.0,996852,RUSSIA,LLC-T2-MOB
LLC-T2-Mob,Russia,7.0,999680,RUSSIA,LLC-T2-MOB
LLC-T2-Mob,Russia,7.0,8313037,RUSSIA,LLC-T2-MOB
LLC-T2-Mob,Russia,7.0,8422494,RUSSIA,LLC-T2-MOB
LLC-T2-Mob,Russia,7.0,8422496,RUSSIA,LLC-T2-MOB
LLC-T2-Mob,Russia,7.0,842295,RUSSIA,LLC-T2-MOB
LLC-T2-Mob,Russia,7.0,84235902,RUSSIA,LLC-T2-MOB
LLC-T2-Mob,Russia,7.0,84235912,RUSSIA,LLC-T2-MOB
LLC-T2-Mob,Russia,7.0,84235914,RUSSIA,LLC-T2-MOB
LLC-T2-Mob,Russia,7.0,84235957,RUSSIA,LLC-T2-MOB
LLC-T2-Mob,Russia,7.0,84235958,RUSSIA,LLC-T2-MOB
LLC-T2-Mob,Russia,7.0,900194,RUSSIA,LLC-T2-MOB
LLC-T2-Mob,Russia,7.0,9002180,RUSSIA,LLC-T2-MOB
LLC-T2-Mob,Russia,7.0,902188,RUSSIA,LLC-T2-MOB
LLC-T2-Mob,Russia,7.0,902246,RUSSIA,LLC-T2-MOB
LLC-T2-Mob,Russia,7.0,902247,RUSSIA,LLC-T2-MOB
LLC-T2-Mob,Russia,7.0,902258,RUSSIA,LLC-T2-MOB
LLC-T2-Mob,Russia,7.0,902314,RUSSIA,LLC-T2-MOB
LLC-T2-Mob,Russia,7.0,902329,RUSSIA,LLC-T2-MOB
LLC-T2-Mob,Russia,7.0,902361,RUSSIA,LLC-T2-MOB
LLC-T2-Mob,Russia,7.0,90244,RUSSIA,LLC-T2-MOB
LLC-T2-Mob,Russia,7.0,902466,RUSSIA,LLC-T2-MOB
LLC-T2-Mob,Russia,7.0,90262,RUSSIA,LLC-T2-MOB
LLC-T2-Mob,Russia,7.0,902736,RUSSIA,LLC-T2-MOB
LLC-T2-Mob,Russia,7.0,902812,RUSSIA,LLC-T2-MOB
LLC-T2-Mob,Russia,7.0,902813,RUSSIA,LLC-T2-MOB
LLC-T2-Mob,Russia,7.0,902829,RUSSIA,LLC-T2-MOB
LLC-T2-Mob,Russia,7.0,90286,RUSSIA,LLC-T2-MOB
LLC-T2-Mob,Russia,7.0,90411,RUSSIA,LLC-T2-MOB
LLC-T2-Mob,Russia,7.0,90413,RUSSIA,LLC-T2-MOB
LLC-T2-Mob,Russia,7.0,904244,RUSSIA,LLC-T2-MOB
LLC-T2-Mob,Russia,7.0,904268,RUSSIA,LLC-T2-MOB
LLC-T2-Mob,Russia,7.0,90475,RUSSIA,LLC-T2-MOB
LLC-T2-Mob,Russia,7.0,90480,RUSSIA,LLC-T2-MOB
LLC-T2-Mob,Russia,7.0,904853,RUSSIA,LLC-T2-MOB
LLC-T2-Mob,Russia,7.0,904854,RUSSIA,LLC-T2-MOB
LLC-T2-Mob,Russia,7.0,908009,RUSSIA,LLC-T2-MOB
LLC-T2-Mob,Russia,7.0,90824,RUSSIA,LLC-T2-MOB
LLC-T2-Mob,Russia,7.0,908320,RUSSIA,LLC-T2-MOB
LLC-T2-Mob,Russia,7.0,908324,RUSSIA,LLC-T2-MOB
LLC-T2-Mob,Russia,7.0,908491,RUSSIA,LLC-T2-MOB
LLC-T2-Mob,Russia,7.0,90854,RUSSIA,LLC-T2-MOB
LLC-T2-Mob,Russia,7.0,9086082,RUSSIA,LLC-T2-MOB
LLC-T2-Mob,Russia,7.0,90864,RUSSIA,LLC-T2-MOB
LLC-T2-Mob,Russia,7.0,90881,RUSSIA,LLC-T2-MOB
LLC-T2-Mob,Russia,7.0,908856,RUSSIA,LLC-T2-MOB
LLC-T2-Mob,Russia,7.0,908859,RUSSIA,LLC-T2-MOB
LLC-T2-Mob,Russia,7.0,950013,RUSSIA,LLC-T2-MOB
LLC-T2-Mob,Russia,7.0,95051,RUSSIA,LLC-T2-MOB
LLC-T2-Mob,Russia,7.0,95103,RUSSIA,LLC-T2-MOB
LLC-T2-Mob,Russia,7.0,951274,RUSSIA,LLC-T2-MOB
LLC-T2-Mob,Russia,7.0,951276,RUSSIA,LLC-T2-MOB
LLC-T2-Mob,Russia,7.0,951294,RUSSIA,LLC-T2-MOB
LLC-T2-Mob,Russia,7.0,951341,RUSSIA,LLC-T2-MOB
LLC-T2-Mob,Russia,7.0,95198,RUSSIA,LLC-T2-MOB
LLC-T2-Mob,Russia,7.0,951995,RUSSIA,LLC-T2-MOB
LLC-T2-Mob,Russia,7.0,951996,RUSSIA,LLC-T2-MOB
LLC-T2-Mob,Russia,7.0,951998,RUSSIA,LLC-T2-MOB
LLC-T2-Mob,Russia,7.0,952082,RUSSIA,LLC-T2-MOB
LLC-T2-Mob,Russia,7.0,952084,RUSSIA,LLC-T2-MOB
LLC-T2-Mob,Russia,7.0,952311,RUSSIA,LLC-T2-MOB
LLC-T2-Mob,Russia,7.0,952315,RUSSIA,LLC-T2-MOB
LLC-T2-Mob,Russia,7.0,952318,RUSSIA,LLC-T2-MOB
LLC-T2-Mob,Russia,7.0,95232,RUSSIA,LLC-T2-MOB
LLC-T2-Mob,Russia,7.0,95264,RUSSIA,LLC-T2-MOB
LLC-T2-Mob,Russia,7.0,952663,RUSSIA,LLC-T2-MOB
LLC-T2-Mob,Russia,7.0,952670,RUSSIA,LLC-T2-MOB
LLC-T2-Mob,Russia,7.0,952677,RUSSIA,LLC-T2-MOB
LLC-T2-Mob,Russia,7.0,952759,RUSSIA,LLC-T2-MOB
LLC-T2-Mob,Russia,7.0,953030,RUSSIA,LLC-T2-MOB
LLC-T2-Mob,Russia,7.0,953448,RUSSIA,LLC-T2-MOB
LLC-T2-Mob,Russia,7.0,953449,RUSSIA,LLC-T2-MOB
LLC-T2-Mob,Russia,7.0,95348,RUSSIA,LLC-T2-MOB
LLC-T2-Mob,Russia,7.0,95398,RUSSIA,LLC-T2-MOB
LLC-T2-Mob,Russia,7.0,9539963,RUSSIA,LLC-T2-MOB
LLC-T2-Mob,Russia,7.0,9586441,RUSSIA,LLC-T2-MOB
LLC-T2-Mob,Russia,7.0,99100,RUSSIA,LLC-T2-MOB
LLC-T2-Mob,Russia,7.0,991012,RUSSIA,LLC-T2-MOB
LLC-T2-Mob,Russia,7.0,99241,RUSSIA,LLC-T2-MOB
LLC-T2-Mob,Russia,7.0,99242,RUSSIA,LLC-T2-MOB
LLC-T2-Mob,Russia,7.0,99252,RUSSIA,LLC-T2-MOB
LLC-T2-Mob,Russia,7.0,995202,RUSSIA,LLC-T2-MOB
LLC-T2-Mob,Russia,7.0,996016,RUSSIA,LLC-T2-MOB
LLC-T2-Mob,Russia,7.0,996018,RUSSIA,LLC-T2-MOB
LLC-T2-Mob,Russia,7.0,996853,RUSSIA,LLC-T2-MOB
LLC-T2-Mob,Russia,7.0,351,RUSSIA,LLC-T2-MOB
LLC-T2-Mob,Russia,7.0,35226,RUSSIA,LLC-T2-MOB
LLC-T2-Mob,Russia,7.0,84235911,RUSSIA,LLC-T2-MOB
LLC-T2-Mob,Russia,7.0,84235955,RUSSIA,LLC-T2-MOB
LLC-T2-Mob,Russia,7.0,9002184,RUSSIA,LLC-T2-MOB
LLC-T2-Mob,Russia,7.0,9002186,RUSSIA,LLC-T2-MOB
LLC-T2-Mob,Russia,7.0,9004714,RUSSIA,LLC-T2-MOB
LLC-T2-Mob,Russia,7.0,902155,RUSSIA,LLC-T2-MOB
LLC-T2-Mob,Russia,7.0,902355,RUSSIA,LLC-T2-MOB
LLC-T2-Mob,Russia,7.0,90238,RUSSIA,LLC-T2-MOB
LLC-T2-Mob,Russia,7.0,902464,RUSSIA,LLC-T2-MOB
LLC-T2-Mob,Russia,7.0,90247,RUSSIA,LLC-T2-MOB
LLC-T2-Mob,Russia,7.0,902506,RUSSIA,LLC-T2-MOB
LLC-T2-Mob,Russia,7.0,902511,RUSSIA,LLC-T2-MOB
LLC-T2-Mob,Russia,7.0,902514,RUSSIA,LLC-T2-MOB
LLC-T2-Mob,Russia,7.0,90254,RUSSIA,LLC-T2-MOB
LLC-T2-Mob,Russia,7.0,902579,RUSSIA,LLC-T2-MOB
LLC-T2-Mob,Russia,7.0,902666,RUSSIA,LLC-T2-MOB
LLC-T2-Mob,Russia,7.0,902672,RUSSIA,LLC-T2-MOB
LLC-T2-Mob,Russia,7.0,90268,RUSSIA,LLC-T2-MOB
LLC-T2-Mob,Russia,7.0,902693,RUSSIA,LLC-T2-MOB
LLC-T2-Mob,Russia,7.0,90279,RUSSIA,LLC-T2-MOB
LLC-T2-Mob,Russia,7.0,902815,RUSSIA,LLC-T2-MOB
LLC-T2-Mob,Russia,7.0,902817,RUSSIA,LLC-T2-MOB
LLC-T2-Mob,Russia,7.0,902825,RUSSIA,LLC-T2-MOB
LLC-T2-Mob,Russia,7.0,902936,RUSSIA,LLC-T2-MOB
LLC-T2-Mob,Russia,7.0,904242,RUSSIA,LLC-T2-MOB
LLC-T2-Mob,Russia,7.0,904263,RUSSIA,LLC-T2-MOB
LLC-T2-Mob,Russia,7.0,904264,RUSSIA,LLC-T2-MOB
LLC-T2-Mob,Russia,7.0,904269,RUSSIA,LLC-T2-MOB
LLC-T2-Mob,Russia,7.0,90441,RUSSIA,LLC-T2-MOB
LLC-T2-Mob,Russia,7.0,90477,RUSSIA,LLC-T2-MOB
LLC-T2-Mob,Russia,7.0,90478,RUSSIA,LLC-T2-MOB
LLC-T2-Mob,Russia,7.0,908005,RUSSIA,LLC-T2-MOB
LLC-T2-Mob,Russia,7.0,90830,RUSSIA,LLC-T2-MOB
LLC-T2-Mob,Russia,7.0,908496,RUSSIA,LLC-T2-MOB
LLC-T2-Mob,Russia,7.0,908497,RUSSIA,LLC-T2-MOB
LLC-T2-Mob,Russia,7.0,9086083,RUSSIA,LLC-T2-MOB
LLC-T2-Mob,Russia,7.0,9086084,RUSSIA,LLC-T2-MOB
LLC-T2-Mob,Russia,7.0,90865,RUSSIA,LLC-T2-MOB
LLC-T2-Mob,Russia,7.0,90866,RUSSIA,LLC-T2-MOB
LLC-T2-Mob,Russia,7.0,90875,RUSSIA,LLC-T2-MOB
LLC-T2-Mob,Russia,7.0,90876,RUSSIA,LLC-T2-MOB
LLC-T2-Mob,Russia,7.0,95028,RUSSIA,LLC-T2-MOB
LLC-T2-Mob,Russia,7.0,95031,RUSSIA,LLC-T2-MOB
LLC-T2-Mob,Russia,7.0,95035,RUSSIA,LLC-T2-MOB
LLC-T2-Mob,Russia,7.0,95053,RUSSIA,LLC-T2-MOB
LLC-T2-Mob,Russia,7.0,950946,RUSSIA,LLC-T2-MOB
LLC-T2-Mob,Russia,7.0,95125,RUSSIA,LLC-T2-MOB
LLC-T2-Mob,Russia,7.0,951275,RUSSIA,LLC-T2-MOB
LLC-T2-Mob,Russia,7.0,951277,RUSSIA,LLC-T2-MOB
LLC-T2-Mob,Russia,7.0,951278,RUSSIA,LLC-T2-MOB
LLC-T2-Mob,Russia,7.0,951290,RUSSIA,LLC-T2-MOB
LLC-T2-Mob,Russia,7.0,951292,RUSSIA,LLC-T2-MOB
LLC-T2-Mob,Russia,7.0,951343,RUSSIA,LLC-T2-MOB
LLC-T2-Mob,Russia,7.0,951358,RUSSIA,LLC-T2-MOB
LLC-T2-Mob,Russia,7.0,95190,RUSSIA,LLC-T2-MOB
LLC-T2-Mob,Russia,7.0,95192,RUSSIA,LLC-T2-MOB
LLC-T2-Mob,Russia,7.0,951992,RUSSIA,LLC-T2-MOB
LLC-T2-Mob,Russia,7.0,951994,RUSSIA,LLC-T2-MOB
LLC-T2-Mob,Russia,7.0,95247,RUSSIA,LLC-T2-MOB
LLC-T2-Mob,Russia,7.0,952660,RUSSIA,LLC-T2-MOB
LLC-T2-Mob,Russia,7.0,952661,RUSSIA,LLC-T2-MOB
LLC-T2-Mob,Russia,7.0,952662,RUSSIA,LLC-T2-MOB
LLC-T2-Mob,Russia,7.0,952674,RUSSIA,LLC-T2-MOB
LLC-T2-Mob,Russia,7.0,952678,RUSSIA,LLC-T2-MOB
LLC-T2-Mob,Russia,7.0,952724,RUSSIA,LLC-T2-MOB
LLC-T2-Mob,Russia,7.0,953031,RUSSIA,LLC-T2-MOB
LLC-T2-Mob,Russia,7.0,953412,RUSSIA,LLC-T2-MOB
LLC-T2-Mob,Russia,7.0,953415,RUSSIA,LLC-T2-MOB
LLC-T2-Mob,Russia,7.0,953445,RUSSIA,LLC-T2-MOB
LLC-T2-Mob,Russia,7.0,953446,RUSSIA,LLC-T2-MOB
LLC-T2-Mob,Russia,7.0,95349,RUSSIA,LLC-T2-MOB
LLC-T2-Mob,Russia,7.0,953899,RUSSIA,LLC-T2-MOB
LLC-T2-Mob,Russia,7.0,953975,RUSSIA,LLC-T2-MOB
LLC-T2-Mob,Russia,7.0,9586442,RUSSIA,LLC-T2-MOB
LLC-T2-Mob,Russia,7.0,99200,RUSSIA,LLC-T2-MOB
LLC-T2-Mob,Russia,7.0,99220,RUSSIA,LLC-T2-MOB
LLC-T2-Mob,Russia,7.0,99231,RUSSIA,LLC-T2-MOB
LLC-T2-Mob,Russia,7.0,99235,RUSSIA,LLC-T2-MOB
LLC-T2-Mob,Russia,7.0,99250,RUSSIA,LLC-T2-MOB
LLC-T2-Mob,Russia,7.0,99600,RUSSIA,LLC-T2-MOB
LLC-T2-Mob,Russia,7.0,996015,RUSSIA,LLC-T2-MOB
LLC-T2-Mob,Russia,7.0,99615,RUSSIA,LLC-T2-MOB
LLC-T2-Mob,Russia,7.0,99672,RUSSIA,LLC-T2-MOB
LLC-T2-Mob,Russia,7.0,99673,RUSSIA,LLC-T2-MOB
LLC-T2-Mob,Russia,7.0,9968013,RUSSIA,LLC-T2-MOB
LLC-T2-Mob,Russia,7.0,99989,RUSSIA,LLC-T2-MOB
LLC-T2-Mob,Russia,7.0,99992,RUSSIA,LLC-T2-MOB
LLC-T2-Mob,Russia,7.0,39,RUSSIA,LLC-T2-MOB
LLC-T2-Mob,Russia,7.0,842294,RUSSIA,LLC-T2-MOB
LLC-T2-Mob,Russia,7.0,842299,RUSSIA,LLC-T2-MOB
LLC-T2-Mob,Russia,7.0,900217,RUSSIA,LLC-T2-MOB
LLC-T2-Mob,Russia,7.0,9002182,RUSSIA,LLC-T2-MOB
LLC-T2-Mob,Russia,7.0,9002187,RUSSIA,LLC-T2-MOB
LLC-T2-Mob,Russia,7.0,90032,RUSSIA,LLC-T2-MOB
LLC-T2-Mob,Russia,7.0,900330,RUSSIA,LLC-T2-MOB
LLC-T2-Mob,Russia,7.0,900454,RUSSIA,LLC-T2-MOB
LLC-T2-Mob,Russia,7.0,9004655,RUSSIA,LLC-T2-MOB
LLC-T2-Mob,Russia,7.0,90200,RUSSIA,LLC-T2-MOB
LLC-T2-Mob,Russia,7.0,90204,RUSSIA,LLC-T2-MOB
LLC-T2-Mob,Russia,7.0,90209,RUSSIA,LLC-T2-MOB
LLC-T2-Mob,Russia,7.0,902232,RUSSIA,LLC-T2-MOB
LLC-T2-Mob,Russia,7.0,902245,RUSSIA,LLC-T2-MOB
LLC-T2-Mob,Russia,7.0,902254,RUSSIA,LLC-T2-MOB
LLC-T2-Mob,Russia,7.0,902255,RUSSIA,LLC-T2-MOB
LLC-T2-Mob,Russia,7.0,902256,RUSSIA,LLC-T2-MOB
LLC-T2-Mob,Russia,7.0,902257,RUSSIA,LLC-T2-MOB
LLC-T2-Mob,Russia,7.0,90226,RUSSIA,LLC-T2-MOB
LLC-T2-Mob,Russia,7.0,902288,RUSSIA,LLC-T2-MOB
LLC-T2-Mob,Russia,7.0,902325,RUSSIA,LLC-T2-MOB
LLC-T2-Mob,Russia,7.0,902326,RUSSIA,LLC-T2-MOB
LLC-T2-Mob,Russia,7.0,902465,RUSSIA,LLC-T2-MOB
LLC-T2-Mob,Russia,7.0,902513,RUSSIA,LLC-T2-MOB
LLC-T2-Mob,Russia,7.0,902516,RUSSIA,LLC-T2-MOB
LLC-T2-Mob,Russia,7.0,902582,RUSSIA,LLC-T2-MOB
LLC-T2-Mob,Russia,7.0,902588,RUSSIA,LLC-T2-MOB
LLC-T2-Mob,Russia,7.0,902664,RUSSIA,LLC-T2-MOB
LLC-T2-Mob,Russia,7.0,902670,RUSSIA,LLC-T2-MOB
LLC-T2-Mob,Russia,7.0,902671,RUSSIA,LLC-T2-MOB
LLC-T2-Mob,Russia,7.0,902692,RUSSIA,LLC-T2-MOB
LLC-T2-Mob,Russia,7.0,902730,RUSSIA,LLC-T2-MOB
LLC-T2-Mob,Russia,7.0,902731,RUSSIA,LLC-T2-MOB
LLC-T2-Mob,Russia,7.0,902737,RUSSIA,LLC-T2-MOB
LLC-T2-Mob,Russia,7.0,90278,RUSSIA,LLC-T2-MOB
LLC-T2-Mob,Russia,7.0,902818,RUSSIA,LLC-T2-MOB
LLC-T2-Mob,Russia,7.0,90289,RUSSIA,LLC-T2-MOB
LLC-T2-Mob,Russia,7.0,904243,RUSSIA,LLC-T2-MOB
LLC-T2-Mob,Russia,7.0,90442,RUSSIA,LLC-T2-MOB
LLC-T2-Mob,Russia,7.0,90445,RUSSIA,LLC-T2-MOB
LLC-T2-Mob,Russia,7.0,90448,RUSSIA,LLC-T2-MOB
LLC-T2-Mob,Russia,7.0,90449,RUSSIA,LLC-T2-MOB
LLC-T2-Mob,Russia,7.0,90481,RUSSIA,LLC-T2-MOB
LLC-T2-Mob,Russia,7.0,90484,RUSSIA,LLC-T2-MOB
LLC-T2-Mob,Russia,7.0,904855,RUSSIA,LLC-T2-MOB
LLC-T2-Mob,Russia,7.0,90488,RUSSIA,LLC-T2-MOB
LLC-T2-Mob,Russia,7.0,90491,RUSSIA,LLC-T2-MOB
LLC-T2-Mob,Russia,7.0,90807,RUSSIA,LLC-T2-MOB
LLC-T2-Mob,Russia,7.0,908499,RUSSIA,LLC-T2-MOB
LLC-T2-Mob,Russia,7.0,90872,RUSSIA,LLC-T2-MOB
LLC-T2-Mob,Russia,7.0,90883,RUSSIA,LLC-T2-MOB
LLC-T2-Mob,Russia,7.0,90887,RUSSIA,LLC-T2-MOB
LLC-T2-Mob,Russia,7.0,95014,RUSSIA,LLC-T2-MOB
LLC-T2-Mob,Russia,7.0,95049,RUSSIA,LLC-T2-MOB
LLC-T2-Mob,Russia,7.0,95052,RUSSIA,LLC-T2-MOB
LLC-T2-Mob,Russia,7.0,950948,RUSSIA,LLC-T2-MOB
LLC-T2-Mob,Russia,7.0,950969,RUSSIA,LLC-T2-MOB
LLC-T2-Mob,Russia,7.0,95105,RUSSIA,LLC-T2-MOB
LLC-T2-Mob,Russia,7.0,951273,RUSSIA,LLC-T2-MOB
LLC-T2-Mob,Russia,7.0,951299,RUSSIA,LLC-T2-MOB
LLC-T2-Mob,Russia,7.0,95143,RUSSIA,LLC-T2-MOB
LLC-T2-Mob,Russia,7.0,951990,RUSSIA,LLC-T2-MOB
LLC-T2-Mob,Russia,7.0,951997,RUSSIA,LLC-T2-MOB
LLC-T2-Mob,Russia,7.0,95234,RUSSIA,LLC-T2-MOB
LLC-T2-Mob,Russia,7.0,952672,RUSSIA,LLC-T2-MOB
LLC-T2-Mob,Russia,7.0,952723,RUSSIA,LLC-T2-MOB
LLC-T2-Mob,Russia,7.0,952757,RUSSIA,LLC-T2-MOB
LLC-T2-Mob,Russia,7.0,952758,RUSSIA,LLC-T2-MOB
LLC-T2-Mob,Russia,7.0,95301,RUSSIA,LLC-T2-MOB
LLC-T2-Mob,Russia,7.0,953033,RUSSIA,LLC-T2-MOB
LLC-T2-Mob,Russia,7.0,95345,RUSSIA,LLC-T2-MOB
LLC-T2-Mob,Russia,7.0,95382,RUSSIA,LLC-T2-MOB
LLC-T2-Mob,Russia,7.0,953976,RUSSIA,LLC-T2-MOB
LLC-T2-Mob,Russia,7.0,953977,RUSSIA,LLC-T2-MOB
LLC-T2-Mob,Russia,7.0,958642,RUSSIA,LLC-T2-MOB
LLC-T2-Mob,Russia,7.0,99301,RUSSIA,LLC-T2-MOB
LLC-T2-Mob,Russia,7.0,994012,RUSSIA,LLC-T2-MOB
LLC-T2-Mob,Russia,7.0,994250,RUSSIA,LLC-T2-MOB
LLC-T2-Mob,Russia,7.0,994271,RUSSIA,LLC-T2-MOB
LLC-T2-Mob,Russia,7.0,99540,RUSSIA,LLC-T2-MOB
LLC-T2-Mob,Russia,7.0,996201,RUSSIA,LLC-T2-MOB
LLC-T2-Mob,Russia,7.0,996204,RUSSIA,LLC-T2-MOB
LLC-T2-Mob,Russia,7.0,996302,RUSSIA,LLC-T2-MOB
LLC-T2-Mob,Russia,7.0,996851,RUSSIA,LLC-T2-MOB
LLC-T2-Mob,Russia,7.0,9997799,RUSSIA,LLC-T2-MOB
LLC-T2-Mob,Russia,7.0,842292,RUSSIA,LLC-T2-MOB
LLC-T2-Mob,Russia,7.0,84235959,RUSSIA,LLC-T2-MOB
LLC-T2-Mob,Russia,7.0,9002181,RUSSIA,LLC-T2-MOB
LLC-T2-Mob,Russia,7.0,900331,RUSSIA,LLC-T2-MOB
LLC-T2-Mob,Russia,7.0,900333,RUSSIA,LLC-T2-MOB
LLC-T2-Mob,Russia,7.0,902231,RUSSIA,LLC-T2-MOB
LLC-T2-Mob,Russia,7.0,902244,RUSSIA,LLC-T2-MOB
LLC-T2-Mob,Russia,7.0,902253,RUSSIA,LLC-T2-MOB
LLC-T2-Mob,Russia,7.0,90227,RUSSIA,LLC-T2-MOB
LLC-T2-Mob,Russia,7.0,902311,RUSSIA,LLC-T2-MOB
LLC-T2-Mob,Russia,7.0,902312,RUSSIA,LLC-T2-MOB
LLC-T2-Mob,Russia,7.0,902357,RUSSIA,LLC-T2-MOB
LLC-T2-Mob,Russia,7.0,902409,RUSSIA,LLC-T2-MOB
LLC-T2-Mob,Russia,7.0,90243,RUSSIA,LLC-T2-MOB
LLC-T2-Mob,Russia,7.0,90245,RUSSIA,LLC-T2-MOB
LLC-T2-Mob,Russia,7.0,902505,RUSSIA,LLC-T2-MOB
LLC-T2-Mob,Russia,7.0,902512,RUSSIA,LLC-T2-MOB
LLC-T2-Mob,Russia,7.0,902519,RUSSIA,LLC-T2-MOB
LLC-T2-Mob,Russia,7.0,902583,RUSSIA,LLC-T2-MOB
LLC-T2-Mob,Russia,7.0,902589,RUSSIA,LLC-T2-MOB
LLC-T2-Mob,Russia,7.0,90261,RUSSIA,LLC-T2-MOB
LLC-T2-Mob,Russia,7.0,902828,RUSSIA,LLC-T2-MOB
LLC-T2-Mob,Russia,7.0,90440,RUSSIA,LLC-T2-MOB
LLC-T2-Mob,Russia,7.0,90443,RUSSIA,LLC-T2-MOB
LLC-T2-Mob,Russia,7.0,904852,RUSSIA,LLC-T2-MOB
LLC-T2-Mob,Russia,7.0,908000,RUSSIA,LLC-T2-MOB
LLC-T2-Mob,Russia,7.0,908003,RUSSIA,LLC-T2-MOB
LLC-T2-Mob,Russia,7.0,90825,RUSSIA,LLC-T2-MOB
LLC-T2-Mob,Russia,7.0,908321,RUSSIA,LLC-T2-MOB
LLC-T2-Mob,Russia,7.0,908322,RUSSIA,LLC-T2-MOB
LLC-T2-Mob,Russia,7.0,908495,RUSSIA,LLC-T2-MOB
LLC-T2-Mob,Russia,7.0,9086080,RUSSIA,LLC-T2-MOB
LLC-T2-Mob,Russia,7.0,90882,RUSSIA,LLC-T2-MOB
LLC-T2-Mob,Russia,7.0,908855,RUSSIA,LLC-T2-MOB
LLC-T2-Mob,Russia,7.0,90888,RUSSIA,LLC-T2-MOB
LLC-T2-Mob,Russia,7.0,95006,RUSSIA,LLC-T2-MOB
LLC-T2-Mob,Russia,7.0,95032,RUSSIA,LLC-T2-MOB
LLC-T2-Mob,Russia,7.0,95046,RUSSIA,LLC-T2-MOB
LLC-T2-Mob,Russia,7.0,95048,RUSSIA,LLC-T2-MOB
LLC-T2-Mob,Russia,7.0,950562,RUSSIA,LLC-T2-MOB
LLC-T2-Mob,Russia,7.0,950564,RUSSIA,LLC-T2-MOB
LLC-T2-Mob,Russia,7.0,950949,RUSSIA,LLC-T2-MOB
LLC-T2-Mob,Russia,7.0,95195,RUSSIA,LLC-T2-MOB
LLC-T2-Mob,Russia,7.0,95262,RUSSIA,LLC-T2-MOB
LLC-T2-Mob,Russia,7.0,95263,RUSSIA,LLC-T2-MOB
LLC-T2-Mob,Russia,7.0,952688,RUSSIA,LLC-T2-MOB
LLC-T2-Mob,Russia,7.0,95271,RUSSIA,LLC-T2-MOB
LLC-T2-Mob,Russia,7.0,952720,RUSSIA,LLC-T2-MOB
LLC-T2-Mob,Russia,7.0,952722,RUSSIA,LLC-T2-MOB
LLC-T2-Mob,Russia,7.0,953032,RUSSIA,LLC-T2-MOB
LLC-T2-Mob,Russia,7.0,95340,RUSSIA,LLC-T2-MOB
LLC-T2-Mob,Russia,7.0,9539962,RUSSIA,LLC-T2-MOB
LLC-T2-Mob,Russia,7.0,9580,RUSSIA,LLC-T2-MOB
LLC-T2-Mob,Russia,7.0,958643,RUSSIA,LLC-T2-MOB
LLC-T2-Mob,Russia,7.0,9586440,RUSSIA,LLC-T2-MOB
LLC-T2-Mob,Russia,7.0,9586444,RUSSIA,LLC-T2-MOB
LLC-T2-Mob,Russia,7.0,99101,RUSSIA,LLC-T2-MOB
LLC-T2-Mob,Russia,7.0,99222,RUSSIA,LLC-T2-MOB
LLC-T2-Mob,Russia,7.0,993031,RUSSIA,LLC-T2-MOB
LLC-T2-Mob,Russia,7.0,996013,RUSSIA,LLC-T2-MOB
LLC-T2-Mob,Russia,7.0,99666,RUSSIA,LLC-T2-MOB
LLC-T2-Mob,Russia,7.0,996810,RUSSIA,LLC-T2-MOB
LLC-T2-Mob,Russia,7.0,996814,RUSSIA,LLC-T2-MOB
LLC-T2-Mob,Russia,7.0,346,RUSSIA,LLC-T2-MOB
LLC-T2-Mob,Russia,7.0,842293,RUSSIA,LLC-T2-MOB
LLC-T2-Mob,Russia,7.0,842296,RUSSIA,LLC-T2-MOB
LLC-T2-Mob,Russia,7.0,842298,RUSSIA,LLC-T2-MOB
LLC-T2-Mob,Russia,7.0,84235956,RUSSIA,LLC-T2-MOB
LLC-T2-Mob,Russia,7.0,9002185,RUSSIA,LLC-T2-MOB
LLC-T2-Mob,Russia,7.0,900446,RUSSIA,LLC-T2-MOB
LLC-T2-Mob,Russia,7.0,90210,RUSSIA,LLC-T2-MOB
LLC-T2-Mob,Russia,7.0,90217,RUSSIA,LLC-T2-MOB
LLC-T2-Mob,Russia,7.0,902233,RUSSIA,LLC-T2-MOB
LLC-T2-Mob,Russia,7.0,902234,RUSSIA,LLC-T2-MOB
LLC-T2-Mob,Russia,7.0,902259,RUSSIA,LLC-T2-MOB
LLC-T2-Mob,Russia,7.0,90230,RUSSIA,LLC-T2-MOB
LLC-T2-Mob,Russia,7.0,902400,RUSSIA,LLC-T2-MOB
LLC-T2-Mob,Russia,7.0,902461,RUSSIA,LLC-T2-MOB
LLC-T2-Mob,Russia,7.0,902462,RUSSIA,LLC-T2-MOB
LLC-T2-Mob,Russia,7.0,902502,RUSSIA,LLC-T2-MOB
LLC-T2-Mob,Russia,7.0,902503,RUSSIA,LLC-T2-MOB
LLC-T2-Mob,Russia,7.0,902509,RUSSIA,LLC-T2-MOB
LLC-T2-Mob,Russia,7.0,902510,RUSSIA,LLC-T2-MOB
LLC-T2-Mob,Russia,7.0,902577,RUSSIA,LLC-T2-MOB
LLC-T2-Mob,Russia,7.0,90272,RUSSIA,LLC-T2-MOB
LLC-T2-Mob,Russia,7.0,902734,RUSSIA,LLC-T2-MOB
LLC-T2-Mob,Russia,7.0,902745,RUSSIA,LLC-T2-MOB
LLC-T2-Mob,Russia,7.0,902816,RUSSIA,LLC-T2-MOB
LLC-T2-Mob,Russia,7.0,902820,RUSSIA,LLC-T2-MOB
LLC-T2-Mob,Russia,7.0,90283,RUSSIA,LLC-T2-MOB
LLC-T2-Mob,Russia,7.0,902935,RUSSIA,LLC-T2-MOB
LLC-T2-Mob,Russia,7.0,90414,RUSSIA,LLC-T2-MOB
LLC-T2-Mob,Russia,7.0,90415,RUSSIA,LLC-T2-MOB
LLC-T2-Mob,Russia,7.0,90466,RUSSIA,LLC-T2-MOB
LLC-T2-Mob,Russia,7.0,90467,RUSSIA,LLC-T2-MOB
LLC-T2-Mob,Russia,7.0,90476,RUSSIA,LLC-T2-MOB
LLC-T2-Mob,Russia,7.0,904850,RUSSIA,LLC-T2-MOB
LLC-T2-Mob,Russia,7.0,90492,RUSSIA,LLC-T2-MOB
LLC-T2-Mob,Russia,7.0,90493,RUSSIA,LLC-T2-MOB
LLC-T2-Mob,Russia,7.0,908002,RUSSIA,LLC-T2-MOB
LLC-T2-Mob,Russia,7.0,908080,RUSSIA,LLC-T2-MOB
LLC-T2-Mob,Russia,7.0,908088,RUSSIA,LLC-T2-MOB
LLC-T2-Mob,Russia,7.0,908498,RUSSIA,LLC-T2-MOB
LLC-T2-Mob,Russia,7.0,90855,RUSSIA,LLC-T2-MOB
LLC-T2-Mob,Russia,7.0,908854,RUSSIA,LLC-T2-MOB
LLC-T2-Mob,Russia,7.0,95005,RUSSIA,LLC-T2-MOB
LLC-T2-Mob,Russia,7.0,95011,RUSSIA,LLC-T2-MOB
LLC-T2-Mob,Russia,7.0,95018,RUSSIA,LLC-T2-MOB
LLC-T2-Mob,Russia,7.0,95029,RUSSIA,LLC-T2-MOB
LLC-T2-Mob,Russia,7.0,95039,RUSSIA,LLC-T2-MOB
LLC-T2-Mob,Russia,7.0,95047,RUSSIA,LLC-T2-MOB
LLC-T2-Mob,Russia,7.0,950560,RUSSIA,LLC-T2-MOB
LLC-T2-Mob,Russia,7.0,951034,RUSSIA,LLC-T2-MOB
LLC-T2-Mob,Russia,7.0,951291,RUSSIA,LLC-T2-MOB
LLC-T2-Mob,Russia,7.0,951357,RUSSIA,LLC-T2-MOB
LLC-T2-Mob,Russia,7.0,951993,RUSSIA,LLC-T2-MOB
LLC-T2-Mob,Russia,7.0,952012,RUSSIA,LLC-T2-MOB
LLC-T2-Mob,Russia,7.0,95203,RUSSIA,LLC-T2-MOB
LLC-T2-Mob,Russia,7.0,95204,RUSSIA,LLC-T2-MOB
LLC-T2-Mob,Russia,7.0,952083,RUSSIA,LLC-T2-MOB
LLC-T2-Mob,Russia,7.0,95219,RUSSIA,LLC-T2-MOB
LLC-T2-Mob,Russia,7.0,952313,RUSSIA,LLC-T2-MOB
LLC-T2-Mob,Russia,7.0,95246,RUSSIA,LLC-T2-MOB
LLC-T2-Mob,Russia,7.0,95261,RUSSIA,LLC-T2-MOB
LLC-T2-Mob,Russia,7.0,952673,RUSSIA,LLC-T2-MOB
LLC-T2-Mob,Russia,7.0,952675,RUSSIA,LLC-T2-MOB
LLC-T2-Mob,Russia,7.0,952680,RUSSIA,LLC-T2-MOB
LLC-T2-Mob,Russia,7.0,952685,RUSSIA,LLC-T2-MOB
LLC-T2-Mob,Russia,7.0,952687,RUSSIA,LLC-T2-MOB
LLC-T2-Mob,Russia,7.0,952689,RUSSIA,LLC-T2-MOB
LLC-T2-Mob,Russia,7.0,95363,RUSSIA,LLC-T2-MOB
LLC-T2-Mob,Russia,7.0,953978,RUSSIA,LLC-T2-MOB
LLC-T2-Mob,Russia,7.0,9586443,RUSSIA,LLC-T2-MOB
LLC-T2-Mob,Russia,7.0,99201,RUSSIA,LLC-T2-MOB
LLC-T2-Mob,Russia,7.0,99202,RUSSIA,LLC-T2-MOB
LLC-T2-Mob,Russia,7.0,99221,RUSSIA,LLC-T2-MOB
LLC-T2-Mob,Russia,7.0,99230,RUSSIA,LLC-T2-MOB
LLC-T2-Mob,Russia,7.0,993032,RUSSIA,LLC-T2-MOB
LLC-T2-Mob,Russia,7.0,99400,RUSSIA,LLC-T2-MOB
LLC-T2-Mob,Russia,7.0,994013,RUSSIA,LLC-T2-MOB
LLC-T2-Mob,Russia,7.0,994014,RUSSIA,LLC-T2-MOB
LLC-T2-Mob,Russia,7.0,996202,RUSSIA,LLC-T2-MOB
LLC-T2-Mob,Russia,7.0,99680,RUSSIA,LLC-T2-MOB
LLC-T2-Mob,Russia,7.0,996850,RUSSIA,LLC-T2-MOB
LLC-T2-Mob,Russia,7.0,8422495,RUSSIA,LLC-T2-MOB
LLC-T2-Mob,Russia,7.0,84235913,RUSSIA,LLC-T2-MOB
LLC-T2-Mob,Russia,7.0,84235980,RUSSIA,LLC-T2-MOB
LLC-T2-Mob,Russia,7.0,84235989,RUSSIA,LLC-T2-MOB
LLC-T2-Mob,Russia,7.0,90031,RUSSIA,LLC-T2-MOB
LLC-T2-Mob,Russia,7.0,900332,RUSSIA,LLC-T2-MOB
LLC-T2-Mob,Russia,7.0,90212,RUSSIA,LLC-T2-MOB
LLC-T2-Mob,Russia,7.0,902156,RUSSIA,LLC-T2-MOB
LLC-T2-Mob,Russia,7.0,902230,RUSSIA,LLC-T2-MOB
LLC-T2-Mob,Russia,7.0,902310,RUSSIA,LLC-T2-MOB
LLC-T2-Mob,Russia,7.0,902364,RUSSIA,LLC-T2-MOB
LLC-T2-Mob,Russia,7.0,902365,RUSSIA,LLC-T2-MOB
LLC-T2-Mob,Russia,7.0,902463,RUSSIA,LLC-T2-MOB
LLC-T2-Mob,Russia,7.0,90248,RUSSIA,LLC-T2-MOB
LLC-T2-Mob,Russia,7.0,902500,RUSSIA,LLC-T2-MOB
LLC-T2-Mob,Russia,7.0,902501,RUSSIA,LLC-T2-MOB
LLC-T2-Mob,Russia,7.0,90253,RUSSIA,LLC-T2-MOB
LLC-T2-Mob,Russia,7.0,902578,RUSSIA,LLC-T2-MOB
LLC-T2-Mob,Russia,7.0,902586,RUSSIA,LLC-T2-MOB
LLC-T2-Mob,Russia,7.0,902667,RUSSIA,LLC-T2-MOB
LLC-T2-Mob,Russia,7.0,902668,RUSSIA,LLC-T2-MOB
LLC-T2-Mob,Russia,7.0,902732,RUSSIA,LLC-T2-MOB
LLC-T2-Mob,Russia,7.0,902735,RUSSIA,LLC-T2-MOB
LLC-T2-Mob,Russia,7.0,902738,RUSSIA,LLC-T2-MOB
LLC-T2-Mob,Russia,7.0,902743,RUSSIA,LLC-T2-MOB
LLC-T2-Mob,Russia,7.0,90276,RUSSIA,LLC-T2-MOB
LLC-T2-Mob,Russia,7.0,90280,RUSSIA,LLC-T2-MOB
LLC-T2-Mob,Russia,7.0,902814,RUSSIA,LLC-T2-MOB
LLC-T2-Mob,Russia,7.0,902819,RUSSIA,LLC-T2-MOB
LLC-T2-Mob,Russia,7.0,902826,RUSSIA,LLC-T2-MOB
LLC-T2-Mob,Russia,7.0,90285,RUSSIA,LLC-T2-MOB
LLC-T2-Mob,Russia,7.0,902939,RUSSIA,LLC-T2-MOB
LLC-T2-Mob,Russia,7.0,90419,RUSSIA,LLC-T2-MOB
LLC-T2-Mob,Russia,7.0,904265,RUSSIA,LLC-T2-MOB
LLC-T2-Mob,Russia,7.0,90479,RUSSIA,LLC-T2-MOB
LLC-T2-Mob,Russia,7.0,904851,RUSSIA,LLC-T2-MOB
LLC-T2-Mob,Russia,7.0,908004,RUSSIA,LLC-T2-MOB
LLC-T2-Mob,Russia,7.0,908081,RUSSIA,LLC-T2-MOB
LLC-T2-Mob,Russia,7.0,908227,RUSSIA,LLC-T2-MOB
LLC-T2-Mob,Russia,7.0,90848,RUSSIA,LLC-T2-MOB
LLC-T2-Mob,Russia,7.0,908603,RUSSIA,LLC-T2-MOB
LLC-T2-Mob,Russia,7.0,9086081,RUSSIA,LLC-T2-MOB
LLC-T2-Mob,Russia,7.0,908852,RUSSIA,LLC-T2-MOB
LLC-T2-Mob,Russia,7.0,908853,RUSSIA,LLC-T2-MOB
LLC-T2-Mob,Russia,7.0,908857,RUSSIA,LLC-T2-MOB
LLC-T2-Mob,Russia,7.0,90889,RUSSIA,LLC-T2-MOB
LLC-T2-Mob,Russia,7.0,95007,RUSSIA,LLC-T2-MOB
LLC-T2-Mob,Russia,7.0,95012,RUSSIA,LLC-T2-MOB
LLC-T2-Mob,Russia,7.0,95044,RUSSIA,LLC-T2-MOB
LLC-T2-Mob,Russia,7.0,95050,RUSSIA,LLC-T2-MOB
LLC-T2-Mob,Russia,7.0,95055,RUSSIA,LLC-T2-MOB
LLC-T2-Mob,Russia,7.0,950563,RUSSIA,LLC-T2-MOB
LLC-T2-Mob,Russia,7.0,950947,RUSSIA,LLC-T2-MOB
LLC-T2-Mob,Russia,7.0,95109,RUSSIA,LLC-T2-MOB
LLC-T2-Mob,Russia,7.0,95126,RUSSIA,LLC-T2-MOB
LLC-T2-Mob,Russia,7.0,951272,RUSSIA,LLC-T2-MOB
LLC-T2-Mob,Russia,7.0,95163,RUSSIA,LLC-T2-MOB
LLC-T2-Mob,Russia,7.0,95189,RUSSIA,LLC-T2-MOB
LLC-T2-Mob,Russia,7.0,951999,RUSSIA,LLC-T2-MOB
LLC-T2-Mob,Russia,7.0,952080,RUSSIA,LLC-T2-MOB
LLC-T2-Mob,Russia,7.0,952310,RUSSIA,LLC-T2-MOB
LLC-T2-Mob,Russia,7.0,952316,RUSSIA,LLC-T2-MOB
LLC-T2-Mob,Russia,7.0,95265,RUSSIA,LLC-T2-MOB
LLC-T2-Mob,Russia,7.0,952676,RUSSIA,LLC-T2-MOB
LLC-T2-Mob,Russia,7.0,95269,RUSSIA,LLC-T2-MOB
LLC-T2-Mob,Russia,7.0,95302,RUSSIA,LLC-T2-MOB
LLC-T2-Mob,Russia,7.0,953444,RUSSIA,LLC-T2-MOB
LLC-T2-Mob,Russia,7.0,953447,RUSSIA,LLC-T2-MOB
LLC-T2-Mob,Russia,7.0,953998,RUSSIA,LLC-T2-MOB
LLC-T2-Mob,Russia,7.0,958641,RUSSIA,LLC-T2-MOB
LLC-T2-Mob,Russia,7.0,99223,RUSSIA,LLC-T2-MOB
LLC-T2-Mob,Russia,7.0,99300,RUSSIA,LLC-T2-MOB
LLC-T2-Mob,Russia,7.0,996010,RUSSIA,LLC-T2-MOB
LLC-T2-Mob,Russia,7.0,996019,RUSSIA,LLC-T2-MOB
LLC-T2-Mob,Russia,7.0,996200,RUSSIA,LLC-T2-MOB
LLC-T2-Mob,Russia,7.0,996811,RUSSIA,LLC-T2-MOB
LLC-T2-Mob,Russia,7.0,99988,RUSSIA,LLC-T2-MOB
LLC-T2-Mob,Russia,7.0,8422497,RUSSIA,LLC-T2-MOB
LLC-T2-Mob,Russia,7.0,9002183,RUSSIA,LLC-T2-MOB
LLC-T2-Mob,Russia,7.0,902313,RUSSIA,LLC-T2-MOB
LLC-T2-Mob,Russia,7.0,902360,RUSSIA,LLC-T2-MOB
LLC-T2-Mob,Russia,7.0,902362,RUSSIA,LLC-T2-MOB
LLC-T2-Mob,Russia,7.0,902366,RUSSIA,LLC-T2-MOB
LLC-T2-Mob,Russia,7.0,902508,RUSSIA,LLC-T2-MOB
LLC-T2-Mob,Russia,7.0,902515,RUSSIA,LLC-T2-MOB
LLC-T2-Mob,Russia,7.0,90256,RUSSIA,LLC-T2-MOB
LLC-T2-Mob,Russia,7.0,90260,RUSSIA,LLC-T2-MOB
LLC-T2-Mob,Russia,7.0,902669,RUSSIA,LLC-T2-MOB
LLC-T2-Mob,Russia,7.0,902690,RUSSIA,LLC-T2-MOB
LLC-T2-Mob,Russia,7.0,902694,RUSSIA,LLC-T2-MOB
LLC-T2-Mob,Russia,7.0,902739,RUSSIA,LLC-T2-MOB
LLC-T2-Mob,Russia,7.0,902827,RUSSIA,LLC-T2-MOB
LLC-T2-Mob,Russia,7.0,902937,RUSSIA,LLC-T2-MOB
LLC-T2-Mob,Russia,7.0,902938,RUSSIA,LLC-T2-MOB
LLC-T2-Mob,Russia,7.0,90418,RUSSIA,LLC-T2-MOB
LLC-T2-Mob,Russia,7.0,904240,RUSSIA,LLC-T2-MOB
LLC-T2-Mob,Russia,7.0,904241,RUSSIA,LLC-T2-MOB
LLC-T2-Mob,Russia,7.0,904266,RUSSIA,LLC-T2-MOB
LLC-T2-Mob,Russia,7.0,904267,RUSSIA,LLC-T2-MOB
LLC-T2-Mob,Russia,7.0,90446,RUSSIA,LLC-T2-MOB
LLC-T2-Mob,Russia,7.0,90447,RUSSIA,LLC-T2-MOB
LLC-T2-Mob,Russia,7.0,90487,RUSSIA,LLC-T2-MOB
LLC-T2-Mob,Russia,7.0,90490,RUSSIA,LLC-T2-MOB
LLC-T2-Mob,Russia,7.0,90494,RUSSIA,LLC-T2-MOB
LLC-T2-Mob,Russia,7.0,908007,RUSSIA,LLC-T2-MOB
LLC-T2-Mob,Russia,7.0,908082,RUSSIA,LLC-T2-MOB
LLC-T2-Mob,Russia,7.0,908083,RUSSIA,LLC-T2-MOB
LLC-T2-Mob,Russia,7.0,908085,RUSSIA,LLC-T2-MOB
LLC-T2-Mob,Russia,7.0,908086,RUSSIA,LLC-T2-MOB
LLC-T2-Mob,Russia,7.0,90826,RUSSIA,LLC-T2-MOB
LLC-T2-Mob,Russia,7.0,90847,RUSSIA,LLC-T2-MOB
LLC-T2-Mob,Russia,7.0,908490,RUSSIA,LLC-T2-MOB
LLC-T2-Mob,Russia,7.0,90859,RUSSIA,LLC-T2-MOB
LLC-T2-Mob,Russia,7.0,95008,RUSSIA,LLC-T2-MOB
LLC-T2-Mob,Russia,7.0,95009,RUSSIA,LLC-T2-MOB
LLC-T2-Mob,Russia,7.0,950309,RUSSIA,LLC-T2-MOB
LLC-T2-Mob,Russia,7.0,95034,RUSSIA,LLC-T2-MOB
LLC-T2-Mob,Russia,7.0,95036,RUSSIA,LLC-T2-MOB
LLC-T2-Mob,Russia,7.0,95038,RUSSIA,LLC-T2-MOB
LLC-T2-Mob,Russia,7.0,950945,RUSSIA,LLC-T2-MOB
LLC-T2-Mob,Russia,7.0,95124,RUSSIA,LLC-T2-MOB
LLC-T2-Mob,Russia,7.0,951298,RUSSIA,LLC-T2-MOB
LLC-T2-Mob,Russia,7.0,95162,RUSSIA,LLC-T2-MOB
LLC-T2-Mob,Russia,7.0,95188,RUSSIA,LLC-T2-MOB
LLC-T2-Mob,Russia,7.0,95191,RUSSIA,LLC-T2-MOB
LLC-T2-Mob,Russia,7.0,95196,RUSSIA,LLC-T2-MOB
LLC-T2-Mob,Russia,7.0,951991,RUSSIA,LLC-T2-MOB
LLC-T2-Mob,Russia,7.0,952010,RUSSIA,LLC-T2-MOB
LLC-T2-Mob,Russia,7.0,952013,RUSSIA,LLC-T2-MOB
LLC-T2-Mob,Russia,7.0,95202,RUSSIA,LLC-T2-MOB
LLC-T2-Mob,Russia,7.0,952081,RUSSIA,LLC-T2-MOB
LLC-T2-Mob,Russia,7.0,952312,RUSSIA,LLC-T2-MOB
LLC-T2-Mob,Russia,7.0,952317,RUSSIA,LLC-T2-MOB
LLC-T2-Mob,Russia,7.0,952319,RUSSIA,LLC-T2-MOB
LLC-T2-Mob,Russia,7.0,95233,RUSSIA,LLC-T2-MOB
LLC-T2-Mob,Russia,7.0,95270,RUSSIA,LLC-T2-MOB
LLC-T2-Mob,Russia,7.0,952721,RUSSIA,LLC-T2-MOB
LLC-T2-Mob,Russia,7.0,953898,RUSSIA,LLC-T2-MOB
LLC-T2-Mob,Russia,7.0,953979,RUSSIA,LLC-T2-MOB
LLC-T2-Mob,Russia,7.0,958640,RUSSIA,LLC-T2-MOB
LLC-T2-Mob,Russia,7.0,99251,RUSSIA,LLC-T2-MOB
LLC-T2-Mob,Russia,7.0,99302,RUSSIA,LLC-T2-MOB
LLC-T2-Mob,Russia,7.0,993030,RUSSIA,LLC-T2-MOB
LLC-T2-Mob,Russia,7.0,995200,RUSSIA,LLC-T2-MOB
LLC-T2-Mob,Russia,7.0,99541,RUSSIA,LLC-T2-MOB
LLC-T2-Mob,Russia,7.0,99542,RUSSIA,LLC-T2-MOB
LLC-T2-Mob,Russia,7.0,996017,RUSSIA,LLC-T2-MOB
LLC-T2-Mob,Russia,7.0,99674,RUSSIA,LLC-T2-MOB
LLC-T2-Mob,Russia,7.0,996812,RUSSIA,LLC-T2-MOB
LLC-T2-Mob,Russia,7.0,996854,RUSSIA,LLC-T2-MOB
LLC-T2-Mob,Russia,7.0,99690,RUSSIA,LLC-T2-MOB
LLC-T2-Mob,Russia,7.0,999689,RUSSIA,LLC-T2-MOB
LLC-T2-Mob,Russia,7.0,99990,RUSSIA,LLC-T2-MOB
LLC-T2-Mob,Russia,7.0,99991,RUSSIA,LLC-T2-MOB
MegaFon,Russia,7.0,81290,RUSSIA,MEGAFON
MegaFon,Russia,7.0,930,RUSSIA,MEGAFON
MegaFon,Russia,7.0,936,RUSSIA,MEGAFON
MegaFon,Russia,7.0,938,RUSSIA,MEGAFON
MegaFon,Russia,7.0,81294,RUSSIA,MEGAFON
MegaFon,Russia,7.0,9312,RUSSIA,MEGAFON
MegaFon,Russia,7.0,9313,RUSSIA,MEGAFON
MegaFon,Russia,7.0,937,RUSSIA,MEGAFON
MegaFon,Russia,7.0,90273,RUSSIA,MEGAFON
MegaFon,Russia,7.0,92,RUSSIA,MEGAFON
MegaFon,Russia,7.0,9314,RUSSIA,MEGAFON
MegaFon,Russia,7.0,934,RUSSIA,MEGAFON
MegaFon,Russia,7.0,499,RUSSIA,MEGAFON
MegaFon,Russia,7.0,81296,RUSSIA,MEGAFON
MegaFon,Russia,7.0,932,RUSSIA,MEGAFON
MegaFon,Russia,7.0,495,RUSSIA,MEGAFON
MegaFon,Russia,7.0,81299,RUSSIA,MEGAFON
MegaFon,Russia,7.0,9315,RUSSIA,MEGAFON
MegaFon,Russia,7.0,81293,RUSSIA,MEGAFON
MegaFon,Russia,7.0,93,RUSSIA,MEGAFON
MegaFon,Russia,7.0,9316,RUSSIA,MEGAFON
MegaFon,Russia,7.0,9318,RUSSIA,MEGAFON
MegaFon,Russia,7.0,93190,RUSSIA,MEGAFON
MegaFon,Russia,7.0,997445,RUSSIA,MEGAFON
MegaFon,Russia,7.0,02,RUSSIA,MEGAFON
MegaFon,Russia,7.0,81295,RUSSIA,MEGAFON
MegaFon,Russia,7.0,90272,RUSSIA,MEGAFON
MegaFon,Russia,7.0,93170,RUSSIA,MEGAFON
MegaFon,Russia,7.0,933,RUSSIA,MEGAFON
MTS,Russia,7.0,98,RUSSIA,MTS
MTS,Russia,7.0,,RUSSIA,MTS
MTS,Russia,7.0,01,RUSSIA,MTS
MTS,Russia,7.0,09576,RUSSIA,MTS
MTS,Russia,7.0,49576,RUSSIA,MTS
MTS,Russia,7.0,91,RUSSIA,MTS
NCC,Russia,7.0,8422494,RUSSIA,NCC
NCC,Russia,7.0,8422497,RUSSIA,NCC
NCC,Russia,7.0,842298,RUSSIA,NCC
NCC,Russia,7.0,84235902,RUSSIA,NCC
NCC,Russia,7.0,84235912,RUSSIA,NCC
NCC,Russia,7.0,902232,RUSSIA,NCC
NCC,Russia,7.0,90243,RUSSIA,NCC
NCC,Russia,7.0,902465,RUSSIA,NCC
NCC,Russia,7.0,9025828,RUSSIA,NCC
NCC,Russia,7.0,9042435,RUSSIA,NCC
NCC,Russia,7.0,904244,RUSSIA,NCC
NCC,Russia,7.0,904264,RUSSIA,NCC
NCC,Russia,7.0,90466,RUSSIA,NCC
NCC,Russia,7.0,904850,RUSSIA,NCC
NCC,Russia,7.0,904854,RUSSIA,NCC
NCC,Russia,7.0,90876,RUSSIA,NCC
NCC,Russia,7.0,95036,RUSSIA,NCC
NCC,Russia,7.0,951340,RUSSIA,NCC
NCC,Russia,7.0,951998,RUSSIA,NCC
NCC,Russia,7.0,952667,RUSSIA,NCC
NCC,Russia,7.0,953024,RUSSIA,NCC
NCC,Russia,7.0,953899,RUSSIA,NCC
NCC,Russia,7.0,,RUSSIA,NCC
NCC,Russia,7.0,83190,RUSSIA,NCC
NCC,Russia,7.0,84235903,RUSSIA,NCC
NCC,Russia,7.0,900333,RUSSIA,NCC
NCC,Russia,7.0,902589,RUSSIA,NCC
NCC,Russia,7.0,902668,RUSSIA,NCC
NCC,Russia,7.0,902669,RUSSIA,NCC
NCC,Russia,7.0,902739,RUSSIA,NCC
NCC,Russia,7.0,902743,RUSSIA,NCC
NCC,Russia,7.0,904241,RUSSIA,NCC
NCC,Russia,7.0,904243,RUSSIA,NCC
NCC,Russia,7.0,904268,RUSSIA,NCC
NCC,Russia,7.0,90492,RUSSIA,NCC
NCC,Russia,7.0,90874,RUSSIA,NCC
NCC,Russia,7.0,95032,RUSSIA,NCC
NCC,Russia,7.0,950947,RUSSIA,NCC
NCC,Russia,7.0,950969,RUSSIA,NCC
NCC,Russia,7.0,95105,RUSSIA,NCC
NCC,Russia,7.0,951341,RUSSIA,NCC
NCC,Russia,7.0,951342,RUSSIA,NCC
NCC,Russia,7.0,951357,RUSSIA,NCC
NCC,Russia,7.0,952313,RUSSIA,NCC
NCC,Russia,7.0,952758,RUSSIA,NCC
NCC,Russia,7.0,95340,RUSSIA,NCC
NCC,Russia,7.0,953415,RUSSIA,NCC
NCC,Russia,7.0,953897,RUSSIA,NCC
NCC,Russia,7.0,953975,RUSSIA,NCC
NCC,Russia,7.0,953976,RUSSIA,NCC
NCC,Russia,7.0,8422491,RUSSIA,NCC
NCC,Russia,7.0,84235955,RUSSIA,NCC
NCC,Russia,7.0,84235959,RUSSIA,NCC
NCC,Russia,7.0,900331,RUSSIA,NCC
NCC,Russia,7.0,900334,RUSSIA,NCC
NCC,Russia,7.0,90204,RUSSIA,NCC
NCC,Russia,7.0,90221,RUSSIA,NCC
NCC,Russia,7.0,902356,RUSSIA,NCC
NCC,Russia,7.0,90476697,RUSSIA,NCC
NCC,Russia,7.0,90478,RUSSIA,NCC
NCC,Russia,7.0,904855,RUSSIA,NCC
NCC,Russia,7.0,9520499,RUSSIA,NCC
NCC,Russia,7.0,952668,RUSSIA,NCC
NCC,Russia,7.0,952757,RUSSIA,NCC
NCC,Russia,7.0,953028,RUSSIA,NCC
NCC,Russia,7.0,953029,RUSSIA,NCC
NCC,Russia,7.0,953033,RUSSIA,NCC
NCC,Russia,7.0,953413,RUSSIA,NCC
NCC,Russia,7.0,953444,RUSSIA,NCC
NCC,Russia,7.0,953445,RUSSIA,NCC
NCC,Russia,7.0,9536390,RUSSIA,NCC
NCC,Russia,7.0,953998,RUSSIA,NCC
NCC,Russia,7.0,03,RUSSIA,NCC
NCC,Russia,7.0,8313037,RUSSIA,NCC
NCC,Russia,7.0,842294,RUSSIA,NCC
NCC,Russia,7.0,84235913,RUSSIA,NCC
NCC,Russia,7.0,84235980,RUSSIA,NCC
NCC,Russia,7.0,90031,RUSSIA,NCC
NCC,Russia,7.0,900332,RUSSIA,NCC
NCC,Russia,7.0,901,RUSSIA,NCC
NCC,Russia,7.0,902244,RUSSIA,NCC
NCC,Russia,7.0,902245,RUSSIA,NCC
NCC,Russia,7.0,902326,RUSSIA,NCC
NCC,Russia,7.0,902588,RUSSIA,NCC
NCC,Russia,7.0,902744,RUSSIA,NCC
NCC,Russia,7.0,902745,RUSSIA,NCC
NCC,Russia,7.0,90278,RUSSIA,NCC
NCC,Russia,7.0,90418,RUSSIA,NCC
NCC,Russia,7.0,90419,RUSSIA,NCC
NCC,Russia,7.0,904266,RUSSIA,NCC
NCC,Russia,7.0,904852,RUSSIA,NCC
NCC,Russia,7.0,904853,RUSSIA,NCC
NCC,Russia,7.0,90490,RUSSIA,NCC
NCC,Russia,7.0,95031,RUSSIA,NCC
NCC,Russia,7.0,95034,RUSSIA,NCC
NCC,Russia,7.0,951299,RUSSIA,NCC
NCC,Russia,7.0,95202,RUSSIA,NCC
NCC,Russia,7.0,9520498,RUSSIA,NCC
NCC,Russia,7.0,952666,RUSSIA,NCC
NCC,Russia,7.0,952669,RUSSIA,NCC
NCC,Russia,7.0,952759,RUSSIA,NCC
NCC,Russia,7.0,95301,RUSSIA,NCC
NCC,Russia,7.0,953020,RUSSIA,NCC
NCC,Russia,7.0,953025,RUSSIA,NCC
NCC,Russia,7.0,953027,RUSSIA,NCC
NCC,Russia,7.0,953032,RUSSIA,NCC
NCC,Russia,7.0,953412,RUSSIA,NCC
NCC,Russia,7.0,95349,RUSSIA,NCC
NCC,Russia,7.0,953977,RUSSIA,NCC
NCC,Russia,7.0,8422493,RUSSIA,NCC
NCC,Russia,7.0,842296,RUSSIA,NCC
NCC,Russia,7.0,842299,RUSSIA,NCC
NCC,Russia,7.0,84235911,RUSSIA,NCC
NCC,Russia,7.0,84235956,RUSSIA,NCC
NCC,Russia,7.0,84235989,RUSSIA,NCC
NCC,Russia,7.0,90200,RUSSIA,NCC
NCC,Russia,7.0,90212,RUSSIA,NCC
NCC,Russia,7.0,902231,RUSSIA,NCC
NCC,Russia,7.0,90230,RUSSIA,NCC
NCC,Russia,7.0,902325,RUSSIA,NCC
NCC,Russia,7.0,902355,RUSSIA,NCC
NCC,Russia,7.0,902466,RUSSIA,NCC
NCC,Russia,7.0,9026699,RUSSIA,NCC
NCC,Russia,7.0,902737,RUSSIA,NCC
NCC,Russia,7.0,904240,RUSSIA,NCC
NCC,Russia,7.0,904242,RUSSIA,NCC
NCC,Russia,7.0,904267,RUSSIA,NCC
NCC,Russia,7.0,904269,RUSSIA,NCC
NCC,Russia,7.0,90476898,RUSSIA,NCC
NCC,Russia,7.0,90830,RUSSIA,NCC
NCC,Russia,7.0,90847,RUSSIA,NCC
NCC,Russia,7.0,908490,RUSSIA,NCC
NCC,Russia,7.0,95037,RUSSIA,NCC
NCC,Russia,7.0,950946,RUSSIA,NCC
NCC,Russia,7.0,950948,RUSSIA,NCC
NCC,Russia,7.0,950949,RUSSIA,NCC
NCC,Russia,7.0,951358,RUSSIA,NCC
NCC,Russia,7.0,95188,RUSSIA,NCC
NCC,Russia,7.0,95203,RUSSIA,NCC
NCC,Russia,7.0,95204,RUSSIA,NCC
NCC,Russia,7.0,952311,RUSSIA,NCC
NCC,Russia,7.0,953030,RUSSIA,NCC
NCC,Russia,7.0,953446,RUSSIA,NCC
NCC,Russia,7.0,953447,RUSSIA,NCC
NCC,Russia,7.0,953448,RUSSIA,NCC
NCC,Russia,7.0,953978,RUSSIA,NCC
NCC,Russia,7.0,953979,RUSSIA,NCC
NCC,Russia,7.0,842295,RUSSIA,NCC
NCC,Russia,7.0,84235910,RUSSIA,NCC
NCC,Russia,7.0,84235914,RUSSIA,NCC
NCC,Russia,7.0,90032,RUSSIA,NCC
NCC,Russia,7.0,900330,RUSSIA,NCC
NCC,Russia,7.0,902288,RUSSIA,NCC
NCC,Russia,7.0,902357,RUSSIA,NCC
NCC,Russia,7.0,902666,RUSSIA,NCC
NCC,Russia,7.0,902667,RUSSIA,NCC
NCC,Russia,7.0,902670,RUSSIA,NCC
NCC,Russia,7.0,902671,RUSSIA,NCC
NCC,Russia,7.0,902735,RUSSIA,NCC
NCC,Russia,7.0,904263,RUSSIA,NCC
NCC,Russia,7.0,904265,RUSSIA,NCC
NCC,Russia,7.0,90848,RUSSIA,NCC
NCC,Russia,7.0,90873,RUSSIA,NCC
NCC,Russia,7.0,950309,RUSSIA,NCC
NCC,Russia,7.0,951298,RUSSIA,NCC
NCC,Russia,7.0,951343,RUSSIA,NCC
NCC,Russia,7.0,95246,RUSSIA,NCC
NCC,Russia,7.0,953021,RUSSIA,NCC
NCC,Russia,7.0,953414,RUSSIA,NCC
NCC,Russia,7.0,831415,RUSSIA,NCC
NCC,Russia,7.0,842292,RUSSIA,NCC
NCC,Russia,7.0,842293,RUSSIA,NCC
NCC,Russia,7.0,842297,RUSSIA,NCC
NCC,Russia,7.0,84235957,RUSSIA,NCC
NCC,Russia,7.0,84235958,RUSSIA,NCC
NCC,Russia,7.0,84235988,RUSSIA,NCC
NCC,Russia,7.0,90210,RUSSIA,NCC
NCC,Russia,7.0,902230,RUSSIA,NCC
NCC,Russia,7.0,902233,RUSSIA,NCC
NCC,Russia,7.0,902234,RUSSIA,NCC
NCC,Russia,7.0,902246,RUSSIA,NCC
NCC,Russia,7.0,902287,RUSSIA,NCC
NCC,Russia,7.0,902329,RUSSIA,NCC
NCC,Russia,7.0,902582,RUSSIA,NCC
NCC,Russia,7.0,90268,RUSSIA,NCC
NCC,Russia,7.0,902738,RUSSIA,NCC
NCC,Russia,7.0,90476,RUSSIA,NCC
NCC,Russia,7.0,90476696,RUSSIA,NCC
NCC,Russia,7.0,90872,RUSSIA,NCC
NCC,Russia,7.0,90875,RUSSIA,NCC
NCC,Russia,7.0,908750,RUSSIA,NCC
NCC,Russia,7.0,950945,RUSSIA,NCC
NCC,Russia,7.0,951359,RUSSIA,NCC
NCC,Russia,7.0,95190,RUSSIA,NCC
NCC,Russia,7.0,95191,RUSSIA,NCC
NCC,Russia,7.0,951997,RUSSIA,NCC
NCC,Russia,7.0,95207,RUSSIA,NCC
NCC,Russia,7.0,952310,RUSSIA,NCC
NCC,Russia,7.0,952665,RUSSIA,NCC
NCC,Russia,7.0,953026,RUSSIA,NCC
NCC,Russia,7.0,953031,RUSSIA,NCC
NCC,Russia,7.0,953034,RUSSIA,NCC
NCC,Russia,7.0,95363,RUSSIA,NCC
NCC,Russia,7.0,95398,RUSSIA,NCC
NCC,Russia,7.0,953999,RUSSIA,NCC
NCC,Russia,7.0,8422495,RUSSIA,NCC
NCC,Russia,7.0,8422496,RUSSIA,NCC
NCC,Russia,7.0,9023259,RUSSIA,NCC
NCC,Russia,7.0,902358,RUSSIA,NCC
NCC,Russia,7.0,902664,RUSSIA,NCC
NCC,Russia,7.0,902672,RUSSIA,NCC
NCC,Russia,7.0,902736,RUSSIA,NCC
NCC,Russia,7.0,90467,RUSSIA,NCC
NCC,Russia,7.0,90476899,RUSSIA,NCC
NCC,Russia,7.0,90479,RUSSIA,NCC
NCC,Russia,7.0,90485010,RUSSIA,NCC
NCC,Russia,7.0,90485011,RUSSIA,NCC
NCC,Russia,7.0,904851,RUSSIA,NCC
NCC,Russia,7.0,90491,RUSSIA,NCC
NCC,Russia,7.0,908491,RUSSIA,NCC
NCC,Russia,7.0,90854,RUSSIA,NCC
NCC,Russia,7.0,90855,RUSSIA,NCC
NCC,Russia,7.0,95035,RUSSIA,NCC
NCC,Russia,7.0,95106,RUSSIA,NCC
NCC,Russia,7.0,95109,RUSSIA,NCC
NCC,Russia,7.0,95189,RUSSIA,NCC
NCC,Russia,7.0,951999,RUSSIA,NCC
NCC,Russia,7.0,95219,RUSSIA,NCC
NCC,Russia,7.0,952312,RUSSIA,NCC
NCC,Russia,7.0,95247,RUSSIA,NCC
NCC,Russia,7.0,953022,RUSSIA,NCC
NCC,Russia,7.0,953023,RUSSIA,NCC
NCC,Russia,7.0,953410,RUSSIA,NCC
NCC,Russia,7.0,953449,RUSSIA,NCC
NCC,Russia,7.0,95348,RUSSIA,NCC
NCC,Russia,7.0,953898,RUSSIA,NCC
Smarts-Kazan,Russia,7.0,902,RUSSIA,SMARTS-KAZAN
Smarts-Kazan,Russia,7.0,950,RUSSIA,SMARTS-KAZAN
Smarts-Kazan,Russia,7.0,27,RUSSIA,SMARTS-KAZAN
Smarts-Kazan,Russia,7.0,958,RUSSIA,SMARTS-KAZAN
Smarts-Kazan,Russia,7.0,939,RUSSIA,SMARTS-KAZAN
Smarts-Kazan,Russia,7.0,908,RUSSIA,SMARTS-KAZAN
Smarts-Kazan,Russia,7.0,904,RUSSIA,SMARTS-KAZAN
Vimplcom,Russia,7.0,90206,RUSSIA,VIMPLCOM
Vimplcom,Russia,7.0,905,RUSSIA,VIMPLCOM
Vimplcom,Russia,7.0,90846,RUSSIA,VIMPLCOM
Vimplcom,Russia,7.0,90207,RUSSIA,VIMPLCOM
Vimplcom,Russia,7.0,962,RUSSIA,VIMPLCOM
Vimplcom,Russia,7.0,902554,RUSSIA,VIMPLCOM
Vimplcom,Russia,7.0,902555,RUSSIA,VIMPLCOM
Vimplcom,Russia,7.0,953,RUSSIA,VIMPLCOM
Vimplcom,Russia,7.0,90899,RUSSIA,VIMPLCOM
Vimplcom,Russia,7.0,90462,RUSSIA,VIMPLCOM
Vimplcom,Russia,7.0,963,RUSSIA,VIMPLCOM
Vimplcom,Russia,7.0,966,RUSSIA,VIMPLCOM
Vimplcom,Russia,7.0,968,RUSSIA,VIMPLCOM
Vimplcom,Russia,7.0,906,RUSSIA,VIMPLCOM
Vimplcom,Russia,7.0,90896,RUSSIA,VIMPLCOM
Vimplcom,Russia,7.0,90897,RUSSIA,VIMPLCOM
Vimplcom,Russia,7.0,961,RUSSIA,VIMPLCOM
Vimplcom,Russia,7.0,99,RUSSIA,VIMPLCOM
Vimplcom,Russia,7.0,90252,RUSSIA,VIMPLCOM
Vimplcom,Russia,7.0,902559,RUSSIA,VIMPLCOM
Vimplcom,Russia,7.0,903,RUSSIA,VIMPLCOM
Vimplcom,Russia,7.0,90844,RUSSIA,VIMPLCOM
Vimplcom,Russia,7.0,90898,RUSSIA,VIMPLCOM
Vimplcom,Russia,7.0,909,RUSSIA,VIMPLCOM
Vimplcom,Russia,7.0,951,RUSSIA,VIMPLCOM
Vimplcom,Russia,7.0,964,RUSSIA,VIMPLCOM
Vimplcom,Russia,7.0,965,RUSSIA,VIMPLCOM
Vimplcom,Russia,7.0,90205,RUSSIA,VIMPLCOM
Vimplcom,Russia,7.0,902553,RUSSIA,VIMPLCOM
Vimplcom,Russia,7.0,902556,RUSSIA,VIMPLCOM
Vimplcom,Russia,7.0,902557,RUSSIA,VIMPLCOM
Vimplcom,Russia,7.0,90845,RUSSIA,VIMPLCOM
Vimplcom,Russia,7.0,960,RUSSIA,VIMPLCOM
Vimplcom,Russia,7.0,967,RUSSIA,VIMPLCOM
Airtel,Rwanda,250.0,73,RWANDA,AIRTELRW
Airtel,Rwanda,250.0,14,RWANDA,AIRTELRW
Rwandacell,Rwanda,250.0,3,RWANDA,RWANDACELL
Rwandacell,Rwanda,250.0,10,RWANDA,RWANDACELL
Rwandacell,Rwanda,250.0,,RWANDA,RWANDACELL
Tigo,Rwanda,250.0,13,RWANDA,TIGO
Tigo,Rwanda,250.0,72,RWANDA,TIGO
Tigo,Rwanda,250.0,,RWANDA,TIGO
Orange,Réunion,262.0,,RÉUNION,ORANGEREUNIO
Orange,Réunion,262.0,69200,RÉUNION,ORANGEREUNIO
Orange,Réunion,262.0,0,RÉUNION,ORANGEREUNIO
CWWI,SaintKitts,1.0,110,SAINTKITTS,CWWISKN
CWWI,SaintKitts,1.0,86966,SAINTKITTS,CWWISKN
CWWI,SaintKitts,1.0,,SAINTKITTS,CWWISKN
Telemovil,Salvador,503.0,2121,SALVADOR,TELEMOVIL
Telemovil,Salvador,503.0,03,SALVADOR,TELEMOVIL
Bluesky,Samoa,685.0,602,SAMOA,BLUSKYSAMOA
Bluesky,Samoa,685.0,71,SAMOA,BLUSKYSAMOA
Bluesky,Samoa,685.0,606,SAMOA,BLUSKYSAMOA
Bluesky,Samoa,685.0,607,SAMOA,BLUSKYSAMOA
Bluesky,Samoa,685.0,609,SAMOA,BLUSKYSAMOA
Bluesky,Samoa,685.0,601,SAMOA,BLUSKYSAMOA
Bluesky,Samoa,685.0,27,SAMOA,BLUSKYSAMOA
Bluesky,Samoa,685.0,605,SAMOA,BLUSKYSAMOA
Bluesky,Samoa,685.0,608,SAMOA,BLUSKYSAMOA
Bluesky,Samoa,685.0,604,SAMOA,BLUSKYSAMOA
Bluesky,Samoa,685.0,76,SAMOA,BLUSKYSAMOA
Bluesky,Samoa,685.0,603,SAMOA,BLUSKYSAMOA
Bluesky,Samoa,685.0,75,SAMOA,BLUSKYSAMOA
CSTmovel,SAOTOME AND PRINCIPE,239.0,01,SAOTOME AND PRINCIPE,CSTMOVEL
CSTmovel,SAOTOME AND PRINCIPE,239.0,98,SAOTOME AND PRINCIPE,CSTMOVEL
CSTmovel,SAOTOME AND PRINCIPE,239.0,99,SAOTOME AND PRINCIPE,CSTMOVEL
Mobily,Saudi Arabia,966.0,03,SAUDI ARABIA,MOBILY
Mobily,Saudi Arabia,966.0,56,SAUDI ARABIA,MOBILY
Mobily,Saudi Arabia,966.0,,SAUDI ARABIA,MOBILY
RedBullMob,Saudi Arabia,966.0,575,SAUDI ARABIA,REDBULLMOB
RedBullMob,Saudi Arabia,966.0,10,SAUDI ARABIA,REDBULLMOB
RedBullMob,Saudi Arabia,966.0,574,SAUDI ARABIA,REDBULLMOB
STC,Saudi Arabia,966.0,53,SAUDI ARABIA,STC
STC,Saudi Arabia,966.0,,SAUDI ARABIA,STC
STC,Saudi Arabia,966.0,573,SAUDI ARABIA,STC
STC,Saudi Arabia,966.0,83104,SAUDI ARABIA,STC
STC,Saudi Arabia,966.0,1,SAUDI ARABIA,STC
STC,Saudi Arabia,966.0,50,SAUDI ARABIA,STC
STC,Saudi Arabia,966.0,55,SAUDI ARABIA,STC
STC,Saudi Arabia,966.0,572,SAUDI ARABIA,STC
STC,Saudi Arabia,966.0,570,SAUDI ARABIA,STC
STC,Saudi Arabia,966.0,571,SAUDI ARABIA,STC
STC,Saudi Arabia,966.0,830040,SAUDI ARABIA,STC
Zain,Saudi Arabia,966.0,04,SAUDI ARABIA,ZAINKSA
Zain,Saudi Arabia,966.0,59,SAUDI ARABIA,ZAINKSA
Zain,Saudi Arabia,966.0,,SAUDI ARABIA,ZAINKSA
Alize,Senegal,221.0,30,SENEGAL,ALIZE
Alize,Senegal,221.0,1,SENEGAL,ALIZE
Alize,Senegal,221.0,,SENEGAL,ALIZE
Orange,Senegal,221.0,772,SENEGAL,ORANGESENEGA
Orange,Senegal,221.0,,SENEGAL,ORANGESENEGA
Orange,Senegal,221.0,01,SENEGAL,ORANGESENEGA
SAGASentel,Senegal,221.0,76,SENEGAL,SAGASENTEL
SAGASentel,Senegal,221.0,32,SENEGAL,SAGASENTEL
SAGASentel,Senegal,221.0,02,SENEGAL,SAGASENTEL
SENTEL,Senegal,221.0,7639,SENEGAL,SENTEL
SENTEL,Senegal,221.0,7647,SENEGAL,SENTEL
SENTEL,Senegal,221.0,7653,SENEGAL,SENTEL
SENTEL,Senegal,221.0,7674,SENEGAL,SENTEL
SENTEL,Senegal,221.0,7686,SENEGAL,SENTEL
SENTEL,Senegal,221.0,7634,SENEGAL,SENTEL
SENTEL,Senegal,221.0,7646,SENEGAL,SENTEL
SENTEL,Senegal,221.0,7651,SENEGAL,SENTEL
SENTEL,Senegal,221.0,7663,SENEGAL,SENTEL
SENTEL,Senegal,221.0,7667,SENEGAL,SENTEL
SENTEL,Senegal,221.0,7687,SENEGAL,SENTEL
SENTEL,Senegal,221.0,7628,SENEGAL,SENTEL
SENTEL,Senegal,221.0,7649,SENEGAL,SENTEL
SENTEL,Senegal,221.0,7664,SENEGAL,SENTEL
SENTEL,Senegal,221.0,7612,SENEGAL,SENTEL
SENTEL,Senegal,221.0,7633,SENEGAL,SENTEL
SENTEL,Senegal,221.0,7668,SENEGAL,SENTEL
SENTEL,Senegal,221.0,,SENEGAL,SENTEL
SENTEL,Senegal,221.0,7629,SENEGAL,SENTEL
SENTEL,Senegal,221.0,02,SENEGAL,SENTEL
SENTEL,Senegal,221.0,7613,SENEGAL,SENTEL
SENTEL,Senegal,221.0,7652,SENEGAL,SENTEL
SENTEL,Senegal,221.0,7655,SENEGAL,SENTEL
SENTEL,Senegal,221.0,7669,SENEGAL,SENTEL
SENTEL,Senegal,221.0,7688,SENEGAL,SENTEL
SENTEL,Senegal,221.0,7638,SENEGAL,SENTEL
SENTEL,Senegal,221.0,7648,SENEGAL,SENTEL
SENTEL,Senegal,221.0,7656,SENEGAL,SENTEL
SENTEL,Senegal,221.0,7658,SENEGAL,SENTEL
SENTEL,Senegal,221.0,7659,SENEGAL,SENTEL
SENTEL,Senegal,221.0,7675,SENEGAL,SENTEL
SENTEL,Senegal,221.0,7665,SENEGAL,SENTEL
SENTEL,Senegal,221.0,7666,SENEGAL,SENTEL
SENTEL,Senegal,221.0,7683,SENEGAL,SENTEL
SENTEL,Senegal,221.0,7684,SENEGAL,SENTEL
SENTEL,Senegal,221.0,7685,SENEGAL,SENTEL
TelekomSrbJa,Serbia,381.0,64,SERBIA,TELEKOMSRBJA
TelekomSrbJa,Serbia,381.0,65,SERBIA,TELEKOMSRBJA
TelekomSrbJa,Serbia,381.0,66,SERBIA,TELEKOMSRBJA
TelekomSrbJa,Serbia,381.0,03,SERBIA,TELEKOMSRBJA
VIP_mob,Serbia,381.0,61,SERBIA,VIP_MOB
VIP_mob,Serbia,381.0,05,SERBIA,VIP_MOB
VIP_mob,Serbia,381.0,60,SERBIA,VIP_MOB
VIP_mob,Serbia,381.0,,SERBIA,VIP_MOB
Airtel,Seychelles,248.0,,SEYCHELLES,AIRTELSEY
Airtel,Seychelles,248.0,270,SEYCHELLES,AIRTELSEY
Airtel,Seychelles,248.0,10,SEYCHELLES,AIRTELSEY
Cable&Wire,Seychelles,248.0,26,SEYCHELLES,CABLE&WIRE
Cable&Wire,Seychelles,248.0,01,SEYCHELLES,CABLE&WIRE
Cable&Wire,Seychelles,248.0,25,SEYCHELLES,CABLE&WIRE
SIABiteMobil,Latvia,371.0,2017,SIABITEMOBIL,LATVIA
SIABiteMobil,Latvia,371.0,202,SIABITEMOBIL,LATVIA
SIABiteMobil,Latvia,371.0,207,SIABITEMOBIL,LATVIA
SIABiteMobil,Latvia,371.0,2200,SIABITEMOBIL,LATVIA
SIABiteMobil,Latvia,371.0,221,SIABITEMOBIL,LATVIA
SIABiteMobil,Latvia,371.0,2260,SIABITEMOBIL,LATVIA
SIABiteMobil,Latvia,371.0,2279,SIABITEMOBIL,LATVIA
SIABiteMobil,Latvia,371.0,2553,SIABITEMOBIL,LATVIA
SIABiteMobil,Latvia,371.0,2557,SIABITEMOBIL,LATVIA
SIABiteMobil,Latvia,371.0,2558,SIABITEMOBIL,LATVIA
SIABiteMobil,Latvia,371.0,2589,SIABITEMOBIL,LATVIA
SIABiteMobil,Latvia,371.0,263,SIABITEMOBIL,LATVIA
SIABiteMobil,Latvia,371.0,267,SIABITEMOBIL,LATVIA
SIABiteMobil,Latvia,371.0,268,SIABITEMOBIL,LATVIA
SIABiteMobil,Latvia,371.0,2726,SIABITEMOBIL,LATVIA
SIABiteMobil,Latvia,371.0,2761,SIABITEMOBIL,LATVIA
SIABiteMobil,Latvia,371.0,2790,SIABITEMOBIL,LATVIA
SIABiteMobil,Latvia,371.0,2792,SIABITEMOBIL,LATVIA
SIABiteMobil,Latvia,371.0,2840,SIABITEMOBIL,LATVIA
SIABiteMobil,Latvia,371.0,2842,SIABITEMOBIL,LATVIA
SIABiteMobil,Latvia,371.0,2846,SIABITEMOBIL,LATVIA
SIABiteMobil,Latvia,371.0,2849,SIABITEMOBIL,LATVIA
SIABiteMobil,Latvia,371.0,285,SIABITEMOBIL,LATVIA
SIABiteMobil,Latvia,371.0,297,SIABITEMOBIL,LATVIA
SIABiteMobil,Latvia,371.0,299,SIABITEMOBIL,LATVIA
SIABiteMobil,Latvia,371.0,79995,SIABITEMOBIL,LATVIA
SIABiteMobil,Latvia,371.0,2010,SIABITEMOBIL,LATVIA
SIABiteMobil,Latvia,371.0,2011,SIABITEMOBIL,LATVIA
SIABiteMobil,Latvia,371.0,203,SIABITEMOBIL,LATVIA
SIABiteMobil,Latvia,371.0,204,SIABITEMOBIL,LATVIA
SIABiteMobil,Latvia,371.0,2205,SIABITEMOBIL,LATVIA
SIABiteMobil,Latvia,371.0,2209,SIABITEMOBIL,LATVIA
SIABiteMobil,Latvia,371.0,2234,SIABITEMOBIL,LATVIA
SIABiteMobil,Latvia,371.0,2236,SIABITEMOBIL,LATVIA
SIABiteMobil,Latvia,371.0,2239,SIABITEMOBIL,LATVIA
SIABiteMobil,Latvia,371.0,224,SIABITEMOBIL,LATVIA
SIABiteMobil,Latvia,371.0,225,SIABITEMOBIL,LATVIA
SIABiteMobil,Latvia,371.0,2261,SIABITEMOBIL,LATVIA
SIABiteMobil,Latvia,371.0,2266,SIABITEMOBIL,LATVIA
SIABiteMobil,Latvia,371.0,2269,SIABITEMOBIL,LATVIA
SIABiteMobil,Latvia,371.0,2275,SIABITEMOBIL,LATVIA
SIABiteMobil,Latvia,371.0,2551,SIABITEMOBIL,LATVIA
SIABiteMobil,Latvia,371.0,2582,SIABITEMOBIL,LATVIA
SIABiteMobil,Latvia,371.0,260,SIABITEMOBIL,LATVIA
SIABiteMobil,Latvia,371.0,262,SIABITEMOBIL,LATVIA
SIABiteMobil,Latvia,371.0,266,SIABITEMOBIL,LATVIA
SIABiteMobil,Latvia,371.0,2722,SIABITEMOBIL,LATVIA
SIABiteMobil,Latvia,371.0,2728,SIABITEMOBIL,LATVIA
SIABiteMobil,Latvia,371.0,2766,SIABITEMOBIL,LATVIA
SIABiteMobil,Latvia,371.0,2767,SIABITEMOBIL,LATVIA
SIABiteMobil,Latvia,371.0,280,SIABITEMOBIL,LATVIA
SIABiteMobil,Latvia,371.0,283,SIABITEMOBIL,LATVIA
SIABiteMobil,Latvia,371.0,2848,SIABITEMOBIL,LATVIA
SIABiteMobil,Latvia,371.0,286,SIABITEMOBIL,LATVIA
SIABiteMobil,Latvia,371.0,288,SIABITEMOBIL,LATVIA
SIABiteMobil,Latvia,371.0,292,SIABITEMOBIL,LATVIA
SIABiteMobil,Latvia,371.0,293,SIABITEMOBIL,LATVIA
SIABiteMobil,Latvia,371.0,295,SIABITEMOBIL,LATVIA
SIABiteMobil,Latvia,371.0,2015,SIABITEMOBIL,LATVIA
SIABiteMobil,Latvia,371.0,2019,SIABITEMOBIL,LATVIA
SIABiteMobil,Latvia,371.0,2203,SIABITEMOBIL,LATVIA
SIABiteMobil,Latvia,371.0,2270,SIABITEMOBIL,LATVIA
SIABiteMobil,Latvia,371.0,2272,SIABITEMOBIL,LATVIA
SIABiteMobil,Latvia,371.0,2277,SIABITEMOBIL,LATVIA
SIABiteMobil,Latvia,371.0,2287,SIABITEMOBIL,LATVIA
SIABiteMobil,Latvia,371.0,256,SIABITEMOBIL,LATVIA
SIABiteMobil,Latvia,371.0,257,SIABITEMOBIL,LATVIA
SIABiteMobil,Latvia,371.0,2583,SIABITEMOBIL,LATVIA
SIABiteMobil,Latvia,371.0,261,SIABITEMOBIL,LATVIA
SIABiteMobil,Latvia,371.0,2723,SIABITEMOBIL,LATVIA
SIABiteMobil,Latvia,371.0,2760,SIABITEMOBIL,LATVIA
SIABiteMobil,Latvia,371.0,2765,SIABITEMOBIL,LATVIA
SIABiteMobil,Latvia,371.0,2844,SIABITEMOBIL,LATVIA
SIABiteMobil,Latvia,371.0,291,SIABITEMOBIL,LATVIA
SIABiteMobil,Latvia,371.0,05,SIABITEMOBIL,LATVIA
SIABiteMobil,Latvia,371.0,2201,SIABITEMOBIL,LATVIA
SIABiteMobil,Latvia,371.0,2202,SIABITEMOBIL,LATVIA
SIABiteMobil,Latvia,371.0,2235,SIABITEMOBIL,LATVIA
SIABiteMobil,Latvia,371.0,2238,SIABITEMOBIL,LATVIA
SIABiteMobil,Latvia,371.0,2264,SIABITEMOBIL,LATVIA
SIABiteMobil,Latvia,371.0,2281,SIABITEMOBIL,LATVIA
SIABiteMobil,Latvia,371.0,23,SIABITEMOBIL,LATVIA
SIABiteMobil,Latvia,371.0,254,SIABITEMOBIL,LATVIA
SIABiteMobil,Latvia,371.0,2559,SIABITEMOBIL,LATVIA
SIABiteMobil,Latvia,371.0,2584,SIABITEMOBIL,LATVIA
SIABiteMobil,Latvia,371.0,2586,SIABITEMOBIL,LATVIA
SIABiteMobil,Latvia,371.0,2587,SIABITEMOBIL,LATVIA
SIABiteMobil,Latvia,371.0,264,SIABITEMOBIL,LATVIA
SIABiteMobil,Latvia,371.0,2725,SIABITEMOBIL,LATVIA
SIABiteMobil,Latvia,371.0,279,SIABITEMOBIL,LATVIA
SIABiteMobil,Latvia,371.0,2799,SIABITEMOBIL,LATVIA
SIABiteMobil,Latvia,371.0,2841,SIABITEMOBIL,LATVIA
SIABiteMobil,Latvia,371.0,2843,SIABITEMOBIL,LATVIA
SIABiteMobil,Latvia,371.0,298,SIABITEMOBIL,LATVIA
SIABiteMobil,Latvia,371.0,2207,SIABITEMOBIL,LATVIA
SIABiteMobil,Latvia,371.0,222,SIABITEMOBIL,LATVIA
SIABiteMobil,Latvia,371.0,2233,SIABITEMOBIL,LATVIA
SIABiteMobil,Latvia,371.0,2262,SIABITEMOBIL,LATVIA
SIABiteMobil,Latvia,371.0,2278,SIABITEMOBIL,LATVIA
SIABiteMobil,Latvia,371.0,2283,SIABITEMOBIL,LATVIA
SIABiteMobil,Latvia,371.0,2286,SIABITEMOBIL,LATVIA
SIABiteMobil,Latvia,371.0,229,SIABITEMOBIL,LATVIA
SIABiteMobil,Latvia,371.0,2552,SIABITEMOBIL,LATVIA
SIABiteMobil,Latvia,371.0,2555,SIABITEMOBIL,LATVIA
SIABiteMobil,Latvia,371.0,259,SIABITEMOBIL,LATVIA
SIABiteMobil,Latvia,371.0,2720,SIABITEMOBIL,LATVIA
SIABiteMobil,Latvia,371.0,273,SIABITEMOBIL,LATVIA
SIABiteMobil,Latvia,371.0,274,SIABITEMOBIL,LATVIA
SIABiteMobil,Latvia,371.0,287,SIABITEMOBIL,LATVIA
SIABiteMobil,Latvia,371.0,2014,SIABITEMOBIL,LATVIA
SIABiteMobil,Latvia,371.0,206,SIABITEMOBIL,LATVIA
SIABiteMobil,Latvia,371.0,208,SIABITEMOBIL,LATVIA
SIABiteMobil,Latvia,371.0,2230,SIABITEMOBIL,LATVIA
SIABiteMobil,Latvia,371.0,2263,SIABITEMOBIL,LATVIA
SIABiteMobil,Latvia,371.0,2273,SIABITEMOBIL,LATVIA
SIABiteMobil,Latvia,371.0,24,SIABITEMOBIL,LATVIA
SIABiteMobil,Latvia,371.0,2554,SIABITEMOBIL,LATVIA
SIABiteMobil,Latvia,371.0,2556,SIABITEMOBIL,LATVIA
SIABiteMobil,Latvia,371.0,2585,SIABITEMOBIL,LATVIA
SIABiteMobil,Latvia,371.0,2588,SIABITEMOBIL,LATVIA
SIABiteMobil,Latvia,371.0,269,SIABITEMOBIL,LATVIA
SIABiteMobil,Latvia,371.0,270,SIABITEMOBIL,LATVIA
SIABiteMobil,Latvia,371.0,2721,SIABITEMOBIL,LATVIA
SIABiteMobil,Latvia,371.0,2724,SIABITEMOBIL,LATVIA
SIABiteMobil,Latvia,371.0,2727,SIABITEMOBIL,LATVIA
SIABiteMobil,Latvia,371.0,2763,SIABITEMOBIL,LATVIA
SIABiteMobil,Latvia,371.0,2768,SIABITEMOBIL,LATVIA
SIABiteMobil,Latvia,371.0,2769,SIABITEMOBIL,LATVIA
SIABiteMobil,Latvia,371.0,282,SIABITEMOBIL,LATVIA
SIABiteMobil,Latvia,371.0,289,SIABITEMOBIL,LATVIA
SIABiteMobil,Latvia,371.0,200,SIABITEMOBIL,LATVIA
SIABiteMobil,Latvia,371.0,2012,SIABITEMOBIL,LATVIA
SIABiteMobil,Latvia,371.0,2013,SIABITEMOBIL,LATVIA
SIABiteMobil,Latvia,371.0,2016,SIABITEMOBIL,LATVIA
SIABiteMobil,Latvia,371.0,2018,SIABITEMOBIL,LATVIA
SIABiteMobil,Latvia,371.0,205,SIABITEMOBIL,LATVIA
SIABiteMobil,Latvia,371.0,21,SIABITEMOBIL,LATVIA
SIABiteMobil,Latvia,371.0,2206,SIABITEMOBIL,LATVIA
SIABiteMobil,Latvia,371.0,2232,SIABITEMOBIL,LATVIA
SIABiteMobil,Latvia,371.0,2265,SIABITEMOBIL,LATVIA
SIABiteMobil,Latvia,371.0,2267,SIABITEMOBIL,LATVIA
SIABiteMobil,Latvia,371.0,2268,SIABITEMOBIL,LATVIA
SIABiteMobil,Latvia,371.0,2274,SIABITEMOBIL,LATVIA
SIABiteMobil,Latvia,371.0,2280,SIABITEMOBIL,LATVIA
SIABiteMobil,Latvia,371.0,2282,SIABITEMOBIL,LATVIA
SIABiteMobil,Latvia,371.0,2284,SIABITEMOBIL,LATVIA
SIABiteMobil,Latvia,371.0,2285,SIABITEMOBIL,LATVIA
SIABiteMobil,Latvia,371.0,2289,SIABITEMOBIL,LATVIA
SIABiteMobil,Latvia,371.0,250,SIABITEMOBIL,LATVIA
SIABiteMobil,Latvia,371.0,265,SIABITEMOBIL,LATVIA
SIABiteMobil,Latvia,371.0,271,SIABITEMOBIL,LATVIA
SIABiteMobil,Latvia,371.0,2762,SIABITEMOBIL,LATVIA
SIABiteMobil,Latvia,371.0,2777,SIABITEMOBIL,LATVIA
SIABiteMobil,Latvia,371.0,278,SIABITEMOBIL,LATVIA
SIABiteMobil,Latvia,371.0,2845,SIABITEMOBIL,LATVIA
SIABiteMobil,Latvia,371.0,294,SIABITEMOBIL,LATVIA
SIABiteMobil,Latvia,371.0,296,SIABITEMOBIL,LATVIA
SIABiteMobil,Latvia,371.0,2204,SIABITEMOBIL,LATVIA
SIABiteMobil,Latvia,371.0,2208,SIABITEMOBIL,LATVIA
SIABiteMobil,Latvia,371.0,2231,SIABITEMOBIL,LATVIA
SIABiteMobil,Latvia,371.0,2237,SIABITEMOBIL,LATVIA
SIABiteMobil,Latvia,371.0,2271,SIABITEMOBIL,LATVIA
SIABiteMobil,Latvia,371.0,2276,SIABITEMOBIL,LATVIA
SIABiteMobil,Latvia,371.0,2288,SIABITEMOBIL,LATVIA
SIABiteMobil,Latvia,371.0,2550,SIABITEMOBIL,LATVIA
SIABiteMobil,Latvia,371.0,2580,SIABITEMOBIL,LATVIA
SIABiteMobil,Latvia,371.0,2581,SIABITEMOBIL,LATVIA
SIABiteMobil,Latvia,371.0,2729,SIABITEMOBIL,LATVIA
SIABiteMobil,Latvia,371.0,275,SIABITEMOBIL,LATVIA
SIABiteMobil,Latvia,371.0,2764,SIABITEMOBIL,LATVIA
SIABiteMobil,Latvia,371.0,277,SIABITEMOBIL,LATVIA
SIABiteMobil,Latvia,371.0,2847,SIABITEMOBIL,LATVIA
SIABiteMobil,Latvia,371.0,290,SIABITEMOBIL,LATVIA
SIABiteMobil,Latvia,371.0,79991,SIABITEMOBIL,LATVIA
SierraLeone,Sierra Leone,232.0,79,SIERRA LEONE,SIERRALEONE
SierraLeone,Sierra Leone,232.0,76,SIERRA LEONE,SIERRALEONE
SierraLeone,Sierra Leone,232.0,78,SIERRA LEONE,SIERRALEONE
SierraLeone,Sierra Leone,232.0,75,SIERRA LEONE,SIERRALEONE
SierraLeone,Sierra Leone,232.0,01,SIERRA LEONE,SIERRALEONE
Africell,Sierra Leone,232.0,77,SIERRALEONE,AFRICELL
Africell,Sierra Leone,232.0,30,SIERRALEONE,AFRICELL
Africell,Sierra Leone,232.0,,SIERRALEONE,AFRICELL
Africell,Sierra Leone,232.0,80,SIERRALEONE,AFRICELL
Africell,Sierra Leone,232.0,05,SIERRALEONE,AFRICELL
M1Limited,Singapore,65.0,817,SINGAPORE,M1LIMITED
M1Limited,Singapore,65.0,8194,SINGAPORE,M1LIMITED
M1Limited,Singapore,65.0,8196,SINGAPORE,M1LIMITED
M1Limited,Singapore,65.0,8197,SINGAPORE,M1LIMITED
M1Limited,Singapore,65.0,8210,SINGAPORE,M1LIMITED
M1Limited,Singapore,65.0,8212,SINGAPORE,M1LIMITED
M1Limited,Singapore,65.0,8217,SINGAPORE,M1LIMITED
M1Limited,Singapore,65.0,8442,SINGAPORE,M1LIMITED
M1Limited,Singapore,65.0,8449,SINGAPORE,M1LIMITED
M1Limited,Singapore,65.0,8461,SINGAPORE,M1LIMITED
M1Limited,Singapore,65.0,8463,SINGAPORE,M1LIMITED
M1Limited,Singapore,65.0,8464,SINGAPORE,M1LIMITED
M1Limited,Singapore,65.0,8465,SINGAPORE,M1LIMITED
M1Limited,Singapore,65.0,8500,SINGAPORE,M1LIMITED
M1Limited,Singapore,65.0,8576,SINGAPORE,M1LIMITED
M1Limited,Singapore,65.0,9191,SINGAPORE,M1LIMITED
M1Limited,Singapore,65.0,9193,SINGAPORE,M1LIMITED
M1Limited,Singapore,65.0,968,SINGAPORE,M1LIMITED
M1Limited,Singapore,65.0,810,SINGAPORE,M1LIMITED
M1Limited,Singapore,65.0,8190,SINGAPORE,M1LIMITED
M1Limited,Singapore,65.0,8199,SINGAPORE,M1LIMITED
M1Limited,Singapore,65.0,8213,SINGAPORE,M1LIMITED
M1Limited,Singapore,65.0,8288,SINGAPORE,M1LIMITED
M1Limited,Singapore,65.0,8412,SINGAPORE,M1LIMITED
M1Limited,Singapore,65.0,8480,SINGAPORE,M1LIMITED
M1Limited,Singapore,65.0,8550,SINGAPORE,M1LIMITED
M1Limited,Singapore,65.0,9195,SINGAPORE,M1LIMITED
M1Limited,Singapore,65.0,9197,SINGAPORE,M1LIMITED
M1Limited,Singapore,65.0,9198,SINGAPORE,M1LIMITED
M1Limited,Singapore,65.0,9275,SINGAPORE,M1LIMITED
M1Limited,Singapore,65.0,936,SINGAPORE,M1LIMITED
M1Limited,Singapore,65.0,943,SINGAPORE,M1LIMITED
M1Limited,Singapore,65.0,947,SINGAPORE,M1LIMITED
M1Limited,Singapore,65.0,8192,SINGAPORE,M1LIMITED
M1Limited,Singapore,65.0,8216,SINGAPORE,M1LIMITED
M1Limited,Singapore,65.0,8221,SINGAPORE,M1LIMITED
M1Limited,Singapore,65.0,8320,SINGAPORE,M1LIMITED
M1Limited,Singapore,65.0,8418,SINGAPORE,M1LIMITED
M1Limited,Singapore,65.0,8446,SINGAPORE,M1LIMITED
M1Limited,Singapore,65.0,8460,SINGAPORE,M1LIMITED
M1Limited,Singapore,65.0,8462,SINGAPORE,M1LIMITED
M1Limited,Singapore,65.0,8466,SINGAPORE,M1LIMITED
M1Limited,Singapore,65.0,8469,SINGAPORE,M1LIMITED
M1Limited,Singapore,65.0,8539,SINGAPORE,M1LIMITED
M1Limited,Singapore,65.0,8552,SINGAPORE,M1LIMITED
M1Limited,Singapore,65.0,8579,SINGAPORE,M1LIMITED
M1Limited,Singapore,65.0,909,SINGAPORE,M1LIMITED
M1Limited,Singapore,65.0,9190,SINGAPORE,M1LIMITED
M1Limited,Singapore,65.0,9273,SINGAPORE,M1LIMITED
M1Limited,Singapore,65.0,9278,SINGAPORE,M1LIMITED
M1Limited,Singapore,65.0,984,SINGAPORE,M1LIMITED
M1Limited,Singapore,65.0,3153,SINGAPORE,M1LIMITED
M1Limited,Singapore,65.0,3155,SINGAPORE,M1LIMITED
M1Limited,Singapore,65.0,8214,SINGAPORE,M1LIMITED
M1Limited,Singapore,65.0,8215,SINGAPORE,M1LIMITED
M1Limited,Singapore,65.0,8366,SINGAPORE,M1LIMITED
M1Limited,Singapore,65.0,8415,SINGAPORE,M1LIMITED
M1Limited,Singapore,65.0,8488,SINGAPORE,M1LIMITED
M1Limited,Singapore,65.0,8577,SINGAPORE,M1LIMITED
M1Limited,Singapore,65.0,907,SINGAPORE,M1LIMITED
M1Limited,Singapore,65.0,9279,SINGAPORE,M1LIMITED
M1Limited,Singapore,65.0,969,SINGAPORE,M1LIMITED
M1Limited,Singapore,65.0,827,SINGAPORE,M1LIMITED
M1Limited,Singapore,65.0,8324,SINGAPORE,M1LIMITED
M1Limited,Singapore,65.0,8329,SINGAPORE,M1LIMITED
M1Limited,Singapore,65.0,8410,SINGAPORE,M1LIMITED
M1Limited,Singapore,65.0,8413,SINGAPORE,M1LIMITED
M1Limited,Singapore,65.0,8414,SINGAPORE,M1LIMITED
M1Limited,Singapore,65.0,8484,SINGAPORE,M1LIMITED
M1Limited,Singapore,65.0,854,SINGAPORE,M1LIMITED
M1Limited,Singapore,65.0,8551,SINGAPORE,M1LIMITED
M1Limited,Singapore,65.0,8556,SINGAPORE,M1LIMITED
M1Limited,Singapore,65.0,8573,SINGAPORE,M1LIMITED
M1Limited,Singapore,65.0,9105,SINGAPORE,M1LIMITED
M1Limited,Singapore,65.0,987,SINGAPORE,M1LIMITED
M1Limited,Singapore,65.0,8188,SINGAPORE,M1LIMITED
M1Limited,Singapore,65.0,8193,SINGAPORE,M1LIMITED
M1Limited,Singapore,65.0,8219,SINGAPORE,M1LIMITED
M1Limited,Singapore,65.0,8220,SINGAPORE,M1LIMITED
M1Limited,Singapore,65.0,8368,SINGAPORE,M1LIMITED
M1Limited,Singapore,65.0,8383,SINGAPORE,M1LIMITED
M1Limited,Singapore,65.0,8388,SINGAPORE,M1LIMITED
M1Limited,Singapore,65.0,8416,SINGAPORE,M1LIMITED
M1Limited,Singapore,65.0,8444,SINGAPORE,M1LIMITED
M1Limited,Singapore,65.0,8448,SINGAPORE,M1LIMITED
M1Limited,Singapore,65.0,8578,SINGAPORE,M1LIMITED
M1Limited,Singapore,65.0,9196,SINGAPORE,M1LIMITED
M1Limited,Singapore,65.0,922,SINGAPORE,M1LIMITED
M1Limited,Singapore,65.0,979,SINGAPORE,M1LIMITED
M1Limited,Singapore,65.0,8191,SINGAPORE,M1LIMITED
M1Limited,Singapore,65.0,8323,SINGAPORE,M1LIMITED
M1Limited,Singapore,65.0,8326,SINGAPORE,M1LIMITED
M1Limited,Singapore,65.0,8333,SINGAPORE,M1LIMITED
M1Limited,Singapore,65.0,8417,SINGAPORE,M1LIMITED
M1Limited,Singapore,65.0,8447,SINGAPORE,M1LIMITED
M1Limited,Singapore,65.0,8467,SINGAPORE,M1LIMITED
M1Limited,Singapore,65.0,8553,SINGAPORE,M1LIMITED
M1Limited,Singapore,65.0,8574,SINGAPORE,M1LIMITED
M1Limited,Singapore,65.0,8581,SINGAPORE,M1LIMITED
M1Limited,Singapore,65.0,8582,SINGAPORE,M1LIMITED
M1Limited,Singapore,65.0,9192,SINGAPORE,M1LIMITED
M1Limited,Singapore,65.0,9194,SINGAPORE,M1LIMITED
M1Limited,Singapore,65.0,932,SINGAPORE,M1LIMITED
M1Limited,Singapore,65.0,934,SINGAPORE,M1LIMITED
M1Limited,Singapore,65.0,974,SINGAPORE,M1LIMITED
M1Limited,Singapore,65.0,,SINGAPORE,M1LIMITED
M1Limited,Singapore,65.0,03,SINGAPORE,M1LIMITED
M1Limited,Singapore,65.0,8211,SINGAPORE,M1LIMITED
M1Limited,Singapore,65.0,8222,SINGAPORE,M1LIMITED
M1Limited,Singapore,65.0,8282,SINGAPORE,M1LIMITED
M1Limited,Singapore,65.0,8325,SINGAPORE,M1LIMITED
M1Limited,Singapore,65.0,8327,SINGAPORE,M1LIMITED
M1Limited,Singapore,65.0,8382,SINGAPORE,M1LIMITED
M1Limited,Singapore,65.0,8419,SINGAPORE,M1LIMITED
M1Limited,Singapore,65.0,8440,SINGAPORE,M1LIMITED
M1Limited,Singapore,65.0,8441,SINGAPORE,M1LIMITED
M1Limited,Singapore,65.0,8443,SINGAPORE,M1LIMITED
M1Limited,Singapore,65.0,8445,SINGAPORE,M1LIMITED
M1Limited,Singapore,65.0,8554,SINGAPORE,M1LIMITED
M1Limited,Singapore,65.0,8580,SINGAPORE,M1LIMITED
M1Limited,Singapore,65.0,904,SINGAPORE,M1LIMITED
M1Limited,Singapore,65.0,9276,SINGAPORE,M1LIMITED
M1Limited,Singapore,65.0,9277,SINGAPORE,M1LIMITED
M1Limited,Singapore,65.0,976,SINGAPORE,M1LIMITED
M1Limited,Singapore,65.0,9889,SINGAPORE,M1LIMITED
SingaporeTEL,Singapore,65.0,1440,SINGAPORE,SINGAPORETEL
SingaporeTEL,Singapore,65.0,17868040,SINGAPORE,SINGAPORETEL
SingaporeTEL,Singapore,65.0,17868228,SINGAPORE,SINGAPORETEL
SingaporeTEL,Singapore,65.0,17868289,SINGAPORE,SINGAPORETEL
SingaporeTEL,Singapore,65.0,1786837,SINGAPORE,SINGAPORETEL
SingaporeTEL,Singapore,65.0,1786842,SINGAPORE,SINGAPORETEL
SingaporeTEL,Singapore,65.0,17868575,SINGAPORE,SINGAPORETEL
SingaporeTEL,Singapore,65.0,1786870,SINGAPORE,SINGAPORETEL
SingaporeTEL,Singapore,65.0,17868870,SINGAPORE,SINGAPORETEL
SingaporeTEL,Singapore,65.0,17868872,SINGAPORE,SINGAPORETEL
SingaporeTEL,Singapore,65.0,17868876,SINGAPORE,SINGAPORETEL
SingaporeTEL,Singapore,65.0,17868878,SINGAPORE,SINGAPORETEL
SingaporeTEL,Singapore,65.0,17868939,SINGAPORE,SINGAPORETEL
SingaporeTEL,Singapore,65.0,17868941,SINGAPORE,SINGAPORETEL
SingaporeTEL,Singapore,65.0,17868943,SINGAPORE,SINGAPORETEL
SingaporeTEL,Singapore,65.0,1786908,SINGAPORE,SINGAPORETEL
SingaporeTEL,Singapore,65.0,1786935,SINGAPORE,SINGAPORETEL
SingaporeTEL,Singapore,65.0,1786972,SINGAPORE,SINGAPORETEL
SingaporeTEL,Singapore,65.0,17863162,SINGAPORE,SINGAPORETEL
SingaporeTEL,Singapore,65.0,17863168,SINGAPORE,SINGAPORETEL
SingaporeTEL,Singapore,65.0,17863171,SINGAPORE,SINGAPORETEL
SingaporeTEL,Singapore,65.0,17863173,SINGAPORE,SINGAPORETEL
SingaporeTEL,Singapore,65.0,17863177,SINGAPORE,SINGAPORETEL
SingaporeTEL,Singapore,65.0,17868021,SINGAPORE,SINGAPORETEL
SingaporeTEL,Singapore,65.0,17868027,SINGAPORE,SINGAPORETEL
SingaporeTEL,Singapore,65.0,17868029,SINGAPORE,SINGAPORETEL
SingaporeTEL,Singapore,65.0,17868299,SINGAPORE,SINGAPORETEL
SingaporeTEL,Singapore,65.0,1786853,SINGAPORE,SINGAPORETEL
SingaporeTEL,Singapore,65.0,1786879,SINGAPORE,SINGAPORETEL
SingaporeTEL,Singapore,65.0,17868841,SINGAPORE,SINGAPORETEL
SingaporeTEL,Singapore,65.0,17868845,SINGAPORE,SINGAPORETEL
SingaporeTEL,Singapore,65.0,17868860,SINGAPORE,SINGAPORETEL
SingaporeTEL,Singapore,65.0,1786912,SINGAPORE,SINGAPORETEL
SingaporeTEL,Singapore,65.0,1786971,SINGAPORE,SINGAPORETEL
SingaporeTEL,Singapore,65.0,1786975,SINGAPORE,SINGAPORETEL
SingaporeTEL,Singapore,65.0,17869888,SINGAPORE,SINGAPORETEL
SingaporeTEL,Singapore,65.0,1786989,SINGAPORE,SINGAPORETEL
SingaporeTEL,Singapore,65.0,17868019,SINGAPORE,SINGAPORETEL
SingaporeTEL,Singapore,65.0,17868030,SINGAPORE,SINGAPORETEL
SingaporeTEL,Singapore,65.0,17868036,SINGAPORE,SINGAPORETEL
SingaporeTEL,Singapore,65.0,17868038,SINGAPORE,SINGAPORETEL
SingaporeTEL,Singapore,65.0,1786812,SINGAPORE,SINGAPORETEL
SingaporeTEL,Singapore,65.0,17868218,SINGAPORE,SINGAPORETEL
SingaporeTEL,Singapore,65.0,1786838,SINGAPORE,SINGAPORETEL
SingaporeTEL,Singapore,65.0,17868411,SINGAPORE,SINGAPORETEL
SingaporeTEL,Singapore,65.0,1786871,SINGAPORE,SINGAPORETEL
SingaporeTEL,Singapore,65.0,17868938,SINGAPORE,SINGAPORETEL
SingaporeTEL,Singapore,65.0,1786903,SINGAPORE,SINGAPORETEL
SingaporeTEL,Singapore,65.0,1786913,SINGAPORE,SINGAPORETEL
SingaporeTEL,Singapore,65.0,1786917,SINGAPORE,SINGAPORETEL
SingaporeTEL,Singapore,65.0,1786929,SINGAPORE,SINGAPORETEL
SingaporeTEL,Singapore,65.0,17869334,SINGAPORE,SINGAPORETEL
SingaporeTEL,Singapore,65.0,1786937,SINGAPORE,SINGAPORETEL
SingaporeTEL,Singapore,65.0,1786946,SINGAPORE,SINGAPORETEL
SingaporeTEL,Singapore,65.0,1786986,SINGAPORE,SINGAPORETEL
SingaporeTEL,Singapore,65.0,17868020,SINGAPORE,SINGAPORETEL
SingaporeTEL,Singapore,65.0,17868028,SINGAPORE,SINGAPORETEL
SingaporeTEL,Singapore,65.0,17868090,SINGAPORE,SINGAPORETEL
SingaporeTEL,Singapore,65.0,1786818,SINGAPORE,SINGAPORETEL
SingaporeTEL,Singapore,65.0,1786828,SINGAPORE,SINGAPORETEL
SingaporeTEL,Singapore,65.0,17868379,SINGAPORE,SINGAPORETEL
SingaporeTEL,Singapore,65.0,1786840,SINGAPORE,SINGAPORETEL
SingaporeTEL,Singapore,65.0,1786843,SINGAPORE,SINGAPORETEL
SingaporeTEL,Singapore,65.0,17868497,SINGAPORE,SINGAPORETEL
SingaporeTEL,Singapore,65.0,17868499,SINGAPORE,SINGAPORETEL
SingaporeTEL,Singapore,65.0,1786850,SINGAPORE,SINGAPORETEL
SingaporeTEL,Singapore,65.0,1786858,SINGAPORE,SINGAPORETEL
SingaporeTEL,Singapore,65.0,1786874,SINGAPORE,SINGAPORETEL
SingaporeTEL,Singapore,65.0,17868773,SINGAPORE,SINGAPORETEL
SingaporeTEL,Singapore,65.0,17868775,SINGAPORE,SINGAPORETEL
SingaporeTEL,Singapore,65.0,17868809,SINGAPORE,SINGAPORETEL
SingaporeTEL,Singapore,65.0,17868906,SINGAPORE,SINGAPORETEL
SingaporeTEL,Singapore,65.0,17868908,SINGAPORE,SINGAPORETEL
SingaporeTEL,Singapore,65.0,1786901,SINGAPORE,SINGAPORETEL
SingaporeTEL,Singapore,65.0,1786905,SINGAPORE,SINGAPORETEL
SingaporeTEL,Singapore,65.0,1786915,SINGAPORE,SINGAPORETEL
SingaporeTEL,Singapore,65.0,1786923,SINGAPORE,SINGAPORETEL
SingaporeTEL,Singapore,65.0,1786939,SINGAPORE,SINGAPORETEL
SingaporeTEL,Singapore,65.0,17863154,SINGAPORE,SINGAPORETEL
SingaporeTEL,Singapore,65.0,17868045,SINGAPORE,SINGAPORETEL
SingaporeTEL,Singapore,65.0,17868049,SINGAPORE,SINGAPORETEL
SingaporeTEL,Singapore,65.0,17868067,SINGAPORE,SINGAPORETEL
SingaporeTEL,Singapore,65.0,17868082,SINGAPORE,SINGAPORETEL
SingaporeTEL,Singapore,65.0,17868084,SINGAPORE,SINGAPORETEL
SingaporeTEL,Singapore,65.0,1786826,SINGAPORE,SINGAPORETEL
SingaporeTEL,Singapore,65.0,1786839,SINGAPORE,SINGAPORETEL
SingaporeTEL,Singapore,65.0,17868393,SINGAPORE,SINGAPORETEL
SingaporeTEL,Singapore,65.0,178685,SINGAPORE,SINGAPORETEL
SingaporeTEL,Singapore,65.0,17868515,SINGAPORE,SINGAPORETEL
SingaporeTEL,Singapore,65.0,17868595,SINGAPORE,SINGAPORETEL
SingaporeTEL,Singapore,65.0,178686,SINGAPORE,SINGAPORETEL
SingaporeTEL,Singapore,65.0,17868905,SINGAPORE,SINGAPORETEL
SingaporeTEL,Singapore,65.0,17868907,SINGAPORE,SINGAPORETEL
SingaporeTEL,Singapore,65.0,17868909,SINGAPORE,SINGAPORETEL
SingaporeTEL,Singapore,65.0,17868929,SINGAPORE,SINGAPORETEL
SingaporeTEL,Singapore,65.0,178698,SINGAPORE,SINGAPORETEL
SingaporeTEL,Singapore,65.0,1786980,SINGAPORE,SINGAPORETEL
SingaporeTEL,Singapore,65.0,17868031,SINGAPORE,SINGAPORETEL
SingaporeTEL,Singapore,65.0,17868037,SINGAPORE,SINGAPORETEL
SingaporeTEL,Singapore,65.0,17868039,SINGAPORE,SINGAPORETEL
SingaporeTEL,Singapore,65.0,17868054,SINGAPORE,SINGAPORETEL
SingaporeTEL,Singapore,65.0,17868223,SINGAPORE,SINGAPORETEL
SingaporeTEL,Singapore,65.0,178683,SINGAPORE,SINGAPORETEL
SingaporeTEL,Singapore,65.0,1786831,SINGAPORE,SINGAPORETEL
SingaporeTEL,Singapore,65.0,1786845,SINGAPORE,SINGAPORETEL
SingaporeTEL,Singapore,65.0,17868502,SINGAPORE,SINGAPORETEL
SingaporeTEL,Singapore,65.0,17868504,SINGAPORE,SINGAPORETEL
SingaporeTEL,Singapore,65.0,1786852,SINGAPORE,SINGAPORETEL
SingaporeTEL,Singapore,65.0,17868610,SINGAPORE,SINGAPORETEL
SingaporeTEL,Singapore,65.0,1786873,SINGAPORE,SINGAPORETEL
SingaporeTEL,Singapore,65.0,17868737,SINGAPORE,SINGAPORETEL
SingaporeTEL,Singapore,65.0,17868739,SINGAPORE,SINGAPORETEL
SingaporeTEL,Singapore,65.0,17868871,SINGAPORE,SINGAPORETEL
SingaporeTEL,Singapore,65.0,17868873,SINGAPORE,SINGAPORETEL
SingaporeTEL,Singapore,65.0,17868879,SINGAPORE,SINGAPORETEL
SingaporeTEL,Singapore,65.0,1786911,SINGAPORE,SINGAPORETEL
SingaporeTEL,Singapore,65.0,17863167,SINGAPORE,SINGAPORETEL
SingaporeTEL,Singapore,65.0,17863169,SINGAPORE,SINGAPORETEL
SingaporeTEL,Singapore,65.0,17863170,SINGAPORE,SINGAPORETEL
SingaporeTEL,Singapore,65.0,17863172,SINGAPORE,SINGAPORETEL
SingaporeTEL,Singapore,65.0,17863176,SINGAPORE,SINGAPORETEL
SingaporeTEL,Singapore,65.0,17868018,SINGAPORE,SINGAPORETEL
SingaporeTEL,Singapore,65.0,17868070,SINGAPORE,SINGAPORETEL
SingaporeTEL,Singapore,65.0,17868093,SINGAPORE,SINGAPORETEL
SingaporeTEL,Singapore,65.0,17868095,SINGAPORE,SINGAPORETEL
SingaporeTEL,Singapore,65.0,17868099,SINGAPORE,SINGAPORETEL
SingaporeTEL,Singapore,65.0,17868140,SINGAPORE,SINGAPORETEL
SingaporeTEL,Singapore,65.0,1786830,SINGAPORE,SINGAPORETEL
SingaporeTEL,Singapore,65.0,17868381,SINGAPORE,SINGAPORETEL
SingaporeTEL,Singapore,65.0,1786851,SINGAPORE,SINGAPORETEL
SingaporeTEL,Singapore,65.0,17868518,SINGAPORE,SINGAPORETEL
SingaporeTEL,Singapore,65.0,17868667,SINGAPORE,SINGAPORETEL
SingaporeTEL,Singapore,65.0,1786869,SINGAPORE,SINGAPORETEL
SingaporeTEL,Singapore,65.0,17868762,SINGAPORE,SINGAPORETEL
SingaporeTEL,Singapore,65.0,17868764,SINGAPORE,SINGAPORETEL
SingaporeTEL,Singapore,65.0,17868869,SINGAPORE,SINGAPORETEL
SingaporeTEL,Singapore,65.0,17868940,SINGAPORE,SINGAPORETEL
SingaporeTEL,Singapore,65.0,17868942,SINGAPORE,SINGAPORETEL
SingaporeTEL,Singapore,65.0,1786973,SINGAPORE,SINGAPORETEL
SingaporeTEL,Singapore,65.0,01,SINGAPORE,SINGAPORETEL
SingaporeTEL,Singapore,65.0,17868071,SINGAPORE,SINGAPORETEL
SingaporeTEL,Singapore,65.0,17868269,SINGAPORE,SINGAPORETEL
SingaporeTEL,Singapore,65.0,1786866,SINGAPORE,SINGAPORETEL
SingaporeTEL,Singapore,65.0,17868710,SINGAPORE,SINGAPORETEL
SingaporeTEL,Singapore,65.0,17868763,SINGAPORE,SINGAPORETEL
SingaporeTEL,Singapore,65.0,17868774,SINGAPORE,SINGAPORETEL
SingaporeTEL,Singapore,65.0,17868840,SINGAPORE,SINGAPORETEL
SingaporeTEL,Singapore,65.0,17868846,SINGAPORE,SINGAPORETEL
SingaporeTEL,Singapore,65.0,1786944,SINGAPORE,SINGAPORETEL
SingaporeTEL,Singapore,65.0,178696,SINGAPORE,SINGAPORETEL
SingaporeTEL,Singapore,65.0,1786977,SINGAPORE,SINGAPORETEL
SingaporeTEL,Singapore,65.0,1786978,SINGAPORE,SINGAPORETEL
SingaporeTEL,Singapore,65.0,1786981,SINGAPORE,SINGAPORETEL
StarHub,Singapore,65.0,3118,SINGAPORE,STARHUB
StarHub,Singapore,65.0,3122,SINGAPORE,STARHUB
StarHub,Singapore,65.0,3132,SINGAPORE,STARHUB
StarHub,Singapore,65.0,3138,SINGAPORE,STARHUB
StarHub,Singapore,65.0,3147,SINGAPORE,STARHUB
StarHub,Singapore,65.0,8147,SINGAPORE,STARHUB
StarHub,Singapore,65.0,8183,SINGAPORE,STARHUB
StarHub,Singapore,65.0,8186,SINGAPORE,STARHUB
StarHub,Singapore,65.0,8225,SINGAPORE,STARHUB
StarHub,Singapore,65.0,824,SINGAPORE,STARHUB
StarHub,Singapore,65.0,8291,SINGAPORE,STARHUB
StarHub,Singapore,65.0,8292,SINGAPORE,STARHUB
StarHub,Singapore,65.0,8296,SINGAPORE,STARHUB
StarHub,Singapore,65.0,8498,SINGAPORE,STARHUB
StarHub,Singapore,65.0,8520,SINGAPORE,STARHUB
StarHub,Singapore,65.0,8526,SINGAPORE,STARHUB
StarHub,Singapore,65.0,9007,SINGAPORE,STARHUB
StarHub,Singapore,65.0,948,SINGAPORE,STARHUB
StarHub,Singapore,65.0,9800,SINGAPORE,STARHUB
StarHub,Singapore,65.0,3115,SINGAPORE,STARHUB
StarHub,Singapore,65.0,3129,SINGAPORE,STARHUB
StarHub,Singapore,65.0,3131,SINGAPORE,STARHUB
StarHub,Singapore,65.0,3136,SINGAPORE,STARHUB
StarHub,Singapore,65.0,3141,SINGAPORE,STARHUB
StarHub,Singapore,65.0,3146,SINGAPORE,STARHUB
StarHub,Singapore,65.0,3152,SINGAPORE,STARHUB
StarHub,Singapore,65.0,8180,SINGAPORE,STARHUB
StarHub,Singapore,65.0,8184,SINGAPORE,STARHUB
StarHub,Singapore,65.0,8187,SINGAPORE,STARHUB
StarHub,Singapore,65.0,8221,SINGAPORE,STARHUB
StarHub,Singapore,65.0,8226,SINGAPORE,STARHUB
StarHub,Singapore,65.0,8295,SINGAPORE,STARHUB
StarHub,Singapore,65.0,8373,SINGAPORE,STARHUB
StarHub,Singapore,65.0,8380,SINGAPORE,STARHUB
StarHub,Singapore,65.0,8494,SINGAPORE,STARHUB
StarHub,Singapore,65.0,8519,SINGAPORE,STARHUB
StarHub,Singapore,65.0,8527,SINGAPORE,STARHUB
StarHub,Singapore,65.0,8531,SINGAPORE,STARHUB
StarHub,Singapore,65.0,8570,SINGAPORE,STARHUB
StarHub,Singapore,65.0,8572,SINGAPORE,STARHUB
StarHub,Singapore,65.0,8597,SINGAPORE,STARHUB
StarHub,Singapore,65.0,8598,SINGAPORE,STARHUB
StarHub,Singapore,65.0,918,SINGAPORE,STARHUB
StarHub,Singapore,65.0,9271,SINGAPORE,STARHUB
StarHub,Singapore,65.0,9881,SINGAPORE,STARHUB
StarHub,Singapore,65.0,05,SINGAPORE,STARHUB
StarHub,Singapore,65.0,3110,SINGAPORE,STARHUB
StarHub,Singapore,65.0,3113,SINGAPORE,STARHUB
StarHub,Singapore,65.0,3120,SINGAPORE,STARHUB
StarHub,Singapore,65.0,3126,SINGAPORE,STARHUB
StarHub,Singapore,65.0,3140,SINGAPORE,STARHUB
StarHub,Singapore,65.0,811,SINGAPORE,STARHUB
StarHub,Singapore,65.0,8143,SINGAPORE,STARHUB
StarHub,Singapore,65.0,8148,SINGAPORE,STARHUB
StarHub,Singapore,65.0,8224,SINGAPORE,STARHUB
StarHub,Singapore,65.0,8229,SINGAPORE,STARHUB
StarHub,Singapore,65.0,8297,SINGAPORE,STARHUB
StarHub,Singapore,65.0,8298,SINGAPORE,STARHUB
StarHub,Singapore,65.0,8321,SINGAPORE,STARHUB
StarHub,Singapore,65.0,8334,SINGAPORE,STARHUB
StarHub,Singapore,65.0,8335,SINGAPORE,STARHUB
StarHub,Singapore,65.0,8337,SINGAPORE,STARHUB
StarHub,Singapore,65.0,8361,SINGAPORE,STARHUB
StarHub,Singapore,65.0,8392,SINGAPORE,STARHUB
StarHub,Singapore,65.0,8529,SINGAPORE,STARHUB
StarHub,Singapore,65.0,8538,SINGAPORE,STARHUB
StarHub,Singapore,65.0,8592,SINGAPORE,STARHUB
StarHub,Singapore,65.0,8593,SINGAPORE,STARHUB
StarHub,Singapore,65.0,8603,SINGAPORE,STARHUB
StarHub,Singapore,65.0,8604,SINGAPORE,STARHUB
StarHub,Singapore,65.0,8606,SINGAPORE,STARHUB
StarHub,Singapore,65.0,916,SINGAPORE,STARHUB
StarHub,Singapore,65.0,985,SINGAPORE,STARHUB
StarHub,Singapore,65.0,9880,SINGAPORE,STARHUB
StarHub,Singapore,65.0,9884,SINGAPORE,STARHUB
StarHub,Singapore,65.0,9887,SINGAPORE,STARHUB
StarHub,Singapore,65.0,3105,SINGAPORE,STARHUB
StarHub,Singapore,65.0,3127,SINGAPORE,STARHUB
StarHub,Singapore,65.0,3133,SINGAPORE,STARHUB
StarHub,Singapore,65.0,8145,SINGAPORE,STARHUB
StarHub,Singapore,65.0,8146,SINGAPORE,STARHUB
StarHub,Singapore,65.0,816,SINGAPORE,STARHUB
StarHub,Singapore,65.0,8189,SINGAPORE,STARHUB
StarHub,Singapore,65.0,8330,SINGAPORE,STARHUB
StarHub,Singapore,65.0,8336,SINGAPORE,STARHUB
StarHub,Singapore,65.0,8352,SINGAPORE,STARHUB
StarHub,Singapore,65.0,8363,SINGAPORE,STARHUB
StarHub,Singapore,65.0,8364,SINGAPORE,STARHUB
StarHub,Singapore,65.0,8370,SINGAPORE,STARHUB
StarHub,Singapore,65.0,8491,SINGAPORE,STARHUB
StarHub,Singapore,65.0,8493,SINGAPORE,STARHUB
StarHub,Singapore,65.0,8495,SINGAPORE,STARHUB
StarHub,Singapore,65.0,8501,SINGAPORE,STARHUB
StarHub,Singapore,65.0,8503,SINGAPORE,STARHUB
StarHub,Singapore,65.0,8508,SINGAPORE,STARHUB
StarHub,Singapore,65.0,8514,SINGAPORE,STARHUB
StarHub,Singapore,65.0,8557,SINGAPORE,STARHUB
StarHub,Singapore,65.0,856,SINGAPORE,STARHUB
StarHub,Singapore,65.0,8599,SINGAPORE,STARHUB
StarHub,Singapore,65.0,906,SINGAPORE,STARHUB
StarHub,Singapore,65.0,9237,SINGAPORE,STARHUB
StarHub,Singapore,65.0,924,SINGAPORE,STARHUB
StarHub,Singapore,65.0,3112,SINGAPORE,STARHUB
StarHub,Singapore,65.0,3148,SINGAPORE,STARHUB
StarHub,Singapore,65.0,3150,SINGAPORE,STARHUB
StarHub,Singapore,65.0,8141,SINGAPORE,STARHUB
StarHub,Singapore,65.0,8149,SINGAPORE,STARHUB
StarHub,Singapore,65.0,815,SINGAPORE,STARHUB
StarHub,Singapore,65.0,820,SINGAPORE,STARHUB
StarHub,Singapore,65.0,823,SINGAPORE,STARHUB
StarHub,Singapore,65.0,825,SINGAPORE,STARHUB
StarHub,Singapore,65.0,8290,SINGAPORE,STARHUB
StarHub,Singapore,65.0,8365,SINGAPORE,STARHUB
StarHub,Singapore,65.0,8396,SINGAPORE,STARHUB
StarHub,Singapore,65.0,8400,SINGAPORE,STARHUB
StarHub,Singapore,65.0,847,SINGAPORE,STARHUB
StarHub,Singapore,65.0,8492,SINGAPORE,STARHUB
StarHub,Singapore,65.0,8512,SINGAPORE,STARHUB
StarHub,Singapore,65.0,8605,SINGAPORE,STARHUB
StarHub,Singapore,65.0,8607,SINGAPORE,STARHUB
StarHub,Singapore,65.0,8609,SINGAPORE,STARHUB
StarHub,Singapore,65.0,9003,SINGAPORE,STARHUB
StarHub,Singapore,65.0,9008,SINGAPORE,STARHUB
StarHub,Singapore,65.0,9239,SINGAPORE,STARHUB
StarHub,Singapore,65.0,9270,SINGAPORE,STARHUB
StarHub,Singapore,65.0,9335,SINGAPORE,STARHUB
StarHub,Singapore,65.0,9338,SINGAPORE,STARHUB
StarHub,Singapore,65.0,,SINGAPORE,STARHUB
StarHub,Singapore,65.0,3121,SINGAPORE,STARHUB
StarHub,Singapore,65.0,3123,SINGAPORE,STARHUB
StarHub,Singapore,65.0,3128,SINGAPORE,STARHUB
StarHub,Singapore,65.0,3130,SINGAPORE,STARHUB
StarHub,Singapore,65.0,3142,SINGAPORE,STARHUB
StarHub,Singapore,65.0,813,SINGAPORE,STARHUB
StarHub,Singapore,65.0,8331,SINGAPORE,STARHUB
StarHub,Singapore,65.0,8362,SINGAPORE,STARHUB
StarHub,Singapore,65.0,8378,SINGAPORE,STARHUB
StarHub,Singapore,65.0,8384,SINGAPORE,STARHUB
StarHub,Singapore,65.0,8468,SINGAPORE,STARHUB
StarHub,Singapore,65.0,8490,SINGAPORE,STARHUB
StarHub,Singapore,65.0,8505,SINGAPORE,STARHUB
StarHub,Singapore,65.0,8509,SINGAPORE,STARHUB
StarHub,Singapore,65.0,8517,SINGAPORE,STARHUB
StarHub,Singapore,65.0,8521,SINGAPORE,STARHUB
StarHub,Singapore,65.0,8528,SINGAPORE,STARHUB
StarHub,Singapore,65.0,8530,SINGAPORE,STARHUB
StarHub,Singapore,65.0,8559,SINGAPORE,STARHUB
StarHub,Singapore,65.0,8571,SINGAPORE,STARHUB
StarHub,Singapore,65.0,8596,SINGAPORE,STARHUB
StarHub,Singapore,65.0,9004,SINGAPORE,STARHUB
StarHub,Singapore,65.0,9005,SINGAPORE,STARHUB
StarHub,Singapore,65.0,910,SINGAPORE,STARHUB
StarHub,Singapore,65.0,9199,SINGAPORE,STARHUB
StarHub,Singapore,65.0,9238,SINGAPORE,STARHUB
StarHub,Singapore,65.0,9272,SINGAPORE,STARHUB
StarHub,Singapore,65.0,945,SINGAPORE,STARHUB
StarHub,Singapore,65.0,9499,SINGAPORE,STARHUB
StarHub,Singapore,65.0,9883,SINGAPORE,STARHUB
StarHub,Singapore,65.0,9886,SINGAPORE,STARHUB
StarHub,Singapore,65.0,268,SINGAPORE,STARHUB
StarHub,Singapore,65.0,3116,SINGAPORE,STARHUB
StarHub,Singapore,65.0,3117,SINGAPORE,STARHUB
StarHub,Singapore,65.0,3124,SINGAPORE,STARHUB
StarHub,Singapore,65.0,3135,SINGAPORE,STARHUB
StarHub,Singapore,65.0,3144,SINGAPORE,STARHUB
StarHub,Singapore,65.0,3149,SINGAPORE,STARHUB
StarHub,Singapore,65.0,8185,SINGAPORE,STARHUB
StarHub,Singapore,65.0,8198,SINGAPORE,STARHUB
StarHub,Singapore,65.0,8220,SINGAPORE,STARHUB
StarHub,Singapore,65.0,8227,SINGAPORE,STARHUB
StarHub,Singapore,65.0,8294,SINGAPORE,STARHUB
StarHub,Singapore,65.0,8322,SINGAPORE,STARHUB
StarHub,Singapore,65.0,8332,SINGAPORE,STARHUB
StarHub,Singapore,65.0,8369,SINGAPORE,STARHUB
StarHub,Singapore,65.0,8390,SINGAPORE,STARHUB
StarHub,Singapore,65.0,8391,SINGAPORE,STARHUB
StarHub,Singapore,65.0,8394,SINGAPORE,STARHUB
StarHub,Singapore,65.0,8395,SINGAPORE,STARHUB
StarHub,Singapore,65.0,8513,SINGAPORE,STARHUB
StarHub,Singapore,65.0,8516,SINGAPORE,STARHUB
StarHub,Singapore,65.0,8602,SINGAPORE,STARHUB
StarHub,Singapore,65.0,9001,SINGAPORE,STARHUB
StarHub,Singapore,65.0,902,SINGAPORE,STARHUB
StarHub,Singapore,65.0,914,SINGAPORE,STARHUB
StarHub,Singapore,65.0,9336,SINGAPORE,STARHUB
StarHub,Singapore,65.0,9337,SINGAPORE,STARHUB
StarHub,Singapore,65.0,938,SINGAPORE,STARHUB
StarHub,Singapore,65.0,942,SINGAPORE,STARHUB
StarHub,Singapore,65.0,9814,SINGAPORE,STARHUB
StarHub,Singapore,65.0,9882,SINGAPORE,STARHUB
StarHub,Singapore,65.0,9885,SINGAPORE,STARHUB
StarHub,Singapore,65.0,3119,SINGAPORE,STARHUB
StarHub,Singapore,65.0,3134,SINGAPORE,STARHUB
StarHub,Singapore,65.0,3137,SINGAPORE,STARHUB
StarHub,Singapore,65.0,3139,SINGAPORE,STARHUB
StarHub,Singapore,65.0,3143,SINGAPORE,STARHUB
StarHub,Singapore,65.0,3145,SINGAPORE,STARHUB
StarHub,Singapore,65.0,3151,SINGAPORE,STARHUB
StarHub,Singapore,65.0,8142,SINGAPORE,STARHUB
StarHub,Singapore,65.0,8144,SINGAPORE,STARHUB
StarHub,Singapore,65.0,8293,SINGAPORE,STARHUB
StarHub,Singapore,65.0,8328,SINGAPORE,STARHUB
StarHub,Singapore,65.0,8367,SINGAPORE,STARHUB
StarHub,Singapore,65.0,8377,SINGAPORE,STARHUB
StarHub,Singapore,65.0,8389,SINGAPORE,STARHUB
StarHub,Singapore,65.0,8397,SINGAPORE,STARHUB
StarHub,Singapore,65.0,8594,SINGAPORE,STARHUB
StarHub,Singapore,65.0,8601,SINGAPORE,STARHUB
StarHub,Singapore,65.0,9002,SINGAPORE,STARHUB
StarHub,Singapore,65.0,9006,SINGAPORE,STARHUB
StarHub,Singapore,65.0,9009,SINGAPORE,STARHUB
StarHub,Singapore,65.0,9339,SINGAPORE,STARHUB
StarHub,Singapore,65.0,9813,SINGAPORE,STARHUB
StarHub Pte,Singapore,65.0,811,SINGAPORE,STARHUB PTE
StarHub Pte,Singapore,65.0,5,SINGAPORE,STARHUB PTE
StarHub Pte,Singapore,65.0,,SINGAPORE,STARHUB PTE
SlovakTelkom,Slovakia,421.0,901,SLOVAK,SLOVAKTELKOM
SlovakTelkom,Slovakia,421.0,,SLOVAK,SLOVAKTELKOM
SlovakTelkom,Slovakia,421.0,02,SLOVAK,SLOVAKTELKOM
SlovakTelkom,Slovakia,421.0,911,SLOVAK,SLOVAKTELKOM
SlovakTelkom,Slovakia,421.0,912,SLOVAK,SLOVAKTELKOM
SlovakTelkom,Slovakia,421.0,902,SLOVAK,SLOVAKTELKOM
SlovakTelkom,Slovakia,421.0,910,SLOVAK,SLOVAKTELKOM
SlovakTelkom,Slovakia,421.0,914,SLOVAK,SLOVAKTELKOM
SlovakTelkom,Slovakia,421.0,903,SLOVAK,SLOVAKTELKOM
SlovakTelkom,Slovakia,421.0,904,SLOVAK,SLOVAKTELKOM
Orange,Slovakia,421.0,916,SLOVAKIA,ORANGE SL
Orange,Slovakia,421.0,905,SLOVAKIA,ORANGE SL
Orange,Slovakia,421.0,908,SLOVAKIA,ORANGE SL
Orange,Slovakia,421.0,919,SLOVAKIA,ORANGE SL
Orange,Slovakia,421.0,01,SLOVAKIA,ORANGE SL
Orange,Slovakia,421.0,918,SLOVAKIA,ORANGE SL
Orange,Slovakia,421.0,,SLOVAKIA,ORANGE SL
Orange,Slovakia,421.0,917,SLOVAKIA,ORANGE SL
Orange,Slovakia,421.0,906,SLOVAKIA,ORANGE SL
Orange,Slovakia,421.0,907,SLOVAKIA,ORANGE SL
Orange,Slovakia,421.0,915,SLOVAKIA,ORANGE SL
Telefonica,Slovakia,421.0,948,SLOVAKIA,TELEFONICASL
Telefonica,Slovakia,421.0,06,SLOVAKIA,TELEFONICASL
Telefonica,Slovakia,421.0,940,SLOVAKIA,TELEFONICASL
Telefonica,Slovakia,421.0,949,SLOVAKIA,TELEFONICASL
Telefonica,Slovakia,421.0,,SLOVAKIA,TELEFONICASL
Telefonica,Slovakia,421.0,944,SLOVAKIA,TELEFONICASL
Orange,Slovakia,421.0,905,SLOVAKIA (SLOVAK REP,ORANGE SK
Orange,Slovakia,421.0,,SLOVAKIA (SLOVAK REP,ORANGE SK
Orange,Slovakia,421.0,1,SLOVAKIA (SLOVAK REP,ORANGE SK
SIMOBIL,Slovenia,386.0,689,SLOVENIA,SIMOBIL
SIMOBIL,Slovenia,386.0,,SLOVENIA,SIMOBIL
SIMOBIL,Slovenia,386.0,40,SLOVENIA,SIMOBIL
SIMOBIL,Slovenia,386.0,686,SLOVENIA,SIMOBIL
SIMOBIL,Slovenia,386.0,681,SLOVENIA,SIMOBIL
SIMOBIL,Slovenia,386.0,30,SLOVENIA,SIMOBIL
SloveniaTel,Slovenia,386.0,51,SLOVENIA,SLOVENIATEL
SloveniaTel,Slovenia,386.0,49,SLOVENIA,SLOVENIATEL
SloveniaTel,Slovenia,386.0,31,SLOVENIA,SLOVENIATEL
SloveniaTel,Slovenia,386.0,41,SLOVENIA,SLOVENIATEL
SloveniaTel,Slovenia,386.0,43,SLOVENIA,SLOVENIATEL
Tusmobil,Slovenia,386.0,31,SLOVENIA,TUSMOBIL
Tusmobil,Slovenia,386.0,40,SLOVENIA,TUSMOBIL
Tusmobil,Slovenia,386.0,,SLOVENIA,TUSMOBIL
Tusmobil,Slovenia,386.0,30,SLOVENIA,TUSMOBIL
Tusmobil,Slovenia,386.0,41,SLOVENIA,TUSMOBIL
Tusmobil,Slovenia,386.0,70,SLOVENIA,TUSMOBIL
Tusmobil,Slovenia,386.0,51,SLOVENIA,TUSMOBIL
CWWI,Slu,1.0,75828,SLU,CWWISLU
CWWI,Slu,1.0,,SLU,CWWISLU
CWWI,Slu,1.0,110,SLU,CWWISLU
Bemobile,Solomon Islands,677.0,85,SOLOMON ISLANDS,BEMOBILLMTED
Bemobile,Solomon Islands,677.0,88,SOLOMON ISLANDS,BEMOBILLMTED
Bemobile,Solomon Islands,677.0,84,SOLOMON ISLANDS,BEMOBILLMTED
Bemobile,Solomon Islands,677.0,86,SOLOMON ISLANDS,BEMOBILLMTED
Bemobile,Solomon Islands,677.0,87,SOLOMON ISLANDS,BEMOBILLMTED
Bemobile,Solomon Islands,677.0,89,SOLOMON ISLANDS,BEMOBILLMTED
Bemobile,Solomon Islands,677.0,02,SOLOMON ISLANDS,BEMOBILLMTED
SolomonTel,Solomon Islands,677.0,77,SOLOMON ISLANDS,SOLOMONTEL
SolomonTel,Solomon Islands,677.0,7,SOLOMON ISLANDS,SOLOMONTEL
SolomonTel,Solomon Islands,677.0,78,SOLOMON ISLANDS,SOLOMONTEL
SolomonTel,Solomon Islands,677.0,74,SOLOMON ISLANDS,SOLOMONTEL
SolomonTel,Solomon Islands,677.0,76,SOLOMON ISLANDS,SOLOMONTEL
SolomonTel,Solomon Islands,677.0,01,SOLOMON ISLANDS,SOLOMONTEL
SolomonTel,Solomon Islands,677.0,75,SOLOMON ISLANDS,SOLOMONTEL
Hormud Somal,Somalia,252.0,61,SOMALIA,HORMUD SOMAL
Hormud Somal,Somalia,252.0,50,SOMALIA,HORMUD SOMAL
Cell C,South Africa,27.0,07,SOUTH AFRICA,CELL C
Cell C,South Africa,27.0,,SOUTH AFRICA,CELL C
Cell C,South Africa,27.0,84,SOUTH AFRICA,CELL C
Cell C,South Africa,27.0,74,SOUTH AFRICA,CELL C
MTN,South Africa,27.0,10,SOUTH AFRICA,MTN SOUTHA
MTN,South Africa,27.0,,SOUTH AFRICA,MTN SOUTHA
MTN,South Africa,27.0,710,SOUTH AFRICA,MTN SOUTHA
TelSouthAfrc,South Africa,27.0,817,SOUTH AFRICA,TELSOUTHAFRC
TelSouthAfrc,South Africa,27.0,815,SOUTH AFRICA,TELSOUTHAFRC
TelSouthAfrc,South Africa,27.0,813,SOUTH AFRICA,TELSOUTHAFRC
TelSouthAfrc,South Africa,27.0,814,SOUTH AFRICA,TELSOUTHAFRC
TelSouthAfrc,South Africa,27.0,02,SOUTH AFRICA,TELSOUTHAFRC
TelSouthAfrc,South Africa,27.0,614,SOUTH AFRICA,TELSOUTHAFRC
TelSouthAfrc,South Africa,27.0,812,SOUTH AFRICA,TELSOUTHAFRC
TelSouthAfrc,South Africa,27.0,811,SOUTH AFRICA,TELSOUTHAFRC
Vodacom,South Africa,27.0,712,SOUTH AFRICA,VODACOM SA
Vodacom,South Africa,27.0,,SOUTH AFRICA,VODACOM SA
Vodacom,South Africa,27.0,713,SOUTH AFRICA,VODACOM SA
Vodacom,South Africa,27.0,76,SOUTH AFRICA,VODACOM SA
Vodacom,South Africa,27.0,716,SOUTH AFRICA,VODACOM SA
Vodacom,South Africa,27.0,82,SOUTH AFRICA,VODACOM SA
Vodacom,South Africa,27.0,711,SOUTH AFRICA,VODACOM SA
Vodacom,South Africa,27.0,72,SOUTH AFRICA,VODACOM SA
Vodacom,South Africa,27.0,01,SOUTH AFRICA,VODACOM SA
Vodacom,South Africa,27.0,715,SOUTH AFRICA,VODACOM SA
Vodacom,South Africa,27.0,79,SOUTH AFRICA,VODACOM SA
KTKorea,South Korea,82.0,1029,SOUTH KOREA,KTKOREA
KTKorea,South Korea,82.0,1001,SOUTH KOREA,KTKOREA
KTKorea,South Korea,82.0,773,SOUTH KOREA,KTKOREA
KTKorea,South Korea,82.0,774,SOUTH KOREA,KTKOREA
KTKorea,South Korea,82.0,775,SOUTH KOREA,KTKOREA
KTKorea,South Korea,82.0,778,SOUTH KOREA,KTKOREA
KTKorea,South Korea,82.0,771,SOUTH KOREA,KTKOREA
KTKorea,South Korea,82.0,08,SOUTH KOREA,KTKOREA
KTKorea,South Korea,82.0,776,SOUTH KOREA,KTKOREA
KTKorea,South Korea,82.0,777,SOUTH KOREA,KTKOREA
KTKorea,South Korea,82.0,779,SOUTH KOREA,KTKOREA
KTKorea,South Korea,82.0,,SOUTH KOREA,KTKOREA
SK Telecom-R,South Korea,82.0,1049,SOUTH KOREA,SK TELECOM-R
SK Telecom-R,South Korea,82.0,,SOUTH KOREA,SK TELECOM-R
SK Telecom-R,South Korea,82.0,1059,SOUTH KOREA,SK TELECOM-R
SK Telecom-R,South Korea,82.0,1090,SOUTH KOREA,SK TELECOM-R
SK Telecom-R,South Korea,82.0,1045,SOUTH KOREA,SK TELECOM-R
SK Telecom-R,South Korea,82.0,1053,SOUTH KOREA,SK TELECOM-R
SK Telecom-R,South Korea,82.0,1054,SOUTH KOREA,SK TELECOM-R
SK Telecom-R,South Korea,82.0,1062,SOUTH KOREA,SK TELECOM-R
SK Telecom-R,South Korea,82.0,1064,SOUTH KOREA,SK TELECOM-R
SK Telecom-R,South Korea,82.0,1038,SOUTH KOREA,SK TELECOM-R
SK Telecom-R,South Korea,82.0,1046,SOUTH KOREA,SK TELECOM-R
SK Telecom-R,South Korea,82.0,1050,SOUTH KOREA,SK TELECOM-R
SK Telecom-R,South Korea,82.0,1021,SOUTH KOREA,SK TELECOM-R
SK Telecom-R,South Korea,82.0,1035,SOUTH KOREA,SK TELECOM-R
SK Telecom-R,South Korea,82.0,1036,SOUTH KOREA,SK TELECOM-R
SK Telecom-R,South Korea,82.0,1040,SOUTH KOREA,SK TELECOM-R
SK Telecom-R,South Korea,82.0,1047,SOUTH KOREA,SK TELECOM-R
SK Telecom-R,South Korea,82.0,1052,SOUTH KOREA,SK TELECOM-R
SK Telecom-R,South Korea,82.0,1085,SOUTH KOREA,SK TELECOM-R
SK Telecom-R,South Korea,82.0,1087,SOUTH KOREA,SK TELECOM-R
SK Telecom-R,South Korea,82.0,1092,SOUTH KOREA,SK TELECOM-R
SK Telecom-R,South Korea,82.0,11,SOUTH KOREA,SK TELECOM-R
SK Telecom-R,South Korea,82.0,1031,SOUTH KOREA,SK TELECOM-R
SK Telecom-R,South Korea,82.0,1037,SOUTH KOREA,SK TELECOM-R
SK Telecom-R,South Korea,82.0,1088,SOUTH KOREA,SK TELECOM-R
SK Telecom-R,South Korea,82.0,1091,SOUTH KOREA,SK TELECOM-R
SK Telecom-R,South Korea,82.0,5,SOUTH KOREA,SK TELECOM-R
SK Telecom-R,South Korea,82.0,1020,SOUTH KOREA,SK TELECOM-R
SK Telecom-R,South Korea,82.0,1041,SOUTH KOREA,SK TELECOM-R
SK Telecom-R,South Korea,82.0,1048,SOUTH KOREA,SK TELECOM-R
SK Telecom-R,South Korea,82.0,1063,SOUTH KOREA,SK TELECOM-R
SK Telecom-R,South Korea,82.0,1086,SOUTH KOREA,SK TELECOM-R
SK Telecom-R,South Korea,82.0,1089,SOUTH KOREA,SK TELECOM-R
SK Telecom-R,South Korea,82.0,1093,SOUTH KOREA,SK TELECOM-R
SK Telecom-R,South Korea,82.0,1071,SOUTH KOREA,SK TELECOM-R
SK Telecom-R,South Korea,82.0,1094,SOUTH KOREA,SK TELECOM-R
SK Telecom-R,South Korea,82.0,17,SOUTH KOREA,SK TELECOM-R
GEMTELSSudan,SOUTH SUDAN,211.0,97,SOUTH SUDAN,GEMTELSSUDAN
GEMTELSSudan,SOUTH SUDAN,211.0,03,SOUTH SUDAN,GEMTELSSUDAN
Vodacom,South Africa,27.0,637,SOUTHAFRICA,VODACOM
Vodacom,South Africa,27.0,712,SOUTHAFRICA,VODACOM
Vodacom,South Africa,27.0,714,SOUTHAFRICA,VODACOM
Vodacom,South Africa,27.0,715,SOUTHAFRICA,VODACOM
Vodacom,South Africa,27.0,9602005,SOUTHAFRICA,VODACOM
Vodacom,South Africa,27.0,01,SOUTHAFRICA,VODACOM
Vodacom,South Africa,27.0,607,SOUTHAFRICA,VODACOM
Vodacom,South Africa,27.0,79,SOUTHAFRICA,VODACOM
Vodacom,South Africa,27.0,818,SOUTHAFRICA,VODACOM
Vodacom,South Africa,27.0,716,SOUTHAFRICA,VODACOM
Vodacom,South Africa,27.0,76,SOUTHAFRICA,VODACOM
Vodacom,South Africa,27.0,711,SOUTHAFRICA,VODACOM
Vodacom,South Africa,27.0,609,SOUTHAFRICA,VODACOM
Vodacom,South Africa,27.0,713,SOUTHAFRICA,VODACOM
Vodacom,South Africa,27.0,82,SOUTHAFRICA,VODACOM
Vodacom,South Africa,27.0,9602006,SOUTHAFRICA,VODACOM
Vodacom,South Africa,27.0,606,SOUTHAFRICA,VODACOM
Vodacom,South Africa,27.0,608,SOUTHAFRICA,VODACOM
Vodacom,South Africa,27.0,636,SOUTHAFRICA,VODACOM
Vodacom,South Africa,27.0,72,SOUTHAFRICA,VODACOM
DigiTelcSLU,Spain,34.0,6416,SPAIN,DIGITELCSLU
DigiTelcSLU,Spain,34.0,6425,SPAIN,DIGITELCSLU
DigiTelcSLU,Spain,34.0,22,SPAIN,DIGITELCSLU
DigiTelcSLU,Spain,34.0,6411,SPAIN,DIGITELCSLU
DigiTelcSLU,Spain,34.0,6422,SPAIN,DIGITELCSLU
DigiTelcSLU,Spain,34.0,6424,SPAIN,DIGITELCSLU
DigiTelcSLU,Spain,34.0,6429,SPAIN,DIGITELCSLU
DigiTelcSLU,Spain,34.0,6413,SPAIN,DIGITELCSLU
DigiTelcSLU,Spain,34.0,6418,SPAIN,DIGITELCSLU
DigiTelcSLU,Spain,34.0,6428,SPAIN,DIGITELCSLU
DigiTelcSLU,Spain,34.0,6420,SPAIN,DIGITELCSLU
DigiTelcSLU,Spain,34.0,6426,SPAIN,DIGITELCSLU
DigiTelcSLU,Spain,34.0,6414,SPAIN,DIGITELCSLU
DigiTelcSLU,Spain,34.0,6421,SPAIN,DIGITELCSLU
DigiTelcSLU,Spain,34.0,6423,SPAIN,DIGITELCSLU
DigiTelcSLU,Spain,34.0,6412,SPAIN,DIGITELCSLU
DigiTelcSLU,Spain,34.0,6427,SPAIN,DIGITELCSLU
DigiTelcSLU,Spain,34.0,643,SPAIN,DIGITELCSLU
Retevision M,Spain,34.0,03,SPAIN,RETEVISION M
Retevision M,Spain,34.0,,SPAIN,RETEVISION M
Retevision M,Spain,34.0,605,SPAIN,RETEVISION M
Telefonica,Spain,34.0,606,SPAIN,TELEFONICA
Telefonica,Spain,34.0,,SPAIN,TELEFONICA
Telefonica,Spain,34.0,07,SPAIN,TELEFONICA
Vodafone,Spain,34.0,1,SPAIN,VODAF. SPAIN
Vodafone,Spain,34.0,,SPAIN,VODAF. SPAIN
Vodafone,Spain,34.0,600,SPAIN,VODAF. SPAIN
Vodafone,Spain,34.0,600,SPAIN,VODAF.SPAIN2
Vodafone,Spain,34.0,,SPAIN,VODAF.SPAIN2
Vodafone,Spain,34.0,6,SPAIN,VODAF.SPAIN2
Vodafone,Spain,34.0,673,SPAIN,VODAFONE
Vodafone,Spain,34.0,674,SPAIN,VODAFONE
Vodafone,Spain,34.0,01,SPAIN,VODAFONE
Vodafone,Spain,34.0,600,SPAIN,VODAFONE
Vodafone,Spain,34.0,6037,SPAIN,VODAFONE
Vodafone,Spain,34.0,607,SPAIN,VODAFONE
Vodafone,Spain,34.0,672,SPAIN,VODAFONE
Vodafone,Spain,34.0,687,SPAIN,VODAFONE
Vodafone,Spain,34.0,,SPAIN,VODAFONE
Vodafone,Spain,34.0,03,SPAIN,VODAFONE
Vodafone,Spain,34.0,6024,SPAIN,VODAFONE
Vodafone,Spain,34.0,637,SPAIN,VODAFONE
Vodafone,Spain,34.0,667,SPAIN,VODAFONE
Vodafone,Spain,34.0,6031,SPAIN,VODAFONE
Vodafone,Spain,34.0,6032,SPAIN,VODAFONE
Vodafone,Spain,34.0,6038,SPAIN,VODAFONE
Vodafone,Spain,34.0,677,SPAIN,VODAFONE
Vodafone,Spain,34.0,6036,SPAIN,VODAFONE
Vodafone,Spain,34.0,610,SPAIN,VODAFONE
Vodafone,Spain,34.0,627,SPAIN,VODAFONE
Vodafone,Spain,34.0,647,SPAIN,VODAFONE
Vodafone,Spain,34.0,678,SPAIN,VODAFONE
Vodafone,Spain,34.0,6033,SPAIN,VODAFONE
Vodafone,Spain,34.0,6034,SPAIN,VODAFONE
Vodafone,Spain,34.0,6035,SPAIN,VODAFONE
Vodafone,Spain,34.0,661,SPAIN,VODAFONE
Vodafone,Spain,34.0,664,SPAIN,VODAFONE
Vodafone,Spain,34.0,666,SPAIN,VODAFONE
Vodafone,Spain,34.0,670,SPAIN,VODAFONE
Vodafone,Spain,34.0,6026,SPAIN,VODAFONE
Vodafone,Spain,34.0,634,SPAIN,VODAFONE
Vodafone,Spain,34.0,662,SPAIN,VODAFONE
Vodafone,Spain,34.0,6025,SPAIN,VODAFONE
Vodafone,Spain,34.0,617,SPAIN,VODAFONE
Vodafone,Spain,34.0,663,SPAIN,VODAFONE
Vodafone,Spain,34.0,671,SPAIN,VODAFONE
Vodafone,Spain,34.0,697,SPAIN,VODAFONE
Vodafone,Spain,34.0,7171,SPAIN,VODAFONE
Xfera YOIGO,Spain,34.0,633,SPAIN,XFERA YOIGO
Xfera YOIGO,Spain,34.0,622,SPAIN,XFERA YOIGO
Xfera YOIGO,Spain,34.0,04,SPAIN,XFERA YOIGO
Xfera YOIGO,Spain,34.0,,SPAIN,XFERA YOIGO
Xfera YOIGO,Spain,34.0,7227,SPAIN,XFERA YOIGO
Airtel,Sri Lanka,94.0,05,SRI LANKA,AIRTELSR
Airtel,Sri Lanka,94.0,,SRI LANKA,AIRTELSR
Airtel,Sri Lanka,94.0,75,SRI LANKA,AIRTELSR
DialogAxiata,Sri Lanka,94.0,2,SRI LANKA,DIALOGAXIATA
DialogAxiata,Sri Lanka,94.0,77,SRI LANKA,DIALOGAXIATA
DialogAxiata,Sri Lanka,94.0,76,SRI LANKA,DIALOGAXIATA
Hutchison,Sri Lanka,94.0,78,SRI LANKA,HUTCHISONLKA
Hutchison,Sri Lanka,94.0,72,SRI LANKA,HUTCHISONLKA
Hutchison,Sri Lanka,94.0,08,SRI LANKA,HUTCHISONLKA
Etisalet,Sri Lanka,94.0,72,SRI LANKA,ITISALETSR
Etisalet,Sri Lanka,94.0,03,SRI LANKA,ITISALETSR
Etisalet,Sri Lanka,94.0,,SRI LANKA,ITISALETSR
Mobitel,Sri Lanka,94.0,71,SRI LANKA,MOBITEL
Mobitel,Sri Lanka,94.0,703,SRI LANKA,MOBITEL
Mobitel,Sri Lanka,94.0,702,SRI LANKA,MOBITEL
Mobitel,Sri Lanka,94.0,01,SRI LANKA,MOBITEL
Bashair Tele,Sudan,249.0,,SUDAN,BASHAIR TELE
Bashair Tele,Sudan,249.0,92,SUDAN,BASHAIR TELE
Bashair Tele,Sudan,249.0,2,SUDAN,BASHAIR TELE
SudanTelcom,Sudan,249.0,10,SUDAN,SUDANTELCOM
SudanTelcom,Sudan,249.0,11,SUDAN,SUDANTELCOM
SudanTelcom,Sudan,249.0,07,SUDAN,SUDANTELCOM
SudanTelcom,Sudan,249.0,12,SUDAN,SUDANTELCOM
Viva,Sudan,211.0,95,SUDAN,VIVACELL
Viva,Sudan,211.0,04,SUDAN,VIVACELL
Viva,Sudan,211.0,,SUDAN,VIVASUDAN
Viva,Sudan,211.0,95,SUDAN,VIVASUDAN
Viva,Sudan,211.0,4,SUDAN,VIVASUDAN
Zain,Sudan,249.0,01,SUDAN,ZAINSU
Zain,Sudan,249.0,90,SUDAN,ZAINSU
Zain,Sudan,249.0,,SUDAN,ZAINSU
Sure,Guernsey,44.0,7036,SUREGUERNSEY,SUREGUERNSEY
Sure,Guernsey,44.0,7441,SUREGUERNSEY,SUREGUERNSEY
Sure,Guernsey,44.0,7571,SUREGUERNSEY,SUREGUERNSEY
Sure,Guernsey,44.0,7700,SUREGUERNSEY,SUREGUERNSEY
Sure,Guernsey,44.0,7893,SUREGUERNSEY,SUREGUERNSEY
Sure,Guernsey,44.0,8433,SUREGUERNSEY,SUREGUERNSEY
Sure,Guernsey,44.0,87210,SUREGUERNSEY,SUREGUERNSEY
Sure,Guernsey,44.0,7406,SUREGUERNSEY,SUREGUERNSEY
Sure,Guernsey,44.0,7559,SUREGUERNSEY,SUREGUERNSEY
Sure,Guernsey,44.0,75890,SUREGUERNSEY,SUREGUERNSEY
Sure,Guernsey,44.0,8009,SUREGUERNSEY,SUREGUERNSEY
Sure,Guernsey,44.0,8446,SUREGUERNSEY,SUREGUERNSEY
Sure,Guernsey,44.0,84460,SUREGUERNSEY,SUREGUERNSEY
Sure,Guernsey,44.0,8451,SUREGUERNSEY,SUREGUERNSEY
Sure,Guernsey,44.0,8702,SUREGUERNSEY,SUREGUERNSEY
Sure,Guernsey,44.0,55,SUREGUERNSEY,SUREGUERNSEY
Sure,Guernsey,44.0,3004,SUREGUERNSEY,SUREGUERNSEY
Sure,Guernsey,44.0,7417,SUREGUERNSEY,SUREGUERNSEY
Sure,Guernsey,44.0,7781,SUREGUERNSEY,SUREGUERNSEY
Sure,Guernsey,44.0,7839,SUREGUERNSEY,SUREGUERNSEY
Sure,Guernsey,44.0,8712,SUREGUERNSEY,SUREGUERNSEY
Sure,Guernsey,44.0,8714,SUREGUERNSEY,SUREGUERNSEY
Sure,Guernsey,44.0,8718,SUREGUERNSEY,SUREGUERNSEY
Sure,Guernsey,44.0,1481,SUREGUERNSEY,SUREGUERNSEY
Sure,Guernsey,44.0,7012,SUREGUERNSEY,SUREGUERNSEY
Sure,Guernsey,44.0,7013,SUREGUERNSEY,SUREGUERNSEY
Sure,Guernsey,44.0,7052,SUREGUERNSEY,SUREGUERNSEY
Sure,Guernsey,44.0,7589,SUREGUERNSEY,SUREGUERNSEY
Sure,Guernsey,44.0,7822,SUREGUERNSEY,SUREGUERNSEY
Sure,Guernsey,44.0,8442,SUREGUERNSEY,SUREGUERNSEY
Sure,Guernsey,44.0,84430,SUREGUERNSEY,SUREGUERNSEY
Sure,Guernsey,44.0,8452,SUREGUERNSEY,SUREGUERNSEY
Sure,Guernsey,44.0,8710,SUREGUERNSEY,SUREGUERNSEY
Sure,Guernsey,44.0,9051,SUREGUERNSEY,SUREGUERNSEY
Sure,Guernsey,44.0,9067,SUREGUERNSEY,SUREGUERNSEY
Sure,Guernsey,44.0,7418,SUREGUERNSEY,SUREGUERNSEY
Sure,Guernsey,44.0,7451,SUREGUERNSEY,SUREGUERNSEY
Sure,Guernsey,44.0,7624,SUREGUERNSEY,SUREGUERNSEY
Sure,Guernsey,44.0,8082,SUREGUERNSEY,SUREGUERNSEY
Sure,Guernsey,44.0,8443,SUREGUERNSEY,SUREGUERNSEY
Sure,Guernsey,44.0,8700,SUREGUERNSEY,SUREGUERNSEY
Sure,Guernsey,44.0,7457,SUREGUERNSEY,SUREGUERNSEY
Sure,Guernsey,44.0,8000,SUREGUERNSEY,SUREGUERNSEY
Sure,Guernsey,44.0,80060,SUREGUERNSEY,SUREGUERNSEY
Sure,Guernsey,44.0,8081,SUREGUERNSEY,SUREGUERNSEY
Sure,Guernsey,44.0,80820,SUREGUERNSEY,SUREGUERNSEY
Sure,Guernsey,44.0,80070,SUREGUERNSEY,SUREGUERNSEY
Sure,Guernsey,44.0,8444,SUREGUERNSEY,SUREGUERNSEY
Digicel,Suriname,597.0,734,SURINAM,DIGICEL SUR
Digicel,Suriname,597.0,84,SURINAM,DIGICEL SUR
Digicel,Suriname,597.0,732,SURINAM,DIGICEL SUR
Digicel,Suriname,597.0,83,SURINAM,DIGICEL SUR
Digicel,Suriname,597.0,91,SURINAM,DIGICEL SUR
Digicel,Suriname,597.0,730,SURINAM,DIGICEL SUR
Digicel,Suriname,597.0,733,SURINAM,DIGICEL SUR
Digicel,Suriname,597.0,731,SURINAM,DIGICEL SUR
Digicel,Suriname,597.0,71,SURINAME,DIGICELSR
Digicel,Suriname,597.0,82,SURINAME,DIGICELSR
Digicel,Suriname,597.0,03,SURINAME,DIGICELSR
Digicel,Suriname,597.0,72,SURINAME,DIGICELSR
Digicel,Suriname,597.0,81,SURINAME,DIGICELSR
DiGLSuriname,Suriname,597.0,81,SURINAME,DIGLSURINAME
DiGLSuriname,Suriname,597.0,71,SURINAME,DIGLSURINAME
DiGLSuriname,Suriname,597.0,72,SURINAME,DIGLSURINAME
DiGLSuriname,Suriname,597.0,74,SURINAME,DIGLSURINAME
DiGLSuriname,Suriname,597.0,03,SURINAME,DIGLSURINAME
DiGLSuriname,Suriname,597.0,76,SURINAME,DIGLSURINAME
DiGLSuriname,Suriname,597.0,82,SURINAME,DIGLSURINAME
CWWI,Sv,1.0,110,SV,CWWISV
CWWI,Sv,1.0,78449,SV,CWWISV
CWWI,Sv,1.0,,SV,CWWISV
H3G,Sweden,46.0,675,SWEDEN,H3G S
H3G,Sweden,46.0,7354,SWEDEN,H3G S
H3G,Sweden,46.0,7631,SWEDEN,H3G S
H3G,Sweden,46.0,02,SWEDEN,H3G S
H3G,Sweden,46.0,7231,SWEDEN,H3G S
H3G,Sweden,46.0,7232,SWEDEN,H3G S
H3G,Sweden,46.0,7618,SWEDEN,H3G S
H3G,Sweden,46.0,7351,SWEDEN,H3G S
H3G,Sweden,46.0,7604,SWEDEN,H3G S
H3G,Sweden,46.0,7633,SWEDEN,H3G S
H3G,Sweden,46.0,7639,SWEDEN,H3G S
H3G,Sweden,46.0,04,SWEDEN,H3G S
H3G,Sweden,46.0,7233,SWEDEN,H3G S
H3G,Sweden,46.0,7616,SWEDEN,H3G S
H3G,Sweden,46.0,,SWEDEN,H3G S
H3G,Sweden,46.0,7617,SWEDEN,H3G S
H3G,Sweden,46.0,7603,SWEDEN,H3G S
H3G,Sweden,46.0,7632,SWEDEN,H3G S
H3G,Sweden,46.0,7634,SWEDEN,H3G S
H3G,Sweden,46.0,7350,SWEDEN,H3G S
H3G,Sweden,46.0,7600,SWEDEN,H3G S
H3G,Sweden,46.0,7601,SWEDEN,H3G S
H3G,Sweden,46.0,7619,SWEDEN,H3G S
H3G,Sweden,46.0,7230,SWEDEN,H3G S
H3G,Sweden,46.0,7352,SWEDEN,H3G S
H3G,Sweden,46.0,7353,SWEDEN,H3G S
H3G,Sweden,46.0,7602,SWEDEN,H3G S
H3G,Sweden,46.0,7630,SWEDEN,H3G S
Tele2,Sweden,46.0,762,SWEDEN,TELE2SWEDEN
Tele2,Sweden,46.0,766,SWEDEN,TELE2SWEDEN
Tele2,Sweden,46.0,722,SWEDEN,TELE2SWEDEN
Tele2,Sweden,46.0,676,SWEDEN,TELE2SWEDEN
Tele2,Sweden,46.0,728,SWEDEN,TELE2SWEDEN
Tele2,Sweden,46.0,738,SWEDEN,TELE2SWEDEN
Tele2,Sweden,46.0,765,SWEDEN,TELE2SWEDEN
Tele2,Sweden,46.0,252,SWEDEN,TELE2SWEDEN
Tele2,Sweden,46.0,701,SWEDEN,TELE2SWEDEN
Tele2,Sweden,46.0,729,SWEDEN,TELE2SWEDEN
Tele2,Sweden,46.0,732,SWEDEN,TELE2SWEDEN
Tele2,Sweden,46.0,764,SWEDEN,TELE2SWEDEN
Tele2,Sweden,46.0,,SWEDEN,TELE2SWEDEN
Tele2,Sweden,46.0,736,SWEDEN,TELE2SWEDEN
Tele2,Sweden,46.0,739,SWEDEN,TELE2SWEDEN
Tele2,Sweden,46.0,700,SWEDEN,TELE2SWEDEN
Tele2,Sweden,46.0,704,SWEDEN,TELE2SWEDEN
Tele2,Sweden,46.0,707,SWEDEN,TELE2SWEDEN
Tele2,Sweden,46.0,760,SWEDEN,TELE2SWEDEN
Tele2,Sweden,46.0,769,SWEDEN,TELE2SWEDEN
Tele2,Sweden,46.0,720,SWEDEN,TELE2SWEDEN
Tele2,Sweden,46.0,735,SWEDEN,TELE2SWEDEN
Tele2,Sweden,46.0,737,SWEDEN,TELE2SWEDEN
Tele2,Sweden,46.0,7,SWEDEN,TELE2SWEDEN
Tele2,Sweden,46.0,na,SWEDEN,TELE2SWEDEN2
Tele2,Sweden,46.0,,SWEDEN,TELE2SWEDEN2
Tele2,Sweden,46.0,SM,SWEDEN,TELE2SWEDEN2
Telenor,Sweden,46.0,7288,SWEDEN,TELENORSW
Telenor,Sweden,46.0,729,SWEDEN,TELENORSW
Telenor,Sweden,46.0,7343,SWEDEN,TELENORSW
Telenor,Sweden,46.0,73861,SWEDEN,TELENORSW
Telenor,Sweden,46.0,76461,SWEDEN,TELENORSW
Telenor,Sweden,46.0,76462,SWEDEN,TELENORSW
Telenor,Sweden,46.0,7664,SWEDEN,TELENORSW
Telenor,Sweden,46.0,7675,SWEDEN,TELENORSW
Telenor,Sweden,46.0,7011,SWEDEN,TELENORSW
Telenor,Sweden,46.0,7216,SWEDEN,TELENORSW
Telenor,Sweden,46.0,7218,SWEDEN,TELENORSW
Telenor,Sweden,46.0,7326,SWEDEN,TELENORSW
Telenor,Sweden,46.0,73463,SWEDEN,TELENORSW
Telenor,Sweden,46.0,73468,SWEDEN,TELENORSW
Telenor,Sweden,46.0,73475,SWEDEN,TELENORSW
Telenor,Sweden,46.0,73862,SWEDEN,TELENORSW
Telenor,Sweden,46.0,76460,SWEDEN,TELENORSW
Telenor,Sweden,46.0,76668,SWEDEN,TELENORSW
Telenor,Sweden,46.0,7014,SWEDEN,TELENORSW
Telenor,Sweden,46.0,7190002,SWEDEN,TELENORSW
Telenor,Sweden,46.0,71900050,SWEDEN,TELENORSW
Telenor,Sweden,46.0,71900052,SWEDEN,TELENORSW
Telenor,Sweden,46.0,7190007,SWEDEN,TELENORSW
Telenor,Sweden,46.0,7219,SWEDEN,TELENORSW
Telenor,Sweden,46.0,7236,SWEDEN,TELENORSW
Telenor,Sweden,46.0,73125,SWEDEN,TELENORSW
Telenor,Sweden,46.0,7323,SWEDEN,TELENORSW
Telenor,Sweden,46.0,733,SWEDEN,TELENORSW
Telenor,Sweden,46.0,73465,SWEDEN,TELENORSW
Telenor,Sweden,46.0,73466,SWEDEN,TELENORSW
Telenor,Sweden,46.0,73467,SWEDEN,TELENORSW
Telenor,Sweden,46.0,7385,SWEDEN,TELENORSW
Telenor,Sweden,46.0,7637,SWEDEN,TELENORSW
Telenor,Sweden,46.0,7643,SWEDEN,TELENORSW
Telenor,Sweden,46.0,7645,SWEDEN,TELENORSW
Telenor,Sweden,46.0,76463,SWEDEN,TELENORSW
Telenor,Sweden,46.0,7660,SWEDEN,TELENORSW
Telenor,Sweden,46.0,70199,SWEDEN,TELENORSW
Telenor,Sweden,46.0,72059,SWEDEN,TELENORSW
Telenor,Sweden,46.0,73128,SWEDEN,TELENORSW
Telenor,Sweden,46.0,7320,SWEDEN,TELENORSW
Telenor,Sweden,46.0,7328,SWEDEN,TELENORSW
Telenor,Sweden,46.0,73457,SWEDEN,TELENORSW
Telenor,Sweden,46.0,73464,SWEDEN,TELENORSW
Telenor,Sweden,46.0,7388,SWEDEN,TELENORSW
Telenor,Sweden,46.0,7635,SWEDEN,TELENORSW
Telenor,Sweden,46.0,7644,SWEDEN,TELENORSW
Telenor,Sweden,46.0,76464,SWEDEN,TELENORSW
Telenor,Sweden,46.0,7663,SWEDEN,TELENORSW
Telenor,Sweden,46.0,6747,SWEDEN,TELENORSW
Telenor,Sweden,46.0,709,SWEDEN,TELENORSW
Telenor,Sweden,46.0,7190003,SWEDEN,TELENORSW
Telenor,Sweden,46.0,71900053,SWEDEN,TELENORSW
Telenor,Sweden,46.0,7235,SWEDEN,TELENORSW
Telenor,Sweden,46.0,727,SWEDEN,TELENORSW
Telenor,Sweden,46.0,7324,SWEDEN,TELENORSW
Telenor,Sweden,46.0,73458,SWEDEN,TELENORSW
Telenor,Sweden,46.0,73469,SWEDEN,TELENORSW
Telenor,Sweden,46.0,7349,SWEDEN,TELENORSW
Telenor,Sweden,46.0,7636,SWEDEN,TELENORSW
Telenor,Sweden,46.0,7661,SWEDEN,TELENORSW
Telenor,Sweden,46.0,7686,SWEDEN,TELENORSW
Telenor,Sweden,46.0,7689,SWEDEN,TELENORSW
Telenor,Sweden,46.0,7695,SWEDEN,TELENORSW
Telenor,Sweden,46.0,08,SWEDEN,TELENORSW
Telenor,Sweden,46.0,7190001,SWEDEN,TELENORSW
Telenor,Sweden,46.0,7190004,SWEDEN,TELENORSW
Telenor,Sweden,46.0,71900054,SWEDEN,TELENORSW
Telenor,Sweden,46.0,7190008,SWEDEN,TELENORSW
Telenor,Sweden,46.0,7215,SWEDEN,TELENORSW
Telenor,Sweden,46.0,7237,SWEDEN,TELENORSW
Telenor,Sweden,46.0,7239,SWEDEN,TELENORSW
Telenor,Sweden,46.0,7340,SWEDEN,TELENORSW
Telenor,Sweden,46.0,7341,SWEDEN,TELENORSW
Telenor,Sweden,46.0,7342,SWEDEN,TELENORSW
Telenor,Sweden,46.0,7344,SWEDEN,TELENORSW
Telenor,Sweden,46.0,73476,SWEDEN,TELENORSW
Telenor,Sweden,46.0,73478,SWEDEN,TELENORSW
Telenor,Sweden,46.0,7615,SWEDEN,TELENORSW
Telenor,Sweden,46.0,7662,SWEDEN,TELENORSW
Telenor,Sweden,46.0,7674,SWEDEN,TELENORSW
Telenor,Sweden,46.0,7685,SWEDEN,TELENORSW
Telenor,Sweden,46.0,71900051,SWEDEN,TELENORSW
Telenor,Sweden,46.0,724000,SWEDEN,TELENORSW
Telenor,Sweden,46.0,7310,SWEDEN,TELENORSW
Telenor,Sweden,46.0,7314,SWEDEN,TELENORSW
Telenor,Sweden,46.0,73477,SWEDEN,TELENORSW
Telenor,Sweden,46.0,7348,SWEDEN,TELENORSW
Telenor,Sweden,46.0,73860,SWEDEN,TELENORSW
Telenor,Sweden,46.0,76727,SWEDEN,TELENORSW
Telenor,Sweden,46.0,7687,SWEDEN,TELENORSW
Telenor,Sweden,46.0,7697,SWEDEN,TELENORSW
Telenor,Sweden,46.0,708,SWEDEN,TELENORSW
Telenor,Sweden,46.0,7217,SWEDEN,TELENORSW
Telenor,Sweden,46.0,7238,SWEDEN,TELENORSW
Telenor,Sweden,46.0,7315,SWEDEN,TELENORSW
Telenor,Sweden,46.0,7325,SWEDEN,TELENORSW
Telenor,Sweden,46.0,73462,SWEDEN,TELENORSW
Telenor,Sweden,46.0,73479,SWEDEN,TELENORSW
Telenor,Sweden,46.0,7688,SWEDEN,TELENORSW
Telenor,Sweden,46.0,7696,SWEDEN,TELENORSW
TeliaSoneraS,Sweden,46.0,673,SWEDEN,TELIASONERAS
TeliaSoneraS,Sweden,46.0,71900004,SWEDEN,TELIASONERAS
TeliaSoneraS,Sweden,46.0,7273,SWEDEN,TELIASONERAS
TeliaSoneraS,Sweden,46.0,73015,SWEDEN,TELIASONERAS
TeliaSoneraS,Sweden,46.0,7612,SWEDEN,TELIASONERAS
TeliaSoneraS,Sweden,46.0,76670,SWEDEN,TELIASONERAS
TeliaSoneraS,Sweden,46.0,76674,SWEDEN,TELIASONERAS
TeliaSoneraS,Sweden,46.0,76677,SWEDEN,TELIASONERAS
TeliaSoneraS,Sweden,46.0,7010,SWEDEN,TELIASONERAS
TeliaSoneraS,Sweden,46.0,705,SWEDEN,TELIASONERAS
TeliaSoneraS,Sweden,46.0,7250,SWEDEN,TELIASONERAS
TeliaSoneraS,Sweden,46.0,7271,SWEDEN,TELIASONERAS
TeliaSoneraS,Sweden,46.0,7308,SWEDEN,TELIASONERAS
TeliaSoneraS,Sweden,46.0,731211,SWEDEN,TELIASONERAS
TeliaSoneraS,Sweden,46.0,7329,SWEDEN,TELIASONERAS
TeliaSoneraS,Sweden,46.0,7383,SWEDEN,TELIASONERAS
TeliaSoneraS,Sweden,46.0,76671,SWEDEN,TELIASONERAS
TeliaSoneraS,Sweden,46.0,7679,SWEDEN,TELIASONERAS
TeliaSoneraS,Sweden,46.0,7682,SWEDEN,TELIASONERAS
TeliaSoneraS,Sweden,46.0,,SWEDEN,TELIASONERAS
TeliaSoneraS,Sweden,46.0,01,SWEDEN,TELIASONERAS
TeliaSoneraS,Sweden,46.0,7013,SWEDEN,TELIASONERAS
TeliaSoneraS,Sweden,46.0,70171,SWEDEN,TELIASONERAS
TeliaSoneraS,Sweden,46.0,70173,SWEDEN,TELIASONERAS
TeliaSoneraS,Sweden,46.0,701797,SWEDEN,TELIASONERAS
TeliaSoneraS,Sweden,46.0,7220,SWEDEN,TELIASONERAS
TeliaSoneraS,Sweden,46.0,7221,SWEDEN,TELIASONERAS
TeliaSoneraS,Sweden,46.0,7223,SWEDEN,TELIASONERAS
TeliaSoneraS,Sweden,46.0,7253,SWEDEN,TELIASONERAS
TeliaSoneraS,Sweden,46.0,73013,SWEDEN,TELIASONERAS
TeliaSoneraS,Sweden,46.0,73017,SWEDEN,TELIASONERAS
TeliaSoneraS,Sweden,46.0,73018,SWEDEN,TELIASONERAS
TeliaSoneraS,Sweden,46.0,7306,SWEDEN,TELIASONERAS
TeliaSoneraS,Sweden,46.0,7309,SWEDEN,TELIASONERAS
TeliaSoneraS,Sweden,46.0,7381,SWEDEN,TELIASONERAS
TeliaSoneraS,Sweden,46.0,7613,SWEDEN,TELIASONERAS
TeliaSoneraS,Sweden,46.0,76673,SWEDEN,TELIASONERAS
TeliaSoneraS,Sweden,46.0,7678,SWEDEN,TELIASONERAS
TeliaSoneraS,Sweden,46.0,701789,SWEDEN,TELIASONERAS
TeliaSoneraS,Sweden,46.0,70191,SWEDEN,TELIASONERAS
TeliaSoneraS,Sweden,46.0,706,SWEDEN,TELIASONERAS
TeliaSoneraS,Sweden,46.0,71900000,SWEDEN,TELIASONERAS
TeliaSoneraS,Sweden,46.0,71900002,SWEDEN,TELIASONERAS
TeliaSoneraS,Sweden,46.0,720506,SWEDEN,TELIASONERAS
TeliaSoneraS,Sweden,46.0,7210,SWEDEN,TELIASONERAS
TeliaSoneraS,Sweden,46.0,7224,SWEDEN,TELIASONERAS
TeliaSoneraS,Sweden,46.0,731212,SWEDEN,TELIASONERAS
TeliaSoneraS,Sweden,46.0,7681,SWEDEN,TELIASONERAS
TeliaSoneraS,Sweden,46.0,7683,SWEDEN,TELIASONERAS
TeliaSoneraS,Sweden,46.0,70172,SWEDEN,TELIASONERAS
TeliaSoneraS,Sweden,46.0,70174,SWEDEN,TELIASONERAS
TeliaSoneraS,Sweden,46.0,70177,SWEDEN,TELIASONERAS
TeliaSoneraS,Sweden,46.0,7017883,SWEDEN,TELIASONERAS
TeliaSoneraS,Sweden,46.0,701799,SWEDEN,TELIASONERAS
TeliaSoneraS,Sweden,46.0,71900003,SWEDEN,TELIASONERAS
TeliaSoneraS,Sweden,46.0,720505,SWEDEN,TELIASONERAS
TeliaSoneraS,Sweden,46.0,7206,SWEDEN,TELIASONERAS
TeliaSoneraS,Sweden,46.0,7211,SWEDEN,TELIASONERAS
TeliaSoneraS,Sweden,46.0,7251,SWEDEN,TELIASONERAS
TeliaSoneraS,Sweden,46.0,7272,SWEDEN,TELIASONERAS
TeliaSoneraS,Sweden,46.0,73010,SWEDEN,TELIASONERAS
TeliaSoneraS,Sweden,46.0,73011,SWEDEN,TELIASONERAS
TeliaSoneraS,Sweden,46.0,73014,SWEDEN,TELIASONERAS
TeliaSoneraS,Sweden,46.0,7303,SWEDEN,TELIASONERAS
TeliaSoneraS,Sweden,46.0,7307,SWEDEN,TELIASONERAS
TeliaSoneraS,Sweden,46.0,73170,SWEDEN,TELIASONERAS
TeliaSoneraS,Sweden,46.0,7327,SWEDEN,TELIASONERAS
TeliaSoneraS,Sweden,46.0,7384,SWEDEN,TELIASONERAS
TeliaSoneraS,Sweden,46.0,76676,SWEDEN,TELIASONERAS
TeliaSoneraS,Sweden,46.0,7677,SWEDEN,TELIASONERAS
TeliaSoneraS,Sweden,46.0,7680,SWEDEN,TELIASONERAS
TeliaSoneraS,Sweden,46.0,70175,SWEDEN,TELIASONERAS
TeliaSoneraS,Sweden,46.0,70176,SWEDEN,TELIASONERAS
TeliaSoneraS,Sweden,46.0,70193,SWEDEN,TELIASONERAS
TeliaSoneraS,Sweden,46.0,703,SWEDEN,TELIASONERAS
TeliaSoneraS,Sweden,46.0,71900001,SWEDEN,TELIASONERAS
TeliaSoneraS,Sweden,46.0,7207,SWEDEN,TELIASONERAS
TeliaSoneraS,Sweden,46.0,7300,SWEDEN,TELIASONERAS
TeliaSoneraS,Sweden,46.0,73016,SWEDEN,TELIASONERAS
TeliaSoneraS,Sweden,46.0,7311,SWEDEN,TELIASONERAS
TeliaSoneraS,Sweden,46.0,7316,SWEDEN,TELIASONERAS
TeliaSoneraS,Sweden,46.0,76672,SWEDEN,TELIASONERAS
TeliaSoneraS,Sweden,46.0,7676,SWEDEN,TELIASONERAS
TeliaSoneraS,Sweden,46.0,7012,SWEDEN,TELIASONERAS
TeliaSoneraS,Sweden,46.0,70170,SWEDEN,TELIASONERAS
TeliaSoneraS,Sweden,46.0,702,SWEDEN,TELIASONERAS
TeliaSoneraS,Sweden,46.0,71900005,SWEDEN,TELIASONERAS
TeliaSoneraS,Sweden,46.0,71910100,SWEDEN,TELIASONERAS
TeliaSoneraS,Sweden,46.0,71910101,SWEDEN,TELIASONERAS
TeliaSoneraS,Sweden,46.0,7222,SWEDEN,TELIASONERAS
TeliaSoneraS,Sweden,46.0,7252,SWEDEN,TELIASONERAS
TeliaSoneraS,Sweden,46.0,7254,SWEDEN,TELIASONERAS
TeliaSoneraS,Sweden,46.0,7318,SWEDEN,TELIASONERAS
TeliaSoneraS,Sweden,46.0,7382,SWEDEN,TELIASONERAS
TeliaSoneraS,Sweden,46.0,7611,SWEDEN,TELIASONERAS
TeliaSoneraS,Sweden,46.0,7684,SWEDEN,TELIASONERAS
TeliaSoneraS,Sweden,46.0,7018,SWEDEN,TELIASONERAS
TeliaSoneraS,Sweden,46.0,70190,SWEDEN,TELIASONERAS
TeliaSoneraS,Sweden,46.0,71900006,SWEDEN,TELIASONERAS
TeliaSoneraS,Sweden,46.0,7270,SWEDEN,TELIASONERAS
TeliaSoneraS,Sweden,46.0,7274,SWEDEN,TELIASONERAS
TeliaSoneraS,Sweden,46.0,7280,SWEDEN,TELIASONERAS
TeliaSoneraS,Sweden,46.0,7302,SWEDEN,TELIASONERAS
TeliaSoneraS,Sweden,46.0,7304,SWEDEN,TELIASONERAS
TeliaSoneraS,Sweden,46.0,7305,SWEDEN,TELIASONERAS
TeliaSoneraS,Sweden,46.0,7319,SWEDEN,TELIASONERAS
TeliaSoneraS,Sweden,46.0,73456,SWEDEN,TELIASONERAS
TeliaSoneraS,Sweden,46.0,7380,SWEDEN,TELIASONERAS
TeliaSoneraS,Sweden,46.0,7610,SWEDEN,TELIASONERAS
TeliaSoneraS,Sweden,46.0,7614,SWEDEN,TELIASONERAS
Claro,Switzerland,506.0,7020,SWITZERLAND,CLARO COSTAR
Claro,Switzerland,506.0,7028,SWITZERLAND,CLARO COSTAR
Claro,Switzerland,506.0,7033,SWITZERLAND,CLARO COSTAR
Claro,Switzerland,506.0,7034,SWITZERLAND,CLARO COSTAR
Claro,Switzerland,506.0,7041,SWITZERLAND,CLARO COSTAR
Claro,Switzerland,506.0,7053,SWITZERLAND,CLARO COSTAR
Claro,Switzerland,506.0,7055,SWITZERLAND,CLARO COSTAR
Claro,Switzerland,506.0,7074,SWITZERLAND,CLARO COSTAR
Claro,Switzerland,506.0,7076,SWITZERLAND,CLARO COSTAR
Claro,Switzerland,506.0,7077,SWITZERLAND,CLARO COSTAR
Claro,Switzerland,506.0,7089,SWITZERLAND,CLARO COSTAR
Claro,Switzerland,506.0,7094,SWITZERLAND,CLARO COSTAR
Claro,Switzerland,506.0,7006,SWITZERLAND,CLARO COSTAR
Claro,Switzerland,506.0,7008,SWITZERLAND,CLARO COSTAR
Claro,Switzerland,506.0,7013,SWITZERLAND,CLARO COSTAR
Claro,Switzerland,506.0,7017,SWITZERLAND,CLARO COSTAR
Claro,Switzerland,506.0,7024,SWITZERLAND,CLARO COSTAR
Claro,Switzerland,506.0,7039,SWITZERLAND,CLARO COSTAR
Claro,Switzerland,506.0,7056,SWITZERLAND,CLARO COSTAR
Claro,Switzerland,506.0,7064,SWITZERLAND,CLARO COSTAR
Claro,Switzerland,506.0,7068,SWITZERLAND,CLARO COSTAR
Claro,Switzerland,506.0,7090,SWITZERLAND,CLARO COSTAR
Claro,Switzerland,506.0,7007,SWITZERLAND,CLARO COSTAR
Claro,Switzerland,506.0,7019,SWITZERLAND,CLARO COSTAR
Claro,Switzerland,506.0,7029,SWITZERLAND,CLARO COSTAR
Claro,Switzerland,506.0,7067,SWITZERLAND,CLARO COSTAR
Claro,Switzerland,506.0,7071,SWITZERLAND,CLARO COSTAR
Claro,Switzerland,506.0,7092,SWITZERLAND,CLARO COSTAR
Claro,Switzerland,506.0,7093,SWITZERLAND,CLARO COSTAR
Claro,Switzerland,506.0,03,SWITZERLAND,CLARO COSTAR
Claro,Switzerland,506.0,7004,SWITZERLAND,CLARO COSTAR
Claro,Switzerland,506.0,7021,SWITZERLAND,CLARO COSTAR
Claro,Switzerland,506.0,7030,SWITZERLAND,CLARO COSTAR
Claro,Switzerland,506.0,7035,SWITZERLAND,CLARO COSTAR
Claro,Switzerland,506.0,7036,SWITZERLAND,CLARO COSTAR
Claro,Switzerland,506.0,7043,SWITZERLAND,CLARO COSTAR
Claro,Switzerland,506.0,7050,SWITZERLAND,CLARO COSTAR
Claro,Switzerland,506.0,7054,SWITZERLAND,CLARO COSTAR
Claro,Switzerland,506.0,7057,SWITZERLAND,CLARO COSTAR
Claro,Switzerland,506.0,7063,SWITZERLAND,CLARO COSTAR
Claro,Switzerland,506.0,7087,SWITZERLAND,CLARO COSTAR
Claro,Switzerland,506.0,7091,SWITZERLAND,CLARO COSTAR
Claro,Switzerland,506.0,7099,SWITZERLAND,CLARO COSTAR
Claro,Switzerland,506.0,7005,SWITZERLAND,CLARO COSTAR
Claro,Switzerland,506.0,7009,SWITZERLAND,CLARO COSTAR
Claro,Switzerland,506.0,7012,SWITZERLAND,CLARO COSTAR
Claro,Switzerland,506.0,7016,SWITZERLAND,CLARO COSTAR
Claro,Switzerland,506.0,7032,SWITZERLAND,CLARO COSTAR
Claro,Switzerland,506.0,7045,SWITZERLAND,CLARO COSTAR
Claro,Switzerland,506.0,7048,SWITZERLAND,CLARO COSTAR
Claro,Switzerland,506.0,7066,SWITZERLAND,CLARO COSTAR
Claro,Switzerland,506.0,7073,SWITZERLAND,CLARO COSTAR
Claro,Switzerland,506.0,7085,SWITZERLAND,CLARO COSTAR
Claro,Switzerland,506.0,7003,SWITZERLAND,CLARO COSTAR
Claro,Switzerland,506.0,7010,SWITZERLAND,CLARO COSTAR
Claro,Switzerland,506.0,7014,SWITZERLAND,CLARO COSTAR
Claro,Switzerland,506.0,7015,SWITZERLAND,CLARO COSTAR
Claro,Switzerland,506.0,7031,SWITZERLAND,CLARO COSTAR
Claro,Switzerland,506.0,7042,SWITZERLAND,CLARO COSTAR
Claro,Switzerland,506.0,7049,SWITZERLAND,CLARO COSTAR
Claro,Switzerland,506.0,7051,SWITZERLAND,CLARO COSTAR
Claro,Switzerland,506.0,7052,SWITZERLAND,CLARO COSTAR
Claro,Switzerland,506.0,7070,SWITZERLAND,CLARO COSTAR
Claro,Switzerland,506.0,7075,SWITZERLAND,CLARO COSTAR
Claro,Switzerland,506.0,7079,SWITZERLAND,CLARO COSTAR
Claro,Switzerland,506.0,7080,SWITZERLAND,CLARO COSTAR
Claro,Switzerland,506.0,7002,SWITZERLAND,CLARO COSTAR
Claro,Switzerland,506.0,7011,SWITZERLAND,CLARO COSTAR
Claro,Switzerland,506.0,7018,SWITZERLAND,CLARO COSTAR
Claro,Switzerland,506.0,7022,SWITZERLAND,CLARO COSTAR
Claro,Switzerland,506.0,7027,SWITZERLAND,CLARO COSTAR
Claro,Switzerland,506.0,7037,SWITZERLAND,CLARO COSTAR
Claro,Switzerland,506.0,7038,SWITZERLAND,CLARO COSTAR
Claro,Switzerland,506.0,7040,SWITZERLAND,CLARO COSTAR
Claro,Switzerland,506.0,7046,SWITZERLAND,CLARO COSTAR
Claro,Switzerland,506.0,7047,SWITZERLAND,CLARO COSTAR
Claro,Switzerland,506.0,7059,SWITZERLAND,CLARO COSTAR
Claro,Switzerland,506.0,7061,SWITZERLAND,CLARO COSTAR
Claro,Switzerland,506.0,7062,SWITZERLAND,CLARO COSTAR
Claro,Switzerland,506.0,7069,SWITZERLAND,CLARO COSTAR
Claro,Switzerland,506.0,7078,SWITZERLAND,CLARO COSTAR
Claro,Switzerland,506.0,7082,SWITZERLAND,CLARO COSTAR
Claro,Switzerland,506.0,7086,SWITZERLAND,CLARO COSTAR
Claro,Switzerland,506.0,7088,SWITZERLAND,CLARO COSTAR
Claro,Switzerland,506.0,7097,SWITZERLAND,CLARO COSTAR
Claro,Switzerland,506.0,7098,SWITZERLAND,CLARO COSTAR
Claro,Switzerland,506.0,,SWITZERLAND,CLARO COSTAR
Claro,Switzerland,506.0,7023,SWITZERLAND,CLARO COSTAR
Claro,Switzerland,506.0,7025,SWITZERLAND,CLARO COSTAR
Claro,Switzerland,506.0,7026,SWITZERLAND,CLARO COSTAR
Claro,Switzerland,506.0,7044,SWITZERLAND,CLARO COSTAR
Claro,Switzerland,506.0,7058,SWITZERLAND,CLARO COSTAR
Claro,Switzerland,506.0,7060,SWITZERLAND,CLARO COSTAR
Claro,Switzerland,506.0,7065,SWITZERLAND,CLARO COSTAR
Claro,Switzerland,506.0,7072,SWITZERLAND,CLARO COSTAR
Claro,Switzerland,506.0,7081,SWITZERLAND,CLARO COSTAR
Claro,Switzerland,506.0,7083,SWITZERLAND,CLARO COSTAR
Claro,Switzerland,506.0,7084,SWITZERLAND,CLARO COSTAR
Claro,Switzerland,506.0,7095,SWITZERLAND,CLARO COSTAR
Claro,Switzerland,506.0,7096,SWITZERLAND,CLARO COSTAR
OnAirSwiz,Switzerland,882.0,98,SWITZERLAND,ONAIRSWIZ
OnAirSwiz,Switzerland,882.0,15,SWITZERLAND,ONAIRSWIZ
Salt,Switzerland,41.0,78,SWITZERLAND,SALT
Salt,Switzerland,41.0,,SWITZERLAND,SALT
Salt,Switzerland,41.0,3,SWITZERLAND,SALT
SchweizMTEL,Switzerland,41.0,69,SWITZERLAND,SCHWEIZMTEL
SchweizMTEL,Switzerland,41.0,784,SWITZERLAND,SCHWEIZMTEL
Sunrise,Switzerland,41.0,76,SWITZERLAND,SUNRISE
Sunrise,Switzerland,41.0,,SWITZERLAND,SUNRISE
Sunrise,Switzerland,41.0,2,SWITZERLAND,SUNRISE
Swisscom,Switzerland,41.0,01,SWITZERLAND,SWISSCOM
Swisscom,Switzerland,41.0,7900,SWITZERLAND,SWISSCOM
Swisscom,Switzerland,41.0,,SWITZERLAND,SWISSCOM
Orange,Switzerland HUB,41.0,,SWITZERLAND HUB,ORANGE
Orange,Switzerland HUB,41.0,03,SWITZERLAND HUB,ORANGE
Orange,Switzerland HUB,41.0,78,SWITZERLAND HUB,ORANGE
MTN,Syria,963.0,,SYRIA,MTN
MTN,Syria,963.0,9,SYRIA,MTN
MTN,Syria,963.0,02,SYRIA,MTN
SYRIATEL,Syria,963.0,01,SYRIA,SYRIATEL
SYRIATEL,Syria,963.0,93,SYRIA,SYRIATEL
SYRIATEL,Syria,963.0,99 ,SYRIA,SYRIATEL
SYRIATEL,Syria,963.0,98,SYRIA,SYRIATEL
AsiaPacifTel,Taiwan,886.0,907,TAIWAN,ASIAPACIFTEL
AsiaPacifTel,Taiwan,886.0,977,TAIWAN,ASIAPACIFTEL
AsiaPacifTel,Taiwan,886.0,985,TAIWAN,ASIAPACIFTEL
AsiaPacifTel,Taiwan,886.0,400040,TAIWAN,ASIAPACIFTEL
AsiaPacifTel,Taiwan,886.0,968,TAIWAN,ASIAPACIFTEL
AsiaPacifTel,Taiwan,886.0,982,TAIWAN,ASIAPACIFTEL
AsiaPacifTel,Taiwan,886.0,05,TAIWAN,ASIAPACIFTEL
AsiaPacifTel,Taiwan,886.0,980,TAIWAN,ASIAPACIFTEL
AsiaPacifTel,Taiwan,886.0,400041,TAIWAN,ASIAPACIFTEL
AsiaPacifTel,Taiwan,886.0,400042,TAIWAN,ASIAPACIFTEL
AsiaPacifTel,Taiwan,886.0,906,TAIWAN,ASIAPACIFTEL
Far EasTone,Taiwan,886.0,9311,TAIWAN,FAR EASTONE
Far EasTone,Taiwan,886.0,9313,TAIWAN,FAR EASTONE
Far EasTone,Taiwan,886.0,9762,TAIWAN,FAR EASTONE
Far EasTone,Taiwan,886.0,9765,TAIWAN,FAR EASTONE
Far EasTone,Taiwan,886.0,,TAIWAN,FAR EASTONE
Far EasTone,Taiwan,886.0,916,TAIWAN,FAR EASTONE
Far EasTone,Taiwan,886.0,917,TAIWAN,FAR EASTONE
Far EasTone,Taiwan,886.0,930,TAIWAN,FAR EASTONE
Far EasTone,Taiwan,886.0,9761,TAIWAN,FAR EASTONE
Far EasTone,Taiwan,886.0,9310,TAIWAN,FAR EASTONE
Far EasTone,Taiwan,886.0,936,TAIWAN,FAR EASTONE
Far EasTone,Taiwan,886.0,9605,TAIWAN,FAR EASTONE
Far EasTone,Taiwan,886.0,9608,TAIWAN,FAR EASTONE
Far EasTone,Taiwan,886.0,926,TAIWAN,FAR EASTONE
Far EasTone,Taiwan,886.0,9540,TAIWAN,FAR EASTONE
Far EasTone,Taiwan,886.0,9760,TAIWAN,FAR EASTONE
Far EasTone,Taiwan,886.0,9763,TAIWAN,FAR EASTONE
Far EasTone,Taiwan,886.0,9541,TAIWAN,FAR EASTONE
Far EasTone,Taiwan,886.0,955,TAIWAN,FAR EASTONE
Far EasTone,Taiwan,886.0,9606,TAIWAN,FAR EASTONE
Far EasTone,Taiwan,886.0,9607,TAIWAN,FAR EASTONE
Far EasTone,Taiwan,886.0,01,TAIWAN,FAR EASTONE
Far EasTone,Taiwan,886.0,9312,TAIWAN,FAR EASTONE
Far EasTone,Taiwan,886.0,9764,TAIWAN,FAR EASTONE
FarEastTW1,Taiwan,886.0,88,TAIWAN,FAREASTTW1
FarEastTW1,Taiwan,886.0,,TAIWAN,FAREASTTW1
FarEastTW1,Taiwan,886.0,925,TAIWAN,FAREASTTW1
FarEastTW1,Taiwan,886.0,927,TAIWAN,FAREASTTW1
FarEastTW1,Taiwan,886.0,938,TAIWAN,FAREASTTW1
FarEastTW1,Taiwan,886.0,981,TAIWAN,FAREASTTW1
FarEastTW1,Taiwan,886.0,989,TAIWAN,FAREASTTW1
FarEastTW1,Taiwan,886.0,915,TAIWAN,FAREASTTW1
FarEastTW1,Taiwan,886.0,913,TAIWAN,FAREASTTW1
TaiwanMob,Taiwan,886.0,922,TAIWAN,TAIWANMOB
TaiwanMob,Taiwan,886.0,923,TAIWAN,TAIWANMOB
TaiwanMob,Taiwan,886.0,9240,TAIWAN,TAIWANMOB
TaiwanMob,Taiwan,886.0,9602,TAIWAN,TAIWANMOB
TaiwanMob,Taiwan,886.0,9613,TAIWAN,TAIWANMOB
TaiwanMob,Taiwan,886.0,9709,TAIWAN,TAIWANMOB
TaiwanMob,Taiwan,886.0,920,TAIWAN,TAIWANMOB
TaiwanMob,Taiwan,886.0,9241,TAIWAN,TAIWANMOB
TaiwanMob,Taiwan,886.0,9610,TAIWAN,TAIWANMOB
TaiwanMob,Taiwan,886.0,9700,TAIWAN,TAIWANMOB
TaiwanMob,Taiwan,886.0,929,TAIWAN,TAIWANMOB
TaiwanMob,Taiwan,886.0,9315,TAIWAN,TAIWANMOB
TaiwanMob,Taiwan,886.0,9316,TAIWAN,TAIWANMOB
TaiwanMob,Taiwan,886.0,9317,TAIWAN,TAIWANMOB
TaiwanMob,Taiwan,886.0,956,TAIWAN,TAIWANMOB
TaiwanMob,Taiwan,886.0,9603,TAIWAN,TAIWANMOB
TaiwanMob,Taiwan,886.0,9140,TAIWAN,TAIWANMOB
TaiwanMob,Taiwan,886.0,918,TAIWAN,TAIWANMOB
TaiwanMob,Taiwan,886.0,9318,TAIWAN,TAIWANMOB
TaiwanMob,Taiwan,886.0,9611,TAIWAN,TAIWANMOB
TaiwanMob,Taiwan,886.0,9703,TAIWAN,TAIWANMOB
TaiwanMob,Taiwan,886.0,987,TAIWAN,TAIWANMOB
TaiwanMob,Taiwan,886.0,9142,TAIWAN,TAIWANMOB
TaiwanMob,Taiwan,886.0,935,TAIWAN,TAIWANMOB
TaiwanMob,Taiwan,886.0,9604,TAIWAN,TAIWANMOB
TaiwanMob,Taiwan,886.0,9704,TAIWAN,TAIWANMOB
TaiwanMob,Taiwan,886.0,9710,TAIWAN,TAIWANMOB
TaiwanMob,Taiwan,886.0,9141,TAIWAN,TAIWANMOB
TaiwanMob,Taiwan,886.0,9314,TAIWAN,TAIWANMOB
TaiwanMob,Taiwan,886.0,9614,TAIWAN,TAIWANMOB
TaiwanMob,Taiwan,886.0,9702,TAIWAN,TAIWANMOB
TaiwanMob,Taiwan,886.0,9708,TAIWAN,TAIWANMOB
TaiwanMob,Taiwan,886.0,9711,TAIWAN,TAIWANMOB
TaiwanMob,Taiwan,886.0,983,TAIWAN,TAIWANMOB
TaiwanMob,Taiwan,886.0,939,TAIWAN,TAIWANMOB
TaiwanMob,Taiwan,886.0,952,TAIWAN,TAIWANMOB
TaiwanMob,Taiwan,886.0,9600,TAIWAN,TAIWANMOB
TaiwanMob,Taiwan,886.0,9601,TAIWAN,TAIWANMOB
TaiwanMob,Taiwan,886.0,9612,TAIWAN,TAIWANMOB
TaiwanMob,Taiwan,886.0,9701,TAIWAN,TAIWANMOB
TaiwanMob,Taiwan,886.0,9707,TAIWAN,TAIWANMOB
TaiwanMob,Taiwan,886.0,9319,TAIWAN,TAIWANMOB
TaiwanMob,Taiwan,886.0,953,TAIWAN,TAIWANMOB
TaiwanMob,Taiwan,886.0,958,TAIWAN,TAIWANMOB
TaiwanMob,Taiwan,886.0,9705,TAIWAN,TAIWANMOB
TaiwanMob,Taiwan,886.0,9706,TAIWAN,TAIWANMOB
TaiwanMob,Taiwan,886.0,97,TAIWAN,TAIWANMOB
TaiwanStar,Taiwan,886.0,973845,TAIWAN,TAIWANSTAR
TaiwanStar,Taiwan,886.0,9864421,TAIWAN,TAIWANSTAR
TaiwanStar,Taiwan,886.0,9864426,TAIWAN,TAIWANSTAR
TaiwanStar,Taiwan,886.0,9864428,TAIWAN,TAIWANSTAR
TaiwanStar,Taiwan,886.0,9864435,TAIWAN,TAIWANSTAR
TaiwanStar,Taiwan,886.0,9864452,TAIWAN,TAIWANSTAR
TaiwanStar,Taiwan,886.0,9864467,TAIWAN,TAIWANSTAR
TaiwanStar,Taiwan,886.0,9712,TAIWAN,TAIWANSTAR
TaiwanStar,Taiwan,886.0,9864465,TAIWAN,TAIWANSTAR
TaiwanStar,Taiwan,886.0,973846,TAIWAN,TAIWANSTAR
TaiwanStar,Taiwan,886.0,986,TAIWAN,TAIWANSTAR
TaiwanStar,Taiwan,886.0,9864434,TAIWAN,TAIWANSTAR
TaiwanStar,Taiwan,886.0,9864437,TAIWAN,TAIWANSTAR
TaiwanStar,Taiwan,886.0,9864457,TAIWAN,TAIWANSTAR
TaiwanStar,Taiwan,886.0,89,TAIWAN,TAIWANSTAR
TaiwanStar,Taiwan,886.0,9864424,TAIWAN,TAIWANSTAR
TaiwanStar,Taiwan,886.0,9864425,TAIWAN,TAIWANSTAR
TaiwanStar,Taiwan,886.0,9864427,TAIWAN,TAIWANSTAR
TaiwanStar,Taiwan,886.0,9864438,TAIWAN,TAIWANSTAR
TaiwanStar,Taiwan,886.0,9864455,TAIWAN,TAIWANSTAR
TaiwanStar,Taiwan,886.0,9713,TAIWAN,TAIWANSTAR
TaiwanStar,Taiwan,886.0,973842,TAIWAN,TAIWANSTAR
TaiwanStar,Taiwan,886.0,973844,TAIWAN,TAIWANSTAR
TaiwanStar,Taiwan,886.0,9864433,TAIWAN,TAIWANSTAR
TaiwanStar,Taiwan,886.0,9864456,TAIWAN,TAIWANSTAR
TaiwanStar,Taiwan,886.0,,TAIWAN,TAIWANSTAR
TaiwanStar,Taiwan,886.0,973847,TAIWAN,TAIWANSTAR
TaiwanStar,Taiwan,886.0,9864422,TAIWAN,TAIWANSTAR
TaiwanStar,Taiwan,886.0,9864432,TAIWAN,TAIWANSTAR
TaiwanStar,Taiwan,886.0,9864454,TAIWAN,TAIWANSTAR
TaiwanStar,Taiwan,886.0,9864458,TAIWAN,TAIWANSTAR
TaiwanStar,Taiwan,886.0,9864461,TAIWAN,TAIWANSTAR
TaiwanStar,Taiwan,886.0,9864466,TAIWAN,TAIWANSTAR
TaiwanStar,Taiwan,886.0,9864468,TAIWAN,TAIWANSTAR
TaiwanStar,Taiwan,886.0,973,TAIWAN,TAIWANSTAR
TaiwanStar,Taiwan,886.0,973840,TAIWAN,TAIWANSTAR
TaiwanStar,Taiwan,886.0,9864431,TAIWAN,TAIWANSTAR
TaiwanStar,Taiwan,886.0,9864462,TAIWAN,TAIWANSTAR
TaiwanStar,Taiwan,886.0,9864463,TAIWAN,TAIWANSTAR
TaiwanStar,Taiwan,886.0,9864464,TAIWAN,TAIWANSTAR
TaiwanStar,Taiwan,886.0,973841,TAIWAN,TAIWANSTAR
TaiwanStar,Taiwan,886.0,973843,TAIWAN,TAIWANSTAR
TaiwanStar,Taiwan,886.0,9864423,TAIWAN,TAIWANSTAR
TaiwanStar,Taiwan,886.0,9864436,TAIWAN,TAIWANSTAR
TaiwanStar,Taiwan,886.0,9864451,TAIWAN,TAIWANSTAR
TaiwanStar,Taiwan,886.0,9864453,TAIWAN,TAIWANSTAR
LDTA GSM,Taiwan,886.0,92,TAIWAN PROVINCE OF,LDTA GSM
LDTA GSM,Taiwan,886.0,,TAIWAN PROVINCE OF,LDTA GSM
LDTA GSM,Taiwan,886.0,910,TAIWAN PROVINCE OF,LDTA GSM
Pacific GSM,Taiwan,886.0,,TAIWAN PROVINCE OF,PACIFIC GSM
Pacific GSM,Taiwan,886.0,9140,TAIWAN PROVINCE OF,PACIFIC GSM
Pacific GSM,Taiwan,886.0,97,TAIWAN PROVINCE OF,PACIFIC GSM
Babilon,Tajikistan,992.0,918,TAJAKISTAN,BABILON
Babilon,Tajikistan,992.0,98,TAJAKISTAN,BABILON
Babilon,Tajikistan,992.0,04,TAJAKISTAN,BABILON
Tacom,Tajikistan,992.0,,TAJAKISTAN,TACOM
Tacom,Tajikistan,992.0,919,TAJAKISTAN,TACOM
Tacom,Tajikistan,992.0,917,TAJAKISTAN,TACOM
Tacom,Tajikistan,992.0,05,TAJAKISTAN,TACOM
IndigoCJSC,Tajikistan,992.0,77,TAJIKISTAN,INDIGOCJSC
IndigoCJSC,Tajikistan,992.0,93,TAJIKISTAN,INDIGOCJSC
IndigoCJSC,Tajikistan,992.0,99,TAJIKISTAN,INDIGOCJSC
IndigoCJSC,Tajikistan,992.0,70,TAJIKISTAN,INDIGOCJSC
IndigoCJSC,Tajikistan,992.0,11,TAJIKISTAN,INDIGOCJSC
IndigoCJSC,Tajikistan,992.0,22,TAJIKISTAN,INDIGOCJSC
IndigoCJSC,Tajikistan,992.0,50,TAJIKISTAN,INDIGOCJSC
IndigoCJSC,Tajikistan,992.0,02,TAJIKISTAN,INDIGOCJSC
MIC Ltd,Tanzania,255.0,71,TANZANIA,MIC LTD
MIC Ltd,Tanzania,255.0,65,TANZANIA,MIC LTD
MIC Ltd,Tanzania,255.0,67,TANZANIA,MIC LTD
MIC Ltd,Tanzania,255.0,02,TANZANIA,MIC LTD
Viettel,Tanzania,255.0,62,TANZANIA,VIETTEL TANZ
Viettel,Tanzania,255.0,09,TANZANIA,VIETTEL TANZ
Vodacom,Tanzania,255.0,62,TANZANIA,VODACOMTANZA
Vodacom,Tanzania,255.0,67,TANZANIA,VODACOMTANZA
Vodacom,Tanzania,255.0,76,TANZANIA,VODACOMTANZA
Vodacom,Tanzania,255.0,04,TANZANIA,VODACOMTANZA
Vodacom,Tanzania,255.0,68,TANZANIA,VODACOMTANZA
Vodacom,Tanzania,255.0,75,TANZANIA,VODACOMTANZA
Vodacom,Tanzania,255.0,78,TANZANIA,VODACOMTANZA
Vodacom,Tanzania,255.0,71,TANZANIA,VODACOMTANZA
Vodacom,Tanzania,255.0,73,TANZANIA,VODACOMTANZA
Vodacom,Tanzania,255.0,77,TANZANIA,VODACOMTANZA
Vodacom,Tanzania,255.0,66,TANZANIA,VODACOMTANZA
Vodacom,Tanzania,255.0,79,TANZANIA,VODACOMTANZA
Vodacom,Tanzania,255.0,65,TANZANIA,VODACOMTANZA
Vodacom,Tanzania,255.0,74,TANZANIA,VODACOMTANZA
Zantel,Tanzania,255.0,03,TANZANIA,ZANTEL
Zantel,Tanzania,255.0,,TANZANIA,ZANTEL
Zantel,Tanzania,255.0,77,TANZANIA,ZANTEL
Vodacom,Tanzania,255.0,,TANZANIA UNITED REP,VODACOM TANZ
Vodacom,Tanzania,255.0,75,TANZANIA UNITED REP,VODACOM TANZ
Vodacom,Tanzania,255.0,4,TANZANIA UNITED REP,VODACOM TANZ
CWWI,Turks And Caicos Islands,1.0,350,TCAICOS,CWWI
CWWI,Turks And Caicos Islands,1.0,64923,TCAICOS,CWWI
CWWI,Turks And Caicos Islands,1.0,,TCAICOS,CWWI
Airtel,Tchad,235.0,6,TCHAD,AIRTLTCHADSA
Airtel,Tchad,235.0,01,TCHAD,AIRTLTCHADSA
TelCEl,Mexico,52.0,332,TELCEL,MEXICO
TelCEl,Mexico,52.0,333,TELCEL,MEXICO
TelCEl,Mexico,52.0,343,TELCEL,MEXICO
TelCEl,Mexico,52.0,347,TELCEL,MEXICO
TelCEl,Mexico,52.0,354,TELCEL,MEXICO
TelCEl,Mexico,52.0,359,TELCEL,MEXICO
TelCEl,Mexico,52.0,376,TELCEL,MEXICO
TelCEl,Mexico,52.0,388,TELCEL,MEXICO
TelCEl,Mexico,52.0,389,TELCEL,MEXICO
TelCEl,Mexico,52.0,424,TELCEL,MEXICO
TelCEl,Mexico,52.0,427,TELCEL,MEXICO
TelCEl,Mexico,52.0,440,TELCEL,MEXICO
TelCEl,Mexico,52.0,454,TELCEL,MEXICO
TelCEl,Mexico,52.0,461,TELCEL,MEXICO
TelCEl,Mexico,52.0,464,TELCEL,MEXICO
TelCEl,Mexico,52.0,476,TELCEL,MEXICO
TelCEl,Mexico,52.0,496,TELCEL,MEXICO
TelCEl,Mexico,52.0,499,TELCEL,MEXICO
TelCEl,Mexico,52.0,552,TELCEL,MEXICO
TelCEl,Mexico,52.0,561,TELCEL,MEXICO
TelCEl,Mexico,52.0,563,TELCEL,MEXICO
TelCEl,Mexico,52.0,565,TELCEL,MEXICO
TelCEl,Mexico,52.0,592,TELCEL,MEXICO
TelCEl,Mexico,52.0,633,TELCEL,MEXICO
TelCEl,Mexico,52.0,637,TELCEL,MEXICO
TelCEl,Mexico,52.0,686,TELCEL,MEXICO
TelCEl,Mexico,52.0,698,TELCEL,MEXICO
TelCEl,Mexico,52.0,713,TELCEL,MEXICO
TelCEl,Mexico,52.0,728,TELCEL,MEXICO
TelCEl,Mexico,52.0,733,TELCEL,MEXICO
TelCEl,Mexico,52.0,735,TELCEL,MEXICO
TelCEl,Mexico,52.0,745,TELCEL,MEXICO
TelCEl,Mexico,52.0,746,TELCEL,MEXICO
TelCEl,Mexico,52.0,763,TELCEL,MEXICO
TelCEl,Mexico,52.0,771,TELCEL,MEXICO
TelCEl,Mexico,52.0,821,TELCEL,MEXICO
TelCEl,Mexico,52.0,835,TELCEL,MEXICO
TelCEl,Mexico,52.0,844,TELCEL,MEXICO
TelCEl,Mexico,52.0,872,TELCEL,MEXICO
TelCEl,Mexico,52.0,891,TELCEL,MEXICO
TelCEl,Mexico,52.0,923,TELCEL,MEXICO
TelCEl,Mexico,52.0,938,TELCEL,MEXICO
TelCEl,Mexico,52.0,953,TELCEL,MEXICO
TelCEl,Mexico,52.0,958,TELCEL,MEXICO
TelCEl,Mexico,52.0,991,TELCEL,MEXICO
TelCEl,Mexico,52.0,224,TELCEL,MEXICO
TelCEl,Mexico,52.0,241,TELCEL,MEXICO
TelCEl,Mexico,52.0,243,TELCEL,MEXICO
TelCEl,Mexico,52.0,249,TELCEL,MEXICO
TelCEl,Mexico,52.0,271,TELCEL,MEXICO
TelCEl,Mexico,52.0,272,TELCEL,MEXICO
TelCEl,Mexico,52.0,274,TELCEL,MEXICO
TelCEl,Mexico,52.0,275,TELCEL,MEXICO
TelCEl,Mexico,52.0,296,TELCEL,MEXICO
TelCEl,Mexico,52.0,319,TELCEL,MEXICO
TelCEl,Mexico,52.0,335,TELCEL,MEXICO
TelCEl,Mexico,52.0,357,TELCEL,MEXICO
TelCEl,Mexico,52.0,375,TELCEL,MEXICO
TelCEl,Mexico,52.0,384,TELCEL,MEXICO
TelCEl,Mexico,52.0,386,TELCEL,MEXICO
TelCEl,Mexico,52.0,394,TELCEL,MEXICO
TelCEl,Mexico,52.0,417,TELCEL,MEXICO
TelCEl,Mexico,52.0,419,TELCEL,MEXICO
TelCEl,Mexico,52.0,422,TELCEL,MEXICO
TelCEl,Mexico,52.0,428,TELCEL,MEXICO
TelCEl,Mexico,52.0,433,TELCEL,MEXICO
TelCEl,Mexico,52.0,435,TELCEL,MEXICO
TelCEl,Mexico,52.0,441,TELCEL,MEXICO
TelCEl,Mexico,52.0,444,TELCEL,MEXICO
TelCEl,Mexico,52.0,458,TELCEL,MEXICO
TelCEl,Mexico,52.0,471,TELCEL,MEXICO
TelCEl,Mexico,52.0,475,TELCEL,MEXICO
TelCEl,Mexico,52.0,477,TELCEL,MEXICO
TelCEl,Mexico,52.0,481,TELCEL,MEXICO
TelCEl,Mexico,52.0,483,TELCEL,MEXICO
TelCEl,Mexico,52.0,488,TELCEL,MEXICO
TelCEl,Mexico,52.0,498,TELCEL,MEXICO
TelCEl,Mexico,52.0,594,TELCEL,MEXICO
TelCEl,Mexico,52.0,625,TELCEL,MEXICO
TelCEl,Mexico,52.0,631,TELCEL,MEXICO
TelCEl,Mexico,52.0,656,TELCEL,MEXICO
TelCEl,Mexico,52.0,664,TELCEL,MEXICO
TelCEl,Mexico,52.0,669,TELCEL,MEXICO
TelCEl,Mexico,52.0,672,TELCEL,MEXICO
TelCEl,Mexico,52.0,677,TELCEL,MEXICO
TelCEl,Mexico,52.0,716,TELCEL,MEXICO
TelCEl,Mexico,52.0,719,TELCEL,MEXICO
TelCEl,Mexico,52.0,720,TELCEL,MEXICO
TelCEl,Mexico,52.0,727,TELCEL,MEXICO
TelCEl,Mexico,52.0,732,TELCEL,MEXICO
TelCEl,Mexico,52.0,734,TELCEL,MEXICO
TelCEl,Mexico,52.0,743,TELCEL,MEXICO
TelCEl,Mexico,52.0,744,TELCEL,MEXICO
TelCEl,Mexico,52.0,747,TELCEL,MEXICO
TelCEl,Mexico,52.0,749,TELCEL,MEXICO
TelCEl,Mexico,52.0,754,TELCEL,MEXICO
TelCEl,Mexico,52.0,757,TELCEL,MEXICO
TelCEl,Mexico,52.0,779,TELCEL,MEXICO
TelCEl,Mexico,52.0,781,TELCEL,MEXICO
TelCEl,Mexico,52.0,785,TELCEL,MEXICO
TelCEl,Mexico,52.0,791,TELCEL,MEXICO
TelCEl,Mexico,52.0,812,TELCEL,MEXICO
TelCEl,Mexico,52.0,823,TELCEL,MEXICO
TelCEl,Mexico,52.0,824,TELCEL,MEXICO
TelCEl,Mexico,52.0,829,TELCEL,MEXICO
TelCEl,Mexico,52.0,834,TELCEL,MEXICO
TelCEl,Mexico,52.0,846,TELCEL,MEXICO
TelCEl,Mexico,52.0,873,TELCEL,MEXICO
TelCEl,Mexico,52.0,897,TELCEL,MEXICO
TelCEl,Mexico,52.0,918,TELCEL,MEXICO
TelCEl,Mexico,52.0,919,TELCEL,MEXICO
TelCEl,Mexico,52.0,934,TELCEL,MEXICO
TelCEl,Mexico,52.0,936,TELCEL,MEXICO
TelCEl,Mexico,52.0,954,TELCEL,MEXICO
TelCEl,Mexico,52.0,962,TELCEL,MEXICO
TelCEl,Mexico,52.0,987,TELCEL,MEXICO
TelCEl,Mexico,52.0,225,TELCEL,MEXICO
TelCEl,Mexico,52.0,227,TELCEL,MEXICO
TelCEl,Mexico,52.0,228,TELCEL,MEXICO
TelCEl,Mexico,52.0,247,TELCEL,MEXICO
TelCEl,Mexico,52.0,326,TELCEL,MEXICO
TelCEl,Mexico,52.0,348,TELCEL,MEXICO
TelCEl,Mexico,52.0,351,TELCEL,MEXICO
TelCEl,Mexico,52.0,374,TELCEL,MEXICO
TelCEl,Mexico,52.0,414,TELCEL,MEXICO
TelCEl,Mexico,52.0,423,TELCEL,MEXICO
TelCEl,Mexico,52.0,432,TELCEL,MEXICO
TelCEl,Mexico,52.0,446,TELCEL,MEXICO
TelCEl,Mexico,52.0,453,TELCEL,MEXICO
TelCEl,Mexico,52.0,457,TELCEL,MEXICO
TelCEl,Mexico,52.0,482,TELCEL,MEXICO
TelCEl,Mexico,52.0,493,TELCEL,MEXICO
TelCEl,Mexico,52.0,566,TELCEL,MEXICO
TelCEl,Mexico,52.0,588,TELCEL,MEXICO
TelCEl,Mexico,52.0,591,TELCEL,MEXICO
TelCEl,Mexico,52.0,618,TELCEL,MEXICO
TelCEl,Mexico,52.0,628,TELCEL,MEXICO
TelCEl,Mexico,52.0,632,TELCEL,MEXICO
TelCEl,Mexico,52.0,646,TELCEL,MEXICO
TelCEl,Mexico,52.0,658,TELCEL,MEXICO
TelCEl,Mexico,52.0,718,TELCEL,MEXICO
TelCEl,Mexico,52.0,724,TELCEL,MEXICO
TelCEl,Mexico,52.0,726,TELCEL,MEXICO
TelCEl,Mexico,52.0,729,TELCEL,MEXICO
TelCEl,Mexico,52.0,767,TELCEL,MEXICO
TelCEl,Mexico,52.0,768,TELCEL,MEXICO
TelCEl,Mexico,52.0,772,TELCEL,MEXICO
TelCEl,Mexico,52.0,782,TELCEL,MEXICO
TelCEl,Mexico,52.0,828,TELCEL,MEXICO
TelCEl,Mexico,52.0,866,TELCEL,MEXICO
TelCEl,Mexico,52.0,924,TELCEL,MEXICO
TelCEl,Mexico,52.0,963,TELCEL,MEXICO
TelCEl,Mexico,52.0,990,TELCEL,MEXICO
TelCEl,Mexico,52.0,993,TELCEL,MEXICO
TelCEl,Mexico,52.0,226,TELCEL,MEXICO
TelCEl,Mexico,52.0,233,TELCEL,MEXICO
TelCEl,Mexico,52.0,244,TELCEL,MEXICO
TelCEl,Mexico,52.0,314,TELCEL,MEXICO
TelCEl,Mexico,52.0,315,TELCEL,MEXICO
TelCEl,Mexico,52.0,325,TELCEL,MEXICO
TelCEl,Mexico,52.0,328,TELCEL,MEXICO
TelCEl,Mexico,52.0,331,TELCEL,MEXICO
TelCEl,Mexico,52.0,334,TELCEL,MEXICO
TelCEl,Mexico,52.0,344,TELCEL,MEXICO
TelCEl,Mexico,52.0,387,TELCEL,MEXICO
TelCEl,Mexico,52.0,391,TELCEL,MEXICO
TelCEl,Mexico,52.0,412,TELCEL,MEXICO
TelCEl,Mexico,52.0,436,TELCEL,MEXICO
TelCEl,Mexico,52.0,437,TELCEL,MEXICO
TelCEl,Mexico,52.0,438,TELCEL,MEXICO
TelCEl,Mexico,52.0,447,TELCEL,MEXICO
TelCEl,Mexico,52.0,451,TELCEL,MEXICO
TelCEl,Mexico,52.0,469,TELCEL,MEXICO
TelCEl,Mexico,52.0,472,TELCEL,MEXICO
TelCEl,Mexico,52.0,554,TELCEL,MEXICO
TelCEl,Mexico,52.0,555,TELCEL,MEXICO
TelCEl,Mexico,52.0,644,TELCEL,MEXICO
TelCEl,Mexico,52.0,645,TELCEL,MEXICO
TelCEl,Mexico,52.0,662,TELCEL,MEXICO
TelCEl,Mexico,52.0,667,TELCEL,MEXICO
TelCEl,Mexico,52.0,697,TELCEL,MEXICO
TelCEl,Mexico,52.0,711,TELCEL,MEXICO
TelCEl,Mexico,52.0,712,TELCEL,MEXICO
TelCEl,Mexico,52.0,764,TELCEL,MEXICO
TelCEl,Mexico,52.0,766,TELCEL,MEXICO
TelCEl,Mexico,52.0,770,TELCEL,MEXICO
TelCEl,Mexico,52.0,773,TELCEL,MEXICO
TelCEl,Mexico,52.0,814,TELCEL,MEXICO
TelCEl,Mexico,52.0,833,TELCEL,MEXICO
TelCEl,Mexico,52.0,864,TELCEL,MEXICO
TelCEl,Mexico,52.0,869,TELCEL,MEXICO
TelCEl,Mexico,52.0,892,TELCEL,MEXICO
TelCEl,Mexico,52.0,917,TELCEL,MEXICO
TelCEl,Mexico,52.0,964,TELCEL,MEXICO
TelCEl,Mexico,52.0,967,TELCEL,MEXICO
TelCEl,Mexico,52.0,981,TELCEL,MEXICO
TelCEl,Mexico,52.0,231,TELCEL,MEXICO
TelCEl,Mexico,52.0,232,TELCEL,MEXICO
TelCEl,Mexico,52.0,237,TELCEL,MEXICO
TelCEl,Mexico,52.0,246,TELCEL,MEXICO
TelCEl,Mexico,52.0,248,TELCEL,MEXICO
TelCEl,Mexico,52.0,273,TELCEL,MEXICO
TelCEl,Mexico,52.0,282,TELCEL,MEXICO
TelCEl,Mexico,52.0,317,TELCEL,MEXICO
TelCEl,Mexico,52.0,321,TELCEL,MEXICO
TelCEl,Mexico,52.0,323,TELCEL,MEXICO
TelCEl,Mexico,52.0,329,TELCEL,MEXICO
TelCEl,Mexico,52.0,342,TELCEL,MEXICO
TelCEl,Mexico,52.0,349,TELCEL,MEXICO
TelCEl,Mexico,52.0,378,TELCEL,MEXICO
TelCEl,Mexico,52.0,392,TELCEL,MEXICO
TelCEl,Mexico,52.0,395,TELCEL,MEXICO
TelCEl,Mexico,52.0,415,TELCEL,MEXICO
TelCEl,Mexico,52.0,418,TELCEL,MEXICO
TelCEl,Mexico,52.0,421,TELCEL,MEXICO
TelCEl,Mexico,52.0,442,TELCEL,MEXICO
TelCEl,Mexico,52.0,459,TELCEL,MEXICO
TelCEl,Mexico,52.0,468,TELCEL,MEXICO
TelCEl,Mexico,52.0,489,TELCEL,MEXICO
TelCEl,Mexico,52.0,564,TELCEL,MEXICO
TelCEl,Mexico,52.0,595,TELCEL,MEXICO
TelCEl,Mexico,52.0,612,TELCEL,MEXICO
TelCEl,Mexico,52.0,615,TELCEL,MEXICO
TelCEl,Mexico,52.0,629,TELCEL,MEXICO
TelCEl,Mexico,52.0,661,TELCEL,MEXICO
TelCEl,Mexico,52.0,663,TELCEL,MEXICO
TelCEl,Mexico,52.0,668,TELCEL,MEXICO
TelCEl,Mexico,52.0,675,TELCEL,MEXICO
TelCEl,Mexico,52.0,687,TELCEL,MEXICO
TelCEl,Mexico,52.0,715,TELCEL,MEXICO
TelCEl,Mexico,52.0,717,TELCEL,MEXICO
TelCEl,Mexico,52.0,721,TELCEL,MEXICO
TelCEl,Mexico,52.0,722,TELCEL,MEXICO
TelCEl,Mexico,52.0,723,TELCEL,MEXICO
TelCEl,Mexico,52.0,748,TELCEL,MEXICO
TelCEl,Mexico,52.0,775,TELCEL,MEXICO
TelCEl,Mexico,52.0,776,TELCEL,MEXICO
TelCEl,Mexico,52.0,778,TELCEL,MEXICO
TelCEl,Mexico,52.0,784,TELCEL,MEXICO
TelCEl,Mexico,52.0,811,TELCEL,MEXICO
TelCEl,Mexico,52.0,841,TELCEL,MEXICO
TelCEl,Mexico,52.0,868,TELCEL,MEXICO
TelCEl,Mexico,52.0,899,TELCEL,MEXICO
TelCEl,Mexico,52.0,922,TELCEL,MEXICO
TelCEl,Mexico,52.0,982,TELCEL,MEXICO
TelCEl,Mexico,52.0,985,TELCEL,MEXICO
TelCEl,Mexico,52.0,988,TELCEL,MEXICO
TelCEl,Mexico,52.0,994,TELCEL,MEXICO
TelCEl,Mexico,52.0,997,TELCEL,MEXICO
TelCEl,Mexico,52.0,223,TELCEL,MEXICO
TelCEl,Mexico,52.0,229,TELCEL,MEXICO
TelCEl,Mexico,52.0,278,TELCEL,MEXICO
TelCEl,Mexico,52.0,294,TELCEL,MEXICO
TelCEl,Mexico,52.0,297,TELCEL,MEXICO
TelCEl,Mexico,52.0,312,TELCEL,MEXICO
TelCEl,Mexico,52.0,313,TELCEL,MEXICO
TelCEl,Mexico,52.0,324,TELCEL,MEXICO
TelCEl,Mexico,52.0,327,TELCEL,MEXICO
TelCEl,Mexico,52.0,352,TELCEL,MEXICO
TelCEl,Mexico,52.0,358,TELCEL,MEXICO
TelCEl,Mexico,52.0,377,TELCEL,MEXICO
TelCEl,Mexico,52.0,381,TELCEL,MEXICO
TelCEl,Mexico,52.0,385,TELCEL,MEXICO
TelCEl,Mexico,52.0,413,TELCEL,MEXICO
TelCEl,Mexico,52.0,445,TELCEL,MEXICO
TelCEl,Mexico,52.0,455,TELCEL,MEXICO
TelCEl,Mexico,52.0,462,TELCEL,MEXICO
TelCEl,Mexico,52.0,465,TELCEL,MEXICO
TelCEl,Mexico,52.0,466,TELCEL,MEXICO
TelCEl,Mexico,52.0,467,TELCEL,MEXICO
TelCEl,Mexico,52.0,485,TELCEL,MEXICO
TelCEl,Mexico,52.0,486,TELCEL,MEXICO
TelCEl,Mexico,52.0,556,TELCEL,MEXICO
TelCEl,Mexico,52.0,597,TELCEL,MEXICO
TelCEl,Mexico,52.0,614,TELCEL,MEXICO
TelCEl,Mexico,52.0,616,TELCEL,MEXICO
TelCEl,Mexico,52.0,624,TELCEL,MEXICO
TelCEl,Mexico,52.0,627,TELCEL,MEXICO
TelCEl,Mexico,52.0,651,TELCEL,MEXICO
TelCEl,Mexico,52.0,652,TELCEL,MEXICO
TelCEl,Mexico,52.0,653,TELCEL,MEXICO
TelCEl,Mexico,52.0,673,TELCEL,MEXICO
TelCEl,Mexico,52.0,676,TELCEL,MEXICO
TelCEl,Mexico,52.0,694,TELCEL,MEXICO
TelCEl,Mexico,52.0,753,TELCEL,MEXICO
TelCEl,Mexico,52.0,755,TELCEL,MEXICO
TelCEl,Mexico,52.0,761,TELCEL,MEXICO
TelCEl,Mexico,52.0,762,TELCEL,MEXICO
TelCEl,Mexico,52.0,765,TELCEL,MEXICO
TelCEl,Mexico,52.0,774,TELCEL,MEXICO
TelCEl,Mexico,52.0,783,TELCEL,MEXICO
TelCEl,Mexico,52.0,789,TELCEL,MEXICO
TelCEl,Mexico,52.0,818,TELCEL,MEXICO
TelCEl,Mexico,52.0,842,TELCEL,MEXICO
TelCEl,Mexico,52.0,862,TELCEL,MEXICO
TelCEl,Mexico,52.0,867,TELCEL,MEXICO
TelCEl,Mexico,52.0,878,TELCEL,MEXICO
TelCEl,Mexico,52.0,894,TELCEL,MEXICO
TelCEl,Mexico,52.0,933,TELCEL,MEXICO
TelCEl,Mexico,52.0,961,TELCEL,MEXICO
TelCEl,Mexico,52.0,971,TELCEL,MEXICO
TelCEl,Mexico,52.0,972,TELCEL,MEXICO
TelCEl,Mexico,52.0,986,TELCEL,MEXICO
TelCEl,Mexico,52.0,996,TELCEL,MEXICO
TelCEl,Mexico,52.0,279,TELCEL,MEXICO
TelCEl,Mexico,52.0,283,TELCEL,MEXICO
TelCEl,Mexico,52.0,288,TELCEL,MEXICO
TelCEl,Mexico,52.0,311,TELCEL,MEXICO
TelCEl,Mexico,52.0,316,TELCEL,MEXICO
TelCEl,Mexico,52.0,353,TELCEL,MEXICO
TelCEl,Mexico,52.0,355,TELCEL,MEXICO
TelCEl,Mexico,52.0,356,TELCEL,MEXICO
TelCEl,Mexico,52.0,371,TELCEL,MEXICO
TelCEl,Mexico,52.0,372,TELCEL,MEXICO
TelCEl,Mexico,52.0,411,TELCEL,MEXICO
TelCEl,Mexico,52.0,426,TELCEL,MEXICO
TelCEl,Mexico,52.0,429,TELCEL,MEXICO
TelCEl,Mexico,52.0,443,TELCEL,MEXICO
TelCEl,Mexico,52.0,448,TELCEL,MEXICO
TelCEl,Mexico,52.0,456,TELCEL,MEXICO
TelCEl,Mexico,52.0,474,TELCEL,MEXICO
TelCEl,Mexico,52.0,487,TELCEL,MEXICO
TelCEl,Mexico,52.0,492,TELCEL,MEXICO
TelCEl,Mexico,52.0,494,TELCEL,MEXICO
TelCEl,Mexico,52.0,495,TELCEL,MEXICO
TelCEl,Mexico,52.0,559,TELCEL,MEXICO
TelCEl,Mexico,52.0,562,TELCEL,MEXICO
TelCEl,Mexico,52.0,596,TELCEL,MEXICO
TelCEl,Mexico,52.0,622,TELCEL,MEXICO
TelCEl,Mexico,52.0,623,TELCEL,MEXICO
TelCEl,Mexico,52.0,638,TELCEL,MEXICO
TelCEl,Mexico,52.0,639,TELCEL,MEXICO
TelCEl,Mexico,52.0,642,TELCEL,MEXICO
TelCEl,Mexico,52.0,648,TELCEL,MEXICO
TelCEl,Mexico,52.0,659,TELCEL,MEXICO
TelCEl,Mexico,52.0,671,TELCEL,MEXICO
TelCEl,Mexico,52.0,695,TELCEL,MEXICO
TelCEl,Mexico,52.0,696,TELCEL,MEXICO
TelCEl,Mexico,52.0,736,TELCEL,MEXICO
TelCEl,Mexico,52.0,738,TELCEL,MEXICO
TelCEl,Mexico,52.0,741,TELCEL,MEXICO
TelCEl,Mexico,52.0,786,TELCEL,MEXICO
TelCEl,Mexico,52.0,797,TELCEL,MEXICO
TelCEl,Mexico,52.0,813,TELCEL,MEXICO
TelCEl,Mexico,52.0,845,TELCEL,MEXICO
TelCEl,Mexico,52.0,861,TELCEL,MEXICO
TelCEl,Mexico,52.0,871,TELCEL,MEXICO
TelCEl,Mexico,52.0,877,TELCEL,MEXICO
TelCEl,Mexico,52.0,914,TELCEL,MEXICO
TelCEl,Mexico,52.0,916,TELCEL,MEXICO
TelCEl,Mexico,52.0,921,TELCEL,MEXICO
TelCEl,Mexico,52.0,965,TELCEL,MEXICO
TelCEl,Mexico,52.0,966,TELCEL,MEXICO
TelCEl,Mexico,52.0,968,TELCEL,MEXICO
TelCEl,Mexico,52.0,969,TELCEL,MEXICO
TelCEl,Mexico,52.0,984,TELCEL,MEXICO
TelCEl,Mexico,52.0,992,TELCEL,MEXICO
TelCEl,Mexico,52.0,995,TELCEL,MEXICO
TelCEl,Mexico,52.0,998,TELCEL,MEXICO
TelCEl,Mexico,52.0,999,TELCEL,MEXICO
TelCEl,Mexico,52.0,222,TELCEL,MEXICO
TelCEl,Mexico,52.0,235,TELCEL,MEXICO
TelCEl,Mexico,52.0,238,TELCEL,MEXICO
TelCEl,Mexico,52.0,281,TELCEL,MEXICO
TelCEl,Mexico,52.0,285,TELCEL,MEXICO
TelCEl,Mexico,52.0,322,TELCEL,MEXICO
TelCEl,Mexico,52.0,341,TELCEL,MEXICO
TelCEl,Mexico,52.0,345,TELCEL,MEXICO
TelCEl,Mexico,52.0,346,TELCEL,MEXICO
TelCEl,Mexico,52.0,373,TELCEL,MEXICO
TelCEl,Mexico,52.0,382,TELCEL,MEXICO
TelCEl,Mexico,52.0,383,TELCEL,MEXICO
TelCEl,Mexico,52.0,393,TELCEL,MEXICO
TelCEl,Mexico,52.0,425,TELCEL,MEXICO
TelCEl,Mexico,52.0,431,TELCEL,MEXICO
TelCEl,Mexico,52.0,434,TELCEL,MEXICO
TelCEl,Mexico,52.0,449,TELCEL,MEXICO
TelCEl,Mexico,52.0,452,TELCEL,MEXICO
TelCEl,Mexico,52.0,463,TELCEL,MEXICO
TelCEl,Mexico,52.0,473,TELCEL,MEXICO
TelCEl,Mexico,52.0,478,TELCEL,MEXICO
TelCEl,Mexico,52.0,479,TELCEL,MEXICO
TelCEl,Mexico,52.0,551,TELCEL,MEXICO
TelCEl,Mexico,52.0,553,TELCEL,MEXICO
TelCEl,Mexico,52.0,557,TELCEL,MEXICO
TelCEl,Mexico,52.0,558,TELCEL,MEXICO
TelCEl,Mexico,52.0,593,TELCEL,MEXICO
TelCEl,Mexico,52.0,599,TELCEL,MEXICO
TelCEl,Mexico,52.0,613,TELCEL,MEXICO
TelCEl,Mexico,52.0,621,TELCEL,MEXICO
TelCEl,Mexico,52.0,626,TELCEL,MEXICO
TelCEl,Mexico,52.0,634,TELCEL,MEXICO
TelCEl,Mexico,52.0,635,TELCEL,MEXICO
TelCEl,Mexico,52.0,636,TELCEL,MEXICO
TelCEl,Mexico,52.0,641,TELCEL,MEXICO
TelCEl,Mexico,52.0,643,TELCEL,MEXICO
TelCEl,Mexico,52.0,647,TELCEL,MEXICO
TelCEl,Mexico,52.0,649,TELCEL,MEXICO
TelCEl,Mexico,52.0,657,TELCEL,MEXICO
TelCEl,Mexico,52.0,665,TELCEL,MEXICO
TelCEl,Mexico,52.0,674,TELCEL,MEXICO
TelCEl,Mexico,52.0,714,TELCEL,MEXICO
TelCEl,Mexico,52.0,725,TELCEL,MEXICO
TelCEl,Mexico,52.0,742,TELCEL,MEXICO
TelCEl,Mexico,52.0,756,TELCEL,MEXICO
TelCEl,Mexico,52.0,758,TELCEL,MEXICO
TelCEl,Mexico,52.0,759,TELCEL,MEXICO
TelCEl,Mexico,52.0,777,TELCEL,MEXICO
TelCEl,Mexico,52.0,825,TELCEL,MEXICO
TelCEl,Mexico,52.0,826,TELCEL,MEXICO
TelCEl,Mexico,52.0,831,TELCEL,MEXICO
TelCEl,Mexico,52.0,832,TELCEL,MEXICO
TelCEl,Mexico,52.0,836,TELCEL,MEXICO
TelCEl,Mexico,52.0,913,TELCEL,MEXICO
TelCEl,Mexico,52.0,932,TELCEL,MEXICO
TelCEl,Mexico,52.0,937,TELCEL,MEXICO
TelCEl,Mexico,52.0,951,TELCEL,MEXICO
TelCEl,Mexico,52.0,983,TELCEL,MEXICO
TelCEl,Mexico,52.0,020,TELCEL,MEXICO
TelCEl,Mexico,52.0,220,TELCEL,MEXICO
TelCEl,Mexico,52.0,221,TELCEL,MEXICO
TelCEl,Mexico,52.0,236,TELCEL,MEXICO
TelCEl,Mexico,52.0,245,TELCEL,MEXICO
TelCEl,Mexico,52.0,276,TELCEL,MEXICO
TelCEl,Mexico,52.0,284,TELCEL,MEXICO
TelCEl,Mexico,52.0,287,TELCEL,MEXICO
AWN,Thailand,66.0,88997,THAILAND,AWN
AWN,Thailand,66.0,9230,THAILAND,AWN
AWN,Thailand,66.0,9237,THAILAND,AWN
AWN,Thailand,66.0,9249,THAILAND,AWN
AWN,Thailand,66.0,9253,THAILAND,AWN
AWN,Thailand,66.0,9256,THAILAND,AWN
AWN,Thailand,66.0,9267,THAILAND,AWN
AWN,Thailand,66.0,9289,THAILAND,AWN
AWN,Thailand,66.0,9302,THAILAND,AWN
AWN,Thailand,66.0,9309,THAILAND,AWN
AWN,Thailand,66.0,9316,THAILAND,AWN
AWN,Thailand,66.0,9324,THAILAND,AWN
AWN,Thailand,66.0,9329,THAILAND,AWN
AWN,Thailand,66.0,9336,THAILAND,AWN
AWN,Thailand,66.0,9339,THAILAND,AWN
AWN,Thailand,66.0,9350,THAILAND,AWN
AWN,Thailand,66.0,9360,THAILAND,AWN
AWN,Thailand,66.0,9363,THAILAND,AWN
AWN,Thailand,66.0,9372,THAILAND,AWN
AWN,Thailand,66.0,9232,THAILAND,AWN
AWN,Thailand,66.0,9240,THAILAND,AWN
AWN,Thailand,66.0,9248,THAILAND,AWN
AWN,Thailand,66.0,9258,THAILAND,AWN
AWN,Thailand,66.0,9262,THAILAND,AWN
AWN,Thailand,66.0,9278,THAILAND,AWN
AWN,Thailand,66.0,9282,THAILAND,AWN
AWN,Thailand,66.0,9285,THAILAND,AWN
AWN,Thailand,66.0,9286,THAILAND,AWN
AWN,Thailand,66.0,9296,THAILAND,AWN
AWN,Thailand,66.0,9312,THAILAND,AWN
AWN,Thailand,66.0,9317,THAILAND,AWN
AWN,Thailand,66.0,9321,THAILAND,AWN
AWN,Thailand,66.0,9325,THAILAND,AWN
AWN,Thailand,66.0,9335,THAILAND,AWN
AWN,Thailand,66.0,9338,THAILAND,AWN
AWN,Thailand,66.0,9349,THAILAND,AWN
AWN,Thailand,66.0,9351,THAILAND,AWN
AWN,Thailand,66.0,9361,THAILAND,AWN
AWN,Thailand,66.0,9364,THAILAND,AWN
AWN,Thailand,66.0,9367,THAILAND,AWN
AWN,Thailand,66.0,9375,THAILAND,AWN
AWN,Thailand,66.0,9241,THAILAND,AWN
AWN,Thailand,66.0,9246,THAILAND,AWN
AWN,Thailand,66.0,9279,THAILAND,AWN
AWN,Thailand,66.0,9297,THAILAND,AWN
AWN,Thailand,66.0,9340,THAILAND,AWN
AWN,Thailand,66.0,9355,THAILAND,AWN
AWN,Thailand,66.0,9358,THAILAND,AWN
AWN,Thailand,66.0,9359,THAILAND,AWN
AWN,Thailand,66.0,9362,THAILAND,AWN
AWN,Thailand,66.0,89364,THAILAND,AWN
AWN,Thailand,66.0,9231,THAILAND,AWN
AWN,Thailand,66.0,9235,THAILAND,AWN
AWN,Thailand,66.0,9259,THAILAND,AWN
AWN,Thailand,66.0,9264,THAILAND,AWN
AWN,Thailand,66.0,9274,THAILAND,AWN
AWN,Thailand,66.0,9277,THAILAND,AWN
AWN,Thailand,66.0,9288,THAILAND,AWN
AWN,Thailand,66.0,9298,THAILAND,AWN
AWN,Thailand,66.0,9303,THAILAND,AWN
AWN,Thailand,66.0,9308,THAILAND,AWN
AWN,Thailand,66.0,9314,THAILAND,AWN
AWN,Thailand,66.0,9315,THAILAND,AWN
AWN,Thailand,66.0,9319,THAILAND,AWN
AWN,Thailand,66.0,9330,THAILAND,AWN
AWN,Thailand,66.0,9331,THAILAND,AWN
AWN,Thailand,66.0,9333,THAILAND,AWN
AWN,Thailand,66.0,9352,THAILAND,AWN
AWN,Thailand,66.0,9370,THAILAND,AWN
AWN,Thailand,66.0,9376,THAILAND,AWN
AWN,Thailand,66.0,9378,THAILAND,AWN
AWN,Thailand,66.0,88998,THAILAND,AWN
AWN,Thailand,66.0,9244,THAILAND,AWN
AWN,Thailand,66.0,9250,THAILAND,AWN
AWN,Thailand,66.0,9251,THAILAND,AWN
AWN,Thailand,66.0,9252,THAILAND,AWN
AWN,Thailand,66.0,9254,THAILAND,AWN
AWN,Thailand,66.0,9263,THAILAND,AWN
AWN,Thailand,66.0,9265,THAILAND,AWN
AWN,Thailand,66.0,9268,THAILAND,AWN
AWN,Thailand,66.0,9269,THAILAND,AWN
AWN,Thailand,66.0,9280,THAILAND,AWN
AWN,Thailand,66.0,9283,THAILAND,AWN
AWN,Thailand,66.0,9287,THAILAND,AWN
AWN,Thailand,66.0,9291,THAILAND,AWN
AWN,Thailand,66.0,9293,THAILAND,AWN
AWN,Thailand,66.0,9300,THAILAND,AWN
AWN,Thailand,66.0,9305,THAILAND,AWN
AWN,Thailand,66.0,9306,THAILAND,AWN
AWN,Thailand,66.0,9311,THAILAND,AWN
AWN,Thailand,66.0,9327,THAILAND,AWN
AWN,Thailand,66.0,9328,THAILAND,AWN
AWN,Thailand,66.0,9334,THAILAND,AWN
AWN,Thailand,66.0,9337,THAILAND,AWN
AWN,Thailand,66.0,9343,THAILAND,AWN
AWN,Thailand,66.0,9345,THAILAND,AWN
AWN,Thailand,66.0,9347,THAILAND,AWN
AWN,Thailand,66.0,9357,THAILAND,AWN
AWN,Thailand,66.0,9365,THAILAND,AWN
AWN,Thailand,66.0,9366,THAILAND,AWN
AWN,Thailand,66.0,88996,THAILAND,AWN
AWN,Thailand,66.0,922,THAILAND,AWN
AWN,Thailand,66.0,9233,THAILAND,AWN
AWN,Thailand,66.0,9239,THAILAND,AWN
AWN,Thailand,66.0,9245,THAILAND,AWN
AWN,Thailand,66.0,9247,THAILAND,AWN
AWN,Thailand,66.0,9261,THAILAND,AWN
AWN,Thailand,66.0,9266,THAILAND,AWN
AWN,Thailand,66.0,9270,THAILAND,AWN
AWN,Thailand,66.0,9273,THAILAND,AWN
AWN,Thailand,66.0,9281,THAILAND,AWN
AWN,Thailand,66.0,9284,THAILAND,AWN
AWN,Thailand,66.0,9295,THAILAND,AWN
AWN,Thailand,66.0,9299,THAILAND,AWN
AWN,Thailand,66.0,9301,THAILAND,AWN
AWN,Thailand,66.0,9304,THAILAND,AWN
AWN,Thailand,66.0,9307,THAILAND,AWN
AWN,Thailand,66.0,9310,THAILAND,AWN
AWN,Thailand,66.0,9322,THAILAND,AWN
AWN,Thailand,66.0,9323,THAILAND,AWN
AWN,Thailand,66.0,9342,THAILAND,AWN
AWN,Thailand,66.0,9354,THAILAND,AWN
AWN,Thailand,66.0,9368,THAILAND,AWN
AWN,Thailand,66.0,03,THAILAND,AWN
AWN,Thailand,66.0,9236,THAILAND,AWN
AWN,Thailand,66.0,9242,THAILAND,AWN
AWN,Thailand,66.0,9243,THAILAND,AWN
AWN,Thailand,66.0,9255,THAILAND,AWN
AWN,Thailand,66.0,9260,THAILAND,AWN
AWN,Thailand,66.0,9271,THAILAND,AWN
AWN,Thailand,66.0,9275,THAILAND,AWN
AWN,Thailand,66.0,9276,THAILAND,AWN
AWN,Thailand,66.0,9290,THAILAND,AWN
AWN,Thailand,66.0,9292,THAILAND,AWN
AWN,Thailand,66.0,9320,THAILAND,AWN
AWN,Thailand,66.0,9326,THAILAND,AWN
AWN,Thailand,66.0,9332,THAILAND,AWN
AWN,Thailand,66.0,9348,THAILAND,AWN
AWN,Thailand,66.0,9353,THAILAND,AWN
AWN,Thailand,66.0,9369,THAILAND,AWN
AWN,Thailand,66.0,9373,THAILAND,AWN
AWN,Thailand,66.0,9374,THAILAND,AWN
AWN,Thailand,66.0,9377,THAILAND,AWN
AWN,Thailand,66.0,9234,THAILAND,AWN
AWN,Thailand,66.0,9238,THAILAND,AWN
AWN,Thailand,66.0,9257,THAILAND,AWN
AWN,Thailand,66.0,9272,THAILAND,AWN
AWN,Thailand,66.0,9294,THAILAND,AWN
AWN,Thailand,66.0,9313,THAILAND,AWN
AWN,Thailand,66.0,9318,THAILAND,AWN
AWN,Thailand,66.0,9341,THAILAND,AWN
AWN,Thailand,66.0,9344,THAILAND,AWN
AWN,Thailand,66.0,9346,THAILAND,AWN
AWN,Thailand,66.0,9356,THAILAND,AWN
AWN,Thailand,66.0,9371,THAILAND,AWN
AWN,Thailand,66.0,9379,THAILAND,AWN
DTACTh1,Thailand,66.0,816,THAILAND,DTACTH1
DTACTh1,Thailand,66.0,81631,THAILAND,DTACTH1
DTACTh1,Thailand,66.0,81669,THAILAND,DTACTH1
DTACTh1,Thailand,66.0,81691,THAILAND,DTACTH1
DTACTh1,Thailand,66.0,81698,THAILAND,DTACTH1
DTACTh1,Thailand,66.0,81688,THAILAND,DTACTH1
DTACTh1,Thailand,66.0,8536965,THAILAND,DTACTH1
DTACTh1,Thailand,66.0,18,THAILAND,DTACTH1
DTACTh1,Thailand,66.0,81681,THAILAND,DTACTH1
DTACTh1,Thailand,66.0,81662,THAILAND,DTACTH1
DTACTh2,Thailand,66.0,94242,THAILAND,DTACTH2
DTACTh2,Thailand,66.0,94243,THAILAND,DTACTH2
DTACTh2,Thailand,66.0,94260,THAILAND,DTACTH2
DTACTh2,Thailand,66.0,94285,THAILAND,DTACTH2
DTACTh2,Thailand,66.0,94286,THAILAND,DTACTH2
DTACTh2,Thailand,66.0,94302,THAILAND,DTACTH2
DTACTh2,Thailand,66.0,94306,THAILAND,DTACTH2
DTACTh2,Thailand,66.0,94309,THAILAND,DTACTH2
DTACTh2,Thailand,66.0,94312,THAILAND,DTACTH2
DTACTh2,Thailand,66.0,94317,THAILAND,DTACTH2
DTACTh2,Thailand,66.0,94321,THAILAND,DTACTH2
DTACTh2,Thailand,66.0,94352,THAILAND,DTACTH2
DTACTh2,Thailand,66.0,94363,THAILAND,DTACTH2
DTACTh2,Thailand,66.0,94368,THAILAND,DTACTH2
DTACTh2,Thailand,66.0,94395,THAILAND,DTACTH2
DTACTh2,Thailand,66.0,94420,THAILAND,DTACTH2
DTACTh2,Thailand,66.0,94435,THAILAND,DTACTH2
DTACTh2,Thailand,66.0,94437,THAILAND,DTACTH2
DTACTh2,Thailand,66.0,94443,THAILAND,DTACTH2
DTACTh2,Thailand,66.0,94451,THAILAND,DTACTH2
DTACTh2,Thailand,66.0,94454,THAILAND,DTACTH2
DTACTh2,Thailand,66.0,94486,THAILAND,DTACTH2
DTACTh2,Thailand,66.0,94487,THAILAND,DTACTH2
DTACTh2,Thailand,66.0,94490,THAILAND,DTACTH2
DTACTh2,Thailand,66.0,94502,THAILAND,DTACTH2
DTACTh2,Thailand,66.0,94503,THAILAND,DTACTH2
DTACTh2,Thailand,66.0,94517,THAILAND,DTACTH2
DTACTh2,Thailand,66.0,94524,THAILAND,DTACTH2
DTACTh2,Thailand,66.0,94529,THAILAND,DTACTH2
DTACTh2,Thailand,66.0,94551,THAILAND,DTACTH2
DTACTh2,Thailand,66.0,94559,THAILAND,DTACTH2
DTACTh2,Thailand,66.0,94560,THAILAND,DTACTH2
DTACTh2,Thailand,66.0,94570,THAILAND,DTACTH2
DTACTh2,Thailand,66.0,94579,THAILAND,DTACTH2
DTACTh2,Thailand,66.0,94591,THAILAND,DTACTH2
DTACTh2,Thailand,66.0,94596,THAILAND,DTACTH2
DTACTh2,Thailand,66.0,94604,THAILAND,DTACTH2
DTACTh2,Thailand,66.0,94610,THAILAND,DTACTH2
DTACTh2,Thailand,66.0,94613,THAILAND,DTACTH2
DTACTh2,Thailand,66.0,94627,THAILAND,DTACTH2
DTACTh2,Thailand,66.0,94634,THAILAND,DTACTH2
DTACTh2,Thailand,66.0,94643,THAILAND,DTACTH2
DTACTh2,Thailand,66.0,94647,THAILAND,DTACTH2
DTACTh2,Thailand,66.0,94649,THAILAND,DTACTH2
DTACTh2,Thailand,66.0,94652,THAILAND,DTACTH2
DTACTh2,Thailand,66.0,94676,THAILAND,DTACTH2
DTACTh2,Thailand,66.0,94689,THAILAND,DTACTH2
DTACTh2,Thailand,66.0,94692,THAILAND,DTACTH2
DTACTh2,Thailand,66.0,94701,THAILAND,DTACTH2
DTACTh2,Thailand,66.0,94702,THAILAND,DTACTH2
DTACTh2,Thailand,66.0,94704,THAILAND,DTACTH2
DTACTh2,Thailand,66.0,94707,THAILAND,DTACTH2
DTACTh2,Thailand,66.0,94715,THAILAND,DTACTH2
DTACTh2,Thailand,66.0,94716,THAILAND,DTACTH2
DTACTh2,Thailand,66.0,94726,THAILAND,DTACTH2
DTACTh2,Thailand,66.0,94762,THAILAND,DTACTH2
DTACTh2,Thailand,66.0,94767,THAILAND,DTACTH2
DTACTh2,Thailand,66.0,94796,THAILAND,DTACTH2
DTACTh2,Thailand,66.0,94821,THAILAND,DTACTH2
DTACTh2,Thailand,66.0,94831,THAILAND,DTACTH2
DTACTh2,Thailand,66.0,94837,THAILAND,DTACTH2
DTACTh2,Thailand,66.0,94838,THAILAND,DTACTH2
DTACTh2,Thailand,66.0,94841,THAILAND,DTACTH2
DTACTh2,Thailand,66.0,94857,THAILAND,DTACTH2
DTACTh2,Thailand,66.0,94867,THAILAND,DTACTH2
DTACTh2,Thailand,66.0,94868,THAILAND,DTACTH2
DTACTh2,Thailand,66.0,94879,THAILAND,DTACTH2
DTACTh2,Thailand,66.0,94885,THAILAND,DTACTH2
DTACTh2,Thailand,66.0,94891,THAILAND,DTACTH2
DTACTh2,Thailand,66.0,94892,THAILAND,DTACTH2
DTACTh2,Thailand,66.0,94893,THAILAND,DTACTH2
DTACTh2,Thailand,66.0,94912,THAILAND,DTACTH2
DTACTh2,Thailand,66.0,94926,THAILAND,DTACTH2
DTACTh2,Thailand,66.0,94931,THAILAND,DTACTH2
DTACTh2,Thailand,66.0,94932,THAILAND,DTACTH2
DTACTh2,Thailand,66.0,94939,THAILAND,DTACTH2
DTACTh2,Thailand,66.0,94951,THAILAND,DTACTH2
DTACTh2,Thailand,66.0,94954,THAILAND,DTACTH2
DTACTh2,Thailand,66.0,94969,THAILAND,DTACTH2
DTACTh2,Thailand,66.0,94978,THAILAND,DTACTH2
DTACTh2,Thailand,66.0,94998,THAILAND,DTACTH2
DTACTh2,Thailand,66.0,95005,THAILAND,DTACTH2
DTACTh2,Thailand,66.0,95019,THAILAND,DTACTH2
DTACTh2,Thailand,66.0,95023,THAILAND,DTACTH2
DTACTh2,Thailand,66.0,95030,THAILAND,DTACTH2
DTACTh2,Thailand,66.0,95034,THAILAND,DTACTH2
DTACTh2,Thailand,66.0,95041,THAILAND,DTACTH2
DTACTh2,Thailand,66.0,95050,THAILAND,DTACTH2
DTACTh2,Thailand,66.0,95052,THAILAND,DTACTH2
DTACTh2,Thailand,66.0,95054,THAILAND,DTACTH2
DTACTh2,Thailand,66.0,95056,THAILAND,DTACTH2
DTACTh2,Thailand,66.0,95061,THAILAND,DTACTH2
DTACTh2,Thailand,66.0,95067,THAILAND,DTACTH2
DTACTh2,Thailand,66.0,95101,THAILAND,DTACTH2
DTACTh2,Thailand,66.0,95116,THAILAND,DTACTH2
DTACTh2,Thailand,66.0,95127,THAILAND,DTACTH2
DTACTh2,Thailand,66.0,99024,THAILAND,DTACTH2
DTACTh2,Thailand,66.0,99051,THAILAND,DTACTH2
DTACTh2,Thailand,66.0,99063,THAILAND,DTACTH2
DTACTh2,Thailand,66.0,99068,THAILAND,DTACTH2
DTACTh2,Thailand,66.0,99078,THAILAND,DTACTH2
DTACTh2,Thailand,66.0,99080,THAILAND,DTACTH2
DTACTh2,Thailand,66.0,99102,THAILAND,DTACTH2
DTACTh2,Thailand,66.0,99103,THAILAND,DTACTH2
DTACTh2,Thailand,66.0,99121,THAILAND,DTACTH2
DTACTh2,Thailand,66.0,99128,THAILAND,DTACTH2
DTACTh2,Thailand,66.0,99137,THAILAND,DTACTH2
DTACTh2,Thailand,66.0,99138,THAILAND,DTACTH2
DTACTh2,Thailand,66.0,99146,THAILAND,DTACTH2
DTACTh2,Thailand,66.0,99153,THAILAND,DTACTH2
DTACTh2,Thailand,66.0,99154,THAILAND,DTACTH2
DTACTh2,Thailand,66.0,99161,THAILAND,DTACTH2
DTACTh2,Thailand,66.0,99170,THAILAND,DTACTH2
DTACTh2,Thailand,66.0,99175,THAILAND,DTACTH2
DTACTh2,Thailand,66.0,99183,THAILAND,DTACTH2
DTACTh2,Thailand,66.0,99186,THAILAND,DTACTH2
DTACTh2,Thailand,66.0,99196,THAILAND,DTACTH2
DTACTh2,Thailand,66.0,99215,THAILAND,DTACTH2
DTACTh2,Thailand,66.0,99217,THAILAND,DTACTH2
DTACTh2,Thailand,66.0,99220,THAILAND,DTACTH2
DTACTh2,Thailand,66.0,99243,THAILAND,DTACTH2
DTACTh2,Thailand,66.0,99269,THAILAND,DTACTH2
DTACTh2,Thailand,66.0,99276,THAILAND,DTACTH2
DTACTh2,Thailand,66.0,99280,THAILAND,DTACTH2
DTACTh2,Thailand,66.0,99286,THAILAND,DTACTH2
DTACTh2,Thailand,66.0,99287,THAILAND,DTACTH2
DTACTh2,Thailand,66.0,99291,THAILAND,DTACTH2
DTACTh2,Thailand,66.0,99301,THAILAND,DTACTH2
DTACTh2,Thailand,66.0,99303,THAILAND,DTACTH2
DTACTh2,Thailand,66.0,99315,THAILAND,DTACTH2
DTACTh2,Thailand,66.0,99323,THAILAND,DTACTH2
DTACTh2,Thailand,66.0,99335,THAILAND,DTACTH2
DTACTh2,Thailand,66.0,99354,THAILAND,DTACTH2
DTACTh2,Thailand,66.0,99363,THAILAND,DTACTH2
DTACTh2,Thailand,66.0,99367,THAILAND,DTACTH2
DTACTh2,Thailand,66.0,99371,THAILAND,DTACTH2
DTACTh2,Thailand,66.0,99380,THAILAND,DTACTH2
DTACTh2,Thailand,66.0,99391,THAILAND,DTACTH2
DTACTh2,Thailand,66.0,99395,THAILAND,DTACTH2
DTACTh2,Thailand,66.0,99406,THAILAND,DTACTH2
DTACTh2,Thailand,66.0,99408,THAILAND,DTACTH2
DTACTh2,Thailand,66.0,99409,THAILAND,DTACTH2
DTACTh2,Thailand,66.0,99413,THAILAND,DTACTH2
DTACTh2,Thailand,66.0,99420,THAILAND,DTACTH2
DTACTh2,Thailand,66.0,99434,THAILAND,DTACTH2
DTACTh2,Thailand,66.0,99454,THAILAND,DTACTH2
DTACTh2,Thailand,66.0,99463,THAILAND,DTACTH2
DTACTh2,Thailand,66.0,99486,THAILAND,DTACTH2
DTACTh2,Thailand,66.0,99490,THAILAND,DTACTH2
DTACTh2,Thailand,66.0,99491,THAILAND,DTACTH2
DTACTh2,Thailand,66.0,99492,THAILAND,DTACTH2
DTACTh2,Thailand,66.0,99494,THAILAND,DTACTH2
DTACTh2,Thailand,66.0,99498,THAILAND,DTACTH2
DTACTh2,Thailand,66.0,94245,THAILAND,DTACTH2
DTACTh2,Thailand,66.0,94247,THAILAND,DTACTH2
DTACTh2,Thailand,66.0,94253,THAILAND,DTACTH2
DTACTh2,Thailand,66.0,94283,THAILAND,DTACTH2
DTACTh2,Thailand,66.0,94284,THAILAND,DTACTH2
DTACTh2,Thailand,66.0,94298,THAILAND,DTACTH2
DTACTh2,Thailand,66.0,94304,THAILAND,DTACTH2
DTACTh2,Thailand,66.0,94305,THAILAND,DTACTH2
DTACTh2,Thailand,66.0,94314,THAILAND,DTACTH2
DTACTh2,Thailand,66.0,94316,THAILAND,DTACTH2
DTACTh2,Thailand,66.0,94325,THAILAND,DTACTH2
DTACTh2,Thailand,66.0,94327,THAILAND,DTACTH2
DTACTh2,Thailand,66.0,94367,THAILAND,DTACTH2
DTACTh2,Thailand,66.0,94372,THAILAND,DTACTH2
DTACTh2,Thailand,66.0,94378,THAILAND,DTACTH2
DTACTh2,Thailand,66.0,94392,THAILAND,DTACTH2
DTACTh2,Thailand,66.0,94398,THAILAND,DTACTH2
DTACTh2,Thailand,66.0,94414,THAILAND,DTACTH2
DTACTh2,Thailand,66.0,94419,THAILAND,DTACTH2
DTACTh2,Thailand,66.0,94424,THAILAND,DTACTH2
DTACTh2,Thailand,66.0,94429,THAILAND,DTACTH2
DTACTh2,Thailand,66.0,94442,THAILAND,DTACTH2
DTACTh2,Thailand,66.0,94447,THAILAND,DTACTH2
DTACTh2,Thailand,66.0,94456,THAILAND,DTACTH2
DTACTh2,Thailand,66.0,94472,THAILAND,DTACTH2
DTACTh2,Thailand,66.0,94476,THAILAND,DTACTH2
DTACTh2,Thailand,66.0,94483,THAILAND,DTACTH2
DTACTh2,Thailand,66.0,94494,THAILAND,DTACTH2
DTACTh2,Thailand,66.0,94526,THAILAND,DTACTH2
DTACTh2,Thailand,66.0,94534,THAILAND,DTACTH2
DTACTh2,Thailand,66.0,94536,THAILAND,DTACTH2
DTACTh2,Thailand,66.0,94541,THAILAND,DTACTH2
DTACTh2,Thailand,66.0,94557,THAILAND,DTACTH2
DTACTh2,Thailand,66.0,94563,THAILAND,DTACTH2
DTACTh2,Thailand,66.0,94567,THAILAND,DTACTH2
DTACTh2,Thailand,66.0,94568,THAILAND,DTACTH2
DTACTh2,Thailand,66.0,94571,THAILAND,DTACTH2
DTACTh2,Thailand,66.0,94576,THAILAND,DTACTH2
DTACTh2,Thailand,66.0,94594,THAILAND,DTACTH2
DTACTh2,Thailand,66.0,94606,THAILAND,DTACTH2
DTACTh2,Thailand,66.0,94614,THAILAND,DTACTH2
DTACTh2,Thailand,66.0,94620,THAILAND,DTACTH2
DTACTh2,Thailand,66.0,94630,THAILAND,DTACTH2
DTACTh2,Thailand,66.0,94631,THAILAND,DTACTH2
DTACTh2,Thailand,66.0,94635,THAILAND,DTACTH2
DTACTh2,Thailand,66.0,94641,THAILAND,DTACTH2
DTACTh2,Thailand,66.0,94650,THAILAND,DTACTH2
DTACTh2,Thailand,66.0,94657,THAILAND,DTACTH2
DTACTh2,Thailand,66.0,94665,THAILAND,DTACTH2
DTACTh2,Thailand,66.0,94669,THAILAND,DTACTH2
DTACTh2,Thailand,66.0,94683,THAILAND,DTACTH2
DTACTh2,Thailand,66.0,94694,THAILAND,DTACTH2
DTACTh2,Thailand,66.0,94706,THAILAND,DTACTH2
DTACTh2,Thailand,66.0,94713,THAILAND,DTACTH2
DTACTh2,Thailand,66.0,94714,THAILAND,DTACTH2
DTACTh2,Thailand,66.0,94717,THAILAND,DTACTH2
DTACTh2,Thailand,66.0,94720,THAILAND,DTACTH2
DTACTh2,Thailand,66.0,94723,THAILAND,DTACTH2
DTACTh2,Thailand,66.0,94732,THAILAND,DTACTH2
DTACTh2,Thailand,66.0,94742,THAILAND,DTACTH2
DTACTh2,Thailand,66.0,94753,THAILAND,DTACTH2
DTACTh2,Thailand,66.0,94757,THAILAND,DTACTH2
DTACTh2,Thailand,66.0,94759,THAILAND,DTACTH2
DTACTh2,Thailand,66.0,94760,THAILAND,DTACTH2
DTACTh2,Thailand,66.0,94779,THAILAND,DTACTH2
DTACTh2,Thailand,66.0,94785,THAILAND,DTACTH2
DTACTh2,Thailand,66.0,94793,THAILAND,DTACTH2
DTACTh2,Thailand,66.0,94806,THAILAND,DTACTH2
DTACTh2,Thailand,66.0,94818,THAILAND,DTACTH2
DTACTh2,Thailand,66.0,94842,THAILAND,DTACTH2
DTACTh2,Thailand,66.0,94843,THAILAND,DTACTH2
DTACTh2,Thailand,66.0,94845,THAILAND,DTACTH2
DTACTh2,Thailand,66.0,94854,THAILAND,DTACTH2
DTACTh2,Thailand,66.0,94856,THAILAND,DTACTH2
DTACTh2,Thailand,66.0,94860,THAILAND,DTACTH2
DTACTh2,Thailand,66.0,94872,THAILAND,DTACTH2
DTACTh2,Thailand,66.0,94878,THAILAND,DTACTH2
DTACTh2,Thailand,66.0,94884,THAILAND,DTACTH2
DTACTh2,Thailand,66.0,94890,THAILAND,DTACTH2
DTACTh2,Thailand,66.0,94903,THAILAND,DTACTH2
DTACTh2,Thailand,66.0,94924,THAILAND,DTACTH2
DTACTh2,Thailand,66.0,94930,THAILAND,DTACTH2
DTACTh2,Thailand,66.0,94938,THAILAND,DTACTH2
DTACTh2,Thailand,66.0,94941,THAILAND,DTACTH2
DTACTh2,Thailand,66.0,94950,THAILAND,DTACTH2
DTACTh2,Thailand,66.0,94958,THAILAND,DTACTH2
DTACTh2,Thailand,66.0,94963,THAILAND,DTACTH2
DTACTh2,Thailand,66.0,94970,THAILAND,DTACTH2
DTACTh2,Thailand,66.0,94973,THAILAND,DTACTH2
DTACTh2,Thailand,66.0,94974,THAILAND,DTACTH2
DTACTh2,Thailand,66.0,94983,THAILAND,DTACTH2
DTACTh2,Thailand,66.0,94985,THAILAND,DTACTH2
DTACTh2,Thailand,66.0,94990,THAILAND,DTACTH2
DTACTh2,Thailand,66.0,94993,THAILAND,DTACTH2
DTACTh2,Thailand,66.0,95009,THAILAND,DTACTH2
DTACTh2,Thailand,66.0,95024,THAILAND,DTACTH2
DTACTh2,Thailand,66.0,95035,THAILAND,DTACTH2
DTACTh2,Thailand,66.0,95048,THAILAND,DTACTH2
DTACTh2,Thailand,66.0,95049,THAILAND,DTACTH2
DTACTh2,Thailand,66.0,95059,THAILAND,DTACTH2
DTACTh2,Thailand,66.0,95069,THAILAND,DTACTH2
DTACTh2,Thailand,66.0,95073,THAILAND,DTACTH2
DTACTh2,Thailand,66.0,95083,THAILAND,DTACTH2
DTACTh2,Thailand,66.0,95087,THAILAND,DTACTH2
DTACTh2,Thailand,66.0,95104,THAILAND,DTACTH2
DTACTh2,Thailand,66.0,95112,THAILAND,DTACTH2
DTACTh2,Thailand,66.0,95124,THAILAND,DTACTH2
DTACTh2,Thailand,66.0,99019,THAILAND,DTACTH2
DTACTh2,Thailand,66.0,99020,THAILAND,DTACTH2
DTACTh2,Thailand,66.0,99028,THAILAND,DTACTH2
DTACTh2,Thailand,66.0,99039,THAILAND,DTACTH2
DTACTh2,Thailand,66.0,99041,THAILAND,DTACTH2
DTACTh2,Thailand,66.0,99065,THAILAND,DTACTH2
DTACTh2,Thailand,66.0,99074,THAILAND,DTACTH2
DTACTh2,Thailand,66.0,99075,THAILAND,DTACTH2
DTACTh2,Thailand,66.0,99081,THAILAND,DTACTH2
DTACTh2,Thailand,66.0,99086,THAILAND,DTACTH2
DTACTh2,Thailand,66.0,99094,THAILAND,DTACTH2
DTACTh2,Thailand,66.0,99095,THAILAND,DTACTH2
DTACTh2,Thailand,66.0,99096,THAILAND,DTACTH2
DTACTh2,Thailand,66.0,99098,THAILAND,DTACTH2
DTACTh2,Thailand,66.0,99104,THAILAND,DTACTH2
DTACTh2,Thailand,66.0,99110,THAILAND,DTACTH2
DTACTh2,Thailand,66.0,99125,THAILAND,DTACTH2
DTACTh2,Thailand,66.0,99132,THAILAND,DTACTH2
DTACTh2,Thailand,66.0,99136,THAILAND,DTACTH2
DTACTh2,Thailand,66.0,99143,THAILAND,DTACTH2
DTACTh2,Thailand,66.0,99148,THAILAND,DTACTH2
DTACTh2,Thailand,66.0,99158,THAILAND,DTACTH2
DTACTh2,Thailand,66.0,99174,THAILAND,DTACTH2
DTACTh2,Thailand,66.0,99185,THAILAND,DTACTH2
DTACTh2,Thailand,66.0,99197,THAILAND,DTACTH2
DTACTh2,Thailand,66.0,99214,THAILAND,DTACTH2
DTACTh2,Thailand,66.0,99218,THAILAND,DTACTH2
DTACTh2,Thailand,66.0,99225,THAILAND,DTACTH2
DTACTh2,Thailand,66.0,99230,THAILAND,DTACTH2
DTACTh2,Thailand,66.0,99246,THAILAND,DTACTH2
DTACTh2,Thailand,66.0,99251,THAILAND,DTACTH2
DTACTh2,Thailand,66.0,99254,THAILAND,DTACTH2
DTACTh2,Thailand,66.0,99265,THAILAND,DTACTH2
DTACTh2,Thailand,66.0,99295,THAILAND,DTACTH2
DTACTh2,Thailand,66.0,99302,THAILAND,DTACTH2
DTACTh2,Thailand,66.0,99304,THAILAND,DTACTH2
DTACTh2,Thailand,66.0,99309,THAILAND,DTACTH2
DTACTh2,Thailand,66.0,99316,THAILAND,DTACTH2
DTACTh2,Thailand,66.0,99321,THAILAND,DTACTH2
DTACTh2,Thailand,66.0,99327,THAILAND,DTACTH2
DTACTh2,Thailand,66.0,99339,THAILAND,DTACTH2
DTACTh2,Thailand,66.0,99347,THAILAND,DTACTH2
DTACTh2,Thailand,66.0,99361,THAILAND,DTACTH2
DTACTh2,Thailand,66.0,99364,THAILAND,DTACTH2
DTACTh2,Thailand,66.0,99382,THAILAND,DTACTH2
DTACTh2,Thailand,66.0,99393,THAILAND,DTACTH2
DTACTh2,Thailand,66.0,99403,THAILAND,DTACTH2
DTACTh2,Thailand,66.0,99407,THAILAND,DTACTH2
DTACTh2,Thailand,66.0,99417,THAILAND,DTACTH2
DTACTh2,Thailand,66.0,99423,THAILAND,DTACTH2
DTACTh2,Thailand,66.0,99430,THAILAND,DTACTH2
DTACTh2,Thailand,66.0,99431,THAILAND,DTACTH2
DTACTh2,Thailand,66.0,99441,THAILAND,DTACTH2
DTACTh2,Thailand,66.0,99458,THAILAND,DTACTH2
DTACTh2,Thailand,66.0,99460,THAILAND,DTACTH2
DTACTh2,Thailand,66.0,99469,THAILAND,DTACTH2
DTACTh2,Thailand,66.0,99472,THAILAND,DTACTH2
DTACTh2,Thailand,66.0,99478,THAILAND,DTACTH2
DTACTh2,Thailand,66.0,99479,THAILAND,DTACTH2
DTACTh2,Thailand,66.0,99485,THAILAND,DTACTH2
DTACTh2,Thailand,66.0,99503,THAILAND,DTACTH2
DTACTh2,Thailand,66.0,94246,THAILAND,DTACTH2
DTACTh2,Thailand,66.0,94249,THAILAND,DTACTH2
DTACTh2,Thailand,66.0,94250,THAILAND,DTACTH2
DTACTh2,Thailand,66.0,94263,THAILAND,DTACTH2
DTACTh2,Thailand,66.0,94290,THAILAND,DTACTH2
DTACTh2,Thailand,66.0,94292,THAILAND,DTACTH2
DTACTh2,Thailand,66.0,94296,THAILAND,DTACTH2
DTACTh2,Thailand,66.0,94303,THAILAND,DTACTH2
DTACTh2,Thailand,66.0,94323,THAILAND,DTACTH2
DTACTh2,Thailand,66.0,94326,THAILAND,DTACTH2
DTACTh2,Thailand,66.0,94343,THAILAND,DTACTH2
DTACTh2,Thailand,66.0,94358,THAILAND,DTACTH2
DTACTh2,Thailand,66.0,94376,THAILAND,DTACTH2
DTACTh2,Thailand,66.0,94391,THAILAND,DTACTH2
DTACTh2,Thailand,66.0,94407,THAILAND,DTACTH2
DTACTh2,Thailand,66.0,94410,THAILAND,DTACTH2
DTACTh2,Thailand,66.0,94413,THAILAND,DTACTH2
DTACTh2,Thailand,66.0,94418,THAILAND,DTACTH2
DTACTh2,Thailand,66.0,94432,THAILAND,DTACTH2
DTACTh2,Thailand,66.0,94453,THAILAND,DTACTH2
DTACTh2,Thailand,66.0,94459,THAILAND,DTACTH2
DTACTh2,Thailand,66.0,94463,THAILAND,DTACTH2
DTACTh2,Thailand,66.0,94482,THAILAND,DTACTH2
DTACTh2,Thailand,66.0,94484,THAILAND,DTACTH2
DTACTh2,Thailand,66.0,94489,THAILAND,DTACTH2
DTACTh2,Thailand,66.0,94491,THAILAND,DTACTH2
DTACTh2,Thailand,66.0,94498,THAILAND,DTACTH2
DTACTh2,Thailand,66.0,94514,THAILAND,DTACTH2
DTACTh2,Thailand,66.0,94515,THAILAND,DTACTH2
DTACTh2,Thailand,66.0,94516,THAILAND,DTACTH2
DTACTh2,Thailand,66.0,94521,THAILAND,DTACTH2
DTACTh2,Thailand,66.0,94527,THAILAND,DTACTH2
DTACTh2,Thailand,66.0,94550,THAILAND,DTACTH2
DTACTh2,Thailand,66.0,94556,THAILAND,DTACTH2
DTACTh2,Thailand,66.0,94558,THAILAND,DTACTH2
DTACTh2,Thailand,66.0,94573,THAILAND,DTACTH2
DTACTh2,Thailand,66.0,94580,THAILAND,DTACTH2
DTACTh2,Thailand,66.0,94583,THAILAND,DTACTH2
DTACTh2,Thailand,66.0,94597,THAILAND,DTACTH2
DTACTh2,Thailand,66.0,94598,THAILAND,DTACTH2
DTACTh2,Thailand,66.0,94616,THAILAND,DTACTH2
DTACTh2,Thailand,66.0,94673,THAILAND,DTACTH2
DTACTh2,Thailand,66.0,94678,THAILAND,DTACTH2
DTACTh2,Thailand,66.0,94695,THAILAND,DTACTH2
DTACTh2,Thailand,66.0,94710,THAILAND,DTACTH2
DTACTh2,Thailand,66.0,94749,THAILAND,DTACTH2
DTACTh2,Thailand,66.0,94754,THAILAND,DTACTH2
DTACTh2,Thailand,66.0,94764,THAILAND,DTACTH2
DTACTh2,Thailand,66.0,94780,THAILAND,DTACTH2
DTACTh2,Thailand,66.0,94784,THAILAND,DTACTH2
DTACTh2,Thailand,66.0,94787,THAILAND,DTACTH2
DTACTh2,Thailand,66.0,94802,THAILAND,DTACTH2
DTACTh2,Thailand,66.0,94808,THAILAND,DTACTH2
DTACTh2,Thailand,66.0,94814,THAILAND,DTACTH2
DTACTh2,Thailand,66.0,94823,THAILAND,DTACTH2
DTACTh2,Thailand,66.0,94876,THAILAND,DTACTH2
DTACTh2,Thailand,66.0,94880,THAILAND,DTACTH2
DTACTh2,Thailand,66.0,94881,THAILAND,DTACTH2
DTACTh2,Thailand,66.0,94882,THAILAND,DTACTH2
DTACTh2,Thailand,66.0,94883,THAILAND,DTACTH2
DTACTh2,Thailand,66.0,94887,THAILAND,DTACTH2
DTACTh2,Thailand,66.0,94898,THAILAND,DTACTH2
DTACTh2,Thailand,66.0,94905,THAILAND,DTACTH2
DTACTh2,Thailand,66.0,94908,THAILAND,DTACTH2
DTACTh2,Thailand,66.0,94913,THAILAND,DTACTH2
DTACTh2,Thailand,66.0,94918,THAILAND,DTACTH2
DTACTh2,Thailand,66.0,94945,THAILAND,DTACTH2
DTACTh2,Thailand,66.0,94947,THAILAND,DTACTH2
DTACTh2,Thailand,66.0,94948,THAILAND,DTACTH2
DTACTh2,Thailand,66.0,94959,THAILAND,DTACTH2
DTACTh2,Thailand,66.0,94965,THAILAND,DTACTH2
DTACTh2,Thailand,66.0,94975,THAILAND,DTACTH2
DTACTh2,Thailand,66.0,94984,THAILAND,DTACTH2
DTACTh2,Thailand,66.0,94997,THAILAND,DTACTH2
DTACTh2,Thailand,66.0,95001,THAILAND,DTACTH2
DTACTh2,Thailand,66.0,95006,THAILAND,DTACTH2
DTACTh2,Thailand,66.0,95016,THAILAND,DTACTH2
DTACTh2,Thailand,66.0,95025,THAILAND,DTACTH2
DTACTh2,Thailand,66.0,95026,THAILAND,DTACTH2
DTACTh2,Thailand,66.0,95027,THAILAND,DTACTH2
DTACTh2,Thailand,66.0,95038,THAILAND,DTACTH2
DTACTh2,Thailand,66.0,95042,THAILAND,DTACTH2
DTACTh2,Thailand,66.0,95057,THAILAND,DTACTH2
DTACTh2,Thailand,66.0,95076,THAILAND,DTACTH2
DTACTh2,Thailand,66.0,95086,THAILAND,DTACTH2
DTACTh2,Thailand,66.0,95095,THAILAND,DTACTH2
DTACTh2,Thailand,66.0,95097,THAILAND,DTACTH2
DTACTh2,Thailand,66.0,95107,THAILAND,DTACTH2
DTACTh2,Thailand,66.0,95109,THAILAND,DTACTH2
DTACTh2,Thailand,66.0,95113,THAILAND,DTACTH2
DTACTh2,Thailand,66.0,95114,THAILAND,DTACTH2
DTACTh2,Thailand,66.0,95115,THAILAND,DTACTH2
DTACTh2,Thailand,66.0,95125,THAILAND,DTACTH2
DTACTh2,Thailand,66.0,99018,THAILAND,DTACTH2
DTACTh2,Thailand,66.0,99032,THAILAND,DTACTH2
DTACTh2,Thailand,66.0,99037,THAILAND,DTACTH2
DTACTh2,Thailand,66.0,99043,THAILAND,DTACTH2
DTACTh2,Thailand,66.0,99046,THAILAND,DTACTH2
DTACTh2,Thailand,66.0,99056,THAILAND,DTACTH2
DTACTh2,Thailand,66.0,99060,THAILAND,DTACTH2
DTACTh2,Thailand,66.0,99093,THAILAND,DTACTH2
DTACTh2,Thailand,66.0,99114,THAILAND,DTACTH2
DTACTh2,Thailand,66.0,99116,THAILAND,DTACTH2
DTACTh2,Thailand,66.0,99119,THAILAND,DTACTH2
DTACTh2,Thailand,66.0,99123,THAILAND,DTACTH2
DTACTh2,Thailand,66.0,99126,THAILAND,DTACTH2
DTACTh2,Thailand,66.0,99139,THAILAND,DTACTH2
DTACTh2,Thailand,66.0,99151,THAILAND,DTACTH2
DTACTh2,Thailand,66.0,99159,THAILAND,DTACTH2
DTACTh2,Thailand,66.0,99169,THAILAND,DTACTH2
DTACTh2,Thailand,66.0,99190,THAILAND,DTACTH2
DTACTh2,Thailand,66.0,99191,THAILAND,DTACTH2
DTACTh2,Thailand,66.0,99206,THAILAND,DTACTH2
DTACTh2,Thailand,66.0,99207,THAILAND,DTACTH2
DTACTh2,Thailand,66.0,99212,THAILAND,DTACTH2
DTACTh2,Thailand,66.0,99221,THAILAND,DTACTH2
DTACTh2,Thailand,66.0,99234,THAILAND,DTACTH2
DTACTh2,Thailand,66.0,99250,THAILAND,DTACTH2
DTACTh2,Thailand,66.0,99253,THAILAND,DTACTH2
DTACTh2,Thailand,66.0,99257,THAILAND,DTACTH2
DTACTh2,Thailand,66.0,99258,THAILAND,DTACTH2
DTACTh2,Thailand,66.0,99270,THAILAND,DTACTH2
DTACTh2,Thailand,66.0,99271,THAILAND,DTACTH2
DTACTh2,Thailand,66.0,99274,THAILAND,DTACTH2
DTACTh2,Thailand,66.0,99296,THAILAND,DTACTH2
DTACTh2,Thailand,66.0,99306,THAILAND,DTACTH2
DTACTh2,Thailand,66.0,99307,THAILAND,DTACTH2
DTACTh2,Thailand,66.0,99308,THAILAND,DTACTH2
DTACTh2,Thailand,66.0,99314,THAILAND,DTACTH2
DTACTh2,Thailand,66.0,99320,THAILAND,DTACTH2
DTACTh2,Thailand,66.0,99325,THAILAND,DTACTH2
DTACTh2,Thailand,66.0,99332,THAILAND,DTACTH2
DTACTh2,Thailand,66.0,99343,THAILAND,DTACTH2
DTACTh2,Thailand,66.0,99348,THAILAND,DTACTH2
DTACTh2,Thailand,66.0,99351,THAILAND,DTACTH2
DTACTh2,Thailand,66.0,99376,THAILAND,DTACTH2
DTACTh2,Thailand,66.0,99385,THAILAND,DTACTH2
DTACTh2,Thailand,66.0,99392,THAILAND,DTACTH2
DTACTh2,Thailand,66.0,99404,THAILAND,DTACTH2
DTACTh2,Thailand,66.0,99414,THAILAND,DTACTH2
DTACTh2,Thailand,66.0,99416,THAILAND,DTACTH2
DTACTh2,Thailand,66.0,99419,THAILAND,DTACTH2
DTACTh2,Thailand,66.0,99428,THAILAND,DTACTH2
DTACTh2,Thailand,66.0,99435,THAILAND,DTACTH2
DTACTh2,Thailand,66.0,99443,THAILAND,DTACTH2
DTACTh2,Thailand,66.0,99465,THAILAND,DTACTH2
DTACTh2,Thailand,66.0,99470,THAILAND,DTACTH2
DTACTh2,Thailand,66.0,99473,THAILAND,DTACTH2
DTACTh2,Thailand,66.0,99480,THAILAND,DTACTH2
DTACTh2,Thailand,66.0,99482,THAILAND,DTACTH2
DTACTh2,Thailand,66.0,99484,THAILAND,DTACTH2
DTACTh2,Thailand,66.0,99504,THAILAND,DTACTH2
DTACTh2,Thailand,66.0,94252,THAILAND,DTACTH2
DTACTh2,Thailand,66.0,94261,THAILAND,DTACTH2
DTACTh2,Thailand,66.0,94265,THAILAND,DTACTH2
DTACTh2,Thailand,66.0,94268,THAILAND,DTACTH2
DTACTh2,Thailand,66.0,94269,THAILAND,DTACTH2
DTACTh2,Thailand,66.0,94273,THAILAND,DTACTH2
DTACTh2,Thailand,66.0,94289,THAILAND,DTACTH2
DTACTh2,Thailand,66.0,94313,THAILAND,DTACTH2
DTACTh2,Thailand,66.0,94315,THAILAND,DTACTH2
DTACTh2,Thailand,66.0,94320,THAILAND,DTACTH2
DTACTh2,Thailand,66.0,94328,THAILAND,DTACTH2
DTACTh2,Thailand,66.0,94332,THAILAND,DTACTH2
DTACTh2,Thailand,66.0,94339,THAILAND,DTACTH2
DTACTh2,Thailand,66.0,94350,THAILAND,DTACTH2
DTACTh2,Thailand,66.0,94364,THAILAND,DTACTH2
DTACTh2,Thailand,66.0,94397,THAILAND,DTACTH2
DTACTh2,Thailand,66.0,94405,THAILAND,DTACTH2
DTACTh2,Thailand,66.0,94412,THAILAND,DTACTH2
DTACTh2,Thailand,66.0,94426,THAILAND,DTACTH2
DTACTh2,Thailand,66.0,94428,THAILAND,DTACTH2
DTACTh2,Thailand,66.0,94434,THAILAND,DTACTH2
DTACTh2,Thailand,66.0,94438,THAILAND,DTACTH2
DTACTh2,Thailand,66.0,94441,THAILAND,DTACTH2
DTACTh2,Thailand,66.0,94446,THAILAND,DTACTH2
DTACTh2,Thailand,66.0,94449,THAILAND,DTACTH2
DTACTh2,Thailand,66.0,94471,THAILAND,DTACTH2
DTACTh2,Thailand,66.0,94473,THAILAND,DTACTH2
DTACTh2,Thailand,66.0,94474,THAILAND,DTACTH2
DTACTh2,Thailand,66.0,94481,THAILAND,DTACTH2
DTACTh2,Thailand,66.0,94497,THAILAND,DTACTH2
DTACTh2,Thailand,66.0,94518,THAILAND,DTACTH2
DTACTh2,Thailand,66.0,94535,THAILAND,DTACTH2
DTACTh2,Thailand,66.0,94537,THAILAND,DTACTH2
DTACTh2,Thailand,66.0,94539,THAILAND,DTACTH2
DTACTh2,Thailand,66.0,94540,THAILAND,DTACTH2
DTACTh2,Thailand,66.0,94542,THAILAND,DTACTH2
DTACTh2,Thailand,66.0,94543,THAILAND,DTACTH2
DTACTh2,Thailand,66.0,94549,THAILAND,DTACTH2
DTACTh2,Thailand,66.0,94552,THAILAND,DTACTH2
DTACTh2,Thailand,66.0,94564,THAILAND,DTACTH2
DTACTh2,Thailand,66.0,94565,THAILAND,DTACTH2
DTACTh2,Thailand,66.0,94589,THAILAND,DTACTH2
DTACTh2,Thailand,66.0,94592,THAILAND,DTACTH2
DTACTh2,Thailand,66.0,94605,THAILAND,DTACTH2
DTACTh2,Thailand,66.0,94607,THAILAND,DTACTH2
DTACTh2,Thailand,66.0,94625,THAILAND,DTACTH2
DTACTh2,Thailand,66.0,94629,THAILAND,DTACTH2
DTACTh2,Thailand,66.0,94632,THAILAND,DTACTH2
DTACTh2,Thailand,66.0,94638,THAILAND,DTACTH2
DTACTh2,Thailand,66.0,94639,THAILAND,DTACTH2
DTACTh2,Thailand,66.0,94640,THAILAND,DTACTH2
DTACTh2,Thailand,66.0,94642,THAILAND,DTACTH2
DTACTh2,Thailand,66.0,94653,THAILAND,DTACTH2
DTACTh2,Thailand,66.0,94660,THAILAND,DTACTH2
DTACTh2,Thailand,66.0,94664,THAILAND,DTACTH2
DTACTh2,Thailand,66.0,94668,THAILAND,DTACTH2
DTACTh2,Thailand,66.0,94670,THAILAND,DTACTH2
DTACTh2,Thailand,66.0,94672,THAILAND,DTACTH2
DTACTh2,Thailand,66.0,94687,THAILAND,DTACTH2
DTACTh2,Thailand,66.0,94697,THAILAND,DTACTH2
DTACTh2,Thailand,66.0,94703,THAILAND,DTACTH2
DTACTh2,Thailand,66.0,94712,THAILAND,DTACTH2
DTACTh2,Thailand,66.0,94718,THAILAND,DTACTH2
DTACTh2,Thailand,66.0,94719,THAILAND,DTACTH2
DTACTh2,Thailand,66.0,94721,THAILAND,DTACTH2
DTACTh2,Thailand,66.0,94729,THAILAND,DTACTH2
DTACTh2,Thailand,66.0,94738,THAILAND,DTACTH2
DTACTh2,Thailand,66.0,94740,THAILAND,DTACTH2
DTACTh2,Thailand,66.0,94743,THAILAND,DTACTH2
DTACTh2,Thailand,66.0,94747,THAILAND,DTACTH2
DTACTh2,Thailand,66.0,94769,THAILAND,DTACTH2
DTACTh2,Thailand,66.0,94776,THAILAND,DTACTH2
DTACTh2,Thailand,66.0,94792,THAILAND,DTACTH2
DTACTh2,Thailand,66.0,94801,THAILAND,DTACTH2
DTACTh2,Thailand,66.0,94805,THAILAND,DTACTH2
DTACTh2,Thailand,66.0,94815,THAILAND,DTACTH2
DTACTh2,Thailand,66.0,94826,THAILAND,DTACTH2
DTACTh2,Thailand,66.0,94830,THAILAND,DTACTH2
DTACTh2,Thailand,66.0,94848,THAILAND,DTACTH2
DTACTh2,Thailand,66.0,94849,THAILAND,DTACTH2
DTACTh2,Thailand,66.0,94863,THAILAND,DTACTH2
DTACTh2,Thailand,66.0,94869,THAILAND,DTACTH2
DTACTh2,Thailand,66.0,94873,THAILAND,DTACTH2
DTACTh2,Thailand,66.0,94902,THAILAND,DTACTH2
DTACTh2,Thailand,66.0,94917,THAILAND,DTACTH2
DTACTh2,Thailand,66.0,94925,THAILAND,DTACTH2
DTACTh2,Thailand,66.0,94936,THAILAND,DTACTH2
DTACTh2,Thailand,66.0,94937,THAILAND,DTACTH2
DTACTh2,Thailand,66.0,94943,THAILAND,DTACTH2
DTACTh2,Thailand,66.0,94967,THAILAND,DTACTH2
DTACTh2,Thailand,66.0,94968,THAILAND,DTACTH2
DTACTh2,Thailand,66.0,94989,THAILAND,DTACTH2
DTACTh2,Thailand,66.0,95002,THAILAND,DTACTH2
DTACTh2,Thailand,66.0,95007,THAILAND,DTACTH2
DTACTh2,Thailand,66.0,95010,THAILAND,DTACTH2
DTACTh2,Thailand,66.0,95012,THAILAND,DTACTH2
DTACTh2,Thailand,66.0,95013,THAILAND,DTACTH2
DTACTh2,Thailand,66.0,95051,THAILAND,DTACTH2
DTACTh2,Thailand,66.0,95058,THAILAND,DTACTH2
DTACTh2,Thailand,66.0,95065,THAILAND,DTACTH2
DTACTh2,Thailand,66.0,95071,THAILAND,DTACTH2
DTACTh2,Thailand,66.0,95082,THAILAND,DTACTH2
DTACTh2,Thailand,66.0,95085,THAILAND,DTACTH2
DTACTh2,Thailand,66.0,95091,THAILAND,DTACTH2
DTACTh2,Thailand,66.0,95092,THAILAND,DTACTH2
DTACTh2,Thailand,66.0,95094,THAILAND,DTACTH2
DTACTh2,Thailand,66.0,95119,THAILAND,DTACTH2
DTACTh2,Thailand,66.0,99029,THAILAND,DTACTH2
DTACTh2,Thailand,66.0,99045,THAILAND,DTACTH2
DTACTh2,Thailand,66.0,99050,THAILAND,DTACTH2
DTACTh2,Thailand,66.0,99057,THAILAND,DTACTH2
DTACTh2,Thailand,66.0,99071,THAILAND,DTACTH2
DTACTh2,Thailand,66.0,99084,THAILAND,DTACTH2
DTACTh2,Thailand,66.0,99089,THAILAND,DTACTH2
DTACTh2,Thailand,66.0,99118,THAILAND,DTACTH2
DTACTh2,Thailand,66.0,99120,THAILAND,DTACTH2
DTACTh2,Thailand,66.0,99127,THAILAND,DTACTH2
DTACTh2,Thailand,66.0,99145,THAILAND,DTACTH2
DTACTh2,Thailand,66.0,99147,THAILAND,DTACTH2
DTACTh2,Thailand,66.0,99163,THAILAND,DTACTH2
DTACTh2,Thailand,66.0,99180,THAILAND,DTACTH2
DTACTh2,Thailand,66.0,99189,THAILAND,DTACTH2
DTACTh2,Thailand,66.0,99192,THAILAND,DTACTH2
DTACTh2,Thailand,66.0,99194,THAILAND,DTACTH2
DTACTh2,Thailand,66.0,99204,THAILAND,DTACTH2
DTACTh2,Thailand,66.0,99213,THAILAND,DTACTH2
DTACTh2,Thailand,66.0,99235,THAILAND,DTACTH2
DTACTh2,Thailand,66.0,99245,THAILAND,DTACTH2
DTACTh2,Thailand,66.0,99252,THAILAND,DTACTH2
DTACTh2,Thailand,66.0,99262,THAILAND,DTACTH2
DTACTh2,Thailand,66.0,99263,THAILAND,DTACTH2
DTACTh2,Thailand,66.0,99282,THAILAND,DTACTH2
DTACTh2,Thailand,66.0,99285,THAILAND,DTACTH2
DTACTh2,Thailand,66.0,99290,THAILAND,DTACTH2
DTACTh2,Thailand,66.0,99312,THAILAND,DTACTH2
DTACTh2,Thailand,66.0,99336,THAILAND,DTACTH2
DTACTh2,Thailand,66.0,99341,THAILAND,DTACTH2
DTACTh2,Thailand,66.0,99346,THAILAND,DTACTH2
DTACTh2,Thailand,66.0,99356,THAILAND,DTACTH2
DTACTh2,Thailand,66.0,99357,THAILAND,DTACTH2
DTACTh2,Thailand,66.0,99360,THAILAND,DTACTH2
DTACTh2,Thailand,66.0,99372,THAILAND,DTACTH2
DTACTh2,Thailand,66.0,99373,THAILAND,DTACTH2
DTACTh2,Thailand,66.0,99375,THAILAND,DTACTH2
DTACTh2,Thailand,66.0,99386,THAILAND,DTACTH2
DTACTh2,Thailand,66.0,99390,THAILAND,DTACTH2
DTACTh2,Thailand,66.0,99396,THAILAND,DTACTH2
DTACTh2,Thailand,66.0,99405,THAILAND,DTACTH2
DTACTh2,Thailand,66.0,99474,THAILAND,DTACTH2
DTACTh2,Thailand,66.0,99481,THAILAND,DTACTH2
DTACTh2,Thailand,66.0,99496,THAILAND,DTACTH2
DTACTh2,Thailand,66.0,99502,THAILAND,DTACTH2
DTACTh2,Thailand,66.0,05,THAILAND,DTACTH2
DTACTh2,Thailand,66.0,94248,THAILAND,DTACTH2
DTACTh2,Thailand,66.0,94259,THAILAND,DTACTH2
DTACTh2,Thailand,66.0,94270,THAILAND,DTACTH2
DTACTh2,Thailand,66.0,94271,THAILAND,DTACTH2
DTACTh2,Thailand,66.0,94278,THAILAND,DTACTH2
DTACTh2,Thailand,66.0,94280,THAILAND,DTACTH2
DTACTh2,Thailand,66.0,94281,THAILAND,DTACTH2
DTACTh2,Thailand,66.0,94291,THAILAND,DTACTH2
DTACTh2,Thailand,66.0,94294,THAILAND,DTACTH2
DTACTh2,Thailand,66.0,94295,THAILAND,DTACTH2
DTACTh2,Thailand,66.0,94308,THAILAND,DTACTH2
DTACTh2,Thailand,66.0,94334,THAILAND,DTACTH2
DTACTh2,Thailand,66.0,94345,THAILAND,DTACTH2
DTACTh2,Thailand,66.0,94346,THAILAND,DTACTH2
DTACTh2,Thailand,66.0,94374,THAILAND,DTACTH2
DTACTh2,Thailand,66.0,94375,THAILAND,DTACTH2
DTACTh2,Thailand,66.0,94379,THAILAND,DTACTH2
DTACTh2,Thailand,66.0,94382,THAILAND,DTACTH2
DTACTh2,Thailand,66.0,94383,THAILAND,DTACTH2
DTACTh2,Thailand,66.0,94401,THAILAND,DTACTH2
DTACTh2,Thailand,66.0,94403,THAILAND,DTACTH2
DTACTh2,Thailand,66.0,94406,THAILAND,DTACTH2
DTACTh2,Thailand,66.0,94409,THAILAND,DTACTH2
DTACTh2,Thailand,66.0,94425,THAILAND,DTACTH2
DTACTh2,Thailand,66.0,94430,THAILAND,DTACTH2
DTACTh2,Thailand,66.0,94448,THAILAND,DTACTH2
DTACTh2,Thailand,66.0,94464,THAILAND,DTACTH2
DTACTh2,Thailand,66.0,94465,THAILAND,DTACTH2
DTACTh2,Thailand,66.0,94469,THAILAND,DTACTH2
DTACTh2,Thailand,66.0,94478,THAILAND,DTACTH2
DTACTh2,Thailand,66.0,94479,THAILAND,DTACTH2
DTACTh2,Thailand,66.0,94480,THAILAND,DTACTH2
DTACTh2,Thailand,66.0,94493,THAILAND,DTACTH2
DTACTh2,Thailand,66.0,94495,THAILAND,DTACTH2
DTACTh2,Thailand,66.0,94501,THAILAND,DTACTH2
DTACTh2,Thailand,66.0,94506,THAILAND,DTACTH2
DTACTh2,Thailand,66.0,94507,THAILAND,DTACTH2
DTACTh2,Thailand,66.0,94508,THAILAND,DTACTH2
DTACTh2,Thailand,66.0,94510,THAILAND,DTACTH2
DTACTh2,Thailand,66.0,94520,THAILAND,DTACTH2
DTACTh2,Thailand,66.0,94532,THAILAND,DTACTH2
DTACTh2,Thailand,66.0,94545,THAILAND,DTACTH2
DTACTh2,Thailand,66.0,94553,THAILAND,DTACTH2
DTACTh2,Thailand,66.0,94554,THAILAND,DTACTH2
DTACTh2,Thailand,66.0,94574,THAILAND,DTACTH2
DTACTh2,Thailand,66.0,94578,THAILAND,DTACTH2
DTACTh2,Thailand,66.0,94585,THAILAND,DTACTH2
DTACTh2,Thailand,66.0,94586,THAILAND,DTACTH2
DTACTh2,Thailand,66.0,94609,THAILAND,DTACTH2
DTACTh2,Thailand,66.0,94624,THAILAND,DTACTH2
DTACTh2,Thailand,66.0,94645,THAILAND,DTACTH2
DTACTh2,Thailand,66.0,94648,THAILAND,DTACTH2
DTACTh2,Thailand,66.0,94659,THAILAND,DTACTH2
DTACTh2,Thailand,66.0,94663,THAILAND,DTACTH2
DTACTh2,Thailand,66.0,94675,THAILAND,DTACTH2
DTACTh2,Thailand,66.0,94680,THAILAND,DTACTH2
DTACTh2,Thailand,66.0,94696,THAILAND,DTACTH2
DTACTh2,Thailand,66.0,94698,THAILAND,DTACTH2
DTACTh2,Thailand,66.0,94731,THAILAND,DTACTH2
DTACTh2,Thailand,66.0,94734,THAILAND,DTACTH2
DTACTh2,Thailand,66.0,94739,THAILAND,DTACTH2
DTACTh2,Thailand,66.0,94752,THAILAND,DTACTH2
DTACTh2,Thailand,66.0,94758,THAILAND,DTACTH2
DTACTh2,Thailand,66.0,94765,THAILAND,DTACTH2
DTACTh2,Thailand,66.0,94768,THAILAND,DTACTH2
DTACTh2,Thailand,66.0,94770,THAILAND,DTACTH2
DTACTh2,Thailand,66.0,94773,THAILAND,DTACTH2
DTACTh2,Thailand,66.0,94782,THAILAND,DTACTH2
DTACTh2,Thailand,66.0,94783,THAILAND,DTACTH2
DTACTh2,Thailand,66.0,94791,THAILAND,DTACTH2
DTACTh2,Thailand,66.0,94795,THAILAND,DTACTH2
DTACTh2,Thailand,66.0,94803,THAILAND,DTACTH2
DTACTh2,Thailand,66.0,94809,THAILAND,DTACTH2
DTACTh2,Thailand,66.0,94816,THAILAND,DTACTH2
DTACTh2,Thailand,66.0,94828,THAILAND,DTACTH2
DTACTh2,Thailand,66.0,94834,THAILAND,DTACTH2
DTACTh2,Thailand,66.0,94847,THAILAND,DTACTH2
DTACTh2,Thailand,66.0,94851,THAILAND,DTACTH2
DTACTh2,Thailand,66.0,94859,THAILAND,DTACTH2
DTACTh2,Thailand,66.0,94875,THAILAND,DTACTH2
DTACTh2,Thailand,66.0,94916,THAILAND,DTACTH2
DTACTh2,Thailand,66.0,94919,THAILAND,DTACTH2
DTACTh2,Thailand,66.0,94920,THAILAND,DTACTH2
DTACTh2,Thailand,66.0,94929,THAILAND,DTACTH2
DTACTh2,Thailand,66.0,94972,THAILAND,DTACTH2
DTACTh2,Thailand,66.0,94987,THAILAND,DTACTH2
DTACTh2,Thailand,66.0,94991,THAILAND,DTACTH2
DTACTh2,Thailand,66.0,94994,THAILAND,DTACTH2
DTACTh2,Thailand,66.0,94996,THAILAND,DTACTH2
DTACTh2,Thailand,66.0,95008,THAILAND,DTACTH2
DTACTh2,Thailand,66.0,95015,THAILAND,DTACTH2
DTACTh2,Thailand,66.0,95017,THAILAND,DTACTH2
DTACTh2,Thailand,66.0,95031,THAILAND,DTACTH2
DTACTh2,Thailand,66.0,95032,THAILAND,DTACTH2
DTACTh2,Thailand,66.0,95036,THAILAND,DTACTH2
DTACTh2,Thailand,66.0,95053,THAILAND,DTACTH2
DTACTh2,Thailand,66.0,95062,THAILAND,DTACTH2
DTACTh2,Thailand,66.0,95068,THAILAND,DTACTH2
DTACTh2,Thailand,66.0,95072,THAILAND,DTACTH2
DTACTh2,Thailand,66.0,95103,THAILAND,DTACTH2
DTACTh2,Thailand,66.0,95106,THAILAND,DTACTH2
DTACTh2,Thailand,66.0,95128,THAILAND,DTACTH2
DTACTh2,Thailand,66.0,99027,THAILAND,DTACTH2
DTACTh2,Thailand,66.0,99031,THAILAND,DTACTH2
DTACTh2,Thailand,66.0,99035,THAILAND,DTACTH2
DTACTh2,Thailand,66.0,99036,THAILAND,DTACTH2
DTACTh2,Thailand,66.0,99040,THAILAND,DTACTH2
DTACTh2,Thailand,66.0,99047,THAILAND,DTACTH2
DTACTh2,Thailand,66.0,99072,THAILAND,DTACTH2
DTACTh2,Thailand,66.0,99073,THAILAND,DTACTH2
DTACTh2,Thailand,66.0,99083,THAILAND,DTACTH2
DTACTh2,Thailand,66.0,99087,THAILAND,DTACTH2
DTACTh2,Thailand,66.0,99092,THAILAND,DTACTH2
DTACTh2,Thailand,66.0,99097,THAILAND,DTACTH2
DTACTh2,Thailand,66.0,99106,THAILAND,DTACTH2
DTACTh2,Thailand,66.0,99142,THAILAND,DTACTH2
DTACTh2,Thailand,66.0,99149,THAILAND,DTACTH2
DTACTh2,Thailand,66.0,99167,THAILAND,DTACTH2
DTACTh2,Thailand,66.0,99168,THAILAND,DTACTH2
DTACTh2,Thailand,66.0,99173,THAILAND,DTACTH2
DTACTh2,Thailand,66.0,99179,THAILAND,DTACTH2
DTACTh2,Thailand,66.0,99187,THAILAND,DTACTH2
DTACTh2,Thailand,66.0,99193,THAILAND,DTACTH2
DTACTh2,Thailand,66.0,99216,THAILAND,DTACTH2
DTACTh2,Thailand,66.0,99226,THAILAND,DTACTH2
DTACTh2,Thailand,66.0,99229,THAILAND,DTACTH2
DTACTh2,Thailand,66.0,99231,THAILAND,DTACTH2
DTACTh2,Thailand,66.0,99241,THAILAND,DTACTH2
DTACTh2,Thailand,66.0,99248,THAILAND,DTACTH2
DTACTh2,Thailand,66.0,99249,THAILAND,DTACTH2
DTACTh2,Thailand,66.0,99264,THAILAND,DTACTH2
DTACTh2,Thailand,66.0,99278,THAILAND,DTACTH2
DTACTh2,Thailand,66.0,99293,THAILAND,DTACTH2
DTACTh2,Thailand,66.0,99324,THAILAND,DTACTH2
DTACTh2,Thailand,66.0,99326,THAILAND,DTACTH2
DTACTh2,Thailand,66.0,99330,THAILAND,DTACTH2
DTACTh2,Thailand,66.0,99337,THAILAND,DTACTH2
DTACTh2,Thailand,66.0,99338,THAILAND,DTACTH2
DTACTh2,Thailand,66.0,99358,THAILAND,DTACTH2
DTACTh2,Thailand,66.0,99374,THAILAND,DTACTH2
DTACTh2,Thailand,66.0,99381,THAILAND,DTACTH2
DTACTh2,Thailand,66.0,99397,THAILAND,DTACTH2
DTACTh2,Thailand,66.0,99424,THAILAND,DTACTH2
DTACTh2,Thailand,66.0,99426,THAILAND,DTACTH2
DTACTh2,Thailand,66.0,99437,THAILAND,DTACTH2
DTACTh2,Thailand,66.0,99439,THAILAND,DTACTH2
DTACTh2,Thailand,66.0,99446,THAILAND,DTACTH2
DTACTh2,Thailand,66.0,99462,THAILAND,DTACTH2
DTACTh2,Thailand,66.0,99493,THAILAND,DTACTH2
DTACTh2,Thailand,66.0,92947,THAILAND,DTACTH2
DTACTh2,Thailand,66.0,94256,THAILAND,DTACTH2
DTACTh2,Thailand,66.0,94262,THAILAND,DTACTH2
DTACTh2,Thailand,66.0,94264,THAILAND,DTACTH2
DTACTh2,Thailand,66.0,94272,THAILAND,DTACTH2
DTACTh2,Thailand,66.0,94282,THAILAND,DTACTH2
DTACTh2,Thailand,66.0,94301,THAILAND,DTACTH2
DTACTh2,Thailand,66.0,94310,THAILAND,DTACTH2
DTACTh2,Thailand,66.0,94318,THAILAND,DTACTH2
DTACTh2,Thailand,66.0,94319,THAILAND,DTACTH2
DTACTh2,Thailand,66.0,94330,THAILAND,DTACTH2
DTACTh2,Thailand,66.0,94331,THAILAND,DTACTH2
DTACTh2,Thailand,66.0,94336,THAILAND,DTACTH2
DTACTh2,Thailand,66.0,94341,THAILAND,DTACTH2
DTACTh2,Thailand,66.0,94347,THAILAND,DTACTH2
DTACTh2,Thailand,66.0,94348,THAILAND,DTACTH2
DTACTh2,Thailand,66.0,94349,THAILAND,DTACTH2
DTACTh2,Thailand,66.0,94353,THAILAND,DTACTH2
DTACTh2,Thailand,66.0,94357,THAILAND,DTACTH2
DTACTh2,Thailand,66.0,94359,THAILAND,DTACTH2
DTACTh2,Thailand,66.0,94373,THAILAND,DTACTH2
DTACTh2,Thailand,66.0,94384,THAILAND,DTACTH2
DTACTh2,Thailand,66.0,94389,THAILAND,DTACTH2
DTACTh2,Thailand,66.0,94393,THAILAND,DTACTH2
DTACTh2,Thailand,66.0,94396,THAILAND,DTACTH2
DTACTh2,Thailand,66.0,94404,THAILAND,DTACTH2
DTACTh2,Thailand,66.0,94415,THAILAND,DTACTH2
DTACTh2,Thailand,66.0,94452,THAILAND,DTACTH2
DTACTh2,Thailand,66.0,94458,THAILAND,DTACTH2
DTACTh2,Thailand,66.0,94504,THAILAND,DTACTH2
DTACTh2,Thailand,66.0,94519,THAILAND,DTACTH2
DTACTh2,Thailand,66.0,94523,THAILAND,DTACTH2
DTACTh2,Thailand,66.0,94528,THAILAND,DTACTH2
DTACTh2,Thailand,66.0,94530,THAILAND,DTACTH2
DTACTh2,Thailand,66.0,94538,THAILAND,DTACTH2
DTACTh2,Thailand,66.0,94561,THAILAND,DTACTH2
DTACTh2,Thailand,66.0,94572,THAILAND,DTACTH2
DTACTh2,Thailand,66.0,94581,THAILAND,DTACTH2
DTACTh2,Thailand,66.0,94603,THAILAND,DTACTH2
DTACTh2,Thailand,66.0,94608,THAILAND,DTACTH2
DTACTh2,Thailand,66.0,94612,THAILAND,DTACTH2
DTACTh2,Thailand,66.0,94619,THAILAND,DTACTH2
DTACTh2,Thailand,66.0,94621,THAILAND,DTACTH2
DTACTh2,Thailand,66.0,94679,THAILAND,DTACTH2
DTACTh2,Thailand,66.0,94684,THAILAND,DTACTH2
DTACTh2,Thailand,66.0,94690,THAILAND,DTACTH2
DTACTh2,Thailand,66.0,94691,THAILAND,DTACTH2
DTACTh2,Thailand,66.0,94693,THAILAND,DTACTH2
DTACTh2,Thailand,66.0,94727,THAILAND,DTACTH2
DTACTh2,Thailand,66.0,94728,THAILAND,DTACTH2
DTACTh2,Thailand,66.0,94735,THAILAND,DTACTH2
DTACTh2,Thailand,66.0,94741,THAILAND,DTACTH2
DTACTh2,Thailand,66.0,94763,THAILAND,DTACTH2
DTACTh2,Thailand,66.0,94774,THAILAND,DTACTH2
DTACTh2,Thailand,66.0,94778,THAILAND,DTACTH2
DTACTh2,Thailand,66.0,94812,THAILAND,DTACTH2
DTACTh2,Thailand,66.0,94813,THAILAND,DTACTH2
DTACTh2,Thailand,66.0,94825,THAILAND,DTACTH2
DTACTh2,Thailand,66.0,94861,THAILAND,DTACTH2
DTACTh2,Thailand,66.0,94864,THAILAND,DTACTH2
DTACTh2,Thailand,66.0,94871,THAILAND,DTACTH2
DTACTh2,Thailand,66.0,94874,THAILAND,DTACTH2
DTACTh2,Thailand,66.0,94894,THAILAND,DTACTH2
DTACTh2,Thailand,66.0,94896,THAILAND,DTACTH2
DTACTh2,Thailand,66.0,94901,THAILAND,DTACTH2
DTACTh2,Thailand,66.0,94904,THAILAND,DTACTH2
DTACTh2,Thailand,66.0,94906,THAILAND,DTACTH2
DTACTh2,Thailand,66.0,94907,THAILAND,DTACTH2
DTACTh2,Thailand,66.0,94909,THAILAND,DTACTH2
DTACTh2,Thailand,66.0,94910,THAILAND,DTACTH2
DTACTh2,Thailand,66.0,94915,THAILAND,DTACTH2
DTACTh2,Thailand,66.0,94934,THAILAND,DTACTH2
DTACTh2,Thailand,66.0,94940,THAILAND,DTACTH2
DTACTh2,Thailand,66.0,94957,THAILAND,DTACTH2
DTACTh2,Thailand,66.0,94961,THAILAND,DTACTH2
DTACTh2,Thailand,66.0,94962,THAILAND,DTACTH2
DTACTh2,Thailand,66.0,94964,THAILAND,DTACTH2
DTACTh2,Thailand,66.0,94981,THAILAND,DTACTH2
DTACTh2,Thailand,66.0,94986,THAILAND,DTACTH2
DTACTh2,Thailand,66.0,95029,THAILAND,DTACTH2
DTACTh2,Thailand,66.0,95040,THAILAND,DTACTH2
DTACTh2,Thailand,66.0,95045,THAILAND,DTACTH2
DTACTh2,Thailand,66.0,95078,THAILAND,DTACTH2
DTACTh2,Thailand,66.0,95079,THAILAND,DTACTH2
DTACTh2,Thailand,66.0,95096,THAILAND,DTACTH2
DTACTh2,Thailand,66.0,95098,THAILAND,DTACTH2
DTACTh2,Thailand,66.0,95108,THAILAND,DTACTH2
DTACTh2,Thailand,66.0,95110,THAILAND,DTACTH2
DTACTh2,Thailand,66.0,99,THAILAND,DTACTH2
DTACTh2,Thailand,66.0,99025,THAILAND,DTACTH2
DTACTh2,Thailand,66.0,99048,THAILAND,DTACTH2
DTACTh2,Thailand,66.0,99058,THAILAND,DTACTH2
DTACTh2,Thailand,66.0,99069,THAILAND,DTACTH2
DTACTh2,Thailand,66.0,99082,THAILAND,DTACTH2
DTACTh2,Thailand,66.0,99090,THAILAND,DTACTH2
DTACTh2,Thailand,66.0,99101,THAILAND,DTACTH2
DTACTh2,Thailand,66.0,99105,THAILAND,DTACTH2
DTACTh2,Thailand,66.0,99112,THAILAND,DTACTH2
DTACTh2,Thailand,66.0,99124,THAILAND,DTACTH2
DTACTh2,Thailand,66.0,99156,THAILAND,DTACTH2
DTACTh2,Thailand,66.0,99157,THAILAND,DTACTH2
DTACTh2,Thailand,66.0,99172,THAILAND,DTACTH2
DTACTh2,Thailand,66.0,99195,THAILAND,DTACTH2
DTACTh2,Thailand,66.0,99203,THAILAND,DTACTH2
DTACTh2,Thailand,66.0,99209,THAILAND,DTACTH2
DTACTh2,Thailand,66.0,99236,THAILAND,DTACTH2
DTACTh2,Thailand,66.0,99237,THAILAND,DTACTH2
DTACTh2,Thailand,66.0,99238,THAILAND,DTACTH2
DTACTh2,Thailand,66.0,99239,THAILAND,DTACTH2
DTACTh2,Thailand,66.0,99259,THAILAND,DTACTH2
DTACTh2,Thailand,66.0,99260,THAILAND,DTACTH2
DTACTh2,Thailand,66.0,99261,THAILAND,DTACTH2
DTACTh2,Thailand,66.0,99272,THAILAND,DTACTH2
DTACTh2,Thailand,66.0,99273,THAILAND,DTACTH2
DTACTh2,Thailand,66.0,99284,THAILAND,DTACTH2
DTACTh2,Thailand,66.0,99297,THAILAND,DTACTH2
DTACTh2,Thailand,66.0,99298,THAILAND,DTACTH2
DTACTh2,Thailand,66.0,99329,THAILAND,DTACTH2
DTACTh2,Thailand,66.0,99340,THAILAND,DTACTH2
DTACTh2,Thailand,66.0,99342,THAILAND,DTACTH2
DTACTh2,Thailand,66.0,99368,THAILAND,DTACTH2
DTACTh2,Thailand,66.0,99369,THAILAND,DTACTH2
DTACTh2,Thailand,66.0,99370,THAILAND,DTACTH2
DTACTh2,Thailand,66.0,99383,THAILAND,DTACTH2
DTACTh2,Thailand,66.0,99384,THAILAND,DTACTH2
DTACTh2,Thailand,66.0,99401,THAILAND,DTACTH2
DTACTh2,Thailand,66.0,99440,THAILAND,DTACTH2
DTACTh2,Thailand,66.0,99449,THAILAND,DTACTH2
DTACTh2,Thailand,66.0,99452,THAILAND,DTACTH2
DTACTh2,Thailand,66.0,99453,THAILAND,DTACTH2
DTACTh2,Thailand,66.0,99456,THAILAND,DTACTH2
DTACTh2,Thailand,66.0,99467,THAILAND,DTACTH2
DTACTh2,Thailand,66.0,99468,THAILAND,DTACTH2
DTACTh2,Thailand,66.0,99471,THAILAND,DTACTH2
DTACTh2,Thailand,66.0,99495,THAILAND,DTACTH2
DTACTh2,Thailand,66.0,94254,THAILAND,DTACTH2
DTACTh2,Thailand,66.0,94267,THAILAND,DTACTH2
DTACTh2,Thailand,66.0,94274,THAILAND,DTACTH2
DTACTh2,Thailand,66.0,94287,THAILAND,DTACTH2
DTACTh2,Thailand,66.0,94293,THAILAND,DTACTH2
DTACTh2,Thailand,66.0,94297,THAILAND,DTACTH2
DTACTh2,Thailand,66.0,94307,THAILAND,DTACTH2
DTACTh2,Thailand,66.0,94340,THAILAND,DTACTH2
DTACTh2,Thailand,66.0,94342,THAILAND,DTACTH2
DTACTh2,Thailand,66.0,94351,THAILAND,DTACTH2
DTACTh2,Thailand,66.0,94354,THAILAND,DTACTH2
DTACTh2,Thailand,66.0,94356,THAILAND,DTACTH2
DTACTh2,Thailand,66.0,94362,THAILAND,DTACTH2
DTACTh2,Thailand,66.0,94380,THAILAND,DTACTH2
DTACTh2,Thailand,66.0,94385,THAILAND,DTACTH2
DTACTh2,Thailand,66.0,94386,THAILAND,DTACTH2
DTACTh2,Thailand,66.0,94387,THAILAND,DTACTH2
DTACTh2,Thailand,66.0,94402,THAILAND,DTACTH2
DTACTh2,Thailand,66.0,94421,THAILAND,DTACTH2
DTACTh2,Thailand,66.0,94423,THAILAND,DTACTH2
DTACTh2,Thailand,66.0,94436,THAILAND,DTACTH2
DTACTh2,Thailand,66.0,94439,THAILAND,DTACTH2
DTACTh2,Thailand,66.0,94440,THAILAND,DTACTH2
DTACTh2,Thailand,66.0,94457,THAILAND,DTACTH2
DTACTh2,Thailand,66.0,94460,THAILAND,DTACTH2
DTACTh2,Thailand,66.0,94461,THAILAND,DTACTH2
DTACTh2,Thailand,66.0,94467,THAILAND,DTACTH2
DTACTh2,Thailand,66.0,94468,THAILAND,DTACTH2
DTACTh2,Thailand,66.0,94470,THAILAND,DTACTH2
DTACTh2,Thailand,66.0,94475,THAILAND,DTACTH2
DTACTh2,Thailand,66.0,94509,THAILAND,DTACTH2
DTACTh2,Thailand,66.0,94512,THAILAND,DTACTH2
DTACTh2,Thailand,66.0,94513,THAILAND,DTACTH2
DTACTh2,Thailand,66.0,94525,THAILAND,DTACTH2
DTACTh2,Thailand,66.0,94531,THAILAND,DTACTH2
DTACTh2,Thailand,66.0,94546,THAILAND,DTACTH2
DTACTh2,Thailand,66.0,94547,THAILAND,DTACTH2
DTACTh2,Thailand,66.0,94548,THAILAND,DTACTH2
DTACTh2,Thailand,66.0,94575,THAILAND,DTACTH2
DTACTh2,Thailand,66.0,94582,THAILAND,DTACTH2
DTACTh2,Thailand,66.0,94584,THAILAND,DTACTH2
DTACTh2,Thailand,66.0,94587,THAILAND,DTACTH2
DTACTh2,Thailand,66.0,94615,THAILAND,DTACTH2
DTACTh2,Thailand,66.0,94617,THAILAND,DTACTH2
DTACTh2,Thailand,66.0,94637,THAILAND,DTACTH2
DTACTh2,Thailand,66.0,94654,THAILAND,DTACTH2
DTACTh2,Thailand,66.0,94671,THAILAND,DTACTH2
DTACTh2,Thailand,66.0,94681,THAILAND,DTACTH2
DTACTh2,Thailand,66.0,94682,THAILAND,DTACTH2
DTACTh2,Thailand,66.0,94685,THAILAND,DTACTH2
DTACTh2,Thailand,66.0,94686,THAILAND,DTACTH2
DTACTh2,Thailand,66.0,94730,THAILAND,DTACTH2
DTACTh2,Thailand,66.0,94736,THAILAND,DTACTH2
DTACTh2,Thailand,66.0,94750,THAILAND,DTACTH2
DTACTh2,Thailand,66.0,94756,THAILAND,DTACTH2
DTACTh2,Thailand,66.0,94761,THAILAND,DTACTH2
DTACTh2,Thailand,66.0,94771,THAILAND,DTACTH2
DTACTh2,Thailand,66.0,94775,THAILAND,DTACTH2
DTACTh2,Thailand,66.0,94781,THAILAND,DTACTH2
DTACTh2,Thailand,66.0,94786,THAILAND,DTACTH2
DTACTh2,Thailand,66.0,94789,THAILAND,DTACTH2
DTACTh2,Thailand,66.0,94794,THAILAND,DTACTH2
DTACTh2,Thailand,66.0,94798,THAILAND,DTACTH2
DTACTh2,Thailand,66.0,94804,THAILAND,DTACTH2
DTACTh2,Thailand,66.0,94810,THAILAND,DTACTH2
DTACTh2,Thailand,66.0,94820,THAILAND,DTACTH2
DTACTh2,Thailand,66.0,94824,THAILAND,DTACTH2
DTACTh2,Thailand,66.0,94827,THAILAND,DTACTH2
DTACTh2,Thailand,66.0,94832,THAILAND,DTACTH2
DTACTh2,Thailand,66.0,94835,THAILAND,DTACTH2
DTACTh2,Thailand,66.0,94840,THAILAND,DTACTH2
DTACTh2,Thailand,66.0,94850,THAILAND,DTACTH2
DTACTh2,Thailand,66.0,94853,THAILAND,DTACTH2
DTACTh2,Thailand,66.0,94870,THAILAND,DTACTH2
DTACTh2,Thailand,66.0,94889,THAILAND,DTACTH2
DTACTh2,Thailand,66.0,94927,THAILAND,DTACTH2
DTACTh2,Thailand,66.0,94949,THAILAND,DTACTH2
DTACTh2,Thailand,66.0,94952,THAILAND,DTACTH2
DTACTh2,Thailand,66.0,94953,THAILAND,DTACTH2
DTACTh2,Thailand,66.0,94956,THAILAND,DTACTH2
DTACTh2,Thailand,66.0,94976,THAILAND,DTACTH2
DTACTh2,Thailand,66.0,94979,THAILAND,DTACTH2
DTACTh2,Thailand,66.0,94980,THAILAND,DTACTH2
DTACTh2,Thailand,66.0,94982,THAILAND,DTACTH2
DTACTh2,Thailand,66.0,94992,THAILAND,DTACTH2
DTACTh2,Thailand,66.0,94995,THAILAND,DTACTH2
DTACTh2,Thailand,66.0,95003,THAILAND,DTACTH2
DTACTh2,Thailand,66.0,95004,THAILAND,DTACTH2
DTACTh2,Thailand,66.0,95014,THAILAND,DTACTH2
DTACTh2,Thailand,66.0,95020,THAILAND,DTACTH2
DTACTh2,Thailand,66.0,95028,THAILAND,DTACTH2
DTACTh2,Thailand,66.0,95039,THAILAND,DTACTH2
DTACTh2,Thailand,66.0,95046,THAILAND,DTACTH2
DTACTh2,Thailand,66.0,95060,THAILAND,DTACTH2
DTACTh2,Thailand,66.0,95070,THAILAND,DTACTH2
DTACTh2,Thailand,66.0,95074,THAILAND,DTACTH2
DTACTh2,Thailand,66.0,95080,THAILAND,DTACTH2
DTACTh2,Thailand,66.0,95084,THAILAND,DTACTH2
DTACTh2,Thailand,66.0,95089,THAILAND,DTACTH2
DTACTh2,Thailand,66.0,95090,THAILAND,DTACTH2
DTACTh2,Thailand,66.0,95093,THAILAND,DTACTH2
DTACTh2,Thailand,66.0,95102,THAILAND,DTACTH2
DTACTh2,Thailand,66.0,95105,THAILAND,DTACTH2
DTACTh2,Thailand,66.0,95118,THAILAND,DTACTH2
DTACTh2,Thailand,66.0,95121,THAILAND,DTACTH2
DTACTh2,Thailand,66.0,95126,THAILAND,DTACTH2
DTACTh2,Thailand,66.0,95129,THAILAND,DTACTH2
DTACTh2,Thailand,66.0,99021,THAILAND,DTACTH2
DTACTh2,Thailand,66.0,99049,THAILAND,DTACTH2
DTACTh2,Thailand,66.0,99052,THAILAND,DTACTH2
DTACTh2,Thailand,66.0,99053,THAILAND,DTACTH2
DTACTh2,Thailand,66.0,99059,THAILAND,DTACTH2
DTACTh2,Thailand,66.0,99062,THAILAND,DTACTH2
DTACTh2,Thailand,66.0,99070,THAILAND,DTACTH2
DTACTh2,Thailand,66.0,99076,THAILAND,DTACTH2
DTACTh2,Thailand,66.0,99085,THAILAND,DTACTH2
DTACTh2,Thailand,66.0,99107,THAILAND,DTACTH2
DTACTh2,Thailand,66.0,99108,THAILAND,DTACTH2
DTACTh2,Thailand,66.0,99109,THAILAND,DTACTH2
DTACTh2,Thailand,66.0,99113,THAILAND,DTACTH2
DTACTh2,Thailand,66.0,99131,THAILAND,DTACTH2
DTACTh2,Thailand,66.0,99134,THAILAND,DTACTH2
DTACTh2,Thailand,66.0,99150,THAILAND,DTACTH2
DTACTh2,Thailand,66.0,99164,THAILAND,DTACTH2
DTACTh2,Thailand,66.0,99165,THAILAND,DTACTH2
DTACTh2,Thailand,66.0,99181,THAILAND,DTACTH2
DTACTh2,Thailand,66.0,99182,THAILAND,DTACTH2
DTACTh2,Thailand,66.0,99184,THAILAND,DTACTH2
DTACTh2,Thailand,66.0,99198,THAILAND,DTACTH2
DTACTh2,Thailand,66.0,99201,THAILAND,DTACTH2
DTACTh2,Thailand,66.0,99202,THAILAND,DTACTH2
DTACTh2,Thailand,66.0,99205,THAILAND,DTACTH2
DTACTh2,Thailand,66.0,99208,THAILAND,DTACTH2
DTACTh2,Thailand,66.0,99210,THAILAND,DTACTH2
DTACTh2,Thailand,66.0,99219,THAILAND,DTACTH2
DTACTh2,Thailand,66.0,99224,THAILAND,DTACTH2
DTACTh2,Thailand,66.0,99227,THAILAND,DTACTH2
DTACTh2,Thailand,66.0,99228,THAILAND,DTACTH2
DTACTh2,Thailand,66.0,99242,THAILAND,DTACTH2
DTACTh2,Thailand,66.0,99267,THAILAND,DTACTH2
DTACTh2,Thailand,66.0,99268,THAILAND,DTACTH2
DTACTh2,Thailand,66.0,99275,THAILAND,DTACTH2
DTACTh2,Thailand,66.0,99279,THAILAND,DTACTH2
DTACTh2,Thailand,66.0,99294,THAILAND,DTACTH2
DTACTh2,Thailand,66.0,99305,THAILAND,DTACTH2
DTACTh2,Thailand,66.0,99318,THAILAND,DTACTH2
DTACTh2,Thailand,66.0,99328,THAILAND,DTACTH2
DTACTh2,Thailand,66.0,99331,THAILAND,DTACTH2
DTACTh2,Thailand,66.0,99334,THAILAND,DTACTH2
DTACTh2,Thailand,66.0,99352,THAILAND,DTACTH2
DTACTh2,Thailand,66.0,99378,THAILAND,DTACTH2
DTACTh2,Thailand,66.0,99379,THAILAND,DTACTH2
DTACTh2,Thailand,66.0,99394,THAILAND,DTACTH2
DTACTh2,Thailand,66.0,99410,THAILAND,DTACTH2
DTACTh2,Thailand,66.0,99418,THAILAND,DTACTH2
DTACTh2,Thailand,66.0,99427,THAILAND,DTACTH2
DTACTh2,Thailand,66.0,99432,THAILAND,DTACTH2
DTACTh2,Thailand,66.0,99442,THAILAND,DTACTH2
DTACTh2,Thailand,66.0,99448,THAILAND,DTACTH2
DTACTh2,Thailand,66.0,99459,THAILAND,DTACTH2
DTACTh2,Thailand,66.0,99476,THAILAND,DTACTH2
DTACTh2,Thailand,66.0,99483,THAILAND,DTACTH2
DTACTh2,Thailand,66.0,99497,THAILAND,DTACTH2
DTACTh2,Thailand,66.0,99501,THAILAND,DTACTH2
DTACTh2,Thailand,66.0,99505,THAILAND,DTACTH2
DTACTh2,Thailand,66.0,99506,THAILAND,DTACTH2
DTACTh2,Thailand,66.0,94241,THAILAND,DTACTH2
DTACTh2,Thailand,66.0,94251,THAILAND,DTACTH2
DTACTh2,Thailand,66.0,94257,THAILAND,DTACTH2
DTACTh2,Thailand,66.0,94258,THAILAND,DTACTH2
DTACTh2,Thailand,66.0,94275,THAILAND,DTACTH2
DTACTh2,Thailand,66.0,94276,THAILAND,DTACTH2
DTACTh2,Thailand,66.0,94279,THAILAND,DTACTH2
DTACTh2,Thailand,66.0,94324,THAILAND,DTACTH2
DTACTh2,Thailand,66.0,94329,THAILAND,DTACTH2
DTACTh2,Thailand,66.0,94335,THAILAND,DTACTH2
DTACTh2,Thailand,66.0,94337,THAILAND,DTACTH2
DTACTh2,Thailand,66.0,94338,THAILAND,DTACTH2
DTACTh2,Thailand,66.0,94360,THAILAND,DTACTH2
DTACTh2,Thailand,66.0,94361,THAILAND,DTACTH2
DTACTh2,Thailand,66.0,94365,THAILAND,DTACTH2
DTACTh2,Thailand,66.0,94369,THAILAND,DTACTH2
DTACTh2,Thailand,66.0,94370,THAILAND,DTACTH2
DTACTh2,Thailand,66.0,94371,THAILAND,DTACTH2
DTACTh2,Thailand,66.0,94381,THAILAND,DTACTH2
DTACTh2,Thailand,66.0,94390,THAILAND,DTACTH2
DTACTh2,Thailand,66.0,94394,THAILAND,DTACTH2
DTACTh2,Thailand,66.0,94408,THAILAND,DTACTH2
DTACTh2,Thailand,66.0,94416,THAILAND,DTACTH2
DTACTh2,Thailand,66.0,94417,THAILAND,DTACTH2
DTACTh2,Thailand,66.0,94427,THAILAND,DTACTH2
DTACTh2,Thailand,66.0,94431,THAILAND,DTACTH2
DTACTh2,Thailand,66.0,94445,THAILAND,DTACTH2
DTACTh2,Thailand,66.0,94450,THAILAND,DTACTH2
DTACTh2,Thailand,66.0,94462,THAILAND,DTACTH2
DTACTh2,Thailand,66.0,94485,THAILAND,DTACTH2
DTACTh2,Thailand,66.0,94492,THAILAND,DTACTH2
DTACTh2,Thailand,66.0,94496,THAILAND,DTACTH2
DTACTh2,Thailand,66.0,94505,THAILAND,DTACTH2
DTACTh2,Thailand,66.0,94562,THAILAND,DTACTH2
DTACTh2,Thailand,66.0,94569,THAILAND,DTACTH2
DTACTh2,Thailand,66.0,94590,THAILAND,DTACTH2
DTACTh2,Thailand,66.0,94593,THAILAND,DTACTH2
DTACTh2,Thailand,66.0,94595,THAILAND,DTACTH2
DTACTh2,Thailand,66.0,94601,THAILAND,DTACTH2
DTACTh2,Thailand,66.0,94602,THAILAND,DTACTH2
DTACTh2,Thailand,66.0,94618,THAILAND,DTACTH2
DTACTh2,Thailand,66.0,94623,THAILAND,DTACTH2
DTACTh2,Thailand,66.0,94626,THAILAND,DTACTH2
DTACTh2,Thailand,66.0,94628,THAILAND,DTACTH2
DTACTh2,Thailand,66.0,94636,THAILAND,DTACTH2
DTACTh2,Thailand,66.0,94646,THAILAND,DTACTH2
DTACTh2,Thailand,66.0,94651,THAILAND,DTACTH2
DTACTh2,Thailand,66.0,94656,THAILAND,DTACTH2
DTACTh2,Thailand,66.0,94658,THAILAND,DTACTH2
DTACTh2,Thailand,66.0,94661,THAILAND,DTACTH2
DTACTh2,Thailand,66.0,94662,THAILAND,DTACTH2
DTACTh2,Thailand,66.0,94667,THAILAND,DTACTH2
DTACTh2,Thailand,66.0,94674,THAILAND,DTACTH2
DTACTh2,Thailand,66.0,94705,THAILAND,DTACTH2
DTACTh2,Thailand,66.0,94708,THAILAND,DTACTH2
DTACTh2,Thailand,66.0,94709,THAILAND,DTACTH2
DTACTh2,Thailand,66.0,94724,THAILAND,DTACTH2
DTACTh2,Thailand,66.0,94725,THAILAND,DTACTH2
DTACTh2,Thailand,66.0,94737,THAILAND,DTACTH2
DTACTh2,Thailand,66.0,94745,THAILAND,DTACTH2
DTACTh2,Thailand,66.0,94746,THAILAND,DTACTH2
DTACTh2,Thailand,66.0,94748,THAILAND,DTACTH2
DTACTh2,Thailand,66.0,94751,THAILAND,DTACTH2
DTACTh2,Thailand,66.0,94772,THAILAND,DTACTH2
DTACTh2,Thailand,66.0,94790,THAILAND,DTACTH2
DTACTh2,Thailand,66.0,94797,THAILAND,DTACTH2
DTACTh2,Thailand,66.0,94807,THAILAND,DTACTH2
DTACTh2,Thailand,66.0,94817,THAILAND,DTACTH2
DTACTh2,Thailand,66.0,94819,THAILAND,DTACTH2
DTACTh2,Thailand,66.0,94829,THAILAND,DTACTH2
DTACTh2,Thailand,66.0,94836,THAILAND,DTACTH2
DTACTh2,Thailand,66.0,94839,THAILAND,DTACTH2
DTACTh2,Thailand,66.0,94846,THAILAND,DTACTH2
DTACTh2,Thailand,66.0,94852,THAILAND,DTACTH2
DTACTh2,Thailand,66.0,94858,THAILAND,DTACTH2
DTACTh2,Thailand,66.0,94862,THAILAND,DTACTH2
DTACTh2,Thailand,66.0,94865,THAILAND,DTACTH2
DTACTh2,Thailand,66.0,94886,THAILAND,DTACTH2
DTACTh2,Thailand,66.0,94895,THAILAND,DTACTH2
DTACTh2,Thailand,66.0,94897,THAILAND,DTACTH2
DTACTh2,Thailand,66.0,94914,THAILAND,DTACTH2
DTACTh2,Thailand,66.0,94921,THAILAND,DTACTH2
DTACTh2,Thailand,66.0,94923,THAILAND,DTACTH2
DTACTh2,Thailand,66.0,94928,THAILAND,DTACTH2
DTACTh2,Thailand,66.0,94935,THAILAND,DTACTH2
DTACTh2,Thailand,66.0,94942,THAILAND,DTACTH2
DTACTh2,Thailand,66.0,94946,THAILAND,DTACTH2
DTACTh2,Thailand,66.0,94960,THAILAND,DTACTH2
DTACTh2,Thailand,66.0,94971,THAILAND,DTACTH2
DTACTh2,Thailand,66.0,95018,THAILAND,DTACTH2
DTACTh2,Thailand,66.0,95021,THAILAND,DTACTH2
DTACTh2,Thailand,66.0,95037,THAILAND,DTACTH2
DTACTh2,Thailand,66.0,95043,THAILAND,DTACTH2
DTACTh2,Thailand,66.0,95047,THAILAND,DTACTH2
DTACTh2,Thailand,66.0,95063,THAILAND,DTACTH2
DTACTh2,Thailand,66.0,95064,THAILAND,DTACTH2
DTACTh2,Thailand,66.0,95075,THAILAND,DTACTH2
DTACTh2,Thailand,66.0,95081,THAILAND,DTACTH2
DTACTh2,Thailand,66.0,95117,THAILAND,DTACTH2
DTACTh2,Thailand,66.0,95120,THAILAND,DTACTH2
DTACTh2,Thailand,66.0,95123,THAILAND,DTACTH2
DTACTh2,Thailand,66.0,99023,THAILAND,DTACTH2
DTACTh2,Thailand,66.0,99026,THAILAND,DTACTH2
DTACTh2,Thailand,66.0,99030,THAILAND,DTACTH2
DTACTh2,Thailand,66.0,99034,THAILAND,DTACTH2
DTACTh2,Thailand,66.0,99038,THAILAND,DTACTH2
DTACTh2,Thailand,66.0,99042,THAILAND,DTACTH2
DTACTh2,Thailand,66.0,99054,THAILAND,DTACTH2
DTACTh2,Thailand,66.0,99061,THAILAND,DTACTH2
DTACTh2,Thailand,66.0,99064,THAILAND,DTACTH2
DTACTh2,Thailand,66.0,99067,THAILAND,DTACTH2
DTACTh2,Thailand,66.0,99079,THAILAND,DTACTH2
DTACTh2,Thailand,66.0,99091,THAILAND,DTACTH2
DTACTh2,Thailand,66.0,99115,THAILAND,DTACTH2
DTACTh2,Thailand,66.0,99117,THAILAND,DTACTH2
DTACTh2,Thailand,66.0,99129,THAILAND,DTACTH2
DTACTh2,Thailand,66.0,99130,THAILAND,DTACTH2
DTACTh2,Thailand,66.0,99135,THAILAND,DTACTH2
DTACTh2,Thailand,66.0,99140,THAILAND,DTACTH2
DTACTh2,Thailand,66.0,99141,THAILAND,DTACTH2
DTACTh2,Thailand,66.0,99152,THAILAND,DTACTH2
DTACTh2,Thailand,66.0,99160,THAILAND,DTACTH2
DTACTh2,Thailand,66.0,99162,THAILAND,DTACTH2
DTACTh2,Thailand,66.0,99171,THAILAND,DTACTH2
DTACTh2,Thailand,66.0,99176,THAILAND,DTACTH2
DTACTh2,Thailand,66.0,99178,THAILAND,DTACTH2
DTACTh2,Thailand,66.0,99223,THAILAND,DTACTH2
DTACTh2,Thailand,66.0,99232,THAILAND,DTACTH2
DTACTh2,Thailand,66.0,99240,THAILAND,DTACTH2
DTACTh2,Thailand,66.0,99256,THAILAND,DTACTH2
DTACTh2,Thailand,66.0,99281,THAILAND,DTACTH2
DTACTh2,Thailand,66.0,99283,THAILAND,DTACTH2
DTACTh2,Thailand,66.0,99289,THAILAND,DTACTH2
DTACTh2,Thailand,66.0,99292,THAILAND,DTACTH2
DTACTh2,Thailand,66.0,99310,THAILAND,DTACTH2
DTACTh2,Thailand,66.0,99313,THAILAND,DTACTH2
DTACTh2,Thailand,66.0,99317,THAILAND,DTACTH2
DTACTh2,Thailand,66.0,99319,THAILAND,DTACTH2
DTACTh2,Thailand,66.0,99345,THAILAND,DTACTH2
DTACTh2,Thailand,66.0,99349,THAILAND,DTACTH2
DTACTh2,Thailand,66.0,99350,THAILAND,DTACTH2
DTACTh2,Thailand,66.0,99353,THAILAND,DTACTH2
DTACTh2,Thailand,66.0,99359,THAILAND,DTACTH2
DTACTh2,Thailand,66.0,99362,THAILAND,DTACTH2
DTACTh2,Thailand,66.0,99365,THAILAND,DTACTH2
DTACTh2,Thailand,66.0,99387,THAILAND,DTACTH2
DTACTh2,Thailand,66.0,99389,THAILAND,DTACTH2
DTACTh2,Thailand,66.0,99398,THAILAND,DTACTH2
DTACTh2,Thailand,66.0,99402,THAILAND,DTACTH2
DTACTh2,Thailand,66.0,99412,THAILAND,DTACTH2
DTACTh2,Thailand,66.0,99415,THAILAND,DTACTH2
DTACTh2,Thailand,66.0,99421,THAILAND,DTACTH2
DTACTh2,Thailand,66.0,99425,THAILAND,DTACTH2
DTACTh2,Thailand,66.0,99429,THAILAND,DTACTH2
DTACTh2,Thailand,66.0,99436,THAILAND,DTACTH2
DTACTh2,Thailand,66.0,99438,THAILAND,DTACTH2
DTACTh2,Thailand,66.0,99445,THAILAND,DTACTH2
DTACTh2,Thailand,66.0,99447,THAILAND,DTACTH2
DTACTh2,Thailand,66.0,99450,THAILAND,DTACTH2
DTACTh2,Thailand,66.0,99451,THAILAND,DTACTH2
DTACTh2,Thailand,66.0,99457,THAILAND,DTACTH2
DTACTh2,Thailand,66.0,99461,THAILAND,DTACTH2
DTACTh2,Thailand,66.0,99464,THAILAND,DTACTH2
DTACTh2,Thailand,66.0,99475,THAILAND,DTACTH2
DTACTh2,Thailand,66.0,99489,THAILAND,DTACTH2
True Move,THAILAND,66.0,830,THAILAND,TRUE MOVE
True Move,THAILAND,66.0,938,THAILAND,TRUE MOVE
True Move,THAILAND,66.0,04,THAILAND,TRUE MOVE
True Move,Thailand,66.0,81460,THAILAND,TRUEMOV
True Move,Thailand,66.0,81462,THAILAND,TRUEMOV
True Move,Thailand,66.0,8640,THAILAND,TRUEMOV
True Move,Thailand,66.0,8825,THAILAND,TRUEMOV
True Move,Thailand,66.0,8856,THAILAND,TRUEMOV
True Move,Thailand,66.0,88749,THAILAND,TRUEMOV
True Move,Thailand,66.0,90887,THAILAND,TRUEMOV
True Move,Thailand,66.0,90890,THAILAND,TRUEMOV
True Move,Thailand,66.0,90893,THAILAND,TRUEMOV
True Move,Thailand,66.0,90895,THAILAND,TRUEMOV
True Move,Thailand,66.0,90902,THAILAND,TRUEMOV
True Move,Thailand,66.0,90904,THAILAND,TRUEMOV
True Move,Thailand,66.0,90918,THAILAND,TRUEMOV
True Move,Thailand,66.0,90923,THAILAND,TRUEMOV
True Move,Thailand,66.0,90926,THAILAND,TRUEMOV
True Move,Thailand,66.0,90942,THAILAND,TRUEMOV
True Move,Thailand,66.0,90956,THAILAND,TRUEMOV
True Move,Thailand,66.0,90960,THAILAND,TRUEMOV
True Move,Thailand,66.0,90962,THAILAND,TRUEMOV
True Move,Thailand,66.0,90963,THAILAND,TRUEMOV
True Move,Thailand,66.0,90965,THAILAND,TRUEMOV
True Move,Thailand,66.0,90972,THAILAND,TRUEMOV
True Move,Thailand,66.0,90974,THAILAND,TRUEMOV
True Move,Thailand,66.0,90983,THAILAND,TRUEMOV
True Move,Thailand,66.0,90990,THAILAND,TRUEMOV
True Move,Thailand,66.0,90991,THAILAND,TRUEMOV
True Move,Thailand,66.0,91001,THAILAND,TRUEMOV
True Move,Thailand,66.0,91003,THAILAND,TRUEMOV
True Move,Thailand,66.0,91009,THAILAND,TRUEMOV
True Move,Thailand,66.0,91012,THAILAND,TRUEMOV
True Move,Thailand,66.0,91036,THAILAND,TRUEMOV
True Move,Thailand,66.0,91039,THAILAND,TRUEMOV
True Move,Thailand,66.0,91046,THAILAND,TRUEMOV
True Move,Thailand,66.0,91048,THAILAND,TRUEMOV
True Move,Thailand,66.0,91052,THAILAND,TRUEMOV
True Move,Thailand,66.0,91059,THAILAND,TRUEMOV
True Move,Thailand,66.0,91065,THAILAND,TRUEMOV
True Move,Thailand,66.0,91069,THAILAND,TRUEMOV
True Move,Thailand,66.0,91076,THAILAND,TRUEMOV
True Move,Thailand,66.0,91079,THAILAND,TRUEMOV
True Move,Thailand,66.0,91704,THAILAND,TRUEMOV
True Move,Thailand,66.0,91706,THAILAND,TRUEMOV
True Move,Thailand,66.0,91707,THAILAND,TRUEMOV
True Move,Thailand,66.0,91710,THAILAND,TRUEMOV
True Move,Thailand,66.0,91737,THAILAND,TRUEMOV
True Move,Thailand,66.0,91739,THAILAND,TRUEMOV
True Move,Thailand,66.0,91742,THAILAND,TRUEMOV
True Move,Thailand,66.0,91770,THAILAND,TRUEMOV
True Move,Thailand,66.0,91783,THAILAND,TRUEMOV
True Move,Thailand,66.0,91792,THAILAND,TRUEMOV
True Move,Thailand,66.0,91808,THAILAND,TRUEMOV
True Move,Thailand,66.0,91816,THAILAND,TRUEMOV
True Move,Thailand,66.0,91835,THAILAND,TRUEMOV
True Move,Thailand,66.0,91839,THAILAND,TRUEMOV
True Move,Thailand,66.0,91841,THAILAND,TRUEMOV
True Move,Thailand,66.0,91845,THAILAND,TRUEMOV
True Move,Thailand,66.0,91851,THAILAND,TRUEMOV
True Move,Thailand,66.0,91865,THAILAND,TRUEMOV
True Move,Thailand,66.0,91868,THAILAND,TRUEMOV
True Move,Thailand,66.0,830,THAILAND,TRUEMOV
True Move,Thailand,66.0,8649,THAILAND,TRUEMOV
True Move,Thailand,66.0,8829,THAILAND,TRUEMOV
True Move,Thailand,66.0,8855,THAILAND,TRUEMOV
True Move,Thailand,66.0,8877,THAILAND,TRUEMOV
True Move,Thailand,66.0,90885,THAILAND,TRUEMOV
True Move,Thailand,66.0,90886,THAILAND,TRUEMOV
True Move,Thailand,66.0,90889,THAILAND,TRUEMOV
True Move,Thailand,66.0,90903,THAILAND,TRUEMOV
True Move,Thailand,66.0,90908,THAILAND,TRUEMOV
True Move,Thailand,66.0,90929,THAILAND,TRUEMOV
True Move,Thailand,66.0,90937,THAILAND,TRUEMOV
True Move,Thailand,66.0,90940,THAILAND,TRUEMOV
True Move,Thailand,66.0,90943,THAILAND,TRUEMOV
True Move,Thailand,66.0,90948,THAILAND,TRUEMOV
True Move,Thailand,66.0,90953,THAILAND,TRUEMOV
True Move,Thailand,66.0,90986,THAILAND,TRUEMOV
True Move,Thailand,66.0,91006,THAILAND,TRUEMOV
True Move,Thailand,66.0,91013,THAILAND,TRUEMOV
True Move,Thailand,66.0,91016,THAILAND,TRUEMOV
True Move,Thailand,66.0,91020,THAILAND,TRUEMOV
True Move,Thailand,66.0,91031,THAILAND,TRUEMOV
True Move,Thailand,66.0,91037,THAILAND,TRUEMOV
True Move,Thailand,66.0,91057,THAILAND,TRUEMOV
True Move,Thailand,66.0,91068,THAILAND,TRUEMOV
True Move,Thailand,66.0,91073,THAILAND,TRUEMOV
True Move,Thailand,66.0,91343,THAILAND,TRUEMOV
True Move,Thailand,66.0,91697,THAILAND,TRUEMOV
True Move,Thailand,66.0,91714,THAILAND,TRUEMOV
True Move,Thailand,66.0,91724,THAILAND,TRUEMOV
True Move,Thailand,66.0,91729,THAILAND,TRUEMOV
True Move,Thailand,66.0,91731,THAILAND,TRUEMOV
True Move,Thailand,66.0,91734,THAILAND,TRUEMOV
True Move,Thailand,66.0,91735,THAILAND,TRUEMOV
True Move,Thailand,66.0,91736,THAILAND,TRUEMOV
True Move,Thailand,66.0,91746,THAILAND,TRUEMOV
True Move,Thailand,66.0,91749,THAILAND,TRUEMOV
True Move,Thailand,66.0,91750,THAILAND,TRUEMOV
True Move,Thailand,66.0,91763,THAILAND,TRUEMOV
True Move,Thailand,66.0,91776,THAILAND,TRUEMOV
True Move,Thailand,66.0,91795,THAILAND,TRUEMOV
True Move,Thailand,66.0,91796,THAILAND,TRUEMOV
True Move,Thailand,66.0,91797,THAILAND,TRUEMOV
True Move,Thailand,66.0,91810,THAILAND,TRUEMOV
True Move,Thailand,66.0,91814,THAILAND,TRUEMOV
True Move,Thailand,66.0,91818,THAILAND,TRUEMOV
True Move,Thailand,66.0,91830,THAILAND,TRUEMOV
True Move,Thailand,66.0,91836,THAILAND,TRUEMOV
True Move,Thailand,66.0,91859,THAILAND,TRUEMOV
True Move,Thailand,66.0,91863,THAILAND,TRUEMOV
True Move,Thailand,66.0,91874,THAILAND,TRUEMOV
True Move,Thailand,66.0,646,THAILAND,TRUEMOV
True Move,Thailand,66.0,81233,THAILAND,TRUEMOV
True Move,Thailand,66.0,81238,THAILAND,TRUEMOV
True Move,Thailand,66.0,8641,THAILAND,TRUEMOV
True Move,Thailand,66.0,8645,THAILAND,TRUEMOV
True Move,Thailand,66.0,8647,THAILAND,TRUEMOV
True Move,Thailand,66.0,8648,THAILAND,TRUEMOV
True Move,Thailand,66.0,8859,THAILAND,TRUEMOV
True Move,Thailand,66.0,8879,THAILAND,TRUEMOV
True Move,Thailand,66.0,90891,THAILAND,TRUEMOV
True Move,Thailand,66.0,90909,THAILAND,TRUEMOV
True Move,Thailand,66.0,90910,THAILAND,TRUEMOV
True Move,Thailand,66.0,90913,THAILAND,TRUEMOV
True Move,Thailand,66.0,90915,THAILAND,TRUEMOV
True Move,Thailand,66.0,90917,THAILAND,TRUEMOV
True Move,Thailand,66.0,90920,THAILAND,TRUEMOV
True Move,Thailand,66.0,90934,THAILAND,TRUEMOV
True Move,Thailand,66.0,90938,THAILAND,TRUEMOV
True Move,Thailand,66.0,90945,THAILAND,TRUEMOV
True Move,Thailand,66.0,90952,THAILAND,TRUEMOV
True Move,Thailand,66.0,90959,THAILAND,TRUEMOV
True Move,Thailand,66.0,90964,THAILAND,TRUEMOV
True Move,Thailand,66.0,90970,THAILAND,TRUEMOV
True Move,Thailand,66.0,90994,THAILAND,TRUEMOV
True Move,Thailand,66.0,91014,THAILAND,TRUEMOV
True Move,Thailand,66.0,91021,THAILAND,TRUEMOV
True Move,Thailand,66.0,91023,THAILAND,TRUEMOV
True Move,Thailand,66.0,91024,THAILAND,TRUEMOV
True Move,Thailand,66.0,91030,THAILAND,TRUEMOV
True Move,Thailand,66.0,91040,THAILAND,TRUEMOV
True Move,Thailand,66.0,91045,THAILAND,TRUEMOV
True Move,Thailand,66.0,91053,THAILAND,TRUEMOV
True Move,Thailand,66.0,91054,THAILAND,TRUEMOV
True Move,Thailand,66.0,91061,THAILAND,TRUEMOV
True Move,Thailand,66.0,91062,THAILAND,TRUEMOV
True Move,Thailand,66.0,91703,THAILAND,TRUEMOV
True Move,Thailand,66.0,91708,THAILAND,TRUEMOV
True Move,Thailand,66.0,91713,THAILAND,TRUEMOV
True Move,Thailand,66.0,91716,THAILAND,TRUEMOV
True Move,Thailand,66.0,91727,THAILAND,TRUEMOV
True Move,Thailand,66.0,91732,THAILAND,TRUEMOV
True Move,Thailand,66.0,91741,THAILAND,TRUEMOV
True Move,Thailand,66.0,91743,THAILAND,TRUEMOV
True Move,Thailand,66.0,91759,THAILAND,TRUEMOV
True Move,Thailand,66.0,91771,THAILAND,TRUEMOV
True Move,Thailand,66.0,91782,THAILAND,TRUEMOV
True Move,Thailand,66.0,91793,THAILAND,TRUEMOV
True Move,Thailand,66.0,91815,THAILAND,TRUEMOV
True Move,Thailand,66.0,91826,THAILAND,TRUEMOV
True Move,Thailand,66.0,91837,THAILAND,TRUEMOV
True Move,Thailand,66.0,91846,THAILAND,TRUEMOV
True Move,Thailand,66.0,91847,THAILAND,TRUEMOV
True Move,Thailand,66.0,91850,THAILAND,TRUEMOV
True Move,Thailand,66.0,91854,THAILAND,TRUEMOV
True Move,Thailand,66.0,91860,THAILAND,TRUEMOV
True Move,Thailand,66.0,91873,THAILAND,TRUEMOV
True Move,Thailand,66.0,91881,THAILAND,TRUEMOV
True Move,Thailand,66.0,91882,THAILAND,TRUEMOV
True Move,Thailand,66.0,81231,THAILAND,TRUEMOV
True Move,Thailand,66.0,8135,THAILAND,TRUEMOV
True Move,Thailand,66.0,8643,THAILAND,TRUEMOV
True Move,Thailand,66.0,8826,THAILAND,TRUEMOV
True Move,Thailand,66.0,90892,THAILAND,TRUEMOV
True Move,Thailand,66.0,90896,THAILAND,TRUEMOV
True Move,Thailand,66.0,90906,THAILAND,TRUEMOV
True Move,Thailand,66.0,90927,THAILAND,TRUEMOV
True Move,Thailand,66.0,90928,THAILAND,TRUEMOV
True Move,Thailand,66.0,90939,THAILAND,TRUEMOV
True Move,Thailand,66.0,90961,THAILAND,TRUEMOV
True Move,Thailand,66.0,90969,THAILAND,TRUEMOV
True Move,Thailand,66.0,90978,THAILAND,TRUEMOV
True Move,Thailand,66.0,90980,THAILAND,TRUEMOV
True Move,Thailand,66.0,90997,THAILAND,TRUEMOV
True Move,Thailand,66.0,90998,THAILAND,TRUEMOV
True Move,Thailand,66.0,91005,THAILAND,TRUEMOV
True Move,Thailand,66.0,91035,THAILAND,TRUEMOV
True Move,Thailand,66.0,91050,THAILAND,TRUEMOV
True Move,Thailand,66.0,91058,THAILAND,TRUEMOV
True Move,Thailand,66.0,91063,THAILAND,TRUEMOV
True Move,Thailand,66.0,91709,THAILAND,TRUEMOV
True Move,Thailand,66.0,91715,THAILAND,TRUEMOV
True Move,Thailand,66.0,91718,THAILAND,TRUEMOV
True Move,Thailand,66.0,91723,THAILAND,TRUEMOV
True Move,Thailand,66.0,91728,THAILAND,TRUEMOV
True Move,Thailand,66.0,91747,THAILAND,TRUEMOV
True Move,Thailand,66.0,91752,THAILAND,TRUEMOV
True Move,Thailand,66.0,91753,THAILAND,TRUEMOV
True Move,Thailand,66.0,91761,THAILAND,TRUEMOV
True Move,Thailand,66.0,91762,THAILAND,TRUEMOV
True Move,Thailand,66.0,91764,THAILAND,TRUEMOV
True Move,Thailand,66.0,91765,THAILAND,TRUEMOV
True Move,Thailand,66.0,91768,THAILAND,TRUEMOV
True Move,Thailand,66.0,91779,THAILAND,TRUEMOV
True Move,Thailand,66.0,91780,THAILAND,TRUEMOV
True Move,Thailand,66.0,91787,THAILAND,TRUEMOV
True Move,Thailand,66.0,91790,THAILAND,TRUEMOV
True Move,Thailand,66.0,91803,THAILAND,TRUEMOV
True Move,Thailand,66.0,91804,THAILAND,TRUEMOV
True Move,Thailand,66.0,91806,THAILAND,TRUEMOV
True Move,Thailand,66.0,91807,THAILAND,TRUEMOV
True Move,Thailand,66.0,91821,THAILAND,TRUEMOV
True Move,Thailand,66.0,91825,THAILAND,TRUEMOV
True Move,Thailand,66.0,91834,THAILAND,TRUEMOV
True Move,Thailand,66.0,91838,THAILAND,TRUEMOV
True Move,Thailand,66.0,91869,THAILAND,TRUEMOV
True Move,Thailand,66.0,91872,THAILAND,TRUEMOV
True Move,Thailand,66.0,91879,THAILAND,TRUEMOV
True Move,Thailand,66.0,91885,THAILAND,TRUEMOV
True Move,Thailand,66.0,81239,THAILAND,TRUEMOV
True Move,Thailand,66.0,81461,THAILAND,TRUEMOV
True Move,Thailand,66.0,8828,THAILAND,TRUEMOV
True Move,Thailand,66.0,8858,THAILAND,TRUEMOV
True Move,Thailand,66.0,8876,THAILAND,TRUEMOV
True Move,Thailand,66.0,8878,THAILAND,TRUEMOV
True Move,Thailand,66.0,898,THAILAND,TRUEMOV
True Move,Thailand,66.0,90905,THAILAND,TRUEMOV
True Move,Thailand,66.0,90912,THAILAND,TRUEMOV
True Move,Thailand,66.0,90919,THAILAND,TRUEMOV
True Move,Thailand,66.0,90921,THAILAND,TRUEMOV
True Move,Thailand,66.0,90946,THAILAND,TRUEMOV
True Move,Thailand,66.0,90947,THAILAND,TRUEMOV
True Move,Thailand,66.0,90949,THAILAND,TRUEMOV
True Move,Thailand,66.0,90951,THAILAND,TRUEMOV
True Move,Thailand,66.0,90971,THAILAND,TRUEMOV
True Move,Thailand,66.0,90973,THAILAND,TRUEMOV
True Move,Thailand,66.0,90976,THAILAND,TRUEMOV
True Move,Thailand,66.0,90979,THAILAND,TRUEMOV
True Move,Thailand,66.0,90984,THAILAND,TRUEMOV
True Move,Thailand,66.0,90996,THAILAND,TRUEMOV
True Move,Thailand,66.0,91002,THAILAND,TRUEMOV
True Move,Thailand,66.0,91019,THAILAND,TRUEMOV
True Move,Thailand,66.0,91038,THAILAND,TRUEMOV
True Move,Thailand,66.0,91049,THAILAND,TRUEMOV
True Move,Thailand,66.0,91067,THAILAND,TRUEMOV
True Move,Thailand,66.0,91072,THAILAND,TRUEMOV
True Move,Thailand,66.0,91705,THAILAND,TRUEMOV
True Move,Thailand,66.0,91712,THAILAND,TRUEMOV
True Move,Thailand,66.0,91738,THAILAND,TRUEMOV
True Move,Thailand,66.0,91745,THAILAND,TRUEMOV
True Move,Thailand,66.0,91751,THAILAND,TRUEMOV
True Move,Thailand,66.0,91754,THAILAND,TRUEMOV
True Move,Thailand,66.0,91756,THAILAND,TRUEMOV
True Move,Thailand,66.0,91774,THAILAND,TRUEMOV
True Move,Thailand,66.0,91781,THAILAND,TRUEMOV
True Move,Thailand,66.0,91784,THAILAND,TRUEMOV
True Move,Thailand,66.0,91786,THAILAND,TRUEMOV
True Move,Thailand,66.0,91813,THAILAND,TRUEMOV
True Move,Thailand,66.0,91817,THAILAND,TRUEMOV
True Move,Thailand,66.0,91819,THAILAND,TRUEMOV
True Move,Thailand,66.0,91820,THAILAND,TRUEMOV
True Move,Thailand,66.0,91827,THAILAND,TRUEMOV
True Move,Thailand,66.0,91857,THAILAND,TRUEMOV
True Move,Thailand,66.0,91858,THAILAND,TRUEMOV
True Move,Thailand,66.0,91867,THAILAND,TRUEMOV
True Move,Thailand,66.0,91890,THAILAND,TRUEMOV
True Move,Thailand,66.0,81463,THAILAND,TRUEMOV
True Move,Thailand,66.0,81464,THAILAND,TRUEMOV
True Move,Thailand,66.0,81465,THAILAND,TRUEMOV
True Move,Thailand,66.0,81466,THAILAND,TRUEMOV
True Move,Thailand,66.0,8644,THAILAND,TRUEMOV
True Move,Thailand,66.0,8857,THAILAND,TRUEMOV
True Move,Thailand,66.0,90897,THAILAND,TRUEMOV
True Move,Thailand,66.0,90914,THAILAND,TRUEMOV
True Move,Thailand,66.0,90931,THAILAND,TRUEMOV
True Move,Thailand,66.0,90941,THAILAND,TRUEMOV
True Move,Thailand,66.0,90957,THAILAND,TRUEMOV
True Move,Thailand,66.0,90981,THAILAND,TRUEMOV
True Move,Thailand,66.0,90982,THAILAND,TRUEMOV
True Move,Thailand,66.0,90992,THAILAND,TRUEMOV
True Move,Thailand,66.0,90993,THAILAND,TRUEMOV
True Move,Thailand,66.0,90995,THAILAND,TRUEMOV
True Move,Thailand,66.0,91007,THAILAND,TRUEMOV
True Move,Thailand,66.0,91010,THAILAND,TRUEMOV
True Move,Thailand,66.0,91015,THAILAND,TRUEMOV
True Move,Thailand,66.0,91018,THAILAND,TRUEMOV
True Move,Thailand,66.0,91043,THAILAND,TRUEMOV
True Move,Thailand,66.0,91051,THAILAND,TRUEMOV
True Move,Thailand,66.0,91056,THAILAND,TRUEMOV
True Move,Thailand,66.0,91060,THAILAND,TRUEMOV
True Move,Thailand,66.0,91075,THAILAND,TRUEMOV
True Move,Thailand,66.0,91078,THAILAND,TRUEMOV
True Move,Thailand,66.0,91717,THAILAND,TRUEMOV
True Move,Thailand,66.0,91719,THAILAND,TRUEMOV
True Move,Thailand,66.0,91720,THAILAND,TRUEMOV
True Move,Thailand,66.0,91730,THAILAND,TRUEMOV
True Move,Thailand,66.0,91740,THAILAND,TRUEMOV
True Move,Thailand,66.0,91767,THAILAND,TRUEMOV
True Move,Thailand,66.0,91775,THAILAND,TRUEMOV
True Move,Thailand,66.0,91785,THAILAND,TRUEMOV
True Move,Thailand,66.0,91794,THAILAND,TRUEMOV
True Move,Thailand,66.0,91824,THAILAND,TRUEMOV
True Move,Thailand,66.0,91829,THAILAND,TRUEMOV
True Move,Thailand,66.0,91848,THAILAND,TRUEMOV
True Move,Thailand,66.0,91856,THAILAND,TRUEMOV
True Move,Thailand,66.0,91862,THAILAND,TRUEMOV
True Move,Thailand,66.0,91883,THAILAND,TRUEMOV
True Move,Thailand,66.0,91884,THAILAND,TRUEMOV
True Move,Thailand,66.0,91887,THAILAND,TRUEMOV
True Move,Thailand,66.0,81418,THAILAND,TRUEMOV
True Move,Thailand,66.0,8642,THAILAND,TRUEMOV
True Move,Thailand,66.0,8827,THAILAND,TRUEMOV
True Move,Thailand,66.0,90894,THAILAND,TRUEMOV
True Move,Thailand,66.0,90901,THAILAND,TRUEMOV
True Move,Thailand,66.0,90907,THAILAND,TRUEMOV
True Move,Thailand,66.0,90916,THAILAND,TRUEMOV
True Move,Thailand,66.0,90924,THAILAND,TRUEMOV
True Move,Thailand,66.0,90932,THAILAND,TRUEMOV
True Move,Thailand,66.0,90954,THAILAND,TRUEMOV
True Move,Thailand,66.0,90975,THAILAND,TRUEMOV
True Move,Thailand,66.0,90985,THAILAND,TRUEMOV
True Move,Thailand,66.0,91026,THAILAND,TRUEMOV
True Move,Thailand,66.0,91027,THAILAND,TRUEMOV
True Move,Thailand,66.0,91028,THAILAND,TRUEMOV
True Move,Thailand,66.0,91029,THAILAND,TRUEMOV
True Move,Thailand,66.0,91042,THAILAND,TRUEMOV
True Move,Thailand,66.0,91064,THAILAND,TRUEMOV
True Move,Thailand,66.0,91696,THAILAND,TRUEMOV
True Move,Thailand,66.0,91701,THAILAND,TRUEMOV
True Move,Thailand,66.0,91702,THAILAND,TRUEMOV
True Move,Thailand,66.0,91721,THAILAND,TRUEMOV
True Move,Thailand,66.0,91758,THAILAND,TRUEMOV
True Move,Thailand,66.0,91769,THAILAND,TRUEMOV
True Move,Thailand,66.0,91772,THAILAND,TRUEMOV
True Move,Thailand,66.0,91798,THAILAND,TRUEMOV
True Move,Thailand,66.0,91801,THAILAND,TRUEMOV
True Move,Thailand,66.0,91805,THAILAND,TRUEMOV
True Move,Thailand,66.0,91812,THAILAND,TRUEMOV
True Move,Thailand,66.0,91840,THAILAND,TRUEMOV
True Move,Thailand,66.0,91849,THAILAND,TRUEMOV
True Move,Thailand,66.0,91864,THAILAND,TRUEMOV
True Move,Thailand,66.0,91876,THAILAND,TRUEMOV
True Move,Thailand,66.0,91880,THAILAND,TRUEMOV
True Move,Thailand,66.0,91886,THAILAND,TRUEMOV
True Move,Thailand,66.0,91889,THAILAND,TRUEMOV
True Move,Thailand,66.0,00,THAILAND,TRUEMOV
True Move,Thailand,66.0,81232,THAILAND,TRUEMOV
True Move,Thailand,66.0,81236,THAILAND,TRUEMOV
True Move,Thailand,66.0,81237,THAILAND,TRUEMOV
True Move,Thailand,66.0,81417,THAILAND,TRUEMOV
True Move,Thailand,66.0,81419,THAILAND,TRUEMOV
True Move,Thailand,66.0,81467,THAILAND,TRUEMOV
True Move,Thailand,66.0,863,THAILAND,TRUEMOV
True Move,Thailand,66.0,8875,THAILAND,TRUEMOV
True Move,Thailand,66.0,90925,THAILAND,TRUEMOV
True Move,Thailand,66.0,90930,THAILAND,TRUEMOV
True Move,Thailand,66.0,90935,THAILAND,TRUEMOV
True Move,Thailand,66.0,90936,THAILAND,TRUEMOV
True Move,Thailand,66.0,90950,THAILAND,TRUEMOV
True Move,Thailand,66.0,90958,THAILAND,TRUEMOV
True Move,Thailand,66.0,90967,THAILAND,TRUEMOV
True Move,Thailand,66.0,90968,THAILAND,TRUEMOV
True Move,Thailand,66.0,90987,THAILAND,TRUEMOV
True Move,Thailand,66.0,90989,THAILAND,TRUEMOV
True Move,Thailand,66.0,91004,THAILAND,TRUEMOV
True Move,Thailand,66.0,91008,THAILAND,TRUEMOV
True Move,Thailand,66.0,91017,THAILAND,TRUEMOV
True Move,Thailand,66.0,91025,THAILAND,TRUEMOV
True Move,Thailand,66.0,91032,THAILAND,TRUEMOV
True Move,Thailand,66.0,91034,THAILAND,TRUEMOV
True Move,Thailand,66.0,91041,THAILAND,TRUEMOV
True Move,Thailand,66.0,91047,THAILAND,TRUEMOV
True Move,Thailand,66.0,91070,THAILAND,TRUEMOV
True Move,Thailand,66.0,91071,THAILAND,TRUEMOV
True Move,Thailand,66.0,91074,THAILAND,TRUEMOV
True Move,Thailand,66.0,91698,THAILAND,TRUEMOV
True Move,Thailand,66.0,91725,THAILAND,TRUEMOV
True Move,Thailand,66.0,91726,THAILAND,TRUEMOV
True Move,Thailand,66.0,91748,THAILAND,TRUEMOV
True Move,Thailand,66.0,91757,THAILAND,TRUEMOV
True Move,Thailand,66.0,91760,THAILAND,TRUEMOV
True Move,Thailand,66.0,91773,THAILAND,TRUEMOV
True Move,Thailand,66.0,91778,THAILAND,TRUEMOV
True Move,Thailand,66.0,91789,THAILAND,TRUEMOV
True Move,Thailand,66.0,91791,THAILAND,TRUEMOV
True Move,Thailand,66.0,91802,THAILAND,TRUEMOV
True Move,Thailand,66.0,91809,THAILAND,TRUEMOV
True Move,Thailand,66.0,91823,THAILAND,TRUEMOV
True Move,Thailand,66.0,91828,THAILAND,TRUEMOV
True Move,Thailand,66.0,91831,THAILAND,TRUEMOV
True Move,Thailand,66.0,91832,THAILAND,TRUEMOV
True Move,Thailand,66.0,91842,THAILAND,TRUEMOV
True Move,Thailand,66.0,91852,THAILAND,TRUEMOV
True Move,Thailand,66.0,91853,THAILAND,TRUEMOV
True Move,Thailand,66.0,91861,THAILAND,TRUEMOV
True Move,Thailand,66.0,91870,THAILAND,TRUEMOV
True Move,Thailand,66.0,91871,THAILAND,TRUEMOV
True Move,Thailand,66.0,91875,THAILAND,TRUEMOV
True Move,Thailand,66.0,91878,THAILAND,TRUEMOV
True Move,Thailand,66.0,809,THAILAND,TRUEMOVE
True Move,Thailand,66.0,81464,THAILAND,TRUEMOVE
True Move,Thailand,66.0,82901,THAILAND,TRUEMOVE
True Move,Thailand,66.0,8291,THAILAND,TRUEMOVE
True Move,Thailand,66.0,8293,THAILAND,TRUEMOVE
True Move,Thailand,66.0,8296,THAILAND,TRUEMOVE
True Move,Thailand,66.0,8323,THAILAND,TRUEMOVE
True Move,Thailand,66.0,8324,THAILAND,TRUEMOVE
True Move,Thailand,66.0,8375,THAILAND,TRUEMOVE
True Move,Thailand,66.0,83770,THAILAND,TRUEMOVE
True Move,Thailand,66.0,8379,THAILAND,TRUEMOVE
True Move,Thailand,66.0,8392,THAILAND,TRUEMOVE
True Move,Thailand,66.0,8398,THAILAND,TRUEMOVE
True Move,Thailand,66.0,8596,THAILAND,TRUEMOVE
True Move,Thailand,66.0,8598,THAILAND,TRUEMOVE
True Move,Thailand,66.0,865,THAILAND,TRUEMOVE
True Move,Thailand,66.0,8672,THAILAND,TRUEMOVE
True Move,Thailand,66.0,8674,THAILAND,TRUEMOVE
True Move,Thailand,66.0,8828,THAILAND,TRUEMOVE
True Move,Thailand,66.0,8857,THAILAND,TRUEMOVE
True Move,Thailand,66.0,8859,THAILAND,TRUEMOVE
True Move,Thailand,66.0,88700,THAILAND,TRUEMOVE
True Move,Thailand,66.0,88701,THAILAND,TRUEMOVE
True Move,Thailand,66.0,8879,THAILAND,TRUEMOVE
True Move,Thailand,66.0,88916,THAILAND,TRUEMOVE
True Move,Thailand,66.0,88921,THAILAND,TRUEMOVE
True Move,Thailand,66.0,88940,THAILAND,TRUEMOVE
True Move,Thailand,66.0,88953,THAILAND,TRUEMOVE
True Move,Thailand,66.0,88959,THAILAND,TRUEMOVE
True Move,Thailand,66.0,88970,THAILAND,TRUEMOVE
True Move,Thailand,66.0,88973,THAILAND,TRUEMOVE
True Move,Thailand,66.0,88983,THAILAND,TRUEMOVE
True Move,Thailand,66.0,88987,THAILAND,TRUEMOVE
True Move,Thailand,66.0,88991,THAILAND,TRUEMOVE
True Move,Thailand,66.0,803,THAILAND,TRUEMOVE
True Move,Thailand,66.0,81202,THAILAND,TRUEMOVE
True Move,Thailand,66.0,81237,THAILAND,TRUEMOVE
True Move,Thailand,66.0,81238,THAILAND,TRUEMOVE
True Move,Thailand,66.0,81249,THAILAND,TRUEMOVE
True Move,Thailand,66.0,81463,THAILAND,TRUEMOVE
True Move,Thailand,66.0,82904,THAILAND,TRUEMOVE
True Move,Thailand,66.0,83400,THAILAND,TRUEMOVE
True Move,Thailand,66.0,8370,THAILAND,TRUEMOVE
True Move,Thailand,66.0,8393,THAILAND,TRUEMOVE
True Move,Thailand,66.0,8397,THAILAND,TRUEMOVE
True Move,Thailand,66.0,8399,THAILAND,TRUEMOVE
True Move,Thailand,66.0,866,THAILAND,TRUEMOVE
True Move,Thailand,66.0,8673,THAILAND,TRUEMOVE
True Move,Thailand,66.0,8826,THAILAND,TRUEMOVE
True Move,Thailand,66.0,88912,THAILAND,TRUEMOVE
True Move,Thailand,66.0,88915,THAILAND,TRUEMOVE
True Move,Thailand,66.0,88917,THAILAND,TRUEMOVE
True Move,Thailand,66.0,88926,THAILAND,TRUEMOVE
True Move,Thailand,66.0,88931,THAILAND,TRUEMOVE
True Move,Thailand,66.0,88932,THAILAND,TRUEMOVE
True Move,Thailand,66.0,88949,THAILAND,TRUEMOVE
True Move,Thailand,66.0,88974,THAILAND,TRUEMOVE
True Move,Thailand,66.0,88976,THAILAND,TRUEMOVE
True Move,Thailand,66.0,88979,THAILAND,TRUEMOVE
True Move,Thailand,66.0,88980,THAILAND,TRUEMOVE
True Move,Thailand,66.0,88990,THAILAND,TRUEMOVE
True Move,Thailand,66.0,88995,THAILAND,TRUEMOVE
True Move,Thailand,66.0,,THAILAND,TRUEMOVE
True Move,Thailand,66.0,99,THAILAND,TRUEMOVE
True Move,Thailand,66.0,81231,THAILAND,TRUEMOVE
True Move,Thailand,66.0,81247,THAILAND,TRUEMOVE
True Move,Thailand,66.0,81460,THAILAND,TRUEMOVE
True Move,Thailand,66.0,81462,THAILAND,TRUEMOVE
True Move,Thailand,66.0,82900,THAILAND,TRUEMOVE
True Move,Thailand,66.0,82906,THAILAND,TRUEMOVE
True Move,Thailand,66.0,8297,THAILAND,TRUEMOVE
True Move,Thailand,66.0,830,THAILAND,TRUEMOVE
True Move,Thailand,66.0,83409,THAILAND,TRUEMOVE
True Move,Thailand,66.0,8342,THAILAND,TRUEMOVE
True Move,Thailand,66.0,8360,THAILAND,TRUEMOVE
True Move,Thailand,66.0,8394,THAILAND,TRUEMOVE
True Move,Thailand,66.0,841,THAILAND,TRUEMOVE
True Move,Thailand,66.0,8458,THAILAND,TRUEMOVE
True Move,Thailand,66.0,8856,THAILAND,TRUEMOVE
True Move,Thailand,66.0,88749,THAILAND,TRUEMOVE
True Move,Thailand,66.0,8877,THAILAND,TRUEMOVE
True Move,Thailand,66.0,88923,THAILAND,TRUEMOVE
True Move,Thailand,66.0,88927,THAILAND,TRUEMOVE
True Move,Thailand,66.0,88938,THAILAND,TRUEMOVE
True Move,Thailand,66.0,88941,THAILAND,TRUEMOVE
True Move,Thailand,66.0,88943,THAILAND,TRUEMOVE
True Move,Thailand,66.0,88950,THAILAND,TRUEMOVE
True Move,Thailand,66.0,88971,THAILAND,TRUEMOVE
True Move,Thailand,66.0,88981,THAILAND,TRUEMOVE
True Move,Thailand,66.0,88994,THAILAND,TRUEMOVE
True Move,Thailand,66.0,81234,THAILAND,TRUEMOVE
True Move,Thailand,66.0,81246,THAILAND,TRUEMOVE
True Move,Thailand,66.0,81419,THAILAND,TRUEMOVE
True Move,Thailand,66.0,82903,THAILAND,TRUEMOVE
True Move,Thailand,66.0,82908,THAILAND,TRUEMOVE
True Move,Thailand,66.0,8294,THAILAND,TRUEMOVE
True Move,Thailand,66.0,8299,THAILAND,TRUEMOVE
True Move,Thailand,66.0,8325,THAILAND,TRUEMOVE
True Move,Thailand,66.0,83405,THAILAND,TRUEMOVE
True Move,Thailand,66.0,83407,THAILAND,TRUEMOVE
True Move,Thailand,66.0,8825,THAILAND,TRUEMOVE
True Move,Thailand,66.0,8829,THAILAND,TRUEMOVE
True Move,Thailand,66.0,8858,THAILAND,TRUEMOVE
True Move,Thailand,66.0,88919,THAILAND,TRUEMOVE
True Move,Thailand,66.0,88937,THAILAND,TRUEMOVE
True Move,Thailand,66.0,88958,THAILAND,TRUEMOVE
True Move,Thailand,66.0,88964,THAILAND,TRUEMOVE
True Move,Thailand,66.0,88972,THAILAND,TRUEMOVE
True Move,Thailand,66.0,88984,THAILAND,TRUEMOVE
True Move,Thailand,66.0,88986,THAILAND,TRUEMOVE
True Move,Thailand,66.0,88993,THAILAND,TRUEMOVE
True Move,Thailand,66.0,81232,THAILAND,TRUEMOVE
True Move,Thailand,66.0,81239,THAILAND,TRUEMOVE
True Move,Thailand,66.0,81466,THAILAND,TRUEMOVE
True Move,Thailand,66.0,82902,THAILAND,TRUEMOVE
True Move,Thailand,66.0,82907,THAILAND,TRUEMOVE
True Move,Thailand,66.0,8321,THAILAND,TRUEMOVE
True Move,Thailand,66.0,83401,THAILAND,TRUEMOVE
True Move,Thailand,66.0,8361,THAILAND,TRUEMOVE
True Move,Thailand,66.0,8378,THAILAND,TRUEMOVE
True Move,Thailand,66.0,838,THAILAND,TRUEMOVE
True Move,Thailand,66.0,858,THAILAND,TRUEMOVE
True Move,Thailand,66.0,863,THAILAND,TRUEMOVE
True Move,Thailand,66.0,8855,THAILAND,TRUEMOVE
True Move,Thailand,66.0,88702,THAILAND,TRUEMOVE
True Move,Thailand,66.0,8876,THAILAND,TRUEMOVE
True Move,Thailand,66.0,88908,THAILAND,TRUEMOVE
True Move,Thailand,66.0,88909,THAILAND,TRUEMOVE
True Move,Thailand,66.0,88910,THAILAND,TRUEMOVE
True Move,Thailand,66.0,88913,THAILAND,TRUEMOVE
True Move,Thailand,66.0,88920,THAILAND,TRUEMOVE
True Move,Thailand,66.0,88924,THAILAND,TRUEMOVE
True Move,Thailand,66.0,88930,THAILAND,TRUEMOVE
True Move,Thailand,66.0,88942,THAILAND,TRUEMOVE
True Move,Thailand,66.0,88947,THAILAND,TRUEMOVE
True Move,Thailand,66.0,88962,THAILAND,TRUEMOVE
True Move,Thailand,66.0,88963,THAILAND,TRUEMOVE
True Move,Thailand,66.0,88975,THAILAND,TRUEMOVE
True Move,Thailand,66.0,88989,THAILAND,TRUEMOVE
True Move,Thailand,66.0,891,THAILAND,TRUEMOVE
True Move,Thailand,66.0,81203,THAILAND,TRUEMOVE
True Move,Thailand,66.0,81235,THAILAND,TRUEMOVE
True Move,Thailand,66.0,81236,THAILAND,TRUEMOVE
True Move,Thailand,66.0,81245,THAILAND,TRUEMOVE
True Move,Thailand,66.0,8135,THAILAND,TRUEMOVE
True Move,Thailand,66.0,81417,THAILAND,TRUEMOVE
True Move,Thailand,66.0,81461,THAILAND,TRUEMOVE
True Move,Thailand,66.0,82905,THAILAND,TRUEMOVE
True Move,Thailand,66.0,8322,THAILAND,TRUEMOVE
True Move,Thailand,66.0,8327,THAILAND,TRUEMOVE
True Move,Thailand,66.0,83403,THAILAND,TRUEMOVE
True Move,Thailand,66.0,83406,THAILAND,TRUEMOVE
True Move,Thailand,66.0,83408,THAILAND,TRUEMOVE
True Move,Thailand,66.0,8343,THAILAND,TRUEMOVE
True Move,Thailand,66.0,8497,THAILAND,TRUEMOVE
True Move,Thailand,66.0,855,THAILAND,TRUEMOVE
True Move,Thailand,66.0,8594,THAILAND,TRUEMOVE
True Move,Thailand,66.0,8595,THAILAND,TRUEMOVE
True Move,Thailand,66.0,8599,THAILAND,TRUEMOVE
True Move,Thailand,66.0,864,THAILAND,TRUEMOVE
True Move,Thailand,66.0,8671,THAILAND,TRUEMOVE
True Move,Thailand,66.0,8878,THAILAND,TRUEMOVE
True Move,Thailand,66.0,88928,THAILAND,TRUEMOVE
True Move,Thailand,66.0,88934,THAILAND,TRUEMOVE
True Move,Thailand,66.0,88967,THAILAND,TRUEMOVE
True Move,Thailand,66.0,88969,THAILAND,TRUEMOVE
True Move,Thailand,66.0,88982,THAILAND,TRUEMOVE
True Move,Thailand,66.0,802,THAILAND,TRUEMOVE
True Move,Thailand,66.0,81204,THAILAND,TRUEMOVE
True Move,Thailand,66.0,81233,THAILAND,TRUEMOVE
True Move,Thailand,66.0,81418,THAILAND,TRUEMOVE
True Move,Thailand,66.0,81465,THAILAND,TRUEMOVE
True Move,Thailand,66.0,81467,THAILAND,TRUEMOVE
True Move,Thailand,66.0,8292,THAILAND,TRUEMOVE
True Move,Thailand,66.0,8326,THAILAND,TRUEMOVE
True Move,Thailand,66.0,83402,THAILAND,TRUEMOVE
True Move,Thailand,66.0,8368,THAILAND,TRUEMOVE
True Move,Thailand,66.0,8371,THAILAND,TRUEMOVE
True Move,Thailand,66.0,8391,THAILAND,TRUEMOVE
True Move,Thailand,66.0,840,THAILAND,TRUEMOVE
True Move,Thailand,66.0,8450,THAILAND,TRUEMOVE
True Move,Thailand,66.0,8498,THAILAND,TRUEMOVE
True Move,Thailand,66.0,8499,THAILAND,TRUEMOVE
True Move,Thailand,66.0,8597,THAILAND,TRUEMOVE
True Move,Thailand,66.0,886,THAILAND,TRUEMOVE
True Move,Thailand,66.0,88925,THAILAND,TRUEMOVE
True Move,Thailand,66.0,88929,THAILAND,TRUEMOVE
True Move,Thailand,66.0,88935,THAILAND,TRUEMOVE
True Move,Thailand,66.0,88946,THAILAND,TRUEMOVE
True Move,Thailand,66.0,88948,THAILAND,TRUEMOVE
True Move,Thailand,66.0,88961,THAILAND,TRUEMOVE
True Move,Thailand,66.0,88965,THAILAND,TRUEMOVE
True Move,Thailand,66.0,88968,THAILAND,TRUEMOVE
True Move,Thailand,66.0,88978,THAILAND,TRUEMOVE
True Move,Thailand,66.0,88985,THAILAND,TRUEMOVE
True Move,Thailand,66.0,88992,THAILAND,TRUEMOVE
True Move,Thailand,66.0,81248,THAILAND,TRUEMOVE
True Move,Thailand,66.0,81468,THAILAND,TRUEMOVE
True Move,Thailand,66.0,81469,THAILAND,TRUEMOVE
True Move,Thailand,66.0,820,THAILAND,TRUEMOVE
True Move,Thailand,66.0,825,THAILAND,TRUEMOVE
True Move,Thailand,66.0,826,THAILAND,TRUEMOVE
True Move,Thailand,66.0,82909,THAILAND,TRUEMOVE
True Move,Thailand,66.0,8295,THAILAND,TRUEMOVE
True Move,Thailand,66.0,8298,THAILAND,TRUEMOVE
True Move,Thailand,66.0,83404,THAILAND,TRUEMOVE
True Move,Thailand,66.0,842,THAILAND,TRUEMOVE
True Move,Thailand,66.0,8593,THAILAND,TRUEMOVE
True Move,Thailand,66.0,8827,THAILAND,TRUEMOVE
True Move,Thailand,66.0,8875,THAILAND,TRUEMOVE
True Move,Thailand,66.0,88914,THAILAND,TRUEMOVE
True Move,Thailand,66.0,88918,THAILAND,TRUEMOVE
True Move,Thailand,66.0,88936,THAILAND,TRUEMOVE
True Move,Thailand,66.0,88939,THAILAND,TRUEMOVE
True Move,Thailand,66.0,88945,THAILAND,TRUEMOVE
True Move,Thailand,66.0,88951,THAILAND,TRUEMOVE
True Move,Thailand,66.0,88952,THAILAND,TRUEMOVE
True Move,Thailand,66.0,88954,THAILAND,TRUEMOVE
True Move,Thailand,66.0,88956,THAILAND,TRUEMOVE
True Move,Thailand,66.0,88957,THAILAND,TRUEMOVE
True Move,Thailand,66.0,88960,THAILAND,TRUEMOVE
Viettel,Timor Leste,670.0,75,TIMOR LESTE,VIETTELTIMOR
Viettel,Timor Leste,670.0,03,TIMOR LESTE,VIETTELTIMOR
Viettel,Timor Leste,670.0,76,TIMOR LESTE,VIETTELTIMOR
Moov,Togo,228.0,98,TOGO,MOOV TOGO
Moov,Togo,228.0,99,TOGO,MOOV TOGO
Moov,Togo,228.0,97,TOGO,MOOV TOGO
Moov,Togo,228.0,96,TOGO,MOOV TOGO
Moov,Togo,228.0,03,TOGO,MOOV TOGO
Togocel,Togo,228.0,09,TOGO,TOGOCEL
Togocel,Togo,228.0,73,TOGO,TOGOCEL
Togocel,Togo,228.0,76,TOGO,TOGOCEL
Togocel,Togo,228.0,82,TOGO,TOGOCEL
Togocel,Togo,228.0,83,TOGO,TOGOCEL
Togocel,Togo,228.0,93,TOGO,TOGOCEL
Togocel,Togo,228.0,04,TOGO,TOGOCEL
Togocel,Togo,228.0,85,TOGO,TOGOCEL
Togocel,Togo,228.0,01,TOGO,TOGOCEL
Togocel,Togo,228.0,75,TOGO,TOGOCEL
Togocel,Togo,228.0,97,TOGO,TOGOCEL
Togocel,Togo,228.0,99,TOGO,TOGOCEL
Togocel,Togo,228.0,07,TOGO,TOGOCEL
Togocel,Togo,228.0,72,TOGO,TOGOCEL
Togocel,Togo,228.0,74,TOGO,TOGOCEL
Togocel,Togo,228.0,90,TOGO,TOGOCEL
Togocel,Togo,228.0,92,TOGO,TOGOCEL
Togocel,Togo,228.0,81,TOGO,TOGOCEL
Togocel,Togo,228.0,06,TOGO,TOGOCEL
Togocel,Togo,228.0,08,TOGO,TOGOCEL
Togocel,Togo,228.0,91,TOGO,TOGOCEL
Togocel,Togo,228.0,,TOGO,TOGOCEL
Digicel,TONGA,676.0,89,TONGA,DIGICELTONGA
Digicel,TONGA,676.0,84,TONGA,DIGICELTONGA
Digicel,TONGA,676.0,88,TONGA,DIGICELTONGA
Digicel,TONGA,676.0,87,TONGA,DIGICELTONGA
TongaComCorp,Tonga,676.0,7,TONGA,TONGACOMCORP
TongaComCorp,Tonga,676.0,01,TONGA,TONGACOMCORP
TrndadTobago,Trinidad and Tobago,1.0,868,TRINIDAD AND TOBAGO,TRNDADTOBAGO
TrndadTobago,Trinidad and Tobago,1.0,130,TRINIDAD AND TOBAGO,TRNDADTOBAGO
TSTT,Trinidad and Tobago,1.0,12,TRINIDAD AND TOBAGO,TSTT
TSTT,Trinidad and Tobago,1.0,868,TRINIDAD AND TOBAGO,TSTT
TSTT,Trinidad and Tobago,1.0,,TRINIDAD AND TOBAGO,TSTT
OTN-B2B,Tunisia,,,TUNIS,OTN-B2B
Ooredoo,Tunisia,216.0,3,TUNISIA,OOREDOOTUN
Ooredoo,Tunisia,216.0,,TUNISIA,OOREDOOTUN
Ooredoo,Tunisia,216.0,20,TUNISIA,OOREDOOTUN
Orange,Tunisia,216.0,3,TUNISIE,ADSLORAN TUN
Orange,Tunisia,216.0,7,TUNISIE,ADSLORAN TUN
Orange,Tunisia,216.0,,TUNISIE,ADSLORAN TUN
Cayon Cloud,Tunisia,216.0,470,TUNISIE,CAYON CLOUD
Cayon Cloud,Tunisia,216.0,471,TUNISIE,CAYON CLOUD
Cayon Cloud,Tunisia,216.0,,TUNISIE,CAYON CLOUD
Lyca mobile,Tunisia,216.0,43,TUNISIE,LYCA MOBILE
Lyca mobile,Tunisia,216.0,,TUNISIE,LYCA MOBILE
Orange,Tunisia,216.0,,TUNISIE,ORANGE TUN
Orange,Tunisia,216.0,01,TUNISIE,ORANGE TUN
Orange,Tunisia,216.0,3,TUNISIE,ORANGE TUN
Orange,Tunisia,216.0,5,TUNISIE,ORANGE TUN
Tunisie Telecom,Tunisia,216.0,9,TUNISIE,TN TELECOM
Tunisie Telecom,Tunisia,216.0,7,TUNISIE,TN TELECOM
Tunisie Telecom,Tunisia,216.0,,TUNISIE,TN TELECOM
Tunisie Telecom,Tunisia,216.0,4,TUNISIE,TN TELECOM
Ooredoo,Tunisia,216.0,2,TUNISIE,TUNISIANA
Ooredoo,Tunisia,216.0,361,TUNISIE,TUNISIANA
Ooredoo,Tunisia,216.0,363,TUNISIE,TUNISIANA
Ooredoo,Tunisia,216.0,362,TUNISIE,TUNISIANA
Ooredoo,Tunisia,216.0,391,TUNISIE,TUNISIANA
Ooredoo,Tunisia,216.0,48,TUNISIE,TUNISIANA
Ooredoo,Tunisia,216.0,,TUNISIE,TUNISIANA
Ooredoo,Tunisia,216.0,364,TUNISIE,TUNISIANA
Ooredoo,Tunisia,216.0,46,TUNISIE,TUNISIANA
Ooredoo,Tunisia,216.0,360,TUNISIE,TUNISIANA
Orange,Tunisia,216.0,3,TUNISIE,VOIPORAN TUN
Orange,Tunisia,216.0,,TUNISIE,VOIPORAN TUN
AVEA1,Turkey,90.0,50,TURKEY,AVEA1
AVEA1,Turkey,90.0,559,TURKEY,AVEA1
AVEA1,Turkey,90.0,500,TURKEY,AVEA1
AVEA1,Turkey,90.0,5059,TURKEY,AVEA1
AVEA1,Turkey,90.0,,TURKEY,AVEA1
AVEA1,Turkey,90.0,03,TURKEY,AVEA1
AVEA1,Turkey,90.0,505,TURKEY,AVEA1
AVEA1,Turkey,90.0,55,TURKEY,AVEA1
AVEA2,Turkey,90.0,500,TURKEY,AVEA2
AVEA2,Turkey,90.0,,TURKEY,AVEA2
AVEA2,Turkey,90.0,55,TURKEY,AVEA2
AVEA2,Turkey,90.0,5059,TURKEY,AVEA2
AVEA2,Turkey,90.0,50,TURKEY,AVEA2
AVEA2,Turkey,90.0,4,TURKEY,AVEA2
AVEA2,Turkey,90.0,505,TURKEY,AVEA2
AVEA2,Turkey,90.0,559,TURKEY,AVEA2
Turkcell Ile,Turkey,90.0,,TURKEY,TURKCELL ILE
Turkcell Ile,Turkey,90.0,532,TURKEY,TURKCELL ILE
Turkcell Ile,Turkey,90.0,01,TURKEY,TURKCELL ILE
Vodafone,Turkey,90.0,543,TURKEY,VODAFONETURK
Vodafone,Turkey,90.0,549,TURKEY,VODAFONETURK
Vodafone,Turkey,90.0,545,TURKEY,VODAFONETURK
Vodafone,Turkey,90.0,548,TURKEY,VODAFONETURK
Vodafone,Turkey,90.0,02,TURKEY,VODAFONETURK
Vodafone,Turkey,90.0,541,TURKEY,VODAFONETURK
Vodafone,Turkey,90.0,542,TURKEY,VODAFONETURK
Vodafone,Turkey,90.0,546,TURKEY,VODAFONETURK
Vodafone,Turkey,90.0,544,TURKEY,VODAFONETURK
ALTYN Turkm,Turkmenistan,993.0,62,TURKMENISTAN,ALTYN TURKM
ALTYN Turkm,Turkmenistan,993.0,,TURKMENISTAN,ALTYN TURKM
ALTYN Turkm,Turkmenistan,993.0,02,TURKMENISTAN,ALTYN TURKM
BCTI,Turkmenistan,993.0,66,TURKMENISTAN,BCTI
BCTI,Turkmenistan,993.0,68,TURKMENISTAN,BCTI
BCTI,Turkmenistan,993.0,01,TURKMENISTAN,BCTI
BCTI,Turkmenistan,993.0,67,TURKMENISTAN,BCTI
BCTI,Turkmenistan,993.0,,TURKMENISTAN,BCTI
TurksCaicos,Turks And Caicos Islands,1.0,649,TURKS AND CAICOS,TURKSCAICOS
TurksCaicos,Turks And Caicos Islands,1.0,360,TURKS AND CAICOS,TURKSCAICOS
UAB Bite Lietuva,Lithuania,370.0,6661,UAB BITE LIETUVA,LITHUANIA
UAB Bite Lietuva,Lithuania,370.0,6676,UAB BITE LIETUVA,LITHUANIA
UAB Bite Lietuva,Lithuania,370.0,6677,UAB BITE LIETUVA,LITHUANIA
UAB Bite Lietuva,Lithuania,370.0,6914,UAB BITE LIETUVA,LITHUANIA
UAB Bite Lietuva,Lithuania,370.0,6919,UAB BITE LIETUVA,LITHUANIA
UAB Bite Lietuva,Lithuania,370.0,207,UAB BITE LIETUVA,LITHUANIA
UAB Bite Lietuva,Lithuania,370.0,2205,UAB BITE LIETUVA,LITHUANIA
UAB Bite Lietuva,Lithuania,370.0,221,UAB BITE LIETUVA,LITHUANIA
UAB Bite Lietuva,Lithuania,370.0,2239,UAB BITE LIETUVA,LITHUANIA
UAB Bite Lietuva,Lithuania,370.0,2588,UAB BITE LIETUVA,LITHUANIA
UAB Bite Lietuva,Lithuania,370.0,2728,UAB BITE LIETUVA,LITHUANIA
UAB Bite Lietuva,Lithuania,370.0,274,UAB BITE LIETUVA,LITHUANIA
UAB Bite Lietuva,Lithuania,370.0,2766,UAB BITE LIETUVA,LITHUANIA
UAB Bite Lietuva,Lithuania,370.0,2767,UAB BITE LIETUVA,LITHUANIA
UAB Bite Lietuva,Lithuania,370.0,641,UAB BITE LIETUVA,LITHUANIA
UAB Bite Lietuva,Lithuania,370.0,6613,UAB BITE LIETUVA,LITHUANIA
UAB Bite Lietuva,Lithuania,370.0,6669,UAB BITE LIETUVA,LITHUANIA
UAB Bite Lietuva,Lithuania,370.0,21,UAB BITE LIETUVA,LITHUANIA
UAB Bite Lietuva,Lithuania,370.0,2209,UAB BITE LIETUVA,LITHUANIA
UAB Bite Lietuva,Lithuania,370.0,2764,UAB BITE LIETUVA,LITHUANIA
UAB Bite Lietuva,Lithuania,370.0,2799,UAB BITE LIETUVA,LITHUANIA
UAB Bite Lietuva,Lithuania,370.0,643,UAB BITE LIETUVA,LITHUANIA
UAB Bite Lietuva,Lithuania,370.0,6611,UAB BITE LIETUVA,LITHUANIA
UAB Bite Lietuva,Lithuania,370.0,02,UAB BITE LIETUVA,LITHUANIA
UAB Bite Lietuva,Lithuania,370.0,6665,UAB BITE LIETUVA,LITHUANIA
UAB Bite Lietuva,Lithuania,370.0,681,UAB BITE LIETUVA,LITHUANIA
UAB Bite Lietuva,Lithuania,370.0,690,UAB BITE LIETUVA,LITHUANIA
UAB Bite Lietuva,Lithuania,370.0,6910,UAB BITE LIETUVA,LITHUANIA
UAB Bite Lietuva,Lithuania,370.0,2019,UAB BITE LIETUVA,LITHUANIA
UAB Bite Lietuva,Lithuania,370.0,2281,UAB BITE LIETUVA,LITHUANIA
UAB Bite Lietuva,Lithuania,370.0,2284,UAB BITE LIETUVA,LITHUANIA
UAB Bite Lietuva,Lithuania,370.0,2551,UAB BITE LIETUVA,LITHUANIA
UAB Bite Lietuva,Lithuania,370.0,2554,UAB BITE LIETUVA,LITHUANIA
UAB Bite Lietuva,Lithuania,370.0,2555,UAB BITE LIETUVA,LITHUANIA
UAB Bite Lietuva,Lithuania,370.0,2721,UAB BITE LIETUVA,LITHUANIA
UAB Bite Lietuva,Lithuania,370.0,2760,UAB BITE LIETUVA,LITHUANIA
UAB Bite Lietuva,Lithuania,370.0,2765,UAB BITE LIETUVA,LITHUANIA
UAB Bite Lietuva,Lithuania,370.0,277,UAB BITE LIETUVA,LITHUANIA
UAB Bite Lietuva,Lithuania,370.0,660,UAB BITE LIETUVA,LITHUANIA
UAB Bite Lietuva,Lithuania,370.0,6696,UAB BITE LIETUVA,LITHUANIA
UAB Bite Lietuva,Lithuania,370.0,685,UAB BITE LIETUVA,LITHUANIA
UAB Bite Lietuva,Lithuania,370.0,6917,UAB BITE LIETUVA,LITHUANIA
UAB Bite Lietuva,Lithuania,370.0,699,UAB BITE LIETUVA,LITHUANIA
UAB Bite Lietuva,Lithuania,370.0,2206,UAB BITE LIETUVA,LITHUANIA
UAB Bite Lietuva,Lithuania,370.0,2208,UAB BITE LIETUVA,LITHUANIA
UAB Bite Lietuva,Lithuania,370.0,2283,UAB BITE LIETUVA,LITHUANIA
UAB Bite Lietuva,Lithuania,370.0,275,UAB BITE LIETUVA,LITHUANIA
UAB Bite Lietuva,Lithuania,370.0,2761,UAB BITE LIETUVA,LITHUANIA
UAB Bite Lietuva,Lithuania,370.0,6679,UAB BITE LIETUVA,LITHUANIA
UAB Bite Lietuva,Lithuania,370.0,6614,UAB BITE LIETUVA,LITHUANIA
UAB Bite Lietuva,Lithuania,370.0,6667,UAB BITE LIETUVA,LITHUANIA
UAB Bite Lietuva,Lithuania,370.0,6698,UAB BITE LIETUVA,LITHUANIA
UAB Bite Lietuva,Lithuania,370.0,689,UAB BITE LIETUVA,LITHUANIA
UAB Bite Lietuva,Lithuania,370.0,2280,UAB BITE LIETUVA,LITHUANIA
UAB Bite Lietuva,Lithuania,370.0,2282,UAB BITE LIETUVA,LITHUANIA
UAB Bite Lietuva,Lithuania,370.0,2552,UAB BITE LIETUVA,LITHUANIA
UAB Bite Lietuva,Lithuania,370.0,2553,UAB BITE LIETUVA,LITHUANIA
UAB Bite Lietuva,Lithuania,370.0,2585,UAB BITE LIETUVA,LITHUANIA
UAB Bite Lietuva,Lithuania,370.0,2792,UAB BITE LIETUVA,LITHUANIA
UAB Bite Lietuva,Lithuania,370.0,63,UAB BITE LIETUVA,LITHUANIA
UAB Bite Lietuva,Lithuania,370.0,6619,UAB BITE LIETUVA,LITHUANIA
UAB Bite Lietuva,Lithuania,370.0,6615,UAB BITE LIETUVA,LITHUANIA
UAB Bite Lietuva,Lithuania,370.0,6616,UAB BITE LIETUVA,LITHUANIA
UAB Bite Lietuva,Lithuania,370.0,6617,UAB BITE LIETUVA,LITHUANIA
UAB Bite Lietuva,Lithuania,370.0,6660,UAB BITE LIETUVA,LITHUANIA
UAB Bite Lietuva,Lithuania,370.0,6697,UAB BITE LIETUVA,LITHUANIA
UAB Bite Lietuva,Lithuania,370.0,6699,UAB BITE LIETUVA,LITHUANIA
UAB Bite Lietuva,Lithuania,370.0,6915,UAB BITE LIETUVA,LITHUANIA
UAB Bite Lietuva,Lithuania,370.0,2207,UAB BITE LIETUVA,LITHUANIA
UAB Bite Lietuva,Lithuania,370.0,225,UAB BITE LIETUVA,LITHUANIA
UAB Bite Lietuva,Lithuania,370.0,273,UAB BITE LIETUVA,LITHUANIA
UAB Bite Lietuva,Lithuania,370.0,2762,UAB BITE LIETUVA,LITHUANIA
UAB Bite Lietuva,Lithuania,370.0,642,UAB BITE LIETUVA,LITHUANIA
UAB Bite Lietuva,Lithuania,370.0,6678,UAB BITE LIETUVA,LITHUANIA
UAB Bite Lietuva,Lithuania,370.0,6612,UAB BITE LIETUVA,LITHUANIA
UAB Bite Lietuva,Lithuania,370.0,6913,UAB BITE LIETUVA,LITHUANIA
UAB Bite Lietuva,Lithuania,370.0,208,UAB BITE LIETUVA,LITHUANIA
UAB Bite Lietuva,Lithuania,370.0,222,UAB BITE LIETUVA,LITHUANIA
UAB Bite Lietuva,Lithuania,370.0,2550,UAB BITE LIETUVA,LITHUANIA
UAB Bite Lietuva,Lithuania,370.0,2587,UAB BITE LIETUVA,LITHUANIA
UAB Bite Lietuva,Lithuania,370.0,2729,UAB BITE LIETUVA,LITHUANIA
UAB Bite Lietuva,Lithuania,370.0,640,UAB BITE LIETUVA,LITHUANIA
UAB Bite Lietuva,Lithuania,370.0,649,UAB BITE LIETUVA,LITHUANIA
UAB Bite Lietuva,Lithuania,370.0,65,UAB BITE LIETUVA,LITHUANIA
UAB Bite Lietuva,Lithuania,370.0,66522,UAB BITE LIETUVA,LITHUANIA
UAB Bite Lietuva,Lithuania,370.0,6618,UAB BITE LIETUVA,LITHUANIA
UAB Bite Lietuva,Lithuania,370.0,6668,UAB BITE LIETUVA,LITHUANIA
UAB Bite Lietuva,Lithuania,370.0,66900,UAB BITE LIETUVA,LITHUANIA
UAB Bite Lietuva,Lithuania,370.0,6916,UAB BITE LIETUVA,LITHUANIA
UAB Bite Lietuva,Lithuania,370.0,6918,UAB BITE LIETUVA,LITHUANIA
UAB Bite Lietuva,Lithuania,370.0,206,UAB BITE LIETUVA,LITHUANIA
UAB Bite Lietuva,Lithuania,370.0,2586,UAB BITE LIETUVA,LITHUANIA
UAB Bite Lietuva,Lithuania,370.0,2720,UAB BITE LIETUVA,LITHUANIA
UAB Bite Lietuva,Lithuania,370.0,2763,UAB BITE LIETUVA,LITHUANIA
UAB Bite Lietuva,Lithuania,370.0,644,UAB BITE LIETUVA,LITHUANIA
UAB Bite Lietuva,Lithuania,370.0,6670,UAB BITE LIETUVA,LITHUANIA
Airtel,Uganda,256.0,200,UGANDA,AIRTELUGANDA
Airtel,Uganda,256.0,201,UGANDA,AIRTELUGANDA
Airtel,Uganda,256.0,70,UGANDA,AIRTELUGANDA
Airtel,Uganda,256.0,207,UGANDA,AIRTELUGANDA
Airtel,Uganda,256.0,01,UGANDA,AIRTELUGANDA
Airtel,Uganda,256.0,75,UGANDA,AIRTELUGANDA
Celtel,Uganda,256.0,,UGANDA,CELTEL CELLU
Celtel,Uganda,256.0,75,UGANDA,CELTEL CELLU
Celtel,Uganda,256.0,1,UGANDA,CELTEL CELLU
MTN,Uganda,256.0,,UGANDA,MTN-UGANDA
MTN,Uganda,256.0,39,UGANDA,MTN-UGANDA
MTN,Uganda,256.0,10,UGANDA,MTN-UGANDA
Orange,Uganda,256.0,79,UGANDA,ORANGEUGANDA
Orange,Uganda,256.0,14,UGANDA,ORANGEUGANDA
Orange,Uganda,256.0,,UGANDA,ORANGEUGANDA
Smart,Uganda,256.0,20,UGANDA,SMART
Smart,Uganda,256.0,74,UGANDA,SMART
Smart,Uganda,256.0,18,UGANDA,SMART
ManxTelecom,United Kingdom,44.0,74066,UK,MANXTELECOM
ManxTelecom,United Kingdom,44.0,7620,UK,MANXTELECOM
ManxTelecom,United Kingdom,44.0,76245,UK,MANXTELECOM
ManxTelecom,United Kingdom,44.0,76247,UK,MANXTELECOM
ManxTelecom,United Kingdom,44.0,79249,UK,MANXTELECOM
ManxTelecom,United Kingdom,44.0,74410,UK,MANXTELECOM
ManxTelecom,United Kingdom,44.0,74520,UK,MANXTELECOM
ManxTelecom,United Kingdom,44.0,74523,UK,MANXTELECOM
ManxTelecom,United Kingdom,44.0,76249,UK,MANXTELECOM
ManxTelecom,United Kingdom,44.0,78221,UK,MANXTELECOM
ManxTelecom,United Kingdom,44.0,79118,UK,MANXTELECOM
ManxTelecom,United Kingdom,44.0,79244,UK,MANXTELECOM
ManxTelecom,United Kingdom,44.0,7452410,UK,MANXTELECOM
ManxTelecom,United Kingdom,44.0,74525,UK,MANXTELECOM
ManxTelecom,United Kingdom,44.0,7452577,UK,MANXTELECOM
ManxTelecom,United Kingdom,44.0,76243,UK,MANXTELECOM
ManxTelecom,United Kingdom,44.0,76770,UK,MANXTELECOM
ManxTelecom,United Kingdom,44.0,78931,UK,MANXTELECOM
ManxTelecom,United Kingdom,44.0,74184,UK,MANXTELECOM
ManxTelecom,United Kingdom,44.0,74522,UK,MANXTELECOM
ManxTelecom,United Kingdom,44.0,79247,UK,MANXTELECOM
ManxTelecom,United Kingdom,44.0,7452579,UK,MANXTELECOM
ManxTelecom,United Kingdom,44.0,76660,UK,MANXTELECOM
ManxTelecom,United Kingdom,44.0,79248,UK,MANXTELECOM
ManxTelecom,United Kingdom,44.0,58,UK,MANXTELECOM
ManxTelecom,United Kingdom,44.0,74521,UK,MANXTELECOM
ManxTelecom,United Kingdom,44.0,74524,UK,MANXTELECOM
ManxTelecom,United Kingdom,44.0,7452563,UK,MANXTELECOM
ManxTelecom,United Kingdom,44.0,76606,UK,MANXTELECOM
ManxTelecom,United Kingdom,44.0,79241,UK,MANXTELECOM
ManxTelecom,United Kingdom,44.0,79242,UK,MANXTELECOM
ManxTelecom,United Kingdom,44.0,79246,UK,MANXTELECOM
ManxTelecom,United Kingdom,44.0,7452560,UK,MANXTELECOM
ManxTelecom,United Kingdom,44.0,7452565,UK,MANXTELECOM
ManxTelecom,United Kingdom,44.0,7452566,UK,MANXTELECOM
ManxTelecom,United Kingdom,44.0,7452578,UK,MANXTELECOM
ManxTelecom,United Kingdom,44.0,75373,UK,MANXTELECOM
ManxTelecom,United Kingdom,44.0,75376,UK,MANXTELECOM
ManxTelecom,United Kingdom,44.0,76241,UK,MANXTELECOM
ManxTelecom,United Kingdom,44.0,76246,UK,MANXTELECOM
ManxTelecom,United Kingdom,44.0,76248,UK,MANXTELECOM
ManxTelecom,United Kingdom,44.0,79243,UK,MANXTELECOM
ManxTelecom,United Kingdom,44.0,74526,UK,MANXTELECOM
ManxTelecom,United Kingdom,44.0,76006,UK,MANXTELECOM
ManxTelecom,United Kingdom,44.0,76244,UK,MANXTELECOM
ManxTelecom,United Kingdom,44.0,79112,UK,MANXTELECOM
ManxTelecom,United Kingdom,44.0,79240,UK,MANXTELECOM
Vodafone,United Kingdom,44.0,7502,UK,VODAFONEUK
Vodafone,United Kingdom,44.0,7587,UK,VODAFONEUK
Vodafone,United Kingdom,44.0,7770,UK,VODAFONEUK
Vodafone,United Kingdom,44.0,7777,UK,VODAFONEUK
Vodafone,United Kingdom,44.0,7780,UK,VODAFONEUK
Vodafone,United Kingdom,44.0,7787,UK,VODAFONEUK
Vodafone,United Kingdom,44.0,7831,UK,VODAFONEUK
Vodafone,United Kingdom,44.0,7879,UK,VODAFONEUK
Vodafone,United Kingdom,44.0,7887,UK,VODAFONEUK
Vodafone,United Kingdom,44.0,7899,UK,VODAFONEUK
Vodafone,United Kingdom,44.0,7442,UK,VODAFONEUK
Vodafone,United Kingdom,44.0,7767,UK,VODAFONEUK
Vodafone,United Kingdom,44.0,7799,UK,VODAFONEUK
Vodafone,United Kingdom,44.0,7810,UK,VODAFONEUK
Vodafone,United Kingdom,44.0,7824,UK,VODAFONEUK
Vodafone,United Kingdom,44.0,7867,UK,VODAFONEUK
Vodafone,United Kingdom,44.0,7407,UK,VODAFONEUK
Vodafone,United Kingdom,44.0,74080,UK,VODAFONEUK
Vodafone,United Kingdom,44.0,7425,UK,VODAFONEUK
Vodafone,United Kingdom,44.0,7436,UK,VODAFONEUK
Vodafone,United Kingdom,44.0,7444,UK,VODAFONEUK
Vodafone,United Kingdom,44.0,7554,UK,VODAFONEUK
Vodafone,United Kingdom,44.0,7586,UK,VODAFONEUK
Vodafone,United Kingdom,44.0,7733,UK,VODAFONEUK
Vodafone,United Kingdom,44.0,7748,UK,VODAFONEUK
Vodafone,United Kingdom,44.0,7766,UK,VODAFONEUK
Vodafone,United Kingdom,44.0,7768,UK,VODAFONEUK
Vodafone,United Kingdom,44.0,7778,UK,VODAFONEUK
Vodafone,United Kingdom,44.0,7786,UK,VODAFONEUK
Vodafone,United Kingdom,44.0,7788,UK,VODAFONEUK
Vodafone,United Kingdom,44.0,7795,UK,VODAFONEUK
Vodafone,United Kingdom,44.0,7798,UK,VODAFONEUK
Vodafone,United Kingdom,44.0,7826,UK,VODAFONEUK
Vodafone,United Kingdom,44.0,7990,UK,VODAFONEUK
Vodafone,United Kingdom,44.0,15,UK,VODAFONEUK
Vodafone,United Kingdom,44.0,7074,UK,VODAFONEUK
Vodafone,United Kingdom,44.0,7503,UK,VODAFONEUK
Vodafone,United Kingdom,44.0,7552,UK,VODAFONEUK
Vodafone,United Kingdom,44.0,7570,UK,VODAFONEUK
Vodafone,United Kingdom,44.0,7585,UK,VODAFONEUK
Vodafone,United Kingdom,44.0,7760,UK,VODAFONEUK
Vodafone,United Kingdom,44.0,7789,UK,VODAFONEUK
Vodafone,United Kingdom,44.0,7796,UK,VODAFONEUK
Vodafone,United Kingdom,44.0,7825,UK,VODAFONEUK
Vodafone,United Kingdom,44.0,7880,UK,VODAFONEUK
Vodafone,United Kingdom,44.0,7919,UK,VODAFONEUK
Vodafone,United Kingdom,44.0,74081,UK,VODAFONEUK
Vodafone,United Kingdom,44.0,74088,UK,VODAFONEUK
Vodafone,United Kingdom,44.0,74089,UK,VODAFONEUK
Vodafone,United Kingdom,44.0,7437,UK,VODAFONEUK
Vodafone,United Kingdom,44.0,7443,UK,VODAFONEUK
Vodafone,United Kingdom,44.0,7501,UK,VODAFONEUK
Vodafone,United Kingdom,44.0,7551,UK,VODAFONEUK
Vodafone,United Kingdom,44.0,7553,UK,VODAFONEUK
Vodafone,United Kingdom,44.0,7741,UK,VODAFONEUK
Vodafone,United Kingdom,44.0,7823,UK,VODAFONEUK
Vodafone,United Kingdom,44.0,7833,UK,VODAFONEUK
Vodafone,United Kingdom,44.0,7909,UK,VODAFONEUK
Vodafone,United Kingdom,44.0,7435,UK,VODAFONEUK
Vodafone,United Kingdom,44.0,7555,UK,VODAFONEUK
Vodafone,United Kingdom,44.0,7769,UK,VODAFONEUK
Vodafone,United Kingdom,44.0,7901,UK,VODAFONEUK
Vodafone,United Kingdom,44.0,7979,UK,VODAFONEUK
Vodafone,United Kingdom,44.0,385,UK,VODAFONEUK
Vodafone,United Kingdom,44.0,7000,UK,VODAFONEUK
Vodafone,United Kingdom,44.0,74082,UK,VODAFONEUK
Vodafone,United Kingdom,44.0,7717,UK,VODAFONEUK
Vodafone,United Kingdom,44.0,7721,UK,VODAFONEUK
Vodafone,United Kingdom,44.0,7765,UK,VODAFONEUK
Vodafone,United Kingdom,44.0,7771,UK,VODAFONEUK
Vodafone,United Kingdom,44.0,7774,UK,VODAFONEUK
Vodafone,United Kingdom,44.0,7775,UK,VODAFONEUK
Vodafone,United Kingdom,44.0,7785,UK,VODAFONEUK
Vodafone,United Kingdom,44.0,7884,UK,VODAFONEUK
Vodafone,United Kingdom,44.0,7900,UK,VODAFONEUK
Vodafone,United Kingdom,44.0,7918,UK,VODAFONEUK
Vodafone,United Kingdom,44.0,7920,UK,VODAFONEUK
Vodafone,United Kingdom,44.0,7002,UK,VODAFONEUK
Vodafone,United Kingdom,44.0,7423,UK,VODAFONEUK
Vodafone,United Kingdom,44.0,7500,UK,VODAFONEUK
Vodafone,United Kingdom,44.0,75374,UK,VODAFONEUK
Vodafone,United Kingdom,44.0,7557,UK,VODAFONEUK
Vodafone,United Kingdom,44.0,7584,UK,VODAFONEUK
Vodafone,United Kingdom,44.0,7747,UK,VODAFONEUK
Vodafone,United Kingdom,44.0,7776,UK,VODAFONEUK
Vodafone,United Kingdom,44.0,7818,UK,VODAFONEUK
Vodafone,United Kingdom,44.0,7827,UK,VODAFONEUK
Vodafone,United Kingdom,44.0,7836,UK,VODAFONEUK
Vodafone,United Kingdom,44.0,7876,UK,VODAFONEUK
Vodafone,United Kingdom,44.0,7881,UK,VODAFONEUK
Vodafone,United Kingdom,44.0,7917,UK,VODAFONEUK
Astelit,United Kingdom,380.0,,UKRAINE,ASTELIT
Astelit,United Kingdom,380.0,06,UKRAINE,ASTELIT
Astelit,United Kingdom,380.0,63,UKRAINE,ASTELIT
Kyivstar,United Kingdom,380.0,67,UKRAINE,KYIVSTAR
Kyivstar,United Kingdom,380.0,96,UKRAINE,KYIVSTAR
Kyivstar,United Kingdom,380.0,97,UKRAINE,KYIVSTAR
Kyivstar,United Kingdom,380.0,03,UKRAINE,KYIVSTAR
Kyivstar,United Kingdom,380.0,98,UKRAINE,KYIVSTAR
MTS,United Kingdom,380.0,,UKRAINE,MTS UKRAINE
MTS,United Kingdom,380.0,50,UKRAINE,MTS UKRAINE
MTS,United Kingdom,380.0,99,UKRAINE,MTS UKRAINE
MTS,United Kingdom,380.0,01,UKRAINE,MTS UKRAINE
MTS,United Kingdom,380.0,66,UKRAINE,MTS UKRAINE
MTS,United Kingdom,380.0,95,UKRAINE,MTS UKRAINE
UtelUkraine,United Kingdom,380.0,07,UKRAINE,UTELUKRAINE
UtelUkraine,United Kingdom,380.0,91,UKRAINE,UTELUKRAINE
UtelUkraine,United Kingdom,380.0,,UKRAINE,UTELUKRAINE
du UAE,United Arab Emirates,971.0,03,UNITED ARAB EMIRATES,DU UAE
du UAE,United Arab Emirates,971.0,55,UNITED ARAB EMIRATES,DU UAE
du UAE,United Arab Emirates,971.0,,UNITED ARAB EMIRATES,DU UAE
Etisalet,United Arab Emirates,971.0,50604,UNITED ARAB EMIRATES,ETISALET UAE
Etisalet,United Arab Emirates,971.0,50608,UNITED ARAB EMIRATES,ETISALET UAE
Etisalet,United Arab Emirates,971.0,50609,UNITED ARAB EMIRATES,ETISALET UAE
Etisalet,United Arab Emirates,971.0,50,UNITED ARAB EMIRATES,ETISALET UAE
Etisalet,United Arab Emirates,971.0,50605,UNITED ARAB EMIRATES,ETISALET UAE
Etisalet,United Arab Emirates,971.0,50607,UNITED ARAB EMIRATES,ETISALET UAE
Etisalet,United Arab Emirates,971.0,50648,UNITED ARAB EMIRATES,ETISALET UAE
Etisalet,United Arab Emirates,971.0,56,UNITED ARAB EMIRATES,ETISALET UAE
Etisalet,United Arab Emirates,971.0,50606,UNITED ARAB EMIRATES,ETISALET UAE
Etisalet,United Arab Emirates,971.0,,UNITED ARAB EMIRATES,ETISALET UAE
Etisalet,United Arab Emirates,971.0,50602,UNITED ARAB EMIRATES,ETISALET UAE
Etisalet,United Arab Emirates,971.0,50601,UNITED ARAB EMIRATES,ETISALET UAE
Etisalet,United Arab Emirates,971.0,50603,UNITED ARAB EMIRATES,ETISALET UAE
Etisalet,United Arab Emirates,971.0,02,UNITED ARAB EMIRATES,ETISALET UAE
H3G,United Kingdom,44.0,7723,UNITED KINGDOM,H3G UK
H3G,United Kingdom,44.0,20,UNITED KINGDOM,H3G UK
H3G,United Kingdom,44.0,,UNITED KINGDOM,H3G UK
Airtel,United Kingdom,44.0,76778,UNITED KINGDOM,JERSEYAIRTEL
Airtel,United Kingdom,44.0,78297,UNITED KINGDOM,JERSEYAIRTEL
Airtel,United Kingdom,44.0,03,UNITED KINGDOM,JERSEYAIRTEL
Airtel,United Kingdom,44.0,148152,UNITED KINGDOM,JERSEYAIRTEL
Airtel,United Kingdom,44.0,74172,UNITED KINGDOM,JERSEYAIRTEL
Airtel,United Kingdom,44.0,74418,UNITED KINGDOM,JERSEYAIRTEL
Airtel,United Kingdom,44.0,75597,UNITED KINGDOM,JERSEYAIRTEL
Airtel,United Kingdom,44.0,74068,UNITED KINGDOM,JERSEYAIRTEL
Airtel,United Kingdom,44.0,74179,UNITED KINGDOM,JERSEYAIRTEL
Airtel,United Kingdom,44.0,78391,UNITED KINGDOM,JERSEYAIRTEL
Airtel,United Kingdom,44.0,153453,UNITED KINGDOM,JERSEYAIRTEL
Airtel,United Kingdom,44.0,76400,UNITED KINGDOM,JERSEYAIRTEL
Airtel,United Kingdom,44.0,78299,UNITED KINGDOM,JERSEYAIRTEL
Airtel,United Kingdom,44.0,78397,UNITED KINGDOM,JERSEYAIRTEL
Airtel,United Kingdom,44.0,153452,UNITED KINGDOM,JERSEYAIRTEL
Airtel,United Kingdom,44.0,78298,UNITED KINGDOM,JERSEYAIRTEL
Airtel,United Kingdom,44.0,78392,UNITED KINGDOM,JERSEYAIRTEL
O2,United Kingdom,44.0,7404,UNITED KINGDOM,O2 UK
O2,United Kingdom,44.0,7405,UNITED KINGDOM,O2 UK
O2,United Kingdom,44.0,7417,UNITED KINGDOM,O2 UK
O2,United Kingdom,44.0,754,UNITED KINGDOM,O2 UK
O2,United Kingdom,44.0,784,UNITED KINGDOM,O2 UK
O2,United Kingdom,44.0,785,UNITED KINGDOM,O2 UK
O2,United Kingdom,44.0,787,UNITED KINGDOM,O2 UK
O2,United Kingdom,44.0,10,UNITED KINGDOM,O2 UK
O2,United Kingdom,44.0,741,UNITED KINGDOM,O2 UK
O2,United Kingdom,44.0,7466,UNITED KINGDOM,O2 UK
O2,United Kingdom,44.0,751,UNITED KINGDOM,O2 UK
O2,United Kingdom,44.0,774,UNITED KINGDOM,O2 UK
O2,United Kingdom,44.0,781,UNITED KINGDOM,O2 UK
O2,United Kingdom,44.0,792,UNITED KINGDOM,O2 UK
O2,United Kingdom,44.0,7438,UNITED KINGDOM,O2 UK
O2,United Kingdom,44.0,7440,UNITED KINGDOM,O2 UK
O2,United Kingdom,44.0,771,UNITED KINGDOM,O2 UK
O2,United Kingdom,44.0,778,UNITED KINGDOM,O2 UK
O2,United Kingdom,44.0,795,UNITED KINGDOM,O2 UK
O2,United Kingdom,44.0,799,UNITED KINGDOM,O2 UK
O2,United Kingdom,44.0,743,UNITED KINGDOM,O2 UK
O2,United Kingdom,44.0,756,UNITED KINGDOM,O2 UK
O2,United Kingdom,44.0,772,UNITED KINGDOM,O2 UK
O2,United Kingdom,44.0,793,UNITED KINGDOM,O2 UK
O2,United Kingdom,44.0,7424,UNITED KINGDOM,O2 UK
O2,United Kingdom,44.0,752,UNITED KINGDOM,O2 UK
O2,United Kingdom,44.0,780,UNITED KINGDOM,O2 UK
O2,United Kingdom,44.0,788,UNITED KINGDOM,O2 UK
O2,United Kingdom,44.0,759,UNITED KINGDOM,O2 UK
O2,United Kingdom,44.0,776,UNITED KINGDOM,O2 UK
O2,United Kingdom,44.0,789,UNITED KINGDOM,O2 UK
O2,United Kingdom,44.0,790,UNITED KINGDOM,O2 UK
O2,United Kingdom,44.0,,UNITED KINGDOM,O2 UK
O2,United Kingdom,44.0,7510,UNITED KINGDOM,O2 UK
O2,United Kingdom,44.0,786,UNITED KINGDOM,O2 UK
O2,United Kingdom,44.0,791,UNITED KINGDOM,O2 UK
O2,United Kingdom,44.0,744,UNITED KINGDOM,O2 UK
O2,United Kingdom,44.0,770,UNITED KINGDOM,O2 UK
O2,United Kingdom,44.0,773,UNITED KINGDOM,O2 UK
O2,United Kingdom,44.0,775,UNITED KINGDOM,O2 UK
O2,United Kingdom,44.0,779,UNITED KINGDOM,O2 UK
O2,United Kingdom,44.0,782,UNITED KINGDOM,O2 UK
O2,United Kingdom,44.0,783,UNITED KINGDOM,O2 UK
Orange,United Kingdom,44.0,,UNITED KINGDOM,ORANGE UK
Orange,United Kingdom,44.0,33,UNITED KINGDOM,ORANGE UK
Orange,United Kingdom,44.0,7773,UNITED KINGDOM,ORANGE UK
Sky,United Kingdom,44.0,73686,UNITED KINGDOM,SKYUK
Sky,United Kingdom,44.0,73689,UNITED KINGDOM,SKYUK
Sky,United Kingdom,44.0,73692,UNITED KINGDOM,SKYUK
Sky,United Kingdom,44.0,73591,UNITED KINGDOM,SKYUK
Sky,United Kingdom,44.0,73590,UNITED KINGDOM,SKYUK
Sky,United Kingdom,44.0,74882,UNITED KINGDOM,SKYUK
Sky,United Kingdom,44.0,57,UNITED KINGDOM,SKYUK
Sky,United Kingdom,44.0,73681,UNITED KINGDOM,SKYUK
Sky,United Kingdom,44.0,73685,UNITED KINGDOM,SKYUK
Sky,United Kingdom,44.0,73592,UNITED KINGDOM,SKYUK
Sky,United Kingdom,44.0,73682,UNITED KINGDOM,SKYUK
Sky,United Kingdom,44.0,74883,UNITED KINGDOM,SKYUK
Sky,United Kingdom,44.0,73593,UNITED KINGDOM,SKYUK
Sky,United Kingdom,44.0,73683,UNITED KINGDOM,SKYUK
Sky,United Kingdom,44.0,73684,UNITED KINGDOM,SKYUK
Sky,United Kingdom,44.0,73688,UNITED KINGDOM,SKYUK
T-Mobile,United Kingdom,44.0,30,UNITED KINGDOM,T-MOBILE UK
T-Mobile,United Kingdom,44.0,7534,UNITED KINGDOM,T-MOBILE UK
T-Mobile,United Kingdom,44.0,,UNITED KINGDOM,T-MOBILE UK
Vodafone,United Kingdom,44.0,7000,UNITED KINGDOM,VODAFONE UK
Vodafone,United Kingdom,44.0,,UNITED KINGDOM,VODAFONE UK
Vodafone,United Kingdom,44.0,15,UNITED KINGDOM,VODAFONE UK
AT&T,United States,1.0,209904 ,UNITED STATES,AT&T WIRELES
AT&T,United States,1.0,636384,UNITED STATES,AT&T WIRELES
AT&T,United States,1.0,970376,UNITED STATES,AT&T WIRELES
AT&T,United States,1.0,380,UNITED STATES,AT&T WIRELES
AT&T,United States,1.0,208597,UNITED STATES,AT&T WIRELES
AT&T,United States,1.0,2085978,UNITED STATES,AT&T WIRELES
AT&T,United States,1.0,2085979,UNITED STATES,AT&T WIRELES
AT&T,United States,1.0,787590,UNITED STATES,AT&T WIRELES
AT&T,United States,1.0,907831,UNITED STATES,AT&T WIRELES
AT&T,United States,1.0,,UNITED STATES,AT&T WIRELES
AT&T,United States,1.0,907599,UNITED STATES,AT&T WIRELES
AT&T,United States,1.0,989707,UNITED STATES,AT&T WIRELES
AT&T,United States,1.0,404725 ,UNITED STATES,AT&T WIRELES
AT&T,United States,1.0,404726 ,UNITED STATES,AT&T WIRELES
AT&T,United States,1.0,6787618,UNITED STATES,AT&T WIRELES
AT&T,United States,1.0,704410,UNITED STATES,AT&T WIRELES
AT&T,United States,1.0,678667,UNITED STATES,AT&T WIRELES
AT&T,United States,1.0,000,UNITED STATES,AT&T WIRELES
AT&T,United States,1.0,240449,UNITED STATES,AT&T WIRELES
AT&T,United States,1.0,541287,UNITED STATES,AT&T WIRELES
AT&T,United States,1.0,312314,UNITED STATES,AT&T WIRELES
AT&T,United States,1.0,360339,UNITED STATES,AT&T WIRELES
AT&T,United States,1.0,704502,UNITED STATES,AT&T WIRELES
AT&T,United States,1.0,304777,UNITED STATES,AT-T MARITIM
AT&T,United States,1.0,541287,UNITED STATES,AT-T MARITIM
AT&T,United States,1.0,907599,UNITED STATES,AT-T MARITIM
AT&T,United States,1.0,970706,UNITED STATES,AT-T MARITIM
AT&T,United States,1.0,,UNITED STATES,AT-T MARITIM
AT&T,United States,1.0,410,UNITED STATES,AT-T MARITIM
AT&T,United States,1.0,404725,UNITED STATES,AT-T MARITIM
AT&T,United States,1.0,970376,UNITED STATES,AT-T MARITIM
AT&T,United States,1.0,2085978,UNITED STATES,AT-T MARITIM
AT&T,United States,1.0,320334,UNITED STATES,AT-T MARITIM
AT&T,United States,1.0,2085979,UNITED STATES,AT-T MARITIM
AT&T,United States,1.0,240449,UNITED STATES,AT-T MARITIM
AT&T,United States,1.0,6787618,UNITED STATES,AT-T MARITIM
AT&T,United States,1.0,380,UNITED STATES,AT-T MARITIM
AT&T,United States,1.0,360339,UNITED STATES,AT-T MARITIM
AT&T,United States,1.0,787590,UNITED STATES,AT-T MARITIM
AT&T,United States,1.0,989707,UNITED STATES,AT-T MARITIM
AT&T,United States,1.0,312314,UNITED STATES,AT-T MARITIM
AT&T,United States,1.0,54084893,UNITED STATES,AT-T MARITIM
AT&T,United States,1.0,970306,UNITED STATES,AT-T MARITIM
AT&T,United States,1.0,170,UNITED STATES,AT-T MARITIM
AT&T,United States,1.0,209904,UNITED STATES,AT-T MARITIM
AT&T,United States,1.0,330531,UNITED STATES,AT-T MARITIM
AT&T,United States,1.0,636384,UNITED STATES,AT-T MARITIM
AT&T,United States,1.0,704502,UNITED STATES,AT-T MARITIM
AT&T,United States,1.0,150,UNITED STATES,AT-T MARITIM
AT&T,United States,1.0,231203,UNITED STATES,AT-T MARITIM
AT&T,United States,1.0,605408,UNITED STATES,AT-T MARITIM
AT&T,United States,1.0,907831,UNITED STATES,AT-T MARITIM
AT&T,United States,1.0,404725,UNITED STATES,AT-T MOBILE
AT&T,United States,1.0,54084893,UNITED STATES,AT-T MOBILE
AT&T,United States,1.0,704502,UNITED STATES,AT-T MOBILE
AT&T,United States,1.0,312314,UNITED STATES,AT-T MOBILE
AT&T,United States,1.0,970376,UNITED STATES,AT-T MOBILE
AT&T,United States,1.0,231203,UNITED STATES,AT-T MOBILE
AT&T,United States,1.0,360339,UNITED STATES,AT-T MOBILE
AT&T,United States,1.0,636384,UNITED STATES,AT-T MOBILE
AT&T,United States,1.0,410,UNITED STATES,AT-T MOBILE
AT&T,United States,1.0,240449,UNITED STATES,AT-T MOBILE
AT&T,United States,1.0,320334,UNITED STATES,AT-T MOBILE
AT&T,United States,1.0,907599,UNITED STATES,AT-T MOBILE
AT&T,United States,1.0,6787618,UNITED STATES,AT-T MOBILE
AT&T,United States,1.0,787590,UNITED STATES,AT-T MOBILE
AT&T,United States,1.0,970706,UNITED STATES,AT-T MOBILE
AT&T,United States,1.0,2085978,UNITED STATES,AT-T MOBILE
AT&T,United States,1.0,304777,UNITED STATES,AT-T MOBILE
AT&T,United States,1.0,907831,UNITED STATES,AT-T MOBILE
AT&T,United States,1.0,,UNITED STATES,AT-T MOBILE
AT&T,United States,1.0,2085979,UNITED STATES,AT-T MOBILE
AT&T,United States,1.0,209904,UNITED STATES,AT-T MOBILE
AT&T,United States,1.0,330531,UNITED STATES,AT-T MOBILE
AT&T,United States,1.0,541287,UNITED STATES,AT-T MOBILE
AT&T,United States,1.0,970306,UNITED STATES,AT-T MOBILE
ATTAAZUS,United States,1.0,209904 ,UNITED STATES,ATTAAZUS
ATTAAZUS,United States,1.0,240449,UNITED STATES,ATTAAZUS
ATTAAZUS,United States,1.0,000,UNITED STATES,ATTAAZUS
ATTAAZUS,United States,1.0,704410,UNITED STATES,ATTAAZUS
ATTAAZUS,United States,1.0,989707,UNITED STATES,ATTAAZUS
ATTAAZUS,United States,1.0,541287,UNITED STATES,ATTAAZUS
ATTAAZUS,United States,1.0,907831,UNITED STATES,ATTAAZUS
ATTAAZUS,United States,1.0,440,UNITED STATES,ATTAAZUS
ATTAAZUS,United States,1.0,360339,UNITED STATES,ATTAAZUS
ATTAAZUS,United States,1.0,6787618,UNITED STATES,ATTAAZUS
ATTAAZUS,United States,1.0,2085978,UNITED STATES,ATTAAZUS
ATTAAZUS,United States,1.0,404726 ,UNITED STATES,ATTAAZUS
ATTAAZUS,United States,1.0,404725 ,UNITED STATES,ATTAAZUS
ATTAAZUS,United States,1.0,907599,UNITED STATES,ATTAAZUS
ATTAAZUS,United States,1.0,2085979,UNITED STATES,ATTAAZUS
ATTAAZUS,United States,1.0,678667,UNITED STATES,ATTAAZUS
ATTAAZUS,United States,1.0,704502,UNITED STATES,ATTAAZUS
ATTAAZUS,United States,1.0,787590,UNITED STATES,ATTAAZUS
ATTAAZUS,United States,1.0,970376,UNITED STATES,ATTAAZUS
ATTAAZUS,United States,1.0,312314,UNITED STATES,ATTAAZUS
ATTAAZUS,United States,1.0,636384,UNITED STATES,ATTAAZUS
ATTUSACC,United States,1.0,2085978,UNITED STATES,ATTUSACC
ATTUSACC,United States,1.0,312314,UNITED STATES,ATTUSACC
ATTUSACC,United States,1.0,907599,UNITED STATES,ATTUSACC
ATTUSACC,United States,1.0,2085979,UNITED STATES,ATTUSACC
ATTUSACC,United States,1.0,541287,UNITED STATES,ATTUSACC
ATTUSACC,United States,1.0,404725 ,UNITED STATES,ATTUSACC
ATTUSACC,United States,1.0,636384,UNITED STATES,ATTUSACC
ATTUSACC,United States,1.0,678667,UNITED STATES,ATTUSACC
ATTUSACC,United States,1.0,6787618,UNITED STATES,ATTUSACC
ATTUSACC,United States,1.0,030,UNITED STATES,ATTUSACC
ATTUSACC,United States,1.0,360339,UNITED STATES,ATTUSACC
ATTUSACC,United States,1.0,787590,UNITED STATES,ATTUSACC
ATTUSACC,United States,1.0,907831,UNITED STATES,ATTUSACC
ATTUSACC,United States,1.0,970376,UNITED STATES,ATTUSACC
ATTUSACC,United States,1.0,989707,UNITED STATES,ATTUSACC
ATTUSACC,United States,1.0,000,UNITED STATES,ATTUSACC
ATTUSACC,United States,1.0,209904 ,UNITED STATES,ATTUSACC
ATTUSACC,United States,1.0,240449,UNITED STATES,ATTUSACC
ATTUSACC,United States,1.0,404726 ,UNITED STATES,ATTUSACC
ATTUSACC,United States,1.0,704410,UNITED STATES,ATTUSACC
ATTUSACC,United States,1.0,704502,UNITED STATES,ATTUSACC
ATTUSAFN,United States,1.0,2085978,UNITED STATES,ATTUSAFN
ATTUSAFN,United States,1.0,2085979,UNITED STATES,ATTUSAFN
ATTUSAFN,United States,1.0,787590,UNITED STATES,ATTUSAFN
ATTUSAFN,United States,1.0,970376,UNITED STATES,ATTUSAFN
ATTUSAFN,United States,1.0,907599,UNITED STATES,ATTUSAFN
ATTUSAFN,United States,1.0,100,UNITED STATES,ATTUSAFN
ATTUSAFN,United States,1.0,312314,UNITED STATES,ATTUSAFN
ATTUSAFN,United States,1.0,404725 ,UNITED STATES,ATTUSAFN
ATTUSAFN,United States,1.0,404726,UNITED STATES,ATTUSAFN
ATTUSAFN,United States,1.0,541287,UNITED STATES,ATTUSAFN
ATTUSAFN,United States,1.0,6787618,UNITED STATES,ATTUSAFN
ATTUSAFN,United States,1.0,704410,UNITED STATES,ATTUSAFN
ATTUSAFN,United States,1.0,907831,UNITED STATES,ATTUSAFN
ATTUSAFN,United States,1.0,989707,UNITED STATES,ATTUSAFN
ATTUSAFN,United States,1.0,209904 ,UNITED STATES,ATTUSAFN
ATTUSAFN,United States,1.0,240449,UNITED STATES,ATTUSAFN
ATTUSAFN,United States,1.0,704502,UNITED STATES,ATTUSAFN
ATTUSAFN,United States,1.0,000,UNITED STATES,ATTUSAFN
ATTUSAFN,United States,1.0,360339,UNITED STATES,ATTUSAFN
ATTUSAFN,United States,1.0,636384,UNITED STATES,ATTUSAFN
ATTUSAFN,United States,1.0,678667,UNITED STATES,ATTUSAFN
ATTUSAMF,United States,1.0,209904,UNITED STATES,ATTUSAMF
ATTUSAMF,United States,1.0,907599,UNITED STATES,ATTUSAMF
ATTUSAMF,United States,1.0,2085978,UNITED STATES,ATTUSAMF
ATTUSAMF,United States,1.0,541287,UNITED STATES,ATTUSAMF
ATTUSAMF,United States,1.0,636384,UNITED STATES,ATTUSAMF
ATTUSAMF,United States,1.0,704410,UNITED STATES,ATTUSAMF
ATTUSAMF,United States,1.0,907831,UNITED STATES,ATTUSAMF
ATTUSAMF,United States,1.0,2085979,UNITED STATES,ATTUSAMF
ATTUSAMF,United States,1.0,280,UNITED STATES,ATTUSAMF
ATTUSAMF,United States,1.0,678667,UNITED STATES,ATTUSAMF
ATTUSAMF,United States,1.0,787590,UNITED STATES,ATTUSAMF
ATTUSAMF,United States,1.0,989707,UNITED STATES,ATTUSAMF
ATTUSAMF,United States,1.0,240449,UNITED STATES,ATTUSAMF
ATTUSAMF,United States,1.0,000,UNITED STATES,ATTUSAMF
ATTUSAMF,United States,1.0,404725 ,UNITED STATES,ATTUSAMF
ATTUSAMF,United States,1.0,312314,UNITED STATES,ATTUSAMF
ATTUSAMF,United States,1.0,404726,UNITED STATES,ATTUSAMF
ATTUSAMF,United States,1.0,6787618,UNITED STATES,ATTUSAMF
ATTUSAMF,United States,1.0,704502,UNITED STATES,ATTUSAMF
ATTUSAMF,United States,1.0,970376,UNITED STATES,ATTUSAMF
ATTUSAMF,United States,1.0,360339,UNITED STATES,ATTUSAMF
ATTUSAPB,United States,1.0,704502,UNITED STATES,ATTUSAPB
ATTUSAPB,United States,1.0,970376,UNITED STATES,ATTUSAPB
ATTUSAPB,United States,1.0,209904 ,UNITED STATES,ATTUSAPB
ATTUSAPB,United States,1.0,404725,UNITED STATES,ATTUSAPB
ATTUSAPB,United States,1.0,787590,UNITED STATES,ATTUSAPB
ATTUSAPB,United States,1.0,6787618,UNITED STATES,ATTUSAPB
ATTUSAPB,United States,1.0,907599,UNITED STATES,ATTUSAPB
ATTUSAPB,United States,1.0,240449,UNITED STATES,ATTUSAPB
ATTUSAPB,United States,1.0,000,UNITED STATES,ATTUSAPB
ATTUSAPB,United States,1.0,2085978,UNITED STATES,ATTUSAPB
ATTUSAPB,United States,1.0,2085979,UNITED STATES,ATTUSAPB
ATTUSAPB,United States,1.0,312314,UNITED STATES,ATTUSAPB
ATTUSAPB,United States,1.0,360339,UNITED STATES,ATTUSAPB
ATTUSAPB,United States,1.0,541287,UNITED STATES,ATTUSAPB
ATTUSAPB,United States,1.0,636384,UNITED STATES,ATTUSAPB
ATTUSAPB,United States,1.0,678667,UNITED STATES,ATTUSAPB
ATTUSAPB,United States,1.0,989707,UNITED STATES,ATTUSAPB
ATTUSAPB,United States,1.0,170,UNITED STATES,ATTUSAPB
ATTUSAPB,United States,1.0,404726 ,UNITED STATES,ATTUSAPB
ATTUSAPB,United States,1.0,704410,UNITED STATES,ATTUSAPB
ATTUSAPB,United States,1.0,907831,UNITED STATES,ATTUSAPB
Cincinnati B,United States,1.0,420,UNITED STATES,CINCINNATI B
Cincinnati B,United States,1.0,513240,UNITED STATES,CINCINNATI B
Cincinnati B,United States,1.0,,UNITED STATES,CINCINNATI B
Cingular Wir,United States,1.0,704502,UNITED STATES,CINGULAR WIR
Cingular Wir,United States,1.0,150,UNITED STATES,CINGULAR WIR
Cingular Wir,United States,1.0,000,UNITED STATES,CINGULAR WIR
Cingular Wir,United States,1.0,231203,UNITED STATES,CINGULAR WIR
Cingular Wir,United States,1.0,2085979,UNITED STATES,CINGULAR WIR
Cingular Wir,United States,1.0,209904,UNITED STATES,CINGULAR WIR
Cingular Wir,United States,1.0,304777,UNITED STATES,CINGULAR WIR
Cingular Wir,United States,1.0,320334,UNITED STATES,CINGULAR WIR
Cingular Wir,United States,1.0,541287,UNITED STATES,CINGULAR WIR
Cingular Wir,United States,1.0,907831,UNITED STATES,CINGULAR WIR
Cingular Wir,United States,1.0,,UNITED STATES,CINGULAR WIR
Cingular Wir,United States,1.0,240449,UNITED STATES,CINGULAR WIR
Cingular Wir,United States,1.0,970306,UNITED STATES,CINGULAR WIR
Cingular Wir,United States,1.0,704410,UNITED STATES,CINGULAR WIR
Cingular Wir,United States,1.0,312314,UNITED STATES,CINGULAR WIR
Cingular Wir,United States,1.0,404725,UNITED STATES,CINGULAR WIR
Cingular Wir,United States,1.0,970706,UNITED STATES,CINGULAR WIR
Cingular Wir,United States,1.0,360339,UNITED STATES,CINGULAR WIR
Cingular Wir,United States,1.0,636384,UNITED STATES,CINGULAR WIR
Cingular Wir,United States,1.0,787590,UNITED STATES,CINGULAR WIR
Cingular Wir,United States,1.0,907599,UNITED STATES,CINGULAR WIR
Cingular Wir,United States,1.0,970376,UNITED STATES,CINGULAR WIR
Cingular Wir,United States,1.0,989707,UNITED STATES,CINGULAR WIR
Cingular Wir,United States,1.0,2085978,UNITED STATES,CINGULAR WIR
Cingular Wir,United States,1.0,209904 ,UNITED STATES,CINGULAR WIR
Cingular Wir,United States,1.0,330531,UNITED STATES,CINGULAR WIR
Cingular Wir,United States,1.0,404726 ,UNITED STATES,CINGULAR WIR
Cingular Wir,United States,1.0,54084893,UNITED STATES,CINGULAR WIR
Cingular Wir,United States,1.0,678667,UNITED STATES,CINGULAR WIR
Cingular Wir,United States,1.0,6787618,UNITED STATES,CINGULAR WIR
T-Mobile,United States,1.0,40445,UNITED STATES,TMOBILEUSA
T-Mobile,United States,1.0,40547,UNITED STATES,TMOBILEUSA
T-Mobile,United States,1.0,51577,UNITED STATES,TMOBILEUSA
T-Mobile,United States,1.0,64662,UNITED STATES,TMOBILEUSA
T-Mobile,United States,1.0,70434,UNITED STATES,TMOBILEUSA
T-Mobile,United States,1.0,200,UNITED STATES,TMOBILEUSA
T-Mobile,United States,1.0,46923,UNITED STATES,TMOBILEUSA
T-Mobile,United States,1.0,50351,UNITED STATES,TMOBILEUSA
T-Mobile,United States,1.0,50545,UNITED STATES,TMOBILEUSA
T-Mobile,United States,1.0,51255,UNITED STATES,TMOBILEUSA
T-Mobile,United States,1.0,660,UNITED STATES,TMOBILEUSA
T-Mobile,United States,1.0,81326,UNITED STATES,TMOBILEUSA
T-Mobile,United States,1.0,250,UNITED STATES,TMOBILEUSA
T-Mobile,United States,1.0,260,UNITED STATES,TMOBILEUSA
T-Mobile,United States,1.0,33433,UNITED STATES,TMOBILEUSA
T-Mobile,United States,1.0,56227,UNITED STATES,TMOBILEUSA
T-Mobile,United States,1.0,71720,UNITED STATES,TMOBILEUSA
T-Mobile,United States,1.0,80163,UNITED STATES,TMOBILEUSA
T-Mobile,United States,1.0,91790,UNITED STATES,TMOBILEUSA
T-Mobile,United States,1.0,270,UNITED STATES,TMOBILEUSA
T-Mobile,United States,1.0,800,UNITED STATES,TMOBILEUSA
T-Mobile,United States,1.0,20623,UNITED STATES,TMOBILEUSA
T-Mobile,United States,1.0,20631,UNITED STATES,TMOBILEUSA
T-Mobile,United States,1.0,80185,UNITED STATES,TMOBILEUSA
T-Mobile,United States,1.0,80825,UNITED STATES,TMOBILEUSA
T-Mobile,United States,1.0,220,UNITED STATES,TMOBILEUSA
T-Mobile,United States,1.0,490,UNITED STATES,TMOBILEUSA
T-Mobile,United States,1.0,20990,UNITED STATES,TMOBILEUSA
T-Mobile,United States,1.0,160,UNITED STATES,TMOBILEUSA
T-Mobile,United States,1.0,240,UNITED STATES,TMOBILEUSA
T-Mobile,United States,1.0,310,UNITED STATES,TMOBILEUSA
T-Mobile,United States,1.0,580,UNITED STATES,TMOBILEUSA
T-Mobile,United States,1.0,30333,UNITED STATES,TMOBILEUSA
T-Mobile,United States,1.0,40541,UNITED STATES,TMOBILEUSA
T-Mobile,United States,1.0,,UNITED STATES,TMOBILEUSA
T-Mobile,United States,1.0,230,UNITED STATES,TMOBILEUSA
UnionFone,United States,1.0,435,UNITED STATES,UNIONFONE
UnionFone,United States,1.0,,UNITED STATES,UNIONFONE
UnionFone,United States,1.0,208,UNITED STATES,UNIONFONE
UnionFone,United States,1.0,020,UNITED STATES,UNIONFONE
UnionFone,United States,1.0,970,UNITED STATES,UNIONFONE
UnionFone,United States,1.0,307,UNITED STATES,UNIONFONE
UnitelSaoTme,UnitelSaoTomePrincip,239.0,90,UNITELSAOTOMEPRINCIP,UNITELSAOTME
UnitelSaoTme,UnitelSaoTomePrincip,239.0,02,UNITELSAOTOMEPRINCIP,UNITELSAOTME
ANTEL,Uruguay,598.0,,URUGUAY,ANTEL
ANTEL,Uruguay,598.0,99,URUGUAY,ANTEL
ANTEL,Uruguay,598.0,91,URUGUAY,ANTEL
ANTEL,Uruguay,598.0,98,URUGUAY,ANTEL
ANTEL,Uruguay,598.0,01,URUGUAY,ANTEL
CommnetLLC,United States,1.0,340725,USA,COMMNETLLC
CommnetLLC,United States,1.0,340771,USA,COMMNETLLC
CommnetLLC,United States,1.0,340220,USA,COMMNETLLC
CommnetLLC,United States,1.0,340422,USA,COMMNETLLC
CommnetLLC,United States,1.0,340423,USA,COMMNETLLC
CommnetLLC,United States,1.0,340228,USA,COMMNETLLC
CommnetLLC,United States,1.0,340717,USA,COMMNETLLC
CommnetLLC,United States,1.0,340727,USA,COMMNETLLC
CommnetLLC,United States,1.0,320,USA,COMMNETLLC
CorWireless,United States,1.0,320469,USA,CORWIRELESS
CorWireless,United States,1.0,580520,USA,CORWIRELESS
CorWireless,United States,1.0,763217,USA,CORWIRELESS
CorWireless,United States,1.0,907448,USA,CORWIRELESS
CorWireless,United States,1.0,308695,USA,CORWIRELESS
CorWireless,United States,1.0,320292,USA,CORWIRELESS
CorWireless,United States,1.0,907925,USA,CORWIRELESS
CorWireless,United States,1.0,320774,USA,CORWIRELESS
CorWireless,United States,1.0,715217,USA,CORWIRELESS
CorWireless,United States,1.0,715253,USA,CORWIRELESS
CorWireless,United States,1.0,715750,USA,CORWIRELESS
CorWireless,United States,1.0,907368,USA,CORWIRELESS
CorWireless,United States,1.0,907480,USA,CORWIRELESS
CorWireless,United States,1.0,320460,USA,CORWIRELESS
CorWireless,United States,1.0,641594,USA,CORWIRELESS
CorWireless,United States,1.0,763207,USA,CORWIRELESS
CorWireless,United States,1.0,319327,USA,CORWIRELESS
CorWireless,United States,1.0,320844,USA,CORWIRELESS
CorWireless,United States,1.0,580553,USA,CORWIRELESS
CorWireless,United States,1.0,907833,USA,CORWIRELESS
CorWireless,United States,1.0,605314,USA,CORWIRELESS
CorWireless,United States,1.0,701455,USA,CORWIRELESS
CorWireless,United States,1.0,907633,USA,CORWIRELESS
CorWireless,United States,1.0,530,USA,CORWIRELESS
CorWireless,United States,1.0,715454,USA,CORWIRELESS
IndiGoWirels,United States,1.0,5705123,USA,INDIGOWIRELS
IndiGoWirels,United States,1.0,5706626,USA,INDIGOWIRELS
IndiGoWirels,United States,1.0,8143023,USA,INDIGOWIRELS
IndiGoWirels,United States,1.0,8143671,USA,INDIGOWIRELS
IndiGoWirels,United States,1.0,5706993,USA,INDIGOWIRELS
IndiGoWirels,United States,1.0,030,USA,INDIGOWIRELS
IndiGoWirels,United States,1.0,5706050,USA,INDIGOWIRELS
IndiGoWirels,United States,1.0,5708584,USA,INDIGOWIRELS
IndiGoWirels,United States,1.0,8145193,USA,INDIGOWIRELS
IndiGoWirels,United States,1.0,5707073,USA,INDIGOWIRELS
IndiGoWirels,United States,1.0,8143202,USA,INDIGOWIRELS
IndiGoWirels,United States,1.0,8143266,USA,INDIGOWIRELS
IndiGoWirels,United States,1.0,5706625,USA,INDIGOWIRELS
IndiGoWirels,United States,1.0,5708589,USA,INDIGOWIRELS
IndiGoWirels,United States,1.0,8145194,USA,INDIGOWIRELS
IndiGoWirels,United States,1.0,5706051,USA,INDIGOWIRELS
IndiGoWirels,United States,1.0,8145190,USA,INDIGOWIRELS
IndiGoWirels,United States,1.0,5706053,USA,INDIGOWIRELS
IndiGoWirels,United States,1.0,570787,USA,INDIGOWIRELS
MobileUSA,United States,1.0,2,USA,MOBILEUSA
MobileUSA,United States,1.0,882,USA,MOBILEUSA
NewWireless,United States,1.0,763240,USA,NEWWIRELESS
NewWireless,United States,1.0,460,USA,NEWWIRELESS
NewWireless,United States,1.0,763309,USA,NEWWIRELESS
NewWireless,United States,1.0,763288,USA,NEWWIRELESS
WrelesMarTme,United States,1.0,18,USA,WRELESMARTME
WrelesMarTme,United States,1.0,4133791,USA,WRELESMARTME
CoscomLLC,UZbekistan,998.0,05,UZBEKISTAN,COSCOMLLC
CoscomLLC,UZbekistan,998.0,94,UZBEKISTAN,COSCOMLLC
CoscomLLC,UZbekistan,998.0,93,UZBEKISTAN,COSCOMLLC
Unitel,Uzbekistan,998.0,90,UZBEKISTAN,UNITEL
Unitel,Uzbekistan,998.0,90923,UZBEKISTAN,UNITEL
Unitel,Uzbekistan,998.0,,UZBEKISTAN,UNITEL
Unitel,Uzbekistan,998.0,91,UZBEKISTAN,UNITEL
Unitel,Uzbekistan,998.0,90913,UZBEKISTAN,UNITEL
Unitel,Uzbekistan,998.0,04,UZBEKISTAN,UNITEL
Uzbektelecom,Uzbekistan,998.0,08,UZBEKISTAN,UZBEKTELECOM
Uzbektelecom,Uzbekistan,998.0,99,UZBEKISTAN,UZBEKTELECOM
TVLVan,Vanuatu,678.0,776,VANUATU,TVLVAN
TVLVan,Vanuatu,678.0,777,VANUATU,TVLVAN
TVLVan,Vanuatu,678.0,779,VANUATU,TVLVAN
TVLVan,Vanuatu,678.0,778,VANUATU,TVLVAN
TVLVan,Vanuatu,678.0,772,VANUATU,TVLVAN
TVLVan,Vanuatu,678.0,775,VANUATU,TVLVAN
TVLVan,Vanuatu,678.0,01,VANUATU,TVLVAN
TVLVan,Vanuatu,678.0,771,VANUATU,TVLVAN
TVLVan,Vanuatu,678.0,774,VANUATU,TVLVAN
Movilnet,Venezuela,58.0,,VENEZUELA,MOVILNET
Movilnet,Venezuela,58.0,416,VENEZUELA,MOVILNET
Movilnet,Venezuela,58.0,06,VENEZUELA,MOVILNET
Movilnet,Venezuela,58.0,426,VENEZUELA,MOVILNET
Viettel,Vietnam,84.0,,VIET NAM,VIETTEL MOBI
Viettel,Vietnam,84.0,168,VIET NAM,VIETTEL MOBI
Viettel,Vietnam,84.0,4,VIET NAM,VIETTEL MOBI
Gtel,Vietnam,84.0,199,VIETNAM,GTEL
Gtel,Vietnam,84.0,996,VIETNAM,GTEL
Gtel,Vietnam,84.0,,VIETNAM,GTEL
Gtel,Vietnam,84.0,07,VIETNAM,GTEL
Mobifone,Vietnam,84.0,126,VIETNAM,MOBIFONE
Mobifone,Vietnam,84.0,121,VIETNAM,MOBIFONE
Mobifone,Vietnam,84.0,01,VIETNAM,MOBIFONE
Mobifone,Vietnam,84.0,120,VIETNAM,MOBIFONE
Mobifone,Vietnam,84.0,,VIETNAM,MOBIFONE
Mobifone,Vietnam,84.0,90,VIETNAM,MOBIFONE
Mobifone,Vietnam,84.0,93,VIETNAM,MOBIFONE
Mobifone,Vietnam,84.0,122,VIETNAM,MOBIFONE
Mobifone,Vietnam,84.0,128,VIETNAM,MOBIFONE
Vietnamobile,Vietnam,84.0,926,VIETNAM,VIETNAMOBILE
Vietnamobile,Vietnam,84.0,922,VIETNAM,VIETNAMOBILE
Vietnamobile,Vietnam,84.0,05,VIETNAM,VIETNAMOBILE
Vietnamobile,Vietnam,84.0,929,VIETNAM,VIETNAMOBILE
Vietnamobile,Vietnam,84.0,925,VIETNAM,VIETNAMOBILE
Vietnamobile,Vietnam,84.0,928,VIETNAM,VIETNAMOBILE
Vietnamobile,Vietnam,84.0,188,VIETNAM,VIETNAMOBILE
Vietnamobile,Vietnam,84.0,923,VIETNAM,VIETNAMOBILE
Vietnamobile,Vietnam,84.0,924,VIETNAM,VIETNAMOBILE
Vietnamobile,Vietnam,84.0,927,VIETNAM,VIETNAMOBILE
Vietnamobile,Vietnam,84.0,186,VIETNAM,VIETNAMOBILE
Viettel,Vietnam,84.0,040,VIETNAM,VIETTEL
Viettel,Vietnam,84.0,043,VIETNAM,VIETTEL
Viettel,Vietnam,84.0,165,VIETNAM,VIETTEL
Viettel,Vietnam,84.0,167,VIETNAM,VIETTEL
Viettel,Vietnam,84.0,97,VIETNAM,VIETTEL
Viettel,Vietnam,84.0,049,VIETNAM,VIETTEL
Viettel,Vietnam,84.0,163,VIETNAM,VIETTEL
Viettel,Vietnam,84.0,169,VIETNAM,VIETTEL
Viettel,Vietnam,84.0,0421,VIETNAM,VIETTEL
Viettel,Vietnam,84.0,168,VIETNAM,VIETTEL
Viettel,Vietnam,84.0,96,VIETNAM,VIETTEL
Viettel,Vietnam,84.0,0425,VIETNAM,VIETTEL
Viettel,Vietnam,84.0,044,VIETNAM,VIETTEL
Viettel,Vietnam,84.0,162,VIETNAM,VIETTEL
Viettel,Vietnam,84.0,0423,VIETNAM,VIETTEL
Viettel,Vietnam,84.0,046,VIETNAM,VIETTEL
Viettel,Vietnam,84.0,048,VIETNAM,VIETTEL
Viettel,Vietnam,84.0,164,VIETNAM,VIETTEL
Viettel,Vietnam,84.0,166,VIETNAM,VIETTEL
Viettel,Vietnam,84.0,041,VIETNAM,VIETTEL
Viettel,Vietnam,84.0,0420,VIETNAM,VIETTEL
Viettel,Vietnam,84.0,0424,VIETNAM,VIETTEL
Viettel,Vietnam,84.0,0426,VIETNAM,VIETTEL
Viettel,Vietnam,84.0,0428,VIETNAM,VIETTEL
Viettel,Vietnam,84.0,045,VIETNAM,VIETTEL
Viettel,Vietnam,84.0,047,VIETNAM,VIETTEL
Viettel,Vietnam,84.0,98,VIETNAM,VIETTEL
Viettel,Vietnam,84.0,0422,VIETNAM,VIETTEL
Viettel,Vietnam,84.0,0427,VIETNAM,VIETTEL
Viettel,Vietnam,84.0,0429,VIETNAM,VIETTEL
Vinaphone,Vietnam,84.0,125,VIETNAM,VINAPHONE
Vinaphone,Vietnam,84.0,124,VIETNAM,VINAPHONE
Vinaphone,Vietnam,84.0,94,VIETNAM,VINAPHONE
Vinaphone,Vietnam,84.0,123,VIETNAM,VINAPHONE
Vinaphone,Vietnam,84.0,91,VIETNAM,VINAPHONE
Vinaphone,Vietnam,84.0,127,VIETNAM,VINAPHONE
Vinaphone,Vietnam,84.0,129,VIETNAM,VINAPHONE
Vinaphone,Vietnam,84.0,02,VIETNAM,VINAPHONE
Y Telecom,Yemen,967.0,04,YEMEN,Y TELECOM
Y Telecom,Yemen,967.0,70,YEMEN,Y TELECOM
Yemen Compan,Yemen,967.0,71,YEMEN,YEMEN COMPAN
Yemen Compan,Yemen,967.0,,YEMEN,YEMEN COMPAN
Yemen Compan,Yemen,967.0,1,YEMEN,YEMEN COMPAN
Airtel,Zambia,260.0,1,ZAMBIA,AIRTELZAMBI
Airtel,Zambia,260.0,97,ZAMBIA,AIRTELZAMBI
Airtel,Zambia,260.0,77,ZAMBIA,AIRTELZAMBI
Airtel,Zambia,260.0,,ZAMBIA,AIRTELZAMBI
MTN,Zambia,260.0,96,ZAMBIA,MTNZAMBIALTD
MTN,Zambia,260.0,76,ZAMBIA,MTNZAMBIALTD
MTN,Zambia,260.0,02,ZAMBIA,MTNZAMBIALTD
Telecel,Zambia,260.0,96,ZAMBIA,TELECEL ZAMB
Telecel,Zambia,260.0,,ZAMBIA,TELECEL ZAMB
Telecel,Zambia,260.0,2,ZAMBIA,TELECEL ZAMB
Zamtel,Zambia,260.0,03,ZAMBIA,ZAMTEL
Zamtel,Zambia,260.0,95,ZAMBIA,ZAMTEL
Zamtel,Zambia,260.0,,ZAMBIA,ZAMTEL
EconetWirel,Zimbabwe,263.0,77,ZIMBABWE,ECONETWIREL
EconetWirel,Zimbabwe,263.0,04,ZIMBABWE,ECONETWIREL
EconetWirel,Zimbabwe,263.0,78,ZIMBABWE,ECONETWIREL
Netone,Zimbabwe,263.0,71,ZIMBABWE,NETONE
Netone,Zimbabwe,263.0,01,ZIMBABWE,NETONE
Telecel,Zimbabwe,263.0,,ZIMBABWE,TELECEL ZIMB
Telecel,Zimbabwe,263.0,3,ZIMBABWE,TELECEL ZIMB
Telecel,Zimbabwe,263.0,23,ZIMBABWE,TELECEL ZIMB
Telecel,Zimbabwe,263.0,73,ZIMBABWE,TELECEL ZIMB
