Country,Operator,Ownership,PLMN,MCC,MNC,TADIG,ISO,tech_2g,tech_3g,tech_lte
Georgia,A-Mobile,A-Mobile LLSC,28988,289,88,,GE,X,X,X
Georgia,Aquafon,Aquafon JSC,28967,289,67,,GE,X,X,X
Afghanistan,AWCC,Afghan Wireless Communication Company,41201,412,01,AFGAW,AF,X,X,X
Afghanistan,Etisalat,Etisalat Afghanistan,41250,412,50,AFGEA,AF,X,X,
Afghanistan,MTN,MTN Group Afghanistan,41240,412,40,AFGAR,AF,X,X,
Afghanistan,Roshan,Telecom Development Company Afghanistan Ltd.,41220,412,20,AFGTD,AF,X,X,
Afghanistan,Salaam,Afghan Telecom,41280,412,80,,AF,X,X,
Afghanistan,Salaam,Afghan Telecom,41288,412,88,,AF,X,X,
Afghanistan,WASEL,WASEL Afghanistan,41255,412,55,,AF,,,
Albania,Eagle Mobile,Albtelecom,27603,276,03,ALBEM,AL,X,X,X
Albania,Plus Communication,Plus Communication,27604,276,04,ALBM4,AL,X,X,
Albania,Telekom.al,Telekom Albania,27601,276,01,ALBAM,AL,X,X,X
Albania,Vodafone,Vodafone Albania,27602,276,02,ALBVF,AL,X,X,X
Algeria,ANESRIF,Anesrif,60321,603,21,,DZ,X,,
Algeria,AT,Algérie Télécom,60307,603,07,,DZ,,,
Algeria,AT,Algérie Télécom,60309,603,09,,DZ,,,X
Algeria,Djezzy,Optimum Telecom Algérie Spa,60302,603,02,DZAOT,DZ,X,X,X
Algeria,Mobilis,Algérie Télécom,60301,603,01,DZAA1,DZ,X,X,X
Algeria,Ooredoo,Wataniya Telecom Algérie,60303,603,03,DZAWT,DZ,X,X,X
American Samoa,ASTCA,American Samoa Telecommunications,311780,311,780,,AS,,,X
American Samoa,Bluesky,Bluesky,54411,544,11,,AS,X,X,X
Andorra,Mobiland,Servei De Tele. DAndorra,21303,213,03,ANDMA,AD,X,X,X
Angola,MOVICEL,MOVICEL Telecommunications S.A.,63104,631,04,,AO,X,X,X
Angola,UNITEL,UNITEL S.a.r.l.,63102,631,02,AGOUT,AO,X,X,X
Anguilla,FLOW,Cable & Wireless,365840,365,840,AIACW,AI,X,X,X
Antigua and Barbuda,APUA,Antigua Public Utilities Authority,344030,344,030,,AG,X,,
Antigua and Barbuda,Digicel,Antigua Wireless Ventures Limited,344050,344,050,,AG,X,X,X
Antigua and Barbuda,FLOW,Cable & Wireless Caribbean Cellular (Antigua) Limited,344920,344,920,ATGCW,AG,X,X,X
Argentina,Claro,AMX Argentina S.A.,722310,722,310,ARGCM,AR,X,,
Argentina,Claro,AMX Argentina S.A.,722320,722,320,,AR,X,X,X
Argentina,Claro,AMX Argentina S.A.,722330,722,330,,AR,X,X,X
Argentina,Globalstar,TE.SA.M Argentina S.A.,722040,722,040,,AR,,,
Argentina,Movistar,Telefónica Móviles Argentina S.A.,722010,722,010,,AR,X,X,X
Argentina,Movistar,Telefónica Móviles Argentina S.A.,722070,722,070,,AR,X,,
Argentina,Nextel,NII Holdings,722020,722,020,,AR,,,
Argentina,PORT-HABLE,Hutchison Telecommunications Argentina S.A.,722350,722,350,,AR,X,,
Argentina,Personal,Telecom Personal S.A.,722034,722,034,,AR,,,
Argentina,Personal,Telecom Personal S.A.,722341,722,341,,AR,X,X,X
Armenia,Beeline,Veon Armenia CJSC,28301,283,01,ARM01,AM,X,X,X
Armenia,Karabakh Telecom,Karabakh Telecom,28304,283,04,,AM,X,X,
Armenia,Ucom,Ucom LLC,28310,283,10,ARMOR,AM,X,X,X
Armenia,VivaCell-MTS,K Telecom CJSC,28305,283,05,ARM05,AM,X,X,X
Aruba,Digicel,Digicel Aruba,36302,363,02,ABWDC,AW,X,X,
Aruba,SETAR,Servicio di Telecomunicacion di Aruba,36301,363,01,,AW,X,X,X
Australia,3,Vodafone Hutchison Australia Proprietary Limited,50506,505,06,,AU,,X,
Australia,3,Vodafone Hutchison Australia Proprietary Limited,50512,505,12,,AU,,X,
Australia,3GIS,,50515,505,15,,AU,,,
Australia,AAPT,TPG Telecom,50514,505,14,,AU,,,
Australia,Airnet,,50509,505,09,,AU,,,
Australia,CommTel NS,Commtel Network Solutions Pty Ltd,50561,505,61,,AU,,,X
Australia,GEMCO,Groote Eylandt Mining Company Pty Ltd,50542,505,42,,AU,,,
Australia,Lycamobile,Lycamobile Pty Ltd,50519,505,19,,AU,,,
Australia,NBN,National Broadband Network Co.,50562,505,62,,AU,,,X
Australia,NBN,National Broadband Network Co.,50568,505,68,,AU,,,X
Australia,Norfolk Is.,Norfolk Telecom,50510,505,10,,AU,X,,
Australia,One.Tel,One.Tel,50599,505,99,,AU,X,,
Australia,One.Tel,One.Tel Limited,50508,505,08,,AU,X,,
Australia,Optus,Singtel Optus Proprietary Limited,50502,505,02,AUSOP,AU,,X,X
Australia,Optus,Optus Mobile Pty. Ltd.,50536,505,36,,AU,,,
Australia,Optus,Singtel Optus Proprietary Limited,50590,505,90,,AU,,,
Australia,Ozitel,,50505,505,05,,AU,,,
Australia,Pactel,Pactel International Pty Ltd,50518,505,18,,AU,,,
Australia,RailCorp,"Railcorp, Transport for New South Wales",50513,505,13,,AU,X,,
Australia,Telstra,Telstra Corporation Limited,50501,505,01,AUSTA,AU,,X,X
Australia,Telstra,Telstra Corporation Limited,50571,505,71,,AU,,,
Australia,Telstra,Telstra Corporation Limited,50572,505,72,,AU,,,
Australia,Telstra,Telstra Corporation Ltd.,50511,505,11,,AU,,,
Australia,Telstra,Telstra Corporation Ltd.,50539,505,39,,AU,,,
Australia,Truphone,Truphone Pty Ltd,50538,505,38,,AU,,,
Australia,VicTrack,Victorian Rail Track,50516,505,16,,AU,X,,
Australia,Vodafone,Vodafone Hutchison Australia Proprietary Limited,50503,505,03,AUSVF,AU,,X,X
Australia,Vodafone,Vodafone Network Pty. Ltd.,50507,505,07,,AU,,,
Austria,3,Hutchison Drei Austria,23205,232,05,AUTCA,AT,X,X,X
Austria,3,Hutchison Drei Austria,23210,232,10,,AT,,X,X
Austria,A1.net,A1 Telekom Austria,23201,232,01,AUTPT,AT,X,X,X
Austria,ArgoNET,ArgoNET GmbH,23292,232,92,,AT,,,X
Austria,GSM-R A,ÖBB,23291,232,91,,AT,X,,
Austria,Lycamobile,Lycamobile Austria,23208,232,08,,AT,,,
Austria,Magenta,T-Mobile Austria GmbH,23203,232,03,AUTMM,AT,X,X,X
Austria,Magenta,T-Mobile Austria GmbH,23204,232,04,,AT,,,
Austria,Magenta,T-Mobile Austria GmbH,23213,232,13,,AT,,,
Austria,Magenta,T-Mobile Austria GmbH,23223,232,23,,AT,,,
Austria,Orange,Orange Austria GmbH,23206,232,06,,AT,,,
Austria,Tele2,A1 Telekom Austria,23209,232,09,,AT,,,
Austria,Vectone Mobile,Mundio Mobile Austria,23215,232,15,,AT,,,
Austria,bob,A1 Telekom Austria,23211,232,11,,AT,,,
Austria,m:tel,MTEL Austrija GmbH,23220,232,20,,AT,,,
Austria,tele.ring,T-Mobile Austria,23207,232,07,,AT,,,
Austria,yesss!,A1 Telekom Austria,23212,232,12,,AT,,,
Azerbaijan,Azercell,,40001,400,01,AZEAC,AZ,X,X,X
Azerbaijan,Bakcell,,40002,400,02,AZEBC,AZ,X,X,X
Azerbaijan,FONEX,CATEL,40003,400,03,,AZ,,,
Azerbaijan,Nar Mobile,Azerfon,40004,400,04,AZEAF,AZ,X,X,X
Azerbaijan,Naxtel,Nakhtel LLC,40006,400,06,,AZ,,,X
Bahamas,Aliv,Cable Bahamas Ltd,36449,364,49,BHSNC,BS,,X,X
Bahamas,BTC,The Bahamas Telecommunications Company Ltd (BaTelCo),36439,364,39,BHSBH,BS,X,X,X
Bahrain,Batelco,Bahrain Telecommunications Company,42605,426,05,BHRB2,BH,X,,
Bahrain,Batelco,Bahrain Telecommunications Company,42601,426,01,BHRBT,BH,X,X,X
Bahrain,STC,STC Bahrain,42604,426,04,,BH,X,X,X
Bahrain,Zain,Zain Bahrain,42602,426,02,BHRMV,BH,X,X,X
Bangladesh,Airtel,Bharti Airtel Bangladesh Ltd.,47007,470,07,,BD,X,X,
Bangladesh,Banglalink,Banglalink Digital Communications Ltd.,47003,470,03,BGDBL,BD,X,X,X
Bangladesh,Banglalion,Banglalion Communications Ltd.,47010,470,10,,BD,,,X
Bangladesh,Citycell,Pacific Bangladesh Telecom Limited,47005,470,05,,BD,,,
Bangladesh,Grameenphone,Grameenphone Ltd.,47001,470,01,BGDGP,BD,X,X,X
Bangladesh,Robi,Axiata Bangladesh Ltd.,47002,470,02,,BD,X,X,X
Bangladesh,TeleTalk,Teletalk Bangladesh Limited,47004,470,04,,BD,X,X,X
Bangladesh,ollo,Bangladesh Internet Exchange Limited (BIEL),47009,470,09,,BD,,,X
Barbados,Digicel,Digicel (Barbados) Limited,342750,342,750,,BB,X,X,X
Barbados,FLOW,LIME (formerly known as Cable & Wireless),342600,342,600,BRBCW,BB,X,X,X
Barbados,Ozone,Ozone Wireless Inc.,342800,342,800,,BB,,,X
Belarus,A1,A1 Belarus,25701,257,01,BLRMD,BY,X,X,
Belarus,DIALLOG,BelCel,25703,257,03,,BY,,,
Belarus,MTS,Mobile TeleSystems,25702,257,02,BLR02,BY,X,X,
Belarus,beCloud,Belorussian Cloud Technologies,25706,257,06,,BY,,,X
Belarus,byfly,Beltelecom,25705,257,05,,BY,,,
Belarus,life:),Belarusian Telecommunications Network,25704,257,04,,BY,X,X,
Belgium,Base,Telenet,20620,206,20,BELKO,BE,X,X,X
Belgium,JOIN,JOIN Experience (Belgium),20640,206,40,,BE,,,
Belgium,Lycamobile,Lycamobile sprl,20606,206,06,,BE,,,
Belgium,Mobile Vikings,Unleashed NV,20630,206,30,,BE,,,
Belgium,Orange Belgium,Orange S.A.,20610,206,10,BELMO,BE,X,X,X
Belgium,Proximus,Belgacom Mobile,20601,206,01,BELTB,BE,X,X,X
Belgium,Proximus,Belgacom Mobile,20600,206,00,,BE,,,
Belgium,Telenet,Telenet,20605,206,05,,BE,,,
Belgium,Vectone Mobile,Mundio Mobile Belgium nv,20607,206,07,,BE,,,
Belgium,Voxbone,Voxbone mobile,20609,206,09,,BE,,,
Belize,DigiCell,Belize Telemedia Limited (BTL),70267,702,67,BLZ67,BZ,X,X,X
Belize,INTELCO,International Telecommunications Ltd.,70268,702,68,,BZ,,,
Belize,SMART,Speednet Communications Limited,70269,702,69,BLZSC,BZ,,X,X
Belize,SMART,Speednet Communications Limited,70299,702,99,,BZ,,,
Benin,BBCOM,Bell Benin Communications,61604,616,04,,BJ,X,,
Benin,Glo,Glo Communication Benin,61605,616,05,,BJ,X,,
Benin,Libercom,Benin Telecoms Mobile,61601,616,01,,BJ,X,,X
Benin,MTN,Spacetel Benin,61603,616,03,,BJ,X,X,X
Benin,Moov,Telecel Benin,61602,616,02,BEN02,BJ,X,X,
Bermuda,Cellular One,,31059,310,59,,BM,,,
Bermuda,Digicel Bermuda,,338050,338,050,JAMDC,BM,X,X,X
Bermuda,Digicel Bermuda,Telecommunications (Bermuda & West Indies) Ltd,35001,350,01,,BM,X,,
Bermuda,Mobility,M3 Wireless,35002,350,02,,BM,X,X,
Bermuda,One,Bermuda Digital Communications Ltd.,35000,350,00,,BM,X,X,X
Bhutan,B-Mobile,B-Mobile / Bhutan Telecom Ltd.,40211,402,11,,BT,X,X,X
Bhutan,TashiCell,Tashi InfoComm Limited,40277,402,77,,BT,X,X,X
Bolivia,Entel,Entel SA,73602,736,02,,BO,X,X,X
Bolivia,Tigo,Telefónica Celular De Bolivia S.A,73603,736,03,BOLTE,BO,X,X,X
Bolivia,Viva,Nuevatel PCS De Bolivia SA,73601,736,01,BOLNT,BO,X,X,X
Bosnia and Herzegovina,BH Mobile,BH Telecom,21890,218,90,BIHPT,BA,X,X,X
Bosnia and Herzegovina,HT-ERONET,Public Enterprise Croatian Telecom Ltd.,21803,218,03,BIHER,BA,X,X,
Bosnia and Herzegovina,m:tel BiH,RS Telecommunications JSC Banja Luka,21805,218,05,BIHMS,BA,X,X,
Botswana,Mascom,Mascom Wireless (Pty) Limited,65201,652,01,BWAGA,BW,X,X,X
Botswana,Orange,Orange (Botswana) Pty Limited,65202,652,02,,BW,X,X,X
Botswana,beMobile,Botswana Telecommunications Corporation,65204,652,04,BWABC,BW,X,X,X
Brazil,Algar Telecom,Algar Telecom S.A.,72434,724,34,BRAC4,BR,X,X,X
Brazil,Algar Telecom,Algar Telecom S.A.,72432,724,32,,BR,X,X,X
Brazil,Algar Telecom,Algar Telecom S.A.,72433,724,33,,BR,X,X,X
Brazil,Brasil Telecom GSM,Brasil Telecom GSM,72416,724,16,BRABT,BR,X,X,
Brazil,Claro,Claro,72405,724,05,BRACL,BR,X,X,X
Brazil,Claro,Claro,72438,724,38,,BR,,,
Brazil,Conecta,PORTO SEGURO TELECOMUNICAÇÔES,72454,724,54,,BR,,,
Brazil,Correios,Correios Celular,72417,724,17,,BR,,,
Brazil,Local,,72499,724,99,,BR,,,
Brazil,Nextel,"NII Holdings, Inc.",72400,724,00,,BR,,,
Brazil,Nextel,"NII Holdings, Inc.",72439,724,39,,BR,,X,X
Brazil,No name,,72428,724,28,,BR,,,
Brazil,Oi,TNL PCS Oi,72431,724,31,BRATM,BR,X,X,X
Brazil,Oi,TNL PCS Oi,72430,724,30,,BR,,,
Brazil,Sercomtel,Sercomtel Celular,72415,724,15,,BR,X,X,
Brazil,TIM,Telecom Italia Mobile,72404,724,04,BRACS,BR,X,X,X
Brazil,TIM,Telecom Italia Mobile,72402,724,02,BRARN,BR,X,X,X
Brazil,TIM,Telecom Italia Mobile,72403,724,03,BRASP,BR,X,X,X
Brazil,Vivo,Telefônica Brasil S.A.,72423,724,23,BRATC,BR,X,X,X
Brazil,Vivo,Telefônica Brasil S.A.,72410,724,10,BRAV1,BR,X,X,X
Brazil,Vivo,Telefônica Brasil S.A.,72406,724,06,BRAV2,BR,X,X,X
Brazil,Vivo,Telefônica Brasil S.A.,72411,724,11,BRAV3,BR,X,X,X
Brazil,aeiou,Unicel,72437,724,37,,BR,,,
Brazil,datora,Datora (Vodafone),72418,724,18,,BR,,,
British Indian Ocean Territory,FonePlus,Sure (Diego Garcia) Ltd,99501,995,01,,IO,X,,
British Virgin Islands,CCT Boatphone,Caribbean Cellular Telephone,348570,348,570,VGBCC,VG,X,X,X
British Virgin Islands,Digicel,Digicel (BVI) Limited,348770,348,770,VGBDC,VG,X,X,X
British Virgin Islands,FLOW,Cable & Wireless,348170,348,170,VGBCW,VG,X,X,X
Brunei Darussalam,DST,Data Stream Technology Sdn Bhd,52811,528,11,BRNDS,BN,X,X,X
Brunei Darussalam,PCSB,Progresif Cellular Sdn Bhd,52802,528,02,BRNBR,BN,,X,
Brunei Darussalam,TelBru,Telekom Brunei Berhad,52801,528,01,,BN,,,
Brunei Darussalam,UNN,Unified National Networks Sdn Bhd,52803,528,03,,BN,,,
Bulgaria,A1,A1 Bulgaria,28401,284,01,BGR01,BG,X,X,X
Bulgaria,Telenor,Telenor (Bulgaria),28405,284,05,BGRCM,BG,X,X,X
Bulgaria,Vivacom,BTC,28403,284,03,,BG,X,X,X
Bulgaria,НКЖИ,НАЦИОНАЛНА КОМПАНИЯ ЖЕЛЕЗОПЪТНА ИНФРАСТРУКТУРА,28407,284,07,,BG,X,,
Bulgaria,Ти.ком,Ti.com JSC,28413,284,13,,BG,,,X
Burkina Faso,Orange,Orange Burkina Faso,61302,613,02,BFACT,BF,X,X,X
Burkina Faso,Telecel Faso,Telecel Faso SA,61303,613,03,,BF,X,,
Burkina Faso,Telmob,Onatel,61301,613,01,,BF,X,X,X
Burundi,Lumitel,Viettel Burundi,64208,642,08,BDIVG,BI,X,X,X
Burundi,Onatel,Onatel,64203,642,03,,BI,X,,
Burundi,Smart Mobile,LACELL SU,64207,642,07,BDIL1,BI,X,X,
Burundi,Tempo,VTEL MEA,64202,642,02,,BI,X,,
Burundi,econet Leo,Econet Wireless Burundi PLC,64201,642,01,,BI,X,X,X
Burundi,econet Leo,Econet Wireless Burundi PLC,64282,642,82,,BI,X,X,
Cambodia,Cellcard,CamGSM / The Royal Group,45601,456,01,KHMGM,KH,X,X,X
Cambodia,Cellcard,The Royal Group,45618,456,18,,KH,X,X,
Cambodia,Metfone,Viettel,45608,456,08,KHMVC,KH,X,X,X
Cambodia,Metfone,Viettel,45609,456,09,,KH,X,,
Cambodia,SEATEL,SEATEL Cambodia,45611,456,11,,KH,,,X
Cambodia,Smart,Smart Axiata Co. Ltd,45602,456,02,,KH,X,X,X
Cambodia,Smart,Smart Axiata Co. Ltd,45605,456,05,,KH,X,X,X
Cambodia,Smart,Smart Axiata Co. Ltd,45606,456,06,,KH,X,X,X
Cambodia,qb,Cambodia Advance Communications Co. Ltd,45604,456,04,KHMCC,KH,X,X,
Cambodia,qb,Cambodia Advance Communications Co. Ltd,45603,456,03,,KH,X,X,
Cameroon,Camtel,Camtel,62403,624,03,,CM,,,X
Cameroon,MTN Cameroon,Mobile Telephone Network Cameroon Ltd,62401,624,01,CMRMT,CM,X,X,X
Cameroon,Nexttel,Viettel Cameroun,62404,624,04,CMRVG,CM,X,X,
Cameroon,Orange,Orange Cameroun S.A.,62402,624,02,,CM,X,X,X
Canada,ABC,A.B.C. Allen Business Communications Ltd.,302420,302,420,,CA,,,X
Canada,ALO,ALO Mobile Inc.,302250,302,250,,CA,,,
Canada,Airtel Wireless,Airtel Wireless,302290,302,290,,CA,,,
Canada,Aliant Mobility,Bell Aliant,302630,302,630,,CA,,,
Canada,Bell,Bell Mobility,302640,302,640,,CA,,,
Canada,Bell,Bell Mobility,302690,302,690,,CA,,X,
Canada,Bell / Telus / SaskTel,"Shared Telus, Bell, and SaskTel",302880,302,880,,CA,,X,
Canada,Bell Mobility,Bell Mobility,302610,302,610,CANBM,CA,,X,X
Canada,CityTel Mobility,CityWest,302670,302,670,,CA,,,
Canada,DMTS,Dryden Mobility,302390,302,390,,CA,,,
Canada,ECOTEL,Ambra Solutions,302300,302,300,,CA,,,X
Canada,ECOTEL,Ambra Solutions,302310,302,310,,CA,,,X
Canada,EastLink,Bragg Communications,302270,302,270,,CA,,X,X
Canada,Execulink,Execulink,302340,302,340,,CA,,,
Canada,FIRST,FIRST Networks Operations,302350,302,350,,CA,X,,
Canada,Fido,Fido Solutions (Rogers Wireless),302370,302,370,CANMC,CA,,,
Canada,Freedom Mobile,Shaw Communications,302490,302,490,,CA,,X,X
Canada,Freedom Mobile,Shaw Communications,302491,302,491,,CA,,,
Canada,Globalstar,,302710,302,710,,CA,,,
Canada,ICE Wireless,ICE Wireless,302620,302,620,,CA,X,X,X
Canada,Keewaytinook Mobile,Keewaytinook Okimakanak Mobile,302380,302,380,,CA,,X,
Canada,Keewaytinook Mobile,Keewaytinook Okimakanak Mobile,302530,302,530,,CA,X,,
Canada,LightSquared,LightSquared,302570,302,570,,CA,,,
Canada,Lynx Mobility,Lynx Mobility,302560,302,560,,CA,X,,
Canada,MTS,Bell MTS,302655,302,655,,CA,,,
Canada,MTS,Bell MTS,302660,302,660,,CA,,X,X
Canada,MiKe,Telus Mobility,302360,302,360,,CA,,,
Canada,Public Mobile,Telus Mobility,302760,302,760,,CA,,,
Canada,Qiniq,SSi Connexions,302480,302,480,,CA,X,,X
Canada,Quadro Mobility,Quadro Communications Co-op,302590,302,590,,CA,,,
Canada,Rogers Wireless,Rogers Communications,302720,302,720,CANRW,CA,X,X,X
Canada,Rogers Wireless,Rogers Communications,302320,302,320,,CA,,X,
Canada,Rogers Wireless,Rogers Communications,302721,302,721,,CA,,,
Canada,Rogers Wireless,Rogers Communications,302820,302,820,,CA,,,
Canada,Rogers Wireless,Rogers Communications,302920,302,920,,CA,,,
Canada,SaskTel,SaskTel Mobility,302780,302,780,CANST,CA,,X,X
Canada,SaskTel,SaskTel Mobility,302680,302,680,,CA,,,X
Canada,SaskTel,SaskTel Mobility,302750,302,750,,CA,,,
Canada,Shaw Telecom,Shaw Communications,302740,302,740,,CA,,,
Canada,TBay,Thunder Bay Telephone Mobility,302656,302,656,,CA,,,
Canada,TBaytel,Thunder Bay Telephone,302650,302,650,,CA,,X,X
Canada,TNW Wireless,TNW Wireless Inc.,302770,302,770,,CA,,X,
Canada,Telus,Telus Mobility,302221,302,221,,CA,,,
Canada,Telus,Telus Mobility,302222,302,222,,CA,,,
Canada,Telus,Telus Mobility,302361,302,361,,CA,,,
Canada,Telus,Telus Mobility,302653,302,653,,CA,,,
Canada,Telus,Telus Mobility,302657,302,657,,CA,,,
Canada,Telus,Telus Mobility,302860,302,860,,CA,,,
Canada,"Telus Mobility, Koodo Mobile, Public Mobile",Telus Mobility,302220,302,220,CANTS,CA,,X,X
Canada,TerreStar Solutions,TerreStar Networks,302730,302,730,,CA,,,
Canada,Videotron,Videotron,302500,302,500,CANVT,CA,,X,X
Canada,Videotron,Videotron,302510,302,510,,CA,,X,X
Canada,Videotron,Videotron,302520,302,520,,CA,,,
Canada,Wightman Mobility,Wightman Telecom,302940,302,940,,CA,,X,
Canada,Xplornet,Xplornet Communications,302130,302,130,,CA,,,X
Canada,Xplornet,Xplornet Communications,302131,302,131,,CA,,,X
Canada,dotmobile,Data on Tap Inc.,302100,302,100,,CA,,,
Cabo Verde,CVMOVEL,"CVMóvel, S.A.",62501,625,01,CPVCV,CV,X,X,X
Cabo Verde,T+,"UNITEL T+ TELECOMUNICACÕES, S.A.",62502,625,02,CPVTM,CV,X,X,
Cayman Islands,Digicel,Digicel Cayman Ltd.,346050,346,050,,KY,X,X,X
Cayman Islands,FLOW,Cable & Wireless (Cayman Islands) Limited,346140,346,140,CYMCW,KY,X,X,X
Cayman Islands,Logic,WestTel Ltd.,346001,346,001,,KY,,,
Central African Republic,Azur,Azur RCA,62304,623,04,,CF,X,X,
Central African Republic,Moov,Atlantique Telecom Centrafrique SA,62301,623,01,,CF,X,,
Central African Republic,Orange,Orange RCA,62303,623,03,CAF03,CF,X,X,
Central African Republic,TC,Telecel Centrafrique,62302,623,02,,CF,X,X,
Chad,Airtel,Bharti Airtel SA,62201,622,01,TCDCT,TD,X,X,X
Chad,Salam,SotelTchad,62207,622,07,,TD,X,,
Chad,Tawali,SotelTchad,62202,622,02,,TD,,,
Chad,Tigo,Millicom,62203,622,03,TCDML,TD,X,X,X
Chile,CLARO CL,Claro Chile S.A.,73003,730,03,CHLSM,CL,X,X,X
Chile,Colo-Colo MóvilWanderers Móvil,Telestar Móvil S.A.,73012,730,12,,CL,,,
Chile,Telsur,Blue Two Chile S.A.,73006,730,06,,CL,,,
Chile,VTR Móvil,VTR S.A.,73008,730,08,,CL,,,
Chile,Virgin Mobile,Tribe Mobile Chile SPA,73013,730,13,,CL,,,
Chile,WOM,Novator Partners,73004,730,04,,CL,,,
Chile,WOM,Novator Partners,73009,730,09,,CL,,X,X
Chile,Will,WILL Telefonía,73099,730,99,,CL,X,X,
Chile,entel,Entel Telefonía Móvil S.A.,73001,730,01,CHLMV,CL,X,X,X
Chile,entel,Entel Telefonía Móvil S.A.,73010,730,10,,CL,X,X,
Chile,movistar,Telefónica Móvil de Chile,73002,730,02,CHLTM,CL,X,X,X
Chile,movistar,Telefónica Móvil de Chile,73007,730,07,,CL,,,
Chile,móvil Falabella,Sociedad Falabella Móvil SPA,73019,730,19,,CL,,,
China,China Mobile,China Mobile,46002,460,02,CHNCM,CN,X,,X
China,China Mobile,China Mobile,46000,460,00,CHNCT,CN,X,,X
China,China Mobile,China Mobile,46007,460,07,CHNTD,CN,X,,X
China,China Mobile,China Mobile,46008,460,08,,CN,,,
China,China Mobile,Global Star Satellite,46004,460,04,,CN,,,
China,China Telecom,China Telecom,46011,460,11,CHNDX,CN,,,
China,China Telecom,China Telecom,46003,460,03,,CN,,,X
China,China Telecom,China Telecom,46005,460,05,,CN,,,X
China,China Tietong,China Tietong,46020,460,20,,CN,X,,
China,China Unicom,China Unicom,46001,460,01,CHNCU,CN,X,X,X
China,China Unicom,China Unicom,46006,460,06,,CN,X,X,
China,China Unicom,China Unicom,46009,460,09,,CN,,,
Colombia,AVANTEL,Avantel S.A.S,732130,732,130,,CO,,X,X
Colombia,Claro,COMCEL S.A.,732101,732,101,COLCM,CO,X,X,X
Colombia,EMCALI,Empresas Municipales de Cali,732099,732,099,,CO,X,,
Colombia,Edatel,Edatel S.A. ESP,732002,732,002,,CO,,,
Colombia,Tigo,Colombia Móvil S.A. ESP,732111,732,111,COLCO,CO,X,X,X
Colombia,Tigo,Colombia Móvil S.A. ESP,732103,732,103,,CO,X,X,X
Colombia,Tigo,Une EPM Telecomunicaciones S.A. E.S.P.,732020,732,020,,CO,,,X
Colombia,Virgin Mobile,Virgin Mobile Colombia S.A.S.,732154,732,154,,CO,,,
Colombia,eTb,Empresa de Telecomunicaciones de Bogotá S.A. ESP,732187,732,187,,CO,,,X
Colombia,movistar,Colombia Telecomunicaciones S.A. ESP,732123,732,123,COLTM,CO,X,X,X
Colombia,movistar,Colombia Telecomunicaciones S.A. ESP,732001,732,001,,CO,,,
Comoros,HURI,Comores Telecom,65401,654,01,COMHR,KM,X,X,
Comoros,TELCO SA,Telecom Malagasy (Telma),65402,654,02,COMTM,KM,X,X,X
Congo,Airtel,Celtel Congo,62901,629,01,COGCT,CG,X,X,X
Congo,Airtel,Warid Telecom,62907,629,07,,CG,X,,
Congo,Libertis Telecom,MTN CONGO S.A,62910,629,10,,CG,X,X,X
Cook Islands,Bluesky,Telecom Cook Islands,54801,548,01,,CK,X,X,X
Costa Rica,Claro,Claro CR Telecomunicaciones (Aló),71203,712,03,CRICL,CR,X,X,X
Costa Rica,Kölbi ICE,Instituto Costarricense de Electricidad,71201,712,01,CRICR,CR,X,X,X
Costa Rica,Kölbi ICE,Instituto Costarricense de Electricidad,71202,712,02,,CR,X,X,X
Costa Rica,fullmóvil,Virtualis S.A.,71220,712,20,,CR,,,
Costa Rica,movistar,Telefónica Móviles Costa Rica,71204,712,04,CRITC,CR,X,X,X
Croatia,A1,A1 Hrvatska,21910,219,10,HRVVI,HR,X,X,X
Croatia,T-Mobile,T-Hrvatski Telekom,21901,219,01,HRVCN,HR,X,X,X
Croatia,Tele2,Tele2,21902,219,02,HRVT2,HR,X,X,X
Cuba,CUBACEL,"Empresa de Telecomunicaciones de Cuba, SA",36801,368,01,CUB01,CU,X,X,
Cyprus,Cytamobile-Vodafone,Cyprus Telecommunications Authority,28001,280,01,CYPCT,CY,X,X,X
Cyprus,Cytamobile-Vodafone,Cyprus Telecommunications Authority,28002,280,02,,CY,,,
Cyprus,Epic,Monaco Telecom,28010,280,10,CYPSC,CY,X,X,X
Cyprus,PrimeTel,PrimeTel PLC,28020,280,20,CYPPT,CY,,X,X
Cyprus,Vectone Mobile,Mundio Mobile Cyprus Ltd.,28023,280,23,,CY,,,
Cyprus,lemontel,Lemontel Ltd,28022,280,22,,CY,,,
Czechia,O2,O2 Czech Republic,23002,230,02,CZEET,CZ,X,X,X
Czechia,T-Mobile,T-Mobile Czech Republic,23001,230,01,CZERM,CZ,X,X,X
Czechia,Vectone Mobile,Mundio Distribution Czech Republic s.r.o.,23009,230,09,,CZ,,,
Czechia,Vodafone,Vodafone Czech Republic,23003,230,03,CZECM,CZ,X,X,X
Czechia,Vodafone,Vodafone Czech Republic,23099,230,99,,CZ,X,,
Congo RDC,Africell,Africell RDC sprl,63090,630,90,CODAC,CD,X,,
Congo RDC,Airtel,Airtel sprl,63002,630,02,CODCT,CD,X,X,
Congo RDC,Orange RDC,Orange RDC sarl,63086,630,86,CODOR,CD,X,X,X
Congo RDC,Orange RDC,Orange RDC sarl,63089,630,89,CODSA,CD,X,X,
Congo RDC,Supercell,Supercell SPRL,63005,630,05,,CD,X,,
Congo RDC,Vodacom,Vodacom Congo RDC sprl,63001,630,01,CODVC,CD,X,X,X
Congo RDC,YTT,Yozma Timeturns sprl,63088,630,88,,CD,X,,
Denmark,3,Hi3G Denmark ApS,23806,238,06,DNKHU,DK,,X,X
Denmark,GSM-R DK,Banedanmark,23823,238,23,,DK,X,,
Denmark,Lycamobile,Lycamobile Denmark Ltd,23812,238,12,,DK,,,
Denmark,Net 1,Ice Danmark ApS,23815,238,15,,DK,,,X
Denmark,SINE,Dansk Beredskabskommunikation A/S,23809,238,09,,DK,,,
Denmark,SINE,Dansk Beredskabskommunikation A/S,23811,238,11,,DK,,,
Denmark,TDC,TDC A/S,23801,238,01,DNKTD,DK,X,X,X
Denmark,TDC,TDC A/S,23810,238,10,,DK,,,
Denmark,Telenor,Telenor Denmark,23802,238,02,DNKDM,DK,X,X,X
Denmark,Telenor,Telenor Denmark,23877,238,77,,DK,X,,
Denmark,Telia,Telia,23820,238,20,DNKIA,DK,X,X,X
Denmark,Telia,Telia Danmark,23896,238,96,,DK,,,
Denmark,TetraNet,Dansk Beredskabskommunikation A/S,23805,238,05,,DK,,,
Denmark,Vectone Mobile,Mundio Mobile (Denmark) Limited,23807,238,07,,DK,,,
Denmark,Viahub,SMS Provider Corp.,23825,238,25,,DK,,,
Denmark,Voxbone,Voxbone mobile,23808,238,08,,DK,,,
Djibouti,Evatis,Djibouti Telecom SA,63801,638,01,DJIDJ,DJ,X,X,X
Dominica,Digicel,Digicel Group Limited,366020,366,020,,DM,X,X,X
Dominica,FLOW,Cable &  Wireless,366110,366,110,DMACW,DM,X,X,X
Dominican Republic,Altice,Altice Group,37001,370,01,,DO,X,X,X
Dominican Republic,Altice,Altice Group,37003,370,03,,DO,,,
Dominican Republic,Claro,Compañía Dominicana de Teléfonos,37002,370,02,DOMCL,DO,X,X,X
Dominican Republic,Viva,"Trilogy Dominicana, S.A.",37004,370,04,,DO,X,,
Dominican Republic,Wind,"WIND Telecom, S.A",37005,370,05,,DO,,,X
Timor-Leste,TT,Timor Telecom,51402,514,02,,TL,X,X,X
Timor-Leste,Telemor,Viettel Timor-Leste,51403,514,03,TLSVG,TL,X,X,X
Timor-Leste,Telkomcel,PT Telekomunikasi Indonesia International,51401,514,01,,TL,X,X,X
Ecuador,CNT Mobile,Corporación Nacional de Telecomunicaciones (CNT EP),74002,740,02,ECUAL,EC,X,X,X
Ecuador,Claro,CONECEL S.A.,74001,740,01,ECUPG,EC,X,X,X
Ecuador,Movistar,Otecel S.A.,74000,740,00,ECUOT,EC,X,X,X
Ecuador,Tuenti,Otecel S.A.,74003,740,03,,EC,,,
Egypt,Etisalat,Etisalat Egypt,60203,602,03,EGYEM,EG,X,X,X
Egypt,Orange,Orange Egypt,60201,602,01,EGYAR,EG,X,X,X
Egypt,Vodafone,Vodafone Egypt,60202,602,02,EGYMS,EG,X,X,X
Egypt,WE,Telecom Egypt,60204,602,04,,EG,,,X
El Salvador,Claro,"CTE Telecom Personal, S.A. de C.V.",70601,706,01,SLVTP,SV,X,X,
El Salvador,Digicel,"Digicel, S.A. de C.V.",70602,706,02,SLVDC,SV,X,X,
El Salvador,RED,"INTELFON, S.A. de C.V.",70605,706,05,,SV,,,
El Salvador,Tigo,Telemovil El Salvador S.A.,70603,706,03,SLVTM,SV,X,X,X
El Salvador,movistar,Telefónica Móviles El Salvador,70604,706,04,SLVTS,SV,X,X,X
Equatorial Guinea,Muni,Green Com S.A.,62703,627,03,GNQHT,GQ,X,X,
Equatorial Guinea,Orange GQ,GETESA,62701,627,01,,GQ,X,,
Eritrea,Eritel,Eritrea Telecommunications Services Corporation,65701,657,01,,ER,X,,
Estonia,Elisa,Elisa Eesti,24802,248,02,ESTRE,EE,X,X,X
Estonia,Kou,Televõrgu AS,24807,248,07,,EE,,,
Estonia,Tele2,Tele2 Eesti,24803,248,03,ESTRB,EE,X,X,X
Estonia,Telia,Telia Eesti,24801,248,01,ESTEM,EE,X,X,X
Estonia,Top Connect,OY Top Connect,24804,248,04,,EE,,,
Estonia,VIVEX,VIVEX OU,24808,248,08,,EE,,,
Estonia,dzinga,SmartTel Plus OÜ,24816,248,16,,EE,,,
Ethiopia,MTN,Ethio Telecom,63601,636,01,ETH01,ET,X,X,X
Falkland Islands,Sure,Sure South Atlantic Ltd.,750001,750,001,,FK,X,,X
Faroe Islands,Faroese Telecom,Faroese Telecom,28801,288,01,FROFT,FO,X,X,X
Faroe Islands,Hey,Vodafone Faroe Islands,28802,288,02,FROKA,FO,X,X,X
Fiji,Digicel,Digicel Fiji,54202,542,02,FJIDP,FJ,X,X,X
Fiji,TFL,Telecom Fiji Ltd,54203,542,03,,FJ,,,X
Fiji,Vodafone,Vodafone Fiji,54201,542,01,,FJ,X,X,X
Finland,Bittium Wireless,Bittium Wireless Oy,24434,244,34,,FI,,,
Finland,Compatel,Compatel Ltd,24426,244,26,,FI,,,
Finland,DNA,DNA Oy,24412,244,12,FIN2G,FI,X,X,X
Finland,DNA,DNA Oy,24403,244,03,FINTA,FI,X,,
Finland,DNA,DNA Oy,24404,244,04,,FI,,,
Finland,DNA,DNA Oy,24413,244,13,,FI,X,,
Finland,Elisa,Elisa Oyj,24405,244,05,FINRL,FI,X,X,X
Finland,Elisa,Elisa Oyj,24406,244,06,,FI,,,
Finland,Elisa- Saunalahti,Elisa Oyj,24421,244,21,,FI,,,
Finland,Kuiri,Ukko Mobile Oy,24431,244,31,,FI,,,
Finland,Nokia,Nokia Solutions and Networks Oy,24407,244,07,,FI,X,X,X
Finland,Nokia,Nokia Solutions and Networks Oy,24408,244,08,,FI,X,X,
Finland,SAMK,Satakunnan ammattikorkeakoulu Oy,24415,244,15,,FI,X,,
Finland,Sonera,TeliaSonera Finland Oyj,24492,244,92,,FI,,,
Finland,Tele2,Oy Finland Tele2 AB,24416,244,16,,FI,,,
Finland,Telia,Telia Finland Oyj,24491,244,91,FINTF,FI,X,X,X
Finland,Telia / DNA,Telia Finland Oyj / Suomen Yhteisverkko Oy,24436,244,36,,FI,X,X,X
Finland,Tismi,Tismi BV,24437,244,37,,FI,,,
Finland,Ukko Mobile,Ukkoverkot Oy,24435,244,35,,FI,,,X
Finland,VIRVE,Suomen Virveverkko Oy,24433,244,33,,FI,,,
Finland,Vectone Mobile,Mundio Mobile Oy,24430,244,30,,FI,,,
Finland,Voxbone,Voxbone SA,24432,244,32,,FI,,,
Finland,Ålcom,Ålands Telekommunikation Ab,24414,244,14,FINAM,FI,X,X,X
France,Bouygues,Bouygues Telecom,20820,208,20,FRAF3,FR,X,X,X
France,Bouygues,Bouygues Telecom,20821,208,21,,FR,X,X,
France,Bouygues,Bouygues Telecom,20888,208,88,,FR,X,,
France,Com4Innov,Association Plate-forme Télécom,20892,208,92,,FR,,,X
France,Free,Iliad,20815,208,15,FRAFM,FR,,X,X
France,Free,Iliad,20816,208,16,,FR,,X,X
France,LEGOS,Local Exchange Global Operation Services,20817,208,17,,FR,,,
France,LycaMobile,LycaMobile,20825,208,25,,FR,,,
France,MobiquiThings,MobiquiThings,20803,208,03,,FR,,,
France,MobiquiThings,MobiquiThings,20824,208,24,,FR,,,
France,NRJ Mobile,Euro-Information Telecom SAS,20826,208,26,,FR,,,
France,Orange,Orange S.A.,20801,208,01,FRAF1,FR,X,X,X
France,Orange,Orange S.A.,20802,208,02,,FR,X,X,
France,Orange,Orange S.A.,20832,208,32,,FR,,,
France,RATP,Régie autonome des transports parisiens,20887,208,87,,FR,,,
France,SFR,Altice,20810,208,10,FRAF2,FR,X,X,X
France,SFR,Altice,20808,208,08,,FR,,,
France,SFR,Altice,20809,208,09,,FR,X,X,X
France,SFR,Altice,20811,208,11,,FR,,X,
France,SFR,Altice,20813,208,13,,FR,X,X,
France,SNCF Réseau,SNCF Réseau,20814,208,14,,FR,X,,
France,Sisteer,Societe d'ingenierie systeme telecom et reseaux,20804,208,04,,FR,,,
France,Transatel Mobile,Transatel,20822,208,22,,FR,,,
France,Truphone,Truphone France,20812,208,12,,FR,,,
France,Vectone Mobile,Mundio Mobile,20831,208,31,,FR,,,
France,Voxbone,Voxbone mobile,20818,208,18,,FR,,,
French Antilles,Chippie,UTS Caraïbe,34003,340,03,,BL/GF/GP/MF/MQ,X,X,X
French Antilles,Dauphin,Dauphin Telecom,34008,340,08,,BL/GF/GP/MF/MQ,X,X,X
French Antilles,Digicel,DIGICEL Antilles Française Guyane,34020,340,20,FRAF4,BL/GF/GP/MF/MQ,X,X,
French Antilles,Free,Free Mobile,34009,340,09,,BL/GF/GP/MF/MQ,,,
French Antilles,Orange,Orange Caraïbe Mobiles,34001,340,01,GLP01,BL/GF/GP/MF/MQ,X,X,X
French Antilles,SFR Caraïbe,Outremer Telecom,34002,340,02,,BL/GF/GP/MF/MQ,X,X,X
French Polynesia,Ora,VITI,54705,547,05,,PF,,,X
French Polynesia,Vini,Onati S.A.S.,54720,547,20,FRATK,PF,X,X,X
French Polynesia,Vodafone,Pacific Mobile Telecom,54715,547,15,,PF,X,X,
Gabon,Airtel,Airtel Gabon S.A.,62803,628,03,GABCT,GA,X,X,X
Gabon,Azur,USAN Gabon S.A.,62804,628,04,GABAZ,GA,X,,
Gabon,Libertis,Gabon Telecom S.A.,62801,628,01,GAB01,GA,X,X,X
Gabon,Moov,Gabon Telecom S.A.,62802,628,02,GABTL,GA,X,X,X
Gabon,RAG,Réseau de l’Administration Gabonaise,62805,628,05,,GA,,,
Gambia,Africell,Africell,60702,607,02,GMBAC,GM,X,X,X
Gambia,Comium,Comium,60703,607,03,,GM,X,,
Gambia,Gamcel,Gamcel,60701,607,01,,GM,X,X,
Gambia,QCell,QCell Gambia,60704,607,04,GMBQC,GM,X,X,X
Georgia,Beeline,Mobitel,28204,282,04,GEOMT,GE,X,X,X
Georgia,Geocell,Silknet,28201,282,01,GEOGC,GE,X,X,X
Georgia,GlobalCell,GlobalCell,28207,282,07,,GE,,,
Georgia,Magti,MagtiCom,28202,282,02,,GE,X,X,X
Georgia,MagtiFix,MagtiCom,28203,282,03,,GE,,,
Georgia,S1,Silknet,28205,282,05,,GE,,,
Georgia,Silk LTE,Silknet,28208,282,08,,GE,,,X
Germany,Airdata,,26215,262,15,,DE,,,
Germany,CCC Event,Chaos Computer Club,26242,262,42,,DE,X,,
Germany,Lycamobile,Lycamobile,26243,262,43,,DE,,,
Germany,O2,Telefónica Germany GmbH & Co. oHG,26207,262,07,DEUE2,DE,X,X,X
Germany,O2,Telefónica Germany GmbH & Co. oHG,26203,262,03,,DE,X,X,X
Germany,O2,Telefónica Germany GmbH & Co. oHG,26205,262,05,,DE,X,X,
Germany,O2,Telefónica Germany GmbH & Co. oHG,26208,262,08,,DE,X,X,
Germany,O2,Telefónica Germany GmbH & Co. oHG,26211,262,11,,DE,X,X,
Germany,O2,Telefónica Germany GmbH & Co. oHG,26217,262,17,,DE,,,
Germany,O2,Telefónica Germany GmbH & Co. oHG,26277,262,77,,DE,X,,
Germany,Simquadrat,sipgate GmbH,26212,262,12,,DE,,,
Germany,Telekom,Telekom Deutschland GmbH,26201,262,01,DEUD1,DE,X,X,X
Germany,Telekom,Telekom Deutschland GmbH,26206,262,06,,DE,X,X,X
Germany,Telekom,Telekom Deutschland GmbH,26278,262,78,,DE,,,
Germany,Vodafone,Vodafone D2 GmbH,26202,262,02,DEUD2,DE,X,X,X
Germany,Vodafone,Vodafone D2 GmbH,26204,262,04,,DE,X,X,
Germany,Vodafone,Vodafone D2 GmbH,26209,262,09,,DE,X,X,X
Germany,Voiceworks,Voiceworks GmbH,26220,262,20,,DE,,,
Germany,simquadrat,sipgate GmbH,26233,262,33,,DE,,,
Ghana,AirtelTigo,Millicom Ghana,62003,620,03,GHAMT,GH,X,X,
Ghana,AirtelTigo,Airtel,62006,620,06,GHAZN,GH,X,X,
Ghana,Blu,Blu Telecommunications,62010,620,10,,GH,,,X
Ghana,Expresso,Kasapa / Hutchison Telecom,62004,620,04,,GH,,,
Ghana,Globacom,Globacom Group,62007,620,07,GHAGM,GH,X,X,
Ghana,MTN,MTN Group,62001,620,01,GHASC,GH,X,X,X
Ghana,NITA,National Information Technology Agency,62009,620,09,,GH,,,
Ghana,Surfline,Surfline Communications Ltd,62008,620,08,,GH,,,X
Ghana,Vodafone,Vodafone Group,62002,620,02,GHAGT,GH,X,X,X
Ghana,busy,BusyInternet,62014,620,14,,GH,,,X
Gibraltar,CTS Mobile,CTS Gibraltar,26606,266,06,,GI,,X,
Gibraltar,GibTel,Gibtelecom,26601,266,01,GIBGT,GI,X,X,X
Gibraltar,Gibfibrespeed,GibFibre Ltd,26603,266,03,,GI,,,
Gibraltar,Shine,Eazitelecom,26609,266,09,,GI,X,X,
Greece,Cosmote,COSMOTE - Mobile Telecommunications S.A.,20201,202,01,GRCCO,GR,X,X,X
Greece,Cosmote,COSMOTE - Mobile Telecommunications S.A.,20202,202,02,,GR,X,X,X
Greece,Cyta Hellas,CYTA,20214,202,14,GRCCT,GR,,,
Greece,Vodafone,Vodafone Greece,20205,202,05,GRCPF,GR,X,X,X
Greece,Wind,Wind Hellas Telecommunications S.A.,20210,202,10,GRCSH,GR,X,X,X
Greece,Wind,Wind Hellas Telecommunications S.A.,20209,202,09,,GR,X,X,X
Greenland,Nuuk TV,inu:it a/s,29002,290,02,,GL,,,X
Grenada,Digicel,Digicel Grenada Ltd.,352030,352,030,,GD,X,X,X
Grenada,FLOW,Cable & Wireless Grenada Ltd.,352110,352,110,GRDCW,GD,X,,X
Guam,Docomo,NTT DoCoMo Pacific,310370,310,370,GUMDP,GU,X,X,X
Guam,Docomo,NTT DoCoMo Pacific,310470,310,470,GUMHT,GU,,,
Guam,GTA Wireless,"Teleguam Holdings, LLC",310140,310,140,,GU,X,X,X
Guam,IT&E Wireless,"IT&E Overseas, Inc",310032,310,032,,GU,X,,X
Guam,iConnect,Wave Runner LLC,310400,310,400,,GU,X,X,X
Guam,iConnect,Wave Runner LLC,310480,310,480,,GU,,,
Guam,iConnect,Wave Runner LLC,311120,311,120,,GU,,,
Guam,iConnect,Wave Runner LLC,311250,311,250,,GU,,,
Guatemala,Claro,"Telecomunicaciones de Guatemala, S.A.",70401,704,01,GTMSC,GT,X,X,X
Guatemala,Tigo,Millicom / Local partners,70402,704,02,,GT,X,X,X
Guatemala,movistar,Telefónica Móviles Guatemala (Telefónica),70403,704,03,GTMTG,GT,X,X,X
Guernsey,Airtel-Vodafone,Guernsey Airtel Ltd,23403,234,03,,GG,X,X,X
Guernsey,JT,JT Group Limited,23450,234,50,GBRJT,GG,X,X,X
Guernsey,Sure Mobile,Sure (Guernsey) Limited,23455,234,55,,GG,X,X,X
Guinea,Cellcom,Cellcom,61105,611,05,,GN,X,X,
Guinea,MTN,Areeba Guinea,61104,611,04,GINAG,GN,X,X,
Guinea,Orange,Orange S.A.,61101,611,01,GINGS,GN,X,,X
Guinea,Sotelgui,Sotelgui Lagui,61102,611,02,,GN,X,,
Guinea,Telecel Guinee,INTERCEL Guinée,61103,611,03,,GN,X,,
Guinea-Bissau,Guinetel,Guinétel S.A.,63201,632,01,,GW,X,,
Guinea-Bissau,Guinetel,Guinétel S.A.,63207,632,07,,GW,X,,
Guinea-Bissau,MTN Areeba,Spacetel Guiné-Bissau S.A.,63202,632,02,GNBSB,GW,X,X,
Guinea-Bissau,Orange,,63203,632,03,,GW,X,X,X
Guyana,Digicel,U-Mobile (Cellular) Inc.,73801,738,01,GUYUM,GY,X,X,
Guyana,GT&T Cellink Plus,Guyana Telephone & Telegraph Co.,738002,738,002,,GY,X,X,X
Haiti,Digicel,Unigestion Holding S.A.,37202,372,02,,HT,X,,
Haiti,Natcom,NATCOM S.A.,37203,372,03,HTIVT,HT,X,,X
Haiti,Voila,Communication Cellulaire d'Haiti S.A.,37201,372,01,HTICL,HT,X,,
Honduras,Claro,Servicios de Comunicaciones de Honduras S.A. de C.V.,708001,708,001,HNDME,HN,X,X,X
Honduras,Digicel,Digicel de Honduras,708040,708,040,HNDDC,HN,X,,
Honduras,Hondutel,Empresa Hondureña de Telecomunicaciones,708030,708,030,,HN,X,X,
Honduras,Tigo,Celtel,708002,708,002,,HN,X,X,X
Hong Kong,1O1O / One2Free / New World Mobility / SUNMobile,CSL Limited,45400,454,00,HKGTC,HK,X,X,X
Hong Kong,3,Hutchison Telecom,45403,454,03,HKGH3,HK,,X,X
Hong Kong,3 (2G),Hutchison Telecom,45404,454,04,HKGHT,HK,X,,
Hong Kong,3 (CDMA),Hutchison Telecom,45405,454,05,,HK,,,
Hong Kong,CMCC HK,China Mobile Hong Kong Company Limited,45412,454,12,HKGPP,HK,X,,X
Hong Kong,CMCC HK,China Mobile Hong Kong Company Limited,45413,454,13,,HK,,,
Hong Kong,CTExcel,China Telecom Global Limited,45431,454,31,,HK,,,
Hong Kong,China Unicom,China Unicom (Hong Kong) Limited,45407,454,07,,HK,,,
Hong Kong,Lycamobile,Lycamobile Hong Kong Ltd,45423,454,23,,HK,,,
Hong Kong,New World Mobility,CSL Limited,45410,454,10,HKGNW,HK,X,,
Hong Kong,PCCW Mobile (2G),PCCW,45416,454,16,HKGMC,HK,X,,
Hong Kong,PCCW Mobile (3G),PCCW-HKT,45419,454,19,HKGM3,HK,,X,
Hong Kong,PCCW Mobile (4G),PCCW-HKT,45420,454,20,,HK,,,X
Hong Kong,PCCW Mobile (CDMA),PCCW-HKT,45429,454,29,,HK,,,
Hong Kong,SmarTone,SmarTone Mobile Communications Limited,45406,454,06,HKGSM,HK,X,X,X
Hong Kong,Truphone,Truphone Limited,45408,454,08,,HK,,,
Hungary,DIGI,DIGI Telecommunication Ltd.,21603,216,03,,HU,,,X
Hungary,MAV GSM-R,Magyar Államvasutak,21699,216,99,,HU,X,,
Hungary,T-Mobile,Magyar Telekom Plc,21630,216,30,HUNH2,HU,X,X,X
Hungary,Telenor Hungary,Telenor Magyarország Zrt.,21601,216,01,HUNH1,HU,X,X,X
Hungary,Vodafone,Vodafone Magyarország Zrt.,21670,216,70,HUNVR,HU,X,X,X
Hungary,upc,UPC Hungary Ltd.,21671,216,71,,HU,,,
Iceland,IceCell,IceCell ehf,27407,274,07,,IS,X,,
Iceland,Nova,Nova ehf,27411,274,11,ISLNO,IS,,X,X
Iceland,On-waves,Iceland Telecom,27408,274,08,,IS,X,,
Iceland,Síminn,Iceland Telecom,27401,274,01,ISLPS,IS,X,X,X
Iceland,Síminn,Iceland Telecom,27431,274,31,,IS,,,
Iceland,Tal,IP fjarskipti,27412,274,12,,IS,,,
Iceland,Viking,IMC Island ehf,27404,274,04,ISLVW,IS,X,,
Iceland,Vodafone,Og fjarskipti hf,27402,274,02,ISLTL,IS,X,X,X
Iceland,Vodafone,Og fjarskipti hf,27403,274,03,,IS,,,
India,AIRCEL,West Bengal,40417,404,17,IND03,IN,X,,
India,AIRCEL,Bihar,40425,404,25,IND04,IN,X,,
India,AIRCEL,Orissa,40428,404,28,IND05,IN,X,,
India,AIRCEL,Assam,40429,404,29,IND06,IN,X,,
India,AIRCEL,Kolkata,40491,404,91,IND09,IN,X,,
India,AIRCEL,Uttar Pradesh (East),405810,405,810,IND17,IN,X,,
India,AIRCEL,Uttar Pradesh (West),405811,405,811,IND18,IN,X,,
India,AIRCEL,Delhi & NCR,405800,405,800,IND19,IN,X,,
India,AIRCEL,Kerala,405809,405,809,IND20,IN,X,,
India,AIRCEL,Mumbai,405805,405,805,IND21,IN,X,,
India,AIRCEL,Karnataka,405803,405,803,IND22,IN,X,,
India,AIRCEL,Andhra Pradesh and Telangana,405801,405,801,IND23,IN,X,,
India,AIRCEL,Maharashtra & Goa,405804,405,804,IND24,IN,X,,
India,AIRCEL,Punjab,405812,405,812,IND25,IN,X,,
India,AIRCEL,Rajasthan,405806,405,806,IND26,IN,X,,
India,AIRCEL,Madhya Pradesh,405808,405,808,IND27,IN,X,,
India,AIRCEL,Gujarat,405802,405,802,IND28,IN,X,,
India,AIRCEL,Haryana,405807,405,807,IND29,IN,X,,
India,AirTel,Uttar Pradesh (East),40554,405,54,IND10,IN,X,,
India,AirTel,Orissa,40553,405,53,IND11,IN,X,,
India,AirTel,Bihar & Jharkhand,40552,405,52,IND12,IN,X,,
India,AirTel,West Bengal,40551,405,51,IND14,IN,X,,
India,AirTel,Assam,40556,405,56,IND15,IN,X,,
India,AirTel,Mumbai,40492,404,92,INDA1,IN,X,X,
India,AirTel,Maharashtra,40490,404,90,INDA2,IN,X,,
India,AirTel,Gujarat,40498,404,98,INDA3,IN,,,
India,AirTel,Tamil Nadu,40494,404,94,INDA4,IN,,,
India,AirTel,Haryana,40496,404,96,INDA5,IN,X,,
India,AirTel,Uttar Pradesh (West),40497,404,97,INDA6,IN,,,
India,AirTel,Kerala,40495,404,95,INDA7,IN,X,,
India,AirTel,Madhya Pradesh,40493,404,93,INDA8,IN,X,,
India,AirTel,Punjab,40402,404,02,INDA9,IN,X,,
India,AirTel,Delhi & NCR,40410,404,10,INDAT,IN,X,,
India,AirTel,Himachal Pradesh,40403,404,03,INDBL,IN,X,,
India,AirTel,Rajasthan,40470,404,70,INDH1,IN,,,
India,AirTel,Kolkata,40431,404,31,INDMT,IN,X,,
India,AirTel,Chennai,40440,404,40,INDSC,IN,,,
India,Aircel,Himachal Pradesh,40435,404,35,IND02,IN,X,,
India,Aircel,Tamil Nadu,40442,404,42,INDAC,IN,X,,
India,Aircel,Chennai,40441,404,41,INDRC,IN,X,,
India,Aircel,Jammu & Kashmir,40437,404,37,,IN,X,X,
India,Airtel,North East,40416,404,16,IND16,IN,X,,
India,Airtel,Karnataka,40445,404,45,INDJ8,IN,X,,X
India,Airtel,Andhra Pradesh and Telangana,40449,404,49,INDJH,IN,X,,
India,Airtel,Jammu & Kashmir,40555,405,55,,IN,X,,
India,DOLPHIN,Delhi & NCR,40468,404,68,INDDL,IN,X,X,
India,DOLPHIN,Mumbai,40469,404,69,INDMB,IN,X,X,
India,Dishnet Wireless,Unknown,40448,404,48,,IN,X,,
India,Etisalat DB(cheers),Andhra Pradesh and Telangana,405912,405,912,,IN,X,,
India,Etisalat DB(cheers),Delhi & NCR,405913,405,913,,IN,X,,
India,Etisalat DB(cheers),Gujarat,405914,405,914,,IN,X,,
India,Etisalat DB(cheers),Kerala,405917,405,917,,IN,X,,
India,IDEA,Andhra Pradesh and Telangana,40407,404,07,IND07,IN,X,,
India,IDEA,Gujarat,40424,404,24,INDBI,IN,X,,
India,IDEA,Maharashtra & Goa,40422,404,22,INDBO,IN,X,,
India,IDEA,Haryana,40412,404,12,INDEH,IN,X,,
India,IDEA,Kerala,40419,404,19,INDEK,IN,X,,
India,IDEA,Uttar Pradesh (West),40456,404,56,INDEU,IN,X,,
India,IDEA,Bihar & Jharkhand,40570,405,70,INDIB,IN,X,,
India,IDEA,Delhi & NCR,40404,404,04,INDID,IN,X,,
India,IDEA,Himachal Pradesh,40482,404,82,INDIH,IN,,,
India,IDEA,Kolkata,405848,405,848,INDIK,IN,X,,
India,IDEA,Mumbai,405799,405,799,INDIM,IN,X,,
India,IDEA,Orissa,405850,405,850,INDIO,IN,X,,
India,IDEA,Rajasthan,40487,404,87,INDIR,IN,,,
India,IDEA,Tamil Nadu,405852,405,852,INDIT,IN,X,,
India,IDEA,Uttar Pradesh (East),40489,404,89,INDIU,IN,,,
India,IDEA,West Bengal,405853,405,853,INDIW,IN,X,,
India,IDEA,Madhya Pradesh & Chattishgarh,40478,404,78,INDMP,IN,X,X,
India,IDEA,Karnataka,40444,404,44,INDSK,IN,X,,X
India,IDEA,Punjab,40414,404,14,INDSP,IN,X,,
India,IDEA,Andhra Pradesh and Telangana,405908,405,908,,IN,X,,
India,IDEA,Assam,405845,405,845,,IN,X,,
India,IDEA,Delhi,405909,405,909,,IN,X,,
India,IDEA,Haryana,405910,405,910,,IN,X,,
India,IDEA,Jammu & Kashmir,405846,405,846,,IN,X,,
India,IDEA,Karnataka,405847,405,847,,IN,X,,
India,IDEA,Maharashtra,405911,405,911,,IN,X,,
India,IDEA,North East,405849,405,849,,IN,X,,
India,IDEA,Punjab,405851,405,851,,IN,X,,
India,Jio,West Bengal,405840,405,840,INDJ1,IN,,,X
India,Jio,Andhra Pradesh,405854,405,854,INDJ2,IN,,,X
India,Jio,Assam,405855,405,855,INDJ3,IN,,,X
India,Jio,Bihar,405856,405,856,INDJ4,IN,,,X
India,Jio,Gujarat,405857,405,857,INDJ5,IN,,,X
India,Jio,Haryana,405858,405,858,INDJ6,IN,,,X
India,Jio,Himachal Pradesh,405859,405,859,INDJ7,IN,,,X
India,Jio,Karnataka,405861,405,861,INDJ9,IN,,,X
India,Jio,Kerala,405862,405,862,INDJL,IN,,,X
India,Jio,Madhya Pradesh,405863,405,863,INDJM,IN,,,X
India,Jio,Maharashtra,405864,405,864,INDJN,IN,,,X
India,Jio,North East,405865,405,865,INDJO,IN,,,X
India,Jio,Orissa,405866,405,866,INDJP,IN,,,X
India,Jio,Punjab,405867,405,867,INDJQ,IN,,,X
India,Jio,Rajasthan,405868,405,868,INDJR,IN,,,X
India,Jio,Tamil Nadu (incl. Chennai),405869,405,869,INDJS,IN,,,X
India,Jio,Uttar Pradesh (West),405870,405,870,INDJT,IN,,,X
India,Jio,Uttar Pradesh (East),405871,405,871,INDJU,IN,,,X
India,Jio,Delhi,405872,405,872,INDJV,IN,,,X
India,Jio,Kolkata,405873,405,873,INDJW,IN,,,X
India,Jio,Mumbai,405874,405,874,INDJX,IN,,,X
India,Jio,Jammu & Kashmir,405860,405,860,,IN,,,X
India,Loop Mobile,Mumbai,40421,404,21,,IN,X,,
India,Reliance,Madhya Pradesh & Chhattisgarh,40467,404,67,INDRM,IN,X,X,
India,Reliance,Andhra Pradesh and Telangana,40501,405,01,,IN,X,,
India,Reliance,Assam,40409,404,09,,IN,X,,
India,Reliance,Bihar,40503,405,03,,IN,X,,
India,Reliance,Bihar & Jharkhand,40436,404,36,,IN,X,,
India,Reliance,Chennai,40504,405,04,,IN,X,,
India,Reliance,Delhi & NCR,40505,405,05,,IN,X,,
India,Reliance,Gujarat,40506,405,06,,IN,X,,
India,Reliance,Haryana,40507,405,07,,IN,X,,
India,Reliance,Himachal Pradesh,40418,404,18,,IN,X,,
India,Reliance,Himachal Pradesh,40508,405,08,,IN,X,,
India,Reliance,Jammu & Kashmir,40509,405,09,,IN,X,X,
India,Reliance,Karnataka,40510,405,10,,IN,X,,
India,Reliance,Kerala,40511,405,11,,IN,X,,
India,Reliance,Kolkata,40483,404,83,,IN,X,,
India,Reliance,Kolkata,40512,405,12,,IN,X,,
India,Reliance,Madhya Pradesh,40514,405,14,,IN,X,,
India,Reliance,Maharashtra & Goa,40513,405,13,,IN,X,,
India,Reliance,Mumbai,40515,405,15,,IN,X,X,
India,Reliance,North East,40450,404,50,,IN,X,,
India,Reliance,Orissa,40452,404,52,,IN,X,,
India,Reliance,Orissa,40517,405,17,,IN,X,,
India,Reliance,Punjab,40518,405,18,,IN,X,,
India,Reliance,Rajasthan,40519,405,19,,IN,X,,
India,Reliance,Tamil Nadu,40520,405,20,,IN,X,,
India,Reliance,Uttar Pradesh (East),40521,405,21,,IN,X,,
India,Reliance,Uttar Pradesh (West),40522,405,22,,IN,X,,
India,Reliance,West Bengal,40485,404,85,,IN,X,,
India,Reliance,West Bengal,40523,405,23,,IN,X,,
India,S Tel,Assam,405881,405,881,,IN,X,,
India,TATA DOCOMO,Andhra Pradesh and Telangana,405025,405,025,INDT0,IN,X,X,
India,TATA DOCOMO,Karnataka,405034,405,034,INDT1,IN,X,X,
India,TATA DOCOMO,Tamil Nadu including Chennai,405044,405,044,INDT2,IN,X,,
India,TATA DOCOMO,Kerala,405035,405,035,INDT3,IN,X,X,
India,TATA DOCOMO,Himachal Pradesh,405032,405,032,INDT4,IN,X,X,
India,TATA DOCOMO,Madhya Pradesh,405038,405,038,INDT5,IN,X,X,
India,TATA DOCOMO,Maharashtra & Goa,405037,405,037,INDT6,IN,X,X,
India,TATA DOCOMO,Uttar Pradesh (E),405045,405,045,INDT7,IN,X,,
India,TATA DOCOMO,Uttar Pradesh (W) & Uttarakhand,405046,405,046,INDT8,IN,X,X,
India,TATA DOCOMO,West Bengal,405047,405,047,INDT9,IN,X,,
India,TATA DOCOMO,Bihar/Jharkhand,405027,405,027,INDTB,IN,X,,
India,TATA DOCOMO,Delhi,405029,405,029,INDTD,IN,,,
India,TATA DOCOMO,Gujarat,405030,405,030,INDTG,IN,X,X,
India,TATA DOCOMO,Haryana,405031,405,031,INDTH,IN,X,X,
India,TATA DOCOMO,Kolkata,405036,405,036,INDTK,IN,X,,
India,TATA DOCOMO,Mumbai,405039,405,039,INDTM,IN,X,,
India,TATA DOCOMO,Orissa,405041,405,041,INDTO,IN,X,,
India,TATA DOCOMO,Punjab,405042,405,042,INDTP,IN,X,X,
India,TATA DOCOMO,Rajasthan,405043,405,043,INDTR,IN,X,X,
India,TATA DOCOMO,Assam,405026,405,026,,IN,,,
India,TATA DOCOMO,Chennai,405028,405,028,,IN,X,,
India,TATA DOCOMO,Jammu & Kashmir,405033,405,033,,IN,,,
India,Uninor,Andhra Pradesh and Telangana,405819,405,819,,IN,X,,
India,Uninor,Assam,405875,405,875,,IN,X,,
India,Uninor,Delhi & NCR,405844,405,844,,IN,X,,
India,Uninor,Gujarat,405927,405,927,,IN,,,
India,Uninor,Karnataka,405820,405,820,,IN,X,,
India,Uninor,Kerala,405821,405,821,,IN,X,,
India,Uninor,Kolkata,405822,405,822,,IN,X,,
India,Uninor,Maharashtra,405929,405,929,,IN,X,,
India,Uninor,Uttar Pradesh (West),405818,405,818,,IN,X,,
India,Uninor,West Bengal,405880,405,880,,IN,X,,
India,Videocon Datacom,Assam,405824,405,824,,IN,X,,
India,Videocon Datacom,Gujarat,405827,405,827,,IN,X,,
India,Videocon Datacom,Madhya Pradesh,405834,405,834,,IN,X,,
India,Vodafone India,Kerala,40446,404,46,INDBK,IN,X,,
India,Vodafone India,Maharashtra & Goa,40427,404,27,INDBM,IN,X,,
India,Vodafone India,Tamil Nadu,40443,404,43,INDBT,IN,X,,
India,Vodafone India,Kolkata,40430,404,30,INDCC,IN,X,,
India,Vodafone India,Delhi & NCR,40411,404,11,INDE1,IN,X,,
India,Vodafone India,Gujarat,40405,404,05,INDF1,IN,X,,
India,Vodafone India,Mumbai,40420,404,20,INDHM,IN,X,X,
India,Vodafone India,Andhra Pradesh and Telangana,40413,404,13,,IN,X,,
India,Vodafone India,Assam,405751,405,751,,IN,X,,
India,Vodafone India,Bihar & Jharkhand,405752,405,752,,IN,X,,
India,Vodafone India,Chennai,40484,404,84,,IN,X,,
India,Vodafone India,Haryana,40401,404,01,,IN,X,,
India,Vodafone India,Himachal Pradesh,405754,405,754,,IN,X,,
India,Vodafone India,Jammu & Kashmir,405750,405,750,,IN,X,,
India,Vodafone India,Karnataka,40486,404,86,,IN,X,X,X
India,Vodafone India,Madhya Pradesh & Chhattisgarh,405756,405,756,,IN,X,,
India,Vodafone India,North East,405755,405,755,,IN,X,,
India,Vodafone India,Orissa,405753,405,753,,IN,X,,
India,Vodafone India,Rajasthan,40460,404,60,,IN,X,,
India,Vodafone India,Uttar Pradesh (East),40415,404,15,,IN,X,,
India,Vodafone India,Uttar Pradesh (West),40566,405,66,,IN,X,,
India,Vodafone India,Vodafone Punjab,40488,404,88,,IN,,,
India,Vodafone India,West Bengal,40567,405,67,,IN,,,
India,cellone,West Bengal,40474,404,74,INDWB,IN,X,X,
India,cellone,Andaman Nicobar,40479,404,79,,IN,X,X,
India,cellone,Andhra Pradesh and Telangana,40473,404,73,,IN,X,X,
India,cellone,Assam,40438,404,38,,IN,X,X,
India,cellone,Bihar,40475,404,75,,IN,X,X,
India,cellone,Chennai,40464,404,64,,IN,X,X,
India,cellone,Gujarat,40457,404,57,,IN,X,X,
India,cellone,Haryana,40434,404,34,,IN,X,X,
India,cellone,Himachal Pradesh,40451,404,51,,IN,X,X,
India,cellone,Jammu & Kashmir,40462,404,62,,IN,X,X,
India,cellone,Karnataka (Bangalore),40471,404,71,,IN,X,X,
India,cellone,Kerala,40472,404,72,,IN,X,X,
India,cellone,Kolkata,40481,404,81,,IN,X,X,
India,cellone,Madhya Pradesh & Chhattisgarh,40458,404,58,,IN,X,X,
India,cellone,Maharashtra & Goa,40466,404,66,,IN,X,X,
India,cellone,North East,40477,404,77,,IN,X,X,
India,cellone,Orissa,40476,404,76,,IN,X,X,
India,cellone,Punjab,40453,404,53,,IN,X,X,
India,cellone,Rajasthan,40459,404,59,,IN,X,X,
India,cellone,Tamil Nadu,40480,404,80,,IN,X,X,
India,cellone,Uttar Pradesh (East),40455,404,55,,IN,X,,
India,cellone,Uttar Pradesh (West),40454,404,54,,IN,X,,
Indonesia,3,PT Hutchison CP Telecommunications,51089,510,89,IDN89,ID,X,X,X
Indonesia,AXIS,PT Natrindo Telepon Seluler,51008,510,08,IDNLT,ID,X,X,
Indonesia,BOLT! 4G LTE,PT Internux,51088,510,88,,ID,,,X
Indonesia,Esia,PT Bakrie Telecom,51099,510,99,,ID,,,
Indonesia,Fren/Hepi,PT Mobile-8 Telecom,51028,510,28,,ID,,,X
Indonesia,Hinet,PT Berca Hardayaperkasa,51078,510,78,,ID,,,X
Indonesia,IM3,PT Indonesian Satellite Corporation Tbk (INDOSAT),51021,510,21,IDNIM,ID,X,,
Indonesia,Indosat Ooredoo,PT Indonesian Satellite Corporation Tbk (INDOSAT),51001,510,01,IDNSL,ID,X,X,X
Indonesia,Net 1,PT Sampoerna Telekomunikasi Indonesia,51027,510,27,,ID,,,X
Indonesia,PSN,PT Pasifik Satelit Nusantara (ACeS),51000,510,00,,ID,,,
Indonesia,Smartfren,PT Smartfren Telecom,51009,510,09,,ID,,,X
Indonesia,StarOne,PT Indosat Tbk,51003,510,03,,ID,,,
Indonesia,TELKOMMobile,PT Telkom Indonesia Tbk,51020,510,20,,ID,X,,
Indonesia,TelkomFlexi,PT Telkom,51007,510,07,,ID,,,
Indonesia,Telkomsel,PT Telekomunikasi Selular,51010,510,10,IDNTS,ID,X,X,X
Indonesia,XL,PT XL Axiata Tbk,51011,510,11,IDNEX,ID,X,X,X
Iran,Avacell(HiWEB),Dadeh Dostar asr Novin p.j.s. co & Information Technology Company of Iran,43212,432,12,,IR,,,X
Iran,Azartel,Azartel Mobile,43202,432,02,,IR,,,
Iran,Espadan (JV-PJS),Mobile Telecommunications Company of Esfahan,43219,432,19,,IR,X,,
Iran,Farzanegan Pars,Farzanegan Pars,43293,432,93,,IR,X,,
Iran,IR-TCI (Hamrah-e-Avval),Mobile Communications Company of Iran (MCI),43211,432,11,IRN11,IR,X,X,X
Iran,Iraphone,Iraphone,43293,432,93,,IR,X,,
Iran,Iraphone,IRAPHONE GHESHM of Iran,43290,432,90,,IR,X,,
Iran,KOOHE NOOR,Telephone Communications Company of Iran,43271,432,71,,IR,X,,
Iran,MTCE,Telephone Communications Company of Iran,43270,432,70,,IR,X,,
Iran,MTN Irancell,MTN Irancell Telecommunications Services Company,43235,432,35,IRNMI,IR,X,X,X
Iran,Mobinnet,Ertebatat Mobinnet,43240,432,40,,IR,,,X
Iran,Rightel,Social Security Investment Co.,43220,432,20,IRNTT,IR,,X,X
Iran,Rightel,Social Security Investment Co.,43221,432,21,,IR,,X,X
Iran,Samantel,Samantel Mobile,43210,432,10,,IR,,,
Iran,Shatel,Arya Resaneh Tadbir,43250,432,50,,IR,,,
Iran,Shatel Mobile,Shatel Mobile,43208,432,08,,IR,,,
Iran,TCI (GSM WLL),TCI of Iran and Rightel,43299,432,99,,IR,X,,
Iran,TKC/KFZO,Telecommunication Kish Company,43214,432,14,,IR,X,,
Iran,Taliya,TCI of Iran and Iran Mobin,43232,432,32,,IR,X,,
Iran,Uname,Ertebatat Iran,43201,432,01,,IR,,,X
Iraq,Asia Cell,Asia Cell Telecommunications Company,41805,418,05,IRQAC,IQ,X,,
Iraq,Asia Cell,Asia Cell Telecommunications Company,41800,418,00,,IQ,X,,
Iraq,Itisaluna,Itisaluna Wireless CO.,41862,418,62,,IQ,,,
Iraq,Korek,Telecom Ltd,41840,418,40,,IQ,X,,
Iraq,Mobitel,Mobitel Co. Ltd.,41845,418,45,,IQ,,X,
Iraq,Omnnea,Omnnea Wireless,41892,418,92,,IQ,,,
Iraq,SanaTel,,41808,418,08,,IQ,X,,
Iraq,Zain,Zain Iraq,41820,418,20,,IQ,X,,
Iraq,Zain,Zain Iraq,41830,418,30,,IQ,X,,
Ireland,3,Hutchison 3G Ireland limited,27202,272,02,IRLDF,IE,X,X,
Ireland,3,Hutchison 3G Ireland limited,27205,272,05,IRLH3,IE,,X,X
Ireland,3,Hutchison 3G Ireland limited,27217,272,17,,IE,,,
Ireland,Carphone Warehouse,Carphone Warehouse,27216,272,16,,IE,,,
Ireland,Eir,Eir Group plc,27203,272,03,IRLME,IE,X,X,X
Ireland,Eir,Eir Group plc,27207,272,07,,IE,X,X,
Ireland,Eir,Eir Group plc,27208,272,08,,IE,,,
Ireland,Lycamobile,Lycamobile,27213,272,13,,IE,,,
Ireland,Tesco Mobile,Liffey Telecom,27211,272,11,,IE,,,
Ireland,Virgin Mobile,UPC,27215,272,15,,IE,,,
Ireland,Vodafone,Vodafone Ireland,27201,272,01,IRLEC,IE,X,X,X
Isle of Man,Cloud 9 Mobile,Cloud 9 Mobile Communications PLC,23418,234,18,,IM,X,X,
Isle of Man,Pronto GSM,Manx Telecom,23458,234,58,GBRMT,IM,X,X,X
Isle of Man,Sure Mobile,Sure Isle of Man Ltd.,23436,234,36,,IM,X,,X
Israel,012 Mobile,Partner Communications Company Ltd.,42524,425,24,,IL,,,
Israel,019 Mobile,019 Communication Services Ltd. / TELZAR,42519,425,19,,IL,,,
Israel,Annatel,LB Annatel Ltd.,42526,425,26,,IL,,,
Israel,Bezeq,Bezeq The Israeli Telecommunication Corp Ltd.,42520,425,20,,IL,,,
Israel,Bezeq International,B.I.P. Communications Ltd.,42521,425,21,,IL,,,
Israel,Cellact Communications,Cellact Communications Ltd.,42518,425,18,,IL,,,
Israel,Cellcom,Cellcom Israel Ltd.,42502,425,02,ISRCL,IL,X,X,X
Israel,Golan Telecom,Golan Telecom Ltd.,42508,425,08,,IL,,X,X
Israel,Home Cellular,Home Cellular Ltd.,42515,425,15,,IL,,,
Israel,Hot Mobile,Hot Mobile Ltd.,42507,425,07,ISRMS,IL,,X,X
Israel,IMOD,Israel Ministry of Defense,42525,425,25,,IL,,,X
Israel,Jawwal,Palestine Cellular Communications Ltd.,42505,425,05,PSEJE,IL,X,,
Israel,Partner,Partner Communications Company Ltd.,42501,425,01,ISR01,IL,X,X,X
Israel,Partner,Partner Communications Company Ltd.,42510,425,10,,IL,X,X,X
Israel,Pelephone,Pelephone Communications Ltd.,42503,425,03,ISRPL,IL,,X,X
Israel,Rami Levy,Rami Levy Communications Ltd.,42516,425,16,,IL,,,
Israel,Sipme,Gale Phone,42517,425,17,,IL,,,
Israel,Wataniya Mobile,Wataniya Palestine Ltd. (Ooredoo),42506,425,06,,IL,X,,
Israel,We4G,Marathon 018 Xphone Ltd.,42509,425,09,,IL,,,X
Israel,Youphone,Alon Cellular Ltd.,42514,425,14,,IL,,,
Israel,x2one,Free Telecom,42512,425,12,,IL,,,
Italy,3,Wind Tre,22299,222,99,ITAH3,IT,,X,X
Italy,3,Wind Tre,22237,222,37,,IT,,,
Italy,BLU,BLU S.p.A.,22298,222,98,,IT,X,,
Italy,BT Italia,BT Italia,22234,222,34,,IT,,,
Italy,COOP Voce,COOP Voce,22253,222,53,,IT,,,
Italy,Digi Mobil,Digi Italy S.r.l.,22236,222,36,,IT,,,
Italy,Elsacom,,22202,222,02,,IT,,,
Italy,Fastweb,Fastweb S.p.A.,22208,222,08,,IT,,,
Italy,IPSE 2000,,22277,222,77,,IT,,X,
Italy,Iliad,Iliad Italia,22250,222,50,ITAFM,IT,,X,X
Italy,Intermatica,,22204,222,04,,IT,,,
Italy,Kena Mobile,Noverca,22207,222,07,,IT,,,
Italy,LINKEM,Linkem S.p.A.,22238,222,38,,IT,,,X
Italy,Lycamobile,Lycamobile,22235,222,35,,IT,,,
Italy,Plintron,,22254,222,54,,IT,,,
Italy,Poste Mobile,Poste Mobile S.p.A.,22233,222,33,,IT,,,
Italy,RFI,Rete Ferroviaria Italiana,22230,222,30,,IT,X,,
Italy,SMS Italia,SMS Italia S.r.l.,22239,222,39,,IT,,,
Italy,TIM,Telecom Italia S.p.A,22201,222,01,ITASI,IT,X,X,X
Italy,TIM,Telecom Italia S.p.A.,22243,222,43,,IT,,,
Italy,TIM,Telecom Italia S.p.A.,22248,222,48,,IT,,,
Italy,Telespazio,,22205,222,05,,IT,,,
Italy,Tiscali,Tiscali S.p.A.,22247,222,47,,IT,,,X
Italy,Unknown,Mass Response GMBH,22256,222,56,,IT,,,
Italy,Vianova,Welcome Italia S.p.A.,22249,222,49,,IT,,,
Italy,Vodafone,Vodafone Italia S.p.A.,22210,222,10,ITAOM,IT,X,X,X
Italy,Vodafone,Vodafone Italia S.p.A.,22206,222,06,,IT,,,
Italy,Wind,Wind Tre,22288,222,88,ITAWI,IT,X,X,X
Côte d’Ivoire,GreenN,Oricel,61206,612,06,,CI,X,,
Côte d’Ivoire,KoZ,Comium Ivory Coast Inc,61204,612,04,,CI,X,,
Côte d’Ivoire,MTN,Loteny Telecom,61205,612,05,CIVTL,CI,X,X,X
Côte d’Ivoire,Moov,Atlantique Cellulaire,61202,612,02,CIV02,CI,X,X,X
Côte d’Ivoire,Orange,Orange,61203,612,03,,CI,X,X,X
Côte d’Ivoire,café,Aircomm,61207,612,07,,CI,X,,
Jamaica,Caricel,Symbiote Investment Limited,338040,338,040,,JM,,,X
Jamaica,Claro,Oceanic Digital Jamaica Limited,338070,338,070,,JM,X,X,
Jamaica,Digicel,Digicel (Jamaica) Limited,338050,338,050,JAMDC,JM,X,X,X
Jamaica,FLOW,Cable & Wireless Communications,338180,338,180,JAMCW,JM,X,X,X
Jamaica,FLOW,Cable & Wireless Communications,338110,338,110,,JM,,,
Jamaica,FLOW,LIME (Cable & Wireless),338020,338,020,,JM,,,
Japan,IIJmio,Internet Initiative Japan Inc.,44003,440,03,,JP,,,
Japan,NTT docomo,"NTT DoCoMo, Inc.",44010,440,10,JPNDO,JP,,X,X
Japan,SoftBank,SoftBank Corp.,44020,440,20,JPNJP,JP,,X,X
Japan,SoftBank,SoftBank Corp.,44021,440,21,,JP,,X,X
Japan,SoftBank,SoftBank Corp.,44101,441,01,,JP,,X,X
Japan,UQ WiMAX,UQ Communications Inc.,44001,440,01,,JP,,,X
Japan,UQ WiMAX,UQ Communications Inc.,44110,441,10,,JP,,,X
Japan,Y!Mobile,SoftBank Corp.,44000,440,00,,JP,,X,
Japan,au,KDDI Corporation,44051,440,51,JPNKI,JP,,,X
Japan,au,KDDI Corporation,44050,440,50,,JP,,,X
Japan,au,KDDI Corporation,44052,440,52,,JP,,,X
Japan,au,KDDI Corporation,44053,440,53,,JP,,,X
Japan,au,KDDI Corporation,44054,440,54,,JP,,,X
Japan,au,KDDI Corporation,44070,440,70,,JP,,,X
Japan,au,KDDI Corporation,44071,440,71,,JP,,,X
Japan,au,KDDI Corporation,44072,440,72,,JP,,,X
Japan,au,KDDI Corporation,44073,440,73,,JP,,,X
Japan,au,KDDI Corporation,44074,440,74,,JP,,,X
Japan,au,KDDI Corporation,44075,440,75,,JP,,,X
Japan,au,KDDI Corporation,44076,440,76,,JP,,,X
Japan,au,Okinawa Cellular Telephone,44078,440,78,,JP,,,
Jersey,Airtel-Vodafone,Jersey Airtel Limited,23403,234,03,,JE,X,X,X
Jersey,JT,JT Group Limited,23450,234,50,GBRJT,JE,X,X,X
Jersey,Sure Mobile,Sure (Jersey) Limited,23455,234,55,,JE,X,X,X
Jordan,Orange,Petra Jordanian Mobile Telecommunications Company (MobileCom),41677,416,77,JORMC,JO,X,,X
Jordan,Umniah,Umniah Mobile Company,41603,416,03,JORUM,JO,X,,X
Jordan,XPress Telecom,XPress Telecom,41602,416,02,,JO,,,
Jordan,Zain,Jordan Mobile Telephone Services,41601,416,01,JORFL,JO,X,,X
Kazakhstan,Altel,Altel,40107,401,07,,KZ,X,X,X
Kazakhstan,Beeline,KaR-Tel LLP,40101,401,01,KAZKT,KZ,X,,X
Kazakhstan,Kazakhtelecom,,40108,401,08,,KZ,,,
Kazakhstan,Kcell,Kcell JSC,40102,401,02,KAZKZ,KZ,X,,X
Kazakhstan,Tele2.kz,MTS,40177,401,77,KAZ77,KZ,X,X,
Kenya,Airtel,Bharti Airtel,63903,639,03,KENKC,KE,X,X,X
Kenya,Faiba 4G,Jamii Telecommunications Limited,63910,639,10,,KE,,,X
Kenya,Safaricom,Safaricom Limited,63902,639,02,KENSA,KE,X,X,X
Kenya,Safaricom,Safaricom Limited,63901,639,01,,KE,,,
Kenya,Telkom,Telkom Kenya,63907,639,07,KENTK,KE,X,X,X
Kenya,yu,Essar Telecom Kenya,63905,639,05,KENEC,KE,X,,
Kiribati,Kiribati - ATH,Amalgamated Telecom Holdings Kiribati Limited,54501,545,01,KIRKL,KI,,X,X
Kiribati,Kiribati - Frigate Net,Amalgamated Telecom Holdings Kiribati Limited,54509,545,09,,KI,X,,
Kuwait,K.S.C Ooredoo,National Mobile Telecommunications,41903,419,03,KWTNM,KW,X,X,X
Kuwait,STC,Saudi Telecom Company,41904,419,04,KWTKT,KW,X,X,X
Kuwait,Zain,Zain Kuwait,41902,419,02,KWTMT,KW,X,X,X
Kyrgyzstan,Beeline,Sky Mobile LLC,43701,437,01,KGZ01,KG,X,X,X
Kyrgyzstan,MegaCom,Alfa Telecom CJSC,43705,437,05,,KG,X,X,X
Kyrgyzstan,O!,NurTelecom LLC,43709,437,09,,KG,X,X,X
Lao,Beeline,VimpelCom Lao Ltd,45708,457,08,LAOTL,LA,X,X,
Lao,ETL,Enterprise of Telecommunications Lao,45702,457,02,LAOET,LA,X,X,
Lao,LaoTel,Lao Telecom,45701,457,01,LAOTC,LA,X,X,X
Lao,Unitel,"Star Telecom Co., Ltd",45703,457,03,LAOAS,LA,X,X,X
Latvia,Bite,Bite Latvija,24705,247,05,,LV,X,X,X
Latvia,IZZI,IZZI,24708,247,08,,LV,,,
Latvia,LMT,Latvian Mobile Telephone,24701,247,01,LVALM,LV,X,X,X
Latvia,TRIATEL,Telekom Baltija,24703,247,03,,LV,,,
Latvia,Tele2,Tele2,24702,247,02,LVABC,LV,X,X,X
Latvia,Xomobile,Camel Mobile,24709,247,09,,LV,,,
Lebanon,Alfa,MIC 1,41501,415,01,LBNFL,LB,X,X,X
Lebanon,Ogero Mobile,Ogero Telecom,41505,415,05,,LB,X,,
Lebanon,Touch,MIC 2,41503,415,03,LBNLC,LB,X,X,X
Lesotho,Econet Telecom,Econet Ezi-cel,65102,651,02,LSOET,LS,X,X,X
Lesotho,Vodacom,Vodacom Lesotho (Pty) Ltd,65101,651,01,LSOVL,LS,X,X,X
Lesotho,Vodacom,Vodacom Lesotho (Pty) Ltd,65110,651,10,,LS,,,
Liberia,LIBTELCO,Liberia Telecommunications Corporation,61820,618,20,,LR,,,
Liberia,Libercell,Atlantic Wireless (Liberia) Inc.,61802,618,02,,LR,,,
Liberia,Lonestar Cell MTN,Lonestar Communications Corporation,61801,618,01,,LR,X,X,
Liberia,Novafone,Novafone Inc.,61804,618,04,,LR,X,X,
Liberia,Orange,Orange Liberia,61807,618,07,,LR,X,X,X
Libya,Al-Jeel Phone,Al-Jeel Al-Jadeed,60602,606,02,,LY,,,
Libya,Hatef Libya,Hatef Libya,60606,606,06,,LY,,,
Libya,Libya Phone,Libya Telecom & Technology (LTT),60603,606,03,,LY,,,X
Libya,Libyana,Libyana,60600,606,00,,LY,X,X,X
Libya,Madar,Al-Madar Al-Jadeed,60601,606,01,LBY01,LY,X,X,X
Liechtenstein,7acht,Salt Liechtenstein AG,29502,295,02,LIEVE,LI,X,X,X
Liechtenstein,Alpmobil,Alpcom AG,29577,295,77,LIETG,LI,X,,
Liechtenstein,Cubic Telecom,Cubic Telecom AG,29506,295,06,,LI,,,
Liechtenstein,FL1,Telecom Liechtenstein AG,29505,295,05,LIEMK,LI,X,X,X
Liechtenstein,Swisscom,Swisscom Schweiz AG,29501,295,01,,LI,X,,X
Lithuania,BITĖ,UAB Bitė Lietuva,24602,246,02,LTUMT,LT,X,X,X
Lithuania,LitRail,Lietuvos geležinkeliai (Lithuanian Railways),24605,246,05,,LT,X,,
Lithuania,MEZON,Lietuvos radijo ir televizijos centras,24608,246,08,,LT,,,X
Lithuania,Mediafon,UAB Mediafon,24606,246,06,,LT,,,
Lithuania,Tele2,"UAB Tele2 (Tele2 AB, Sweden)",24603,246,03,LTU03,LT,X,X,X
Lithuania,Telia,Telia Lietuva,24601,246,01,LTUOM,LT,X,X,X
Luxembourg,CFL,Société Nationale des Chemins de Fer Luxembourgeois,27071,270,71,,LU,X,,
Luxembourg,Orange,Orange S.A.,27099,270,99,LUXVM,LU,X,X,X
Luxembourg,POST,POST Luxembourg,27001,270,01,LUXPT,LU,X,X,X
Luxembourg,Tango,Tango SA,27077,270,77,LUXTG,LU,X,X,X
Macao,3,"Hutchison Telephone (Macau), Limitada",45503,455,03,MACHT,MO,X,,
Macao,3,"Hutchison Telephone (Macau), Limitada",45505,455,05,,MO,,X,X
Macao,CTM,"Companhia de Telecomunicações de Macau, S.A.R.L.",45501,455,01,MACCT,MO,,,X
Macao,CTM,"Companhia de Telecomunicações de Macau, S.A.R.L.",45504,455,04,,MO,,X,
Macao,China Telecom,China Telecom (Macau) Company Limited,45502,455,02,,MO,,,
Macao,China Telecom,China Telecom (Macau) Limitada,45507,455,07,,MO,,,X
Macao,SmarTone,"Smartone – Comunicações Móveis, S.A.",45500,455,00,MACSM,MO,,X,X
Macao,SmarTone,"Smartone – Comunicações Móveis, S.A.",45506,455,06,,MO,,X,
Madagascar,Airtel,Bharti Airtel,64601,646,01,MDGCO,MG,X,X,X
Madagascar,BIP / blueline,Gulfsat Madagascar S.A.,64605,646,05,,MG,,,X
Madagascar,Orange,Orange Madagascar S.A.,64602,646,02,,MG,X,X,X
Madagascar,Sacel,Sacel Madagascar S.A.,64603,646,03,,MG,X,,
Madagascar,Telma,Telma Mobile S.A.,64604,646,04,MDGTM,MG,X,X,X
Malawi,Access,Access Communications Ltd,65002,650,02,,MW,,,X
Malawi,Airtel,Airtel Malawi Limited,65010,650,10,MWICT,MW,X,X,X
Malawi,TNM,Telecom Network Malawi,65001,650,01,MWICP,MW,X,X,X
Malaysia,ATUR 450,Telekom Malaysia Bhd,50201,502,01,,MY,,,
Malaysia,Altel,Altel Communications Sdn Bhd,502156,502,156,,MY,,,
Malaysia,Celcom,Celcom Axiata Berhad,50219,502,19,MYSCC,MY,X,X,X
Malaysia,Celcom,Celcom Axiata Berhad,50213,502,13,MYSMR,MY,X,X,X
Malaysia,Clixster,Clixster Mobile Sdn Bhd,502155,502,155,,MY,,,
Malaysia,DiGi,DiGi Telecommunications,50216,502,16,MYSMT,MY,X,X,X
Malaysia,Electcoms,Electcoms Berhad,50220,502,20,,MY,,,
Malaysia,Maxis,Maxis Communications Berhad,50212,502,12,MYSBC,MY,X,X,X
Malaysia,Maxis,Maxis Communications Berhad,50217,502,17,,MY,X,X,X
Malaysia,SalamFone,Baraka Telecom Sdn Bhd,502151,502,151,,MY,,,
Malaysia,TM Homeline,Telekom Malaysia Bhd,50211,502,11,,MY,,,X
Malaysia,Telin,Telekomunikasi Indonesia International (M) Sdn Bhd,502157,502,157,,MY,,,
Malaysia,Tron,Talk Focus Sdn Bhd,502154,502,154,,MY,,,
Malaysia,Tune Talk,Tune Talk Sdn Bhd,502150,502,150,,MY,,,
Malaysia,U Mobile,U Mobile Sdn Bhd,50218,502,18,MYSMI,MY,,X,X
Malaysia,Yes,YTL Communications Sdn Bhd,502152,502,152,,MY,,,X
Malaysia,unifi,Webe Digital Sdn Bhd,502153,502,153,,MY,,,X
Maldives,Dhiraagu,Dhivehi Raajjeyge Gulhun,47201,472,01,MDV01,MV,X,X,X
Maldives,Ooredoo,Wataniya Telecom Maldives,47202,472,02,MDVWM,MV,X,X,X
Mali,Malitel,Malitel SA,61001,610,01,,ML,X,X,X
Mali,Orange,Orange Mali SA,61002,610,02,MLI02,ML,X,X,X
Mali,Telecel,Alpha Telecommunication Mali S.A.,61003,610,03,,ML,X,X,
Malta,GO,Mobile Communications Limited,27821,278,21,MLTGO,MT,X,X,X
Malta,GO,Mobile Communications Limited,27830,278,30,,MT,,,
Malta,Melita,Melita,27877,278,77,,MT,,X,X
Malta,Vodafone,Vodafone Malta,27801,278,01,MLTTL,MT,X,X,X
Mauritania,Chinguitel,Chinguitel,60902,609,02,,MR,X,X,
Mauritania,Mattel,Mattel,60901,609,01,MRTMT,MR,X,,
Mauritania,Mauritel,Mauritel Mobiles,60910,609,10,,MR,X,,
Mauritius,CHILI,Mahanagar Telephone Mauritius Limited (MTML),61703,617,03,MUSMT,MU,X,X,X
Mauritius,Emtel,Emtel Ltd.,61710,617,10,MUSEM,MU,X,X,X
Mauritius,MOKOZE / AZU,Mahanagar Telephone Mauritius Limited (MTML),61702,617,02,,MU,,,
Mauritius,my.t,Cellplus Mobile Communications Ltd.,61701,617,01,MUSCP,MU,X,X,X
Mexico,AT&T,AT&T Mexico,334090,334,090,MEXN3,MX,,X,X
Mexico,AT&T,AT&T Mexico,334010,334,010,,MX,,,
Mexico,AT&T / Unefon,AT&T Mexico,334050,334,050,MEXIU,MX,X,X,X
Mexico,Altan Redes,Altán Redes S.A.P.I. de C.V.,334140,334,140,MEXAL,MX,,,X
Mexico,Movistar,Telefónica,334030,334,030,MEXMS,MX,,,
Mexico,Telcel,América Móvil,334020,334,020,MEXTL,MX,X,X,X
Mexico,Ultranet,"Ultravisión, S.A. de C.V.",334150,334,150,,MX,,,X
Mexico,Unefon,AT&T Mexico,334040,334,040,,MX,,,
Mexico,Unefon,AT&T Mexico,334070,334,070,,MX,,,
Mexico,Unefon,AT&T Mexico,334080,334,080,,MX,,,
Moldova,Eventis,Eventis Telecom,25904,259,04,,MD,X,,
Moldova,IDC,Interdnestrcom,25500,255,00,,MD,,,
Moldova,IDC,Interdnestrcom,25915,259,15,,MD,,,X
Moldova,Moldcell,,25902,259,02,MDAMC,MD,X,X,X
Moldova,Orange,Orange Moldova,25901,259,01,MDAVX,MD,X,X,X
Moldova,Unité,Moldtelecom,25903,259,03,,MD,,,
Moldova,Unité,Moldtelecom,25905,259,05,,MD,,X,X
Moldova,Unité,Moldtelecom,25999,259,99,,MD,,X,
Monaco,Office des Telephones,Monaco Telecom,21210,212,10,MCOM2,MC,X,X,X
Mongolia,G-Mobile,G-Mobile LLC,42898,428,98,,MN,,X,
Mongolia,Mobicom,Mobicom Corporation,42899,428,99,MNGMC,MN,X,X,X
Mongolia,Skytel,Skytel LLC,42891,428,91,,MN,,X,
Mongolia,Unitel,Unitel LLC,42888,428,88,MNGMN,MN,X,X,X
Montenegro,T-Mobile,T-Mobile Montenegro LLC,29702,297,02,,ME,X,X,X
Montenegro,Telenor,Telenor Montenegro,29701,297,01,MNEPM,ME,X,X,X
Montenegro,m:tel CG,MTEL CG,29703,297,03,MNEMT,ME,X,X,
Montserrat,FLOW,Cable & Wireless,354860,354,860,MSRCW,MS,X,,
Morocco,IAM,Ittissalat Al-Maghrib (Maroc Telecom),60401,604,01,MARM1,MA,X,X,X
Morocco,IAM,Ittissalat Al-Maghrib (Maroc Telecom),60406,604,06,,MA,,,
Morocco,INWI,Wana Corporate,60402,604,02,MARM3,MA,X,,
Morocco,INWI,Wana Corporate,60405,604,05,,MA,X,X,X
Morocco,Orange,Médi Télécom,60400,604,00,MARMT,MA,X,X,X
Mozambique,Movitel,"Movitel, SA",64303,643,03,MOZVG,MZ,X,X,X
Mozambique,Vodacom,"Vodacom Mozambique, S.A.",64304,643,04,MOZVC,MZ,X,X,X
Mozambique,mCel,Mocambique Celular S.A.,64301,643,01,MOZ01,MZ,X,X,
Myanmar,ACS,"Amara Communication Co., Ltd",41420,414,20,,MM,,,X
Myanmar,ACS,"Amara Communication Co., Ltd",41421,414,21,,MM,,,X
Myanmar,CDMA800,Myanmar Economic Corporation,41403,414,03,,MM,,,
Myanmar,MPT,Myanmar Posts and Telecommunications,41401,414,01,MMRPT,MM,X,X,X
Myanmar,MPT,Myanmar Posts and Telecommunications,41400,414,00,,MM,,,
Myanmar,MPT,Myanmar Posts and Telecommunications,41402,414,02,,MM,,,
Myanmar,MPT,Myanmar Posts and Telecommunications,41404,414,04,,MM,,,
Myanmar,Mytel,"Myanmar National Tele & Communication Co., Ltd",41409,414,09,,MM,X,X,X
Myanmar,Ooredoo,Ooredoo Myanmar,41405,414,05,MMROM,MM,,X,X
Myanmar,Telenor,Telenor Myanmar,41406,414,06,MMRTN,MM,X,X,X
Namibia,MTC,MTC Namibia,64901,649,01,NAM01,,X,X,X
Namibia,TN Mobile,Telecom Namibia,64903,649,03,NAM03,,X,X,X
Namibia,switch,Telecom Namibia,64902,649,02,,,,,
Nauru,Digicel,Digicel (Nauru) Corporation,53602,536,02,,NR,X,X,X
Nepal,Namaste / NT Mobile / Sky Phone,Nepal Telecom (NDCL),42901,429,01,NPLNM,NP,X,X,X
Nepal,Ncell,Ncell Pvt. Ltd.,42902,429,02,NPLM2,NP,X,X,X
Nepal,SmartCell,Smart Telecom Pvt. Ltd. (STPL),42904,429,04,,NP,X,,X
Nepal,UTL,United Telecom Limited,42903,429,03,,NP,,,
Netherlands,Intercity Zakelijk,Intercity Mobile Communications B.V.,20417,204,17,,NL,,,
Netherlands,KPN,KPN Mobile The Netherlands B.V.,20408,204,08,NLDPT,NL,X,X,X
Netherlands,KPN,KPN B.V.,20410,204,10,,NL,X,X,X
Netherlands,Lycamobile,Lycamobile Netherlands Limited,20409,204,09,,NL,,,
Netherlands,Odido,Odido,20420,204,20,NLDDT,NL,X,X,X
Netherlands,Odido,Odido,20416,204,16,NLDPN,NL,X,X,X
Netherlands,Tele2,Tele2 Nederland B.V.,20402,204,02,,NL,,,X
Netherlands,Telfort,KPN Mobile The Netherlands B.V.,20412,204,12,,NL,,,
Netherlands,Vectone Mobile,Mundio Mobile (Netherlands) Ltd,20406,204,06,,NL,,,
Netherlands,Vodafone,Vodafone Libertel B.V.,20404,204,04,NLDLT,NL,X,,X
Netherlands,Voiceworks,Voiceworks B.V.,20403,204,03,,NL,X,,
Netherlands,Voxbone,Voxbone mobile,20462,204,62,,NL,,,
Netherlands,Ziggo,Ziggo B.V.,20415,204,15,,NL,,,X
Netherlands,upc,UPC Nederland B.V.,20418,204,18,,NL,,,
New Caledonia,Mobilis,OPT New Caledonia,54601,546,01,NCLPT,NC,X,X,X
New Zealand,2degrees,2degrees,53024,530,24,NZLNH,NZ,,X,X
New Zealand,Skinny,Spark New Zealand,53006,530,06,,NZ,,,
New Zealand,Spark,Spark New Zealand,53005,530,05,NZLTM,NZ,,X,X
New Zealand,Telecom,Telecom New Zealand,53000,530,00,,NZ,,,
New Zealand,Telecom,Telecom New Zealand,53002,530,02,,NZ,,,
New Zealand,Vodafone,Vodafone New Zealand,53001,530,01,NZLBS,NZ,X,X,X
New Zealand,Vodafone,TelstraClear New Zealand,53004,530,04,,NZ,,X,
New Zealand,Woosh,Woosh Wireless,53003,530,03,,NZ,,X,
Nicaragua,Claro,"Empresa Nicaragüense de Telecomunicaciones, S.A. (ENITEL) (América Móvil)",71021,710,21,NICEN,NI,X,X,X
Nicaragua,Claro,Servicios de Comunicaciones S.A.,71073,710,73,NICSC,NI,X,X,
Nicaragua,movistar,"Telefonía Celular de Nicaragua, S.A. (Telefónica, S.A.)",71030,710,30,,NI,X,X,X
Niger,Airtel,Bharti Airtel Limited,61402,614,02,NERCT,NE,X,,X
Niger,Moov,Atlantique Telecom (subsidiary of Etisalat),61403,614,03,,NE,X,,
Niger,Orange,Orange Niger,61404,614,04,NEROR,NE,X,,
Niger,SahelCom,La Société Sahélienne de Télécommunications (SahelCom),61401,614,01,,NE,X,,
Nigeria,9mobile,Emerging Markets Telecommunication Services Ltd.,62160,621,60,NGAEM,NG,X,X,X
Nigeria,Airtel,Bharti Airtel Limited,62120,621,20,NGAET,NG,X,X,X
Nigeria,Glo,Globacom Ltd,62150,621,50,NGAGM,NG,X,X,X
Nigeria,InterC,InterC Network Ltd.,62122,621,22,,NG,,,X
Nigeria,MTN,MTN Nigeria Communications Limited,62130,621,30,NGAMN,NG,X,X,X
Nigeria,Ntel,Nigerian Mobile Telecommunications Limited,62140,621,40,NGANT,NG,,,X
Nigeria,Smile,Smile Communications Nigeria,62127,621,27,,NG,,,X
Nigeria,Visafone,Visafone Communications Ltd.,62125,621,25,,NG,,,
Niue,Telecom Niue,Telecom Niue,55501,555,01,,NU,X,,X
Norfolk Island,Norfolk Telecom,Norfolk Telecom,50510,505,10,,NF,X,,X
South Korea,Koryolink,Cheo Technology Jv Company,46705,467,05,,KP,,X,
South Korea,Koryolink,Cheo Technology Jv Company,46706,467,06,,KP,,X,
South Korea,SunNet,Korea Posts and Telecommunications Corporation,467193,467,193,,KP,X,,
North Macedonia,Lycamobile,Lycamobile LLC,29404,294,04,,MK,,,
North Macedonia,Telekom.mk,Makedonski Telekom,29401,294,01,,MK,X,X,X
North Macedonia,vip,ONE.VIP DOO,29403,294,03,MKDNO,MK,X,X,X
North Macedonia,vip,ONE.VIP DOO,29402,294,02,,MK,X,X,X
Northern Mariana Islands,Docomo,NTT DoCoMo Pacific,310370,310,370,GUMDP,MP,X,X,X
Northern Mariana Islands,IT&E Wireless,PTI Pacifica Inc.,310110,310,110,USAGU,MP,X,,X
Norway,Com4,Com4 AS,24209,242,09,,NO,,,
Norway,Lycamobile,Lyca Mobile Ltd,24223,242,23,,NO,,,
Norway,Phonero,Phonero AS,24207,242,07,,NO,,,
Norway,SystemNet,SystemNet AS,24211,242,11,,NO,,,
Norway,Tele2,Tele2 (Mobile Norway AS),24204,242,04,,NO,,,
Norway,Telenor,Telenor Norge AS,24201,242,01,NORTM,NO,X,X,X
Norway,Telenor,Telenor Norge AS,24212,242,12,,NO,,,
Norway,Telia,Telia Norge AS,24205,242,05,NORNN,NO,X,X,
Norway,Telia,Telia Norge AS,24208,242,08,NORTD,NO,,,
Norway,Telia,Telia Norge AS,24202,242,02,,NO,X,X,X
Norway,ice,ICE Communication Norge AS,24214,242,14,,NO,X,X,X
Norway,ice,ICE Norge AS,24206,242,06,,NO,,,X
Oman,Omantel,Oman Telecommunications Company,42202,422,02,OMNGT,OM,X,X,X
Oman,Omantel,Oman Telecommunications Company,42204,422,04,,OM,,,
Oman,ooredoo,Omani Qatari Telecommunications Company SAOC,42203,422,03,OMNNT,OM,X,X,X
Pakistan,3G EVO / CharJi 4G,PTCL,41002,410,02,,PK,,,X
Pakistan,Jazz,Mobilink-PMCL,41001,410,01,PAKMK,PK,X,X,X
Pakistan,Jazz,WaridTel,41007,410,07,PAKWA,PK,X,X,X
Pakistan,SCO Mobile,SCO Mobile Ltd,41005,410,05,,PK,X,,
Pakistan,SCO Mobile,SCO Mobile Ltd,41008,410,08,,PK,X,,
Pakistan,Telenor,Telenor Pakistan,41006,410,06,PAKTP,PK,X,X,X
Pakistan,Ufone,Pakistan Telecommunication Mobile Ltd,41003,410,03,PAKUF,PK,X,X,X
Pakistan,Zong,China Mobile,41004,410,04,,PK,X,X,X
Palau,PMCI,Palau Mobile Communications Inc.,55299,552,99,,PW,,,X
Palau,PNCC,Palau National Communications Corp.,55201,552,01,,PW,X,X,X
Palau,PT Waves,Palau Equipment Company Inc.,55202,552,02,,PW,X,,
Palau,Palau Mobile,Palau Mobile Corporation,55280,552,80,,PW,X,,
Palestine,Jawwal,"Palestine Cellular Communications, Ltd.",42505,425,05,PSEJE,PS,X,,
Palestine,Wataniya,Wataniya Palestine Mobile Telecommunications Company,42506,425,06,,PS,X,,
Panama,Cable & Wireless,Cable & Wireless Panama S.A.,71401,714,01,PANCW,PA,X,X,X
Panama,Claro,América Móvil,71403,714,03,PANCL,PA,X,X,X
Panama,Digicel,Digicel Group,71404,714,04,PANDC,PA,X,X,X
Panama,movistar,Telefónica Móviles de Panama S.A,714020,714,020,PANMS,PA,X,,X
Panama,movistar,"Telefónica Moviles Panama S.A, Bell South Corp. (BSC)",71402,714,02,,PA,X,X,X
Papua New Guinea,Digicel,Digicel PNG,53703,537,03,PNGDP,PG,X,X,X
Papua New Guinea,bmobile,Bemobile Limited,53701,537,01,PNGPM,PG,X,X,
Papua New Guinea,citifon,Telikom PNG Ltd.,53702,537,02,,PG,,,X
Paraguay,Claro,AMX Paraguay S.A.,74402,744,02,PRYHT,PY,X,X,X
Paraguay,Copaco,Copaco S.A.,74406,744,06,,PY,X,,X
Paraguay,Personal,Núcleo S.A. (TIM),74405,744,05,PRYNP,PY,X,X,X
Paraguay,Tigo,Telefónica Celular Del Paraguay S.A. (Telecel),74404,744,04,PRYTC,PY,X,X,X
Paraguay,VOX,Hola Paraguay S.A.,74401,744,01,PRYVX,PY,X,X,X
Peru,Bitel,Viettel Peru S.A.C.,71615,716,15,PERVG,PE,X,X,X
Peru,Claro,América Móvil Perú,71610,716,10,PERTM,PE,X,X,X
Peru,Entel,Entel Perú S.A.,71607,716,07,,PE,,,
Peru,Entel,Entel Perú S.A.,71617,716,17,,PE,,X,X
Peru,Movistar,Telefónica del Perú S.A.A.,71606,716,06,PERMO,PE,X,X,X
Philippines,ABS-CBN Mobile,ABS-CBN Convergence with Globe Telecom,51524,515,24,,PH,,,
Philippines,Cure,PLDT via Smart's Connectivity Unlimited Resources Enterprise,51518,515,18,,PH,X,X,
Philippines,Globe,Globe Telecom,51502,515,02,PHLGT,PH,X,X,X
Philippines,Islacom,Globe Telecom via Innove Communications,51501,515,01,,PH,X,,
Philippines,SMART,PLDT via Smart Communications,51503,515,03,PHLSR,PH,X,X,X
Philippines,Sun Cellular,Digital Telecommunications Philippines,51505,515,05,PHLDG,PH,X,X,
Poland,AMD Telecom,AMD Telecom S.A.,26018,260,18,,PL,,,
Poland,ATE,Advanced Technology & Experience Sp. z o.o.,26026,260,26,,PL,,,
Poland,Aero2,Aero 2 Sp. z o.o.,26004,260,04,,PL,,,
Poland,Aero2,Aero 2 Sp. z o.o.,26015,260,15,,PL,,,X
Poland,Aero2,Aero 2 Sp. z o.o.,26016,260,16,,PL,,,X
Poland,Aero2,Aero 2 Sp. z o.o.,26017,260,17,,PL,,X,X
Poland,Arcomm,Arcomm Sp. z o.o.,26022,260,22,,PL,,,
Poland,Cyfrowy Polsat,Cyfrowy Polsat S.A.,26012,260,12,,PL,,,
Poland,Exteri,Exteri Sp. z o.o.,26021,260,21,,PL,,,
Poland,GrandTel,GrandTel Sp. z o.o.,26030,260,30,,PL,,,
Poland,Interfonica,Interfonica Sp. z o.o.,26029,260,29,,PL,,,
Poland,Lycamobile,Lycamobile Sp. z o.o.,26009,260,09,,PL,,,
Poland,NetWorkS!,T-Mobile Polska S.A.,26034,260,34,,PL,,,X
Poland,Netia,Netia S.A.,26007,260,07,,PL,,,
Poland,Nordisk Polska,Nordisk Polska Sp. z o.o.,26011,260,11,,PL,,,
Poland,Orange,Polska Telefonia Komórkowa Centertel Sp. z o.o.,26003,260,03,POL03,PL,X,X,X
Poland,Orange,Polska Telefonia Komórkowa Centertel Sp. z o.o.,26005,260,05,,PL,,X,
Poland,Phone IT,Phone IT Sp. z o.o.,26031,260,31,,PL,,,
Poland,PhoneNet,PhoneNet Sp. z o.o.,26028,260,28,,PL,,,
Poland,Play,P4 Sp. z o.o.,26006,260,06,POLP4,PL,X,X,X
Poland,Play,P4 Sp. z o.o.,26098,260,98,,PL,,,X
Poland,Plus,Polkomtel Sp. z o.o.,26001,260,01,POLKM,PL,X,X,X
Poland,T-Mobile,T-Mobile Polska S.A.,26002,260,02,POL02,PL,X,X,X
Poland,T-Mobile,T-Mobile Polska S.A.,26010,260,10,,PL,,,
Poland,TeleCube.PL,Claude ICT Poland Sp. z o.o.,26025,260,25,,PL,,,
Poland,Truphone,Truphone Poland Sp. z o.o.,26033,260,33,,PL,,,
Poland,Vectone Mobile,Mundio Mobile,26036,260,36,,PL,,,
Poland,Voxbone,VOXBONE SA,26039,260,39,,PL,,,
Portugal,LycaMobile,LycaMobile,26804,268,04,,PT,,,
Portugal,MEO,Telecomunicações Móveis Nacionais,26806,268,06,PRTTM,PT,X,X,X
Portugal,MEO,Telecomunicações Móveis Nacionais,26802,268,02,,PT,,,
Portugal,MEO,Telecomunicações Móveis Nacionais,26880,268,80,,PT,,,
Portugal,NOS,NOS Comunicações,26803,268,03,PRTOP,PT,X,X,X
Portugal,Vectone Mobile,Mundio Mobile (Portugal) Limited,26807,268,07,,PT,,,
Portugal,Vodafone,Vodafone Portugal,26801,268,01,PRTTL,PT,X,X,X
Portugal,Vodafone,Vodafone Portugal,26891,268,91,,PT,,,
Portugal,Zapp,Zapp Portugal,26821,268,21,,PT,,,
Puerto Rico,Claro Puerto Rico,América Móvil,330110,330,110,PRICL,PR,X,X,X
Puerto Rico,Open Mobile,PR Wireless,330000,330,000,,PR,,,
Puerto Rico,Open Mobile,PR Wireless,330120,330,120,,PR,,,X
Qatar,Ministry of Interior,Ministry of Interior,42705,427,05,,QA,,,
Qatar,Ministry of Interior,Ministry of Interior,42706,427,06,,QA,,,X
Qatar,Vodafone,Vodafone Qatar,42702,427,02,QATB1,QA,X,X,X
Qatar,ooredoo,ooredoo,42701,427,01,QATQT,QA,X,X,X
Romania,CFR,Căile Ferate Române,22619,226,19,,RO,X,,
Romania,Clicknet Mobile,Telekom Romania,22602,226,02,,RO,,,
Romania,Cosmote/Zapp,Telekom Romania,22604,226,04,,RO,,,
Romania,Digi.Mobil,RCS&RDS,22605,226,05,,RO,,X,X
Romania,Idilis,Idilis,22615,226,15,,RO,,,X
Romania,Lycamobile,Lycamobile Romania,22616,226,16,,RO,,,
Romania,Orange,Orange România,22610,226,10,ROMMR,RO,X,X,X
Romania,Telekom,Telekom Romania,22603,226,03,ROMCS,RO,X,,X
Romania,Telekom/Zapp,Telekom Romania,22606,226,06,,RO,,X,
Romania,Vodafone,Vodafone România,22601,226,01,ROMMF,RO,X,X,X
Russian Federation,Akos,,25012,250,12,,RU,X,,
Russian Federation,Baykalwestcom,Baykal Westcom / New Telephone Company / Far Eastern Cellular,25012,250,12,,RU,X,,
Russian Federation,Beeline,OJSC Vimpel-Communications,25099,250,99,RUSBD,RU,X,X,X
Russian Federation,Beeline,Beeline,25028,250,28,,RU,X,,
Russian Federation,DTC,Dontelekom,25010,250,10,,RU,X,,
Russian Federation,ETK,Yeniseytelecom,25005,250,05,,RU,X,X,
Russian Federation,GlobalTel,"JSC ""GlobalTel""",25021,250,21,,RU,,,
Russian Federation,INDIGO,INDIGO,25019,250,19,,RU,X,,
Russian Federation,Intertelecom,Intertelecom,25061,250,61,,RU,,,
Russian Federation,Iridium,Iridium Communications,25029,250,29,,RU,,,
Russian Federation,KUGSM,Kuban GSM,25013,250,13,,RU,X,,
Russian Federation,Krymtelekom,Krymtelekom,25034,250,34,,RU,X,X,
Russian Federation,Letai,Tattelecom,25027,250,27,,RU,X,,X
Russian Federation,MOTIV,EKATERINBURG-2000,25035,250,35,RUSEC,RU,X,,X
Russian Federation,MTS,Mobile TeleSystems,25001,250,01,RUS01,RU,X,X,X
Russian Federation,MTS,Bezlimitno.ru,25050,250,50,,RU,,,
Russian Federation,MegaFon,MegaFon PJSC,25002,250,02,RUSNW,RU,X,X,X
Russian Federation,MegaFon,MegaFon OJSC,25014,250,14,,RU,X,X,X
Russian Federation,Miatel,Miatel,25016,250,16,,RU,,,
Russian Federation,NCC,Nizhegorodskaya Cellular Communications,25003,250,03,,RU,X,,
Russian Federation,Osnova Telecom,,25018,250,18,,RU,,,X
Russian Federation,Rostelecom,ROSTELECOM,25039,250,39,,RU,X,X,X
Russian Federation,SMARTS,"SMARTS Ufa, SMARTS Uljanovsk",25015,250,15,,RU,X,,
Russian Federation,SMARTS,Zao SMARTS,25007,250,07,,RU,X,,
Russian Federation,Sevmobile,Sevtelekom,25033,250,33,,RU,X,X,
Russian Federation,Sibchallenge,Sibchallenge,25004,250,04,,RU,X,,
Russian Federation,Skylink,CJSC Saratov System of Cellular Communications,25006,250,06,,RU,,,
Russian Federation,Skylink,Khabarovsky Cellular Phone,25009,250,09,,RU,,,
Russian Federation,Sonic Duo,Sonic Duo CJSC,25091,250,91,,RU,X,,
Russian Federation,TTK,Tattelecom,25054,250,54,,RU,,,X
Russian Federation,Tambov GSM,Central Telecommunication Company,25038,250,38,,RU,X,,
Russian Federation,Tele2,Tele2,25020,250,20,RUST2,RU,X,X,X
Russian Federation,Thuraya,GTNT,25023,250,23,,RU,,,
Russian Federation,Tinkoff Mobile,Tinkoff Mobile,25062,250,62,,RU,,,
Russian Federation,Utel,JSC Uralsvyazinform,25017,250,17,,RU,X,,
Russian Federation,Vainah Telecom,"CS ""VainahTelecom""",25008,250,08,,RU,X,,X
Russian Federation,Volna mobile,KTK Telecom,25060,250,60,,RU,X,X,X
Russian Federation,Win Mobile,K-Telecom,25032,250,32,,RU,X,X,X
Russian Federation,Yota,Scartel,25011,250,11,,RU,,,
Rwanda,Airtel,Airtel RWANDA,63514,635,14,RWAAR,RW,X,X,
Rwanda,Airtel,Airtel RWANDA,63513,635,13,RWATG,RW,X,X,
Rwanda,MTN,MTN Rwandacell SARL,63510,635,10,RWAMN,RW,X,X,
Rwanda,Olleh,Olleh Rwanda Networks,63517,635,17,,RW,,,X
Rwanda,Rwandatel,Rwandatel S.A.,63511,635,11,,RW,,,
Rwanda,Rwandatel,Rwandatel S.A.,63512,635,12,,RW,X,,
Saint Helena,Sure,Sure South Atlantic Ltd.,65801,658,01,,SH,X,,X
Saint Kitts and Nevis,Chippie,UTS,356070,356,070,,KN,,,
Saint Kitts and Nevis,Digicel,Wireless Ventures (St Kitts-Nevis) Limited,356050,356,050,,KN,X,,X
Saint Kitts and Nevis,FLOW,Cable & Wireless St. Kitts & Nevis Ltd,356110,356,110,KNACW,KN,X,,X
Saint Lucia,Digicel,Digicel,338050,338,050,JAMDC,LC,X,,X
Saint Lucia,FLOW,Cable &  Wireless,358110,358,110,LCACW,LC,X,,X
Saint Pierre and Miquelon,Ameris,St. Pierre-et-Miquelon Télécom,30801,308,01,,PM,X,,
Saint Pierre and Miquelon,GLOBALTEL,GLOBALTEL,30802,308,02,,PM,X,,X
Saint Vincent and the Grenadines,Cingular Wireless,,360100,360,100,,VC,X,,
Saint Vincent and the Grenadines,Digicel,Digicel (St. Vincent and the Grenadines) Limited,360050,360,050,,VC,X,,X
Saint Vincent and the Grenadines,FLOW,Cable & Wireless (St. Vincent & the Grenadines) Ltd,360110,360,110,VCTCW,VC,X,,
Samoa,Bluesky,Bluesky Samoa Ltd,54927,549,27,,WS,X,,X
Samoa,Digicel,Digicel Pacific Ltd.,54900,549,00,WSMDP,WS,,,
Samoa,Digicel,Digicel Pacific Ltd.,54901,549,01,,WS,X,X,X
San Marino,PRIMA,San Marino Telecom,29201,292,01,,SM,X,X,
Sao Tome and Principe,CSTmovel,Companhia Santomese de Telecomunicaçôe,62601,626,01,STPST,ST,X,X,
Sao Tome and Principe,Unitel STP,Unitel Sao Tome and Principe,62602,626,02,,ST,X,X,
Saudi Arabia,Al Jawal (STC),Saudi Telecom Company,42001,420,01,SAUAJ,SA,X,X,X
Saudi Arabia,Lebara Mobile,Lebara Mobile,42006,420,06,SAULB,SA,,,
Saudi Arabia,Mobily,Etihad Etisalat Company,42003,420,03,SAUET,SA,X,X,X
Saudi Arabia,RGSM,Saudi Railways GSM,42021,420,21,,SA,X,,
Saudi Arabia,Virgin Mobile,Virgin Mobile Saudi Arabia,42005,420,05,,SA,,,
Saudi Arabia,Zain,Zain Saudi Arabia,42004,420,04,SAUZN,SA,X,X,X
Senegal,Expresso,Sudatel,60803,608,03,SENEX,SN,X,X,
Senegal,Orange,Sonatel,60801,608,01,,SN,X,X,X
Senegal,Tigo,Millicom International Cellular S.A.,60802,608,02,SENSG,SN,X,X,X
Serbia,GLOBALTEL,GLOBALTEL d.o.o.,22011,220,11,,RS,,,
Serbia,T-Mobile,T-Mobile Montenegro LLC,22004,220,04,,RS,X,,
Serbia,Telenor,Telenor Serbia,22001,220,01,YUGMT,RS,X,X,X
Serbia,Telenor,Telenor Montenegro,22002,220,02,,RS,X,X,
Serbia,VIP,VIP Mobile,22005,220,05,SRBNO,RS,X,X,X
Serbia,Vectone Mobile,MUNDIO MOBILE d.o.o.,22009,220,09,,RS,,,
Serbia,mts,Telekom Srbija,22003,220,03,,RS,X,X,X
Seychelles,Airtel,Telecom Seychelles Ltd,63310,633,10,SYCAT,SC,X,X,X
Seychelles,Cable & Wireless,Cable & Wireless Seychelles,63301,633,01,SYCCW,SC,X,X,
Seychelles,Mediatech,Mediatech International,63302,633,02,,SC,X,,
Sierra Leone,Africell,Lintel Sierra Leone Limited,61905,619,05,SLEAC,SL,X,,
Sierra Leone,Africell,Lintel Sierra Leone Limited,61902,619,02,,SL,,,
Sierra Leone,Africell,Lintel Sierra Leone Limited,61903,619,03,,SL,X,,
Sierra Leone,Comium,Comium (Sierra Leone) Ltd.,61904,619,04,,SL,X,,
Sierra Leone,Mobitel,Mobitel,61925,619,25,,SL,,,
Sierra Leone,Orange,Orange SL Limited,61901,619,01,SLECT,SL,X,X,X
Sierra Leone,SierraTel,Sierra Leone Telephony,61906,619,06,,SL,,,X
Sierra Leone,Smart Mobile,InterGroup Telecom SL,61909,619,09,,SL,X,X,
Singapore,Circles.Life,Liberty Wireless Pte Ltd,52509,525,09,,SG,,,
Singapore,Grid,GRID Communications Pte Ltd.,52512,525,12,,SG,,,
Singapore,M1,M1 Limited,52503,525,03,SGPM1,SG,,X,X
Singapore,M1,M1 Limited,52511,525,11,,SG,,,
Singapore,SingTel,Singapore Telecom,52501,525,01,SGPST,SG,,X,X
Singapore,SingTel,Singapore Telecom,52507,525,07,,SG,,,
Singapore,SingTel-G18,Singapore Telecom,52502,525,02,SGPML,SG,X,,
Singapore,StarHub,StarHub Mobile,52508,525,08,SGPMM,SG,,,
Singapore,StarHub,StarHub Mobile,52505,525,05,SGPSH,SG,,X,X
Singapore,StarHub,StarHub Mobile,52506,525,06,,SG,,,
Slovakia,4ka,"SWAN Mobile, a.s.",23103,231,03,,SK,,,X
Slovakia,O2,O2 Slovakia,23106,231,06,SVKO2,SK,X,X,X
Slovakia,Orange,Orange Slovensko,23101,231,01,SVKGT,SK,X,X,X
Slovakia,Orange,Orange Slovensko,23105,231,05,,SK,X,X,
Slovakia,Telekom,Slovak Telekom,23102,231,02,SVKET,SK,X,X,X
Slovakia,Telekom,Slovak Telekom,23104,231,04,,SK,X,X,
Slovakia,ŽSR,Železnice Slovenskej Republiky,23199,231,99,,SK,X,,
Slovenia,A1,A1 Slovenija,29340,293,40,SVNSM,SI,X,X,X
Slovenia,Mobitel,Telekom Slovenije,29341,293,41,SVNMT,SI,X,X,X
Slovenia,T-2,T-2 d.o.o.,29364,293,64,,SI,,X,
Slovenia,Telemach,Tušmobil d.o.o.,29370,293,70,,SI,X,X,X
Solomon Islands,BREEZE,Our Telekom,54001,540,01,,SB,X,X,X
Solomon Islands,BeMobile,BMobile (SI) Ltd,54002,540,02,,SB,X,X,
Somalia,Golis,Golis Telecom Somalia,63730,637,30,,SO,X,,
Somalia,Hormuud,Hormuud Telecom Somalia Inc,63750,637,50,,SO,X,X,
Somalia,Horntel Group,HTG Group Somalia,63767,637,67,,SO,X,X,
Somalia,Nationlink,NationLink Telecom,63710,637,10,,SO,X,,
Somalia,Nationlink,Nationlink Telecom,63760,637,60,,SO,X,,
Somalia,SOMNET,SOMNET,63720,637,20,,SO,X,X,X
Somalia,Somafone,Somafone FZLLC,63704,637,04,,SO,X,,
Somalia,Somtel,Somtel,63771,637,71,,SO,X,X,X
Somalia,Telcom,Telcom Somalia,63782,637,82,,SO,X,,X
Somalia,Telesom,Telesom,63701,637,01,SOM01,SO,X,X,X
Somalia,UNITEL,UNITEL S.a.r.l.,63757,637,57,,SO,X,,
South Africa,ACSA,Airports Company South Africa,65575,655,75,,ZA,,,
South Africa,Cell C,Cell C (Pty) Ltd,65507,655,07,ZAFCC,ZA,X,X,X
South Africa,Lycamobile,Lycamobile (Pty) Ltd,65553,655,53,,ZA,,,
South Africa,MTN,MTN Group,65510,655,10,ZAFMN,ZA,X,X,X
South Africa,MTN,MTN Group,65512,655,12,,ZA,,,
South Africa,Neotel,Neotel Pty Ltd,65513,655,13,,ZA,,,
South Africa,Neotel,Neotel Pty Ltd,65514,655,14,,ZA,,,X
South Africa,Rain,Wireless Business Solutions (Pty) Ltd,65519,655,19,,ZA,,,X
South Africa,Telkom,Telkom SA SOC Ltd,65502,655,02,ZAFJT,ZA,X,X,X
South Africa,Vodacom,Vodacom,65501,655,01,ZAFVC,ZA,X,X,X
South Africa,iBurst,Wireless Business Solutions (Pty) Ltd,65538,655,38,,ZA,,,
South Africa,iBurst,Wireless Business Solutions (Pty) Ltd,65573,655,73,,ZA,,,
South Africa,iBurst,Wireless Business Solutions (Pty) Ltd,65574,655,74,,ZA,,,
North Korea,KT,KT,45002,450,02,,KR,,,
North Korea,KT,KT,45004,450,04,,KR,,,
North Korea,KT,KT,45007,450,07,,KR,,,
North Korea,LG U+,LG Telecom,45006,450,06,KORLU,KR,,,X
North Korea,Power 017,"Shinsegi Telecom, Inc.",45003,450,03,,KR,,,
North Korea,SKTelecom,SK Telecom,45005,450,05,KORSK,KR,,X,X
North Korea,SKTelecom,SK Telecom,45012,450,12,,KR,,,
North Korea,Tplus,Korea Cable Telecom,45011,450,11,,KR,,,
North Korea,olleh,KT,45008,450,08,KORKF,KR,,X,X
South Sudan,Gemtel,Gemtel,65903,659,03,,SS,X,,
South Sudan,MTN,MTN South Sudan,65902,659,02,SSDMN,SS,X,X,
South Sudan,Sudani,Sudani,65907,659,07,,SS,,,
South Sudan,Vivacell,Network of the World (NOW),65904,659,04,,SS,X,,
South Sudan,Zain,Zain South Sudan,65906,659,06,SSDZS,SS,X,,
Spain,ADIF,Administrador de Infraestructuras Ferroviarias,21451,214,51,,ES,X,,
Spain,Altecom/Fibracat,Alta Tecnologia en Comunicacions SL,21402,214,02,,ES,,,X
Spain,BT,BT Group España Compañia de Servicios Globales de Telecomunicaciones S.A.U.,21415,214,15,,ES,,,
Spain,DIGI mobil,Best Spain Telecom,21422,214,22,,ES,,,
Spain,Euskaltel,,21408,214,08,,ES,,,
Spain,Fonyou,Fonyou Telecom S.L.,21420,214,20,,ES,,,
Spain,Jazztel,Orange Espagne S.A.U.,21421,214,21,,ES,,,
Spain,Lycamobile,LycaMobile S.L.,21425,214,25,,ES,,,
Spain,Movistar,Telefónica Móviles España,21407,214,07,ESPTE,ES,X,X,X
Spain,Movistar,Telefónica Móviles España,21405,214,05,,ES,,,
Spain,Murcia4G,"Consorcio de Telecomunicaciones Avanzadas, S.A.",21428,214,28,,ES,,,X
Spain,Móbil R,R Cable y Telecomunicaciones Galicia S.A.,21417,214,17,,ES,,,
Spain,ONO,Vodafone Spain,21418,214,18,,ES,,,
Spain,Orange,Orange Espagne S.A.U,21403,214,03,ESPRT,ES,X,X,X
Spain,Orange,Orange Espagne S.A.U,21409,214,09,,ES,,,
Spain,Simyo,Orange España Virtual Sl.,21419,214,19,,ES,,,
Spain,TeleCable,R Cable y Telecomunicaciones Galicia S.A.,21416,214,16,,ES,,,
Spain,Truphone,"SCN Truphone, S.L.",21427,214,27,,ES,,,
Spain,Tuenti,Telefónica Móviles España,21432,214,32,,ES,,,
Spain,Vodafone,Vodafone Spain,21401,214,01,ESPAT,ES,X,X,X
Spain,Vodafone,Vodafone Spain,21406,214,06,,ES,,,
Spain,Yoigo,Xfera Moviles SA,21404,214,04,ESPXF,ES,,,X
Sri Lanka,Airtel,Bharti Airtel Lanka (Pvt) Ltd,41305,413,05,,LK,X,X,
Sri Lanka,Dialog,Dialog Axiata PLC,41302,413,02,LKADG,LK,X,X,X
Sri Lanka,Dialog,Dialog Broadband Networks (Pvt) Ltd,41311,413,11,,LK,,,X
Sri Lanka,Etisalat,Etisalat Lanka (Pvt) Ltd,41303,413,03,LKACT,LK,X,X,
Sri Lanka,Hutch,Hutchison Telecommunications Lanka (Pvt) Ltd,41308,413,08,LKAHT,LK,X,X,X
Sri Lanka,Hutch,Hutchison Telecommunications Lanka (Pvt) Ltd,41309,413,09,,LK,X,X,X
Sri Lanka,Lanka Bell,Lanka Bell Ltd,41304,413,04,,LK,,,X
Sri Lanka,Mobitel,Mobitel (Pvt) Ltd,41301,413,01,LKA71,LK,X,X,X
Sri Lanka,SLT,Sri Lanka Telecom PLC,41312,413,12,,LK,,,X
Sudan,MTN,MTN Sudan,63402,634,02,SDNBT,SD,X,X,
Sudan,MTN,MTN Sudan,63403,634,03,,SD,,,
Sudan,Sudani One,Sudatel Group,63407,634,07,,SD,X,X,X
Sudan,Zain,Zain Group - Sudan,63401,634,01,SUDMO,SD,X,X,X
Sudan,canar,Canar Telecom,63405,634,05,,SD,,,
Sudan,khartoum INC,NEC,63409,634,09,,SD,X,X,
Suriname,Digicel,Digicel Group Limited,74603,746,03,SURDC,SR,X,X,
Suriname,Digicel,Digicel Group Limited,74604,746,04,,SR,X,X,
Suriname,Telesur,Telecommunications Company Suriname (Telesur),74602,746,02,SURTG,SR,X,X,X
Suriname,Telesur,Telecommunications Company Suriname (Telesur),74605,746,05,,SR,,,
Eswatini,Swazi MTN,Swazi MTN Limited,65310,653,10,SWZMN,SZ,X,,X
Sweden,3,HI3G Access AB,24002,240,02,SWEHU,SE,,X,X
Sweden,Com4,Communication for Devices in Sweden AB,24009,240,09,,SE,,,
Sweden,FTS,Fink Telecom Services,24063,240,63,,SE,,,
Sweden,Gotanet,Götalandsnätet AB,24017,240,17,,SE,,,
Sweden,Lycamobile,Lycamobile Sweden Limited,24012,240,12,,SE,,,
Sweden,MobiSir,Trafikverket ICT,24021,240,21,,SE,X,,
Sweden,Net 1,Netett Sverige AB,24003,240,03,,SE,,,X
Sweden,SWEDEN,3G Infrastructure Services AB,24004,240,04,,SE,,X,
Sweden,Spring Mobil,Tele2 Sverige AB,24010,240,10,,SE,,,
Sweden,Sweden 2G,Net4Mobility HB,24024,240,24,,SE,X,,X
Sweden,Sweden 3G,Svenska UMTS-Nät AB,24005,240,05,,SE,,X,
Sweden,Tele2,Tele2 Sverige AB,24007,240,07,SWEIQ,SE,,X,X
Sweden,Telenor,Telenor Sverige AB,24008,240,08,SWEEP,SE,X,,
Sweden,Telenor,Telenor Sverige AB,24006,240,06,,SE,,X,
Sweden,Telia,Telia Sverige AB,24001,240,01,SWETR,SE,X,X,X
Sweden,Vectone Mobile,Mundio Mobile (Sweden) Limited,24019,240,19,,SE,,,
Sweden,Viahub,SMS Provider Corp.,24046,240,46,,SE,,,
Sweden,Voxbone,Voxbone mobile,24038,240,38,,SE,,,
Switzerland,Barablu,Barablu,22852,228,52,,CH,,,
Switzerland,FTS,Fink Telecom Services,22863,228,63,,CH,,,
Switzerland,IN&Phone,IN&Phone SA,22807,228,07,,CH,X,,
Switzerland,Lycamobile,Lycamobile AG,22854,228,54,,CH,,,
Switzerland,SBB-CFF-FFS,SBB AG,22806,228,06,,CH,X,,
Switzerland,Salt,Salt Mobile SA,22803,228,03,CHEOR,CH,X,X,X
Switzerland,Sunrise,Sunrise Communications AG,22802,228,02,CHEDX,CH,X,X,X
Switzerland,Sunrise,Sunrise Communications AG,22812,228,12,,CH,,,
Switzerland,Sunrise,Sunrise Communications AG,22860,228,60,,CH,,,
Switzerland,Swisscom,Swisscom AG,22801,228,01,CHEC1,CH,X,X,X
Switzerland,Tele4u,TelCommunication Services AG,22808,228,08,,CH,X,,
Switzerland,Vectone,Mundio Mobile Limited,22859,228,59,,CH,,,
Switzerland,beeone,Beeone Communications SA,22858,228,58,,CH,,,
Switzerland,upc cablecom,UPC Schweiz GmbH,22853,228,53,,CH,,,
Syria,MTN,MTN Syria,41702,417,02,SYRSP,SY,X,X,X
Syria,Syriatel,Syriatel Mobile Telecom,41701,417,01,,SY,X,X,X
Taiwan,APTG,Asia Pacific Telecom,46605,466,05,,TW,,,X
Taiwan,Chunghwa,Chunghwa Telecom,46692,466,92,TWNLD,TW,,X,X
Taiwan,Chunghwa LDM,LDTA/Chunghwa Telecom,46611,466,11,,TW,X,,
Taiwan,FITEL,First International Telecom,46656,466,56,,TW,,,
Taiwan,FarEasTone,Far EasTone Telecommunications Co Ltd,46601,466,01,TWNFE,TW,,X,X
Taiwan,FarEasTone,Far EasTone Telecommunications Co Ltd,46602,466,02,,TW,X,,
Taiwan,FarEasTone,Far EasTone Telecommunications Co Ltd,46603,466,03,,TW,,X,
Taiwan,FarEasTone,Far EasTone Telecommunications Co Ltd,46606,466,06,,TW,X,,
Taiwan,FarEasTone,Far EasTone Telecommunications Co Ltd,46607,466,07,,TW,,,
Taiwan,FarEasTone,Far EasTone Telecommunications Co Ltd,46688,466,88,,TW,X,,
Taiwan,G1,Global Mobile Corp.,46610,466,10,,TW,,,
Taiwan,MobiTai,Mobitai Communications,46693,466,93,,TW,X,,
Taiwan,T Star,Taiwan Star Telecom,46689,466,89,TWNTG,TW,,X,X
Taiwan,T Star,Taiwan Star Telecom,46690,466,90,,TW,,,X
Taiwan,Taiwan Mobile,Taiwan Mobile Co. Ltd,46697,466,97,TWNPC,TW,,X,X
Taiwan,TransAsia,TransAsia Telecoms,46699,466,99,,TW,X,,
Taiwan,VMAX,Vmax Telecom,46609,466,09,,TW,,,
Tajikistan,Babilon-M,Babilon-Mobile,43604,436,04,,TJ,X,X,X
Tajikistan,Babilon-T,Babilon-T,43610,436,10,,TJ,,,X
Tajikistan,MegaFon,TT Mobile,43603,436,03,,TJ,X,X,X
Tajikistan,Tcell,Indigo,43612,436,12,,TJ,,X,
Tajikistan,Tcell,Indigo Tajikistan,43602,436,02,,TJ,X,X,X
Tajikistan,Tcell,JV Somoncom,43601,436,01,,TJ,X,X,X
Tajikistan,ZET-Mobile,Tacom,43605,436,05,TJK91,TJ,X,X,X
Tanzania,Airtel,Bharti Airtel,64005,640,05,TZACT,TZ,X,X,X
Tanzania,Cootel,Wiafrica Tanzania Limited,64013,640,13,,TZ,,,
Tanzania,Halotel,Viettel Tanzania Limited,64009,640,09,TZAVG,TZ,X,X,
Tanzania,Sasatel (Dovetel),Dovetel Limited,64006,640,06,,TZ,,,
Tanzania,Smart,Benson Informatics Limited,64008,640,08,TZAYA,TZ,,,X
Tanzania,SmileCom,Smile Telecoms Holdings Ltd.,64011,640,11,,TZ,,,X
Tanzania,TTCL Mobile,Tanzania Telecommunication Company LTD (TTCL),64007,640,07,,TZ,,X,X
Tanzania,Vodacom,Vodacom Tanzania Limited,64004,640,04,TZAVC,TZ,X,X,X
Tanzania,Zantel,Zanzibar Telecom Ltd,64003,640,03,TZAZN,TZ,X,X,X
Tanzania,tiGO,MIC Tanzania Limited,64002,640,02,TZAMB,TZ,X,X,X
Thailand,ACeS,ACeS,52020,520,20,,TH,,,
Thailand,AIS,Advanced Wireless Network Company Ltd.,52003,520,03,THAWN,TH,,X,X
Thailand,AIS,Advanced Info Service,52001,520,01,,TH,X,X,
Thailand,AIS GSM 1800,Digital Phone Company Ltd.,52023,520,23,,TH,X,,
Thailand,AIS-T / TOT Mobile,TOT Public Company Limited,52015,520,15,,TH,,X,
Thailand,CAT CDMA,CAT Telecom,52002,520,02,,TH,,,
Thailand,TrueMove,True Corporation,52099,520,99,THACO,TH,X,,
Thailand,TrueMove H,True Move H Universal Communication Company Ltd.,52004,520,04,THACA,TH,,X,X
Thailand,TrueMove H / my by CAT,CAT Telecom,52000,520,00,THACT,TH,,X,
Thailand,WE PCT,True Corporation,52025,520,25,,TH,,,
Thailand,dtac,Total Access Communications Public Company Ltd.,52018,520,18,THAWP,TH,X,,
Thailand,dtac TriNet / LINE,DTAC TriNet Company Ltd.,52005,520,05,THADT,TH,,X,X
Thailand,dtac-T / LINE / TOT Mobile,TOT Public Company Limited,52047,520,47,,TH,,,X
Togo,Moov,Moov Togo,61503,615,03,TGOTL,TG,X,,X
Togo,Togo Cell,Togo Telecom,61501,615,01,TGOTC,TG,X,,X
Tonga,Digicel,Digicel (Tonga) Limited,53988,539,88,TONDP,TO,X,,X
Tonga,U-Call,Tonga Communications Corporation,53901,539,01,,TO,X,X,X
Trinidad and Tobago,Digicel,Digicel (Trinidad & Tobago) Limited,374130,374,130,TTODL,TT,X,X,X
Trinidad and Tobago,Laqtel,LaqTel Ltd.,374140,374,140,,TT,,,
Trinidad and Tobago,bmobile,TSTT,37412,374,12,,TT,X,X,X
Tunisia,Ooredoo,ooredoo Tunisiana,60503,605,03,TUNTA,TN,X,X,X
Tunisia,Orange,Orange Tunisie,60501,605,01,TUNOR,TN,X,X,X
Tunisia,Tunisie Telecom,Tunisie Telecom,60502,605,02,TUNTT,TN,X,X,X
Turkey,Aycell,Aycell,28604,286,04,TURAC,TR,X,,
Turkey,Turkcell,Turkcell Iletisim Hizmetleri A.S.,28601,286,01,TURTC,TR,X,X,X
Turkey,Türk Telekom,Türk Telekom,28603,286,03,TURIS,TR,X,X,X
Turkey,Vodafone,Vodafone Turkey,28602,286,02,TURTS,TR,X,X,X
Turkmenistan,AGTS CDMA,AŞTU,43803,438,03,,TM,,,
Turkmenistan,MTS,MTS Turkmenistan,43801,438,01,,TM,X,X,
Turkmenistan,TM-Cell,Altyn Asyr,43802,438,02,,TM,X,X,X
Turks and Caicos Islands,Digicel,Digicel (Turks & Caicos) Limited,338050,338,050,JAMDC,TC,X,,X
Turks and Caicos Islands,Digicel,Digicel (Turks & Caicos) Limited,376351,376,351,,TC,,,
Turks and Caicos Islands,FLOW,Cable & Wireless West Indies Ltd (Turks & Caicos),376350,376,350,TCACW,TC,X,X,X
Turks and Caicos Islands,FLOW,Cable & Wireless West Indies Ltd (Turks & Caicos),376352,376,352,,TC,,X,
Turks and Caicos Islands,FLOW,Cable & Wireless West Indies Ltd (Turks & Caicos),376360,376,360,,TC,,,
Tuvalu,TTC,Tuvalu Telecom,55301,553,01,,TV,,X,X
Uganda,Africell,Africell Uganda,64114,641,14,UGAOR,UG,X,X,X
Uganda,Airtel,Bharti Airtel,64101,641,01,UGACE,UG,X,X,
Uganda,Airtel,Bharti Airtel,64122,641,22,UGAWT,UG,X,X,
Uganda,K2,K2 Telecom Ltd,64144,641,44,,UG,,,
Uganda,Lycamobile,Lycamobile Network Services Uganda Limited,64126,641,26,,UG,,,
Uganda,MTN,MTN Uganda,64110,641,10,UGAMN,UG,X,X,X
Uganda,Smart,Suretelecom Uganda Ltd.,64118,641,18,UGASU,UG,X,X,
Uganda,Smile,Smile Communications Uganda Limited,64133,641,33,,UG,,,X
Uganda,Uganda Telecom,Uganda Telecom Ltd.,64111,641,11,UGATL,UG,X,X,
Uganda,Vodafone,Afrimax Uganda,64106,641,06,,UG,,,X
Uganda,i-Tel,i-Tel Ltd,64166,641,66,,UG,,,
Ukraine,3Mob; Lycamobile,Trimob LLC,25507,255,07,UKRUT,UA,,X,
Ukraine,CDMA Ukraine,Intertelecom LLC,25523,255,23,,UA,,,
Ukraine,Intertelecom,Intertelecom LLC,25504,255,04,,UA,,,
Ukraine,Kyivstar,"PRJSC ""Kyivstar""",25503,255,03,UKRKS,UA,X,X,X
Ukraine,Kyivstar,"PRJSC ""Kyivstar""",25502,255,02,UKRRS,UA,X,X,X
Ukraine,Kyivstar,"PRJSC ""Kyivstar""",25505,255,05,,UA,X,,
Ukraine,NEWTONE,"PRJSC ""Telesystems of Ukraine""",25525,255,25,,UA,,,
Ukraine,PEOPLEnet,"PRJSC ""Telesystems of Ukraine""",25521,255,21,,UA,,,
Ukraine,Phoenix,Phoenix,25599,255,99,,UA,,,X
Ukraine,Vodafone,"PRJSC ""VF Ukraine""",25501,255,01,UKRUM,UA,X,X,X
Ukraine,lifecell,lifecell LLC,25506,255,06,UKRAS,UA,X,X,X
United Arab Emirates,Etisalat,Emirates Telecom Corp,42402,424,02,ARETC,AE,X,X,X
United Arab Emirates,du,Emirates Integrated Telecommunications Company,42403,424,03,AREDU,AE,X,X,X
United Kingdom,3,Hutchison 3G UK Ltd,23420,234,20,GBRHU,GB,,X,X
United Kingdom,Airtel-Vodafone,Jersey Airtel Ltd,23403,234,03,,GB,X,X,X
United Kingdom,Airwave,Airwave Solutions Ltd,23478,234,78,,GB,,,
United Kingdom,BT,BT Group,23400,234,00,,GB,X,X,
United Kingdom,BT,BT Group,23476,234,76,,GB,X,,
United Kingdom,BT,BT Group,23577,235,77,,GB,,,
United Kingdom,BT OnePhone,BT OnePhone (UK) Ltd,23408,234,08,,GB,,,
United Kingdom,Cloud9,Cloud9,23418,234,18,,GB,,,
United Kingdom,FMS Solutions Ltd,FMS Solutions Ltd,23404,234,04,,GB,X,,
United Kingdom,Greenfone,Stour Marine Limited,23424,234,24,,GB,,,
United Kingdom,Hanhaa Mobile,Hanhaa Limited,23472,234,72,,GB,,,
United Kingdom,Hay Systems Ltd,Hay Systems Ltd,23414,234,14,,GB,X,,
United Kingdom,JT,JT Group Limited,23450,234,50,GBRJT,GB,X,X,X
United Kingdom,Lycamobile,Lycamobile UK Limited,23426,234,26,,GB,,,
United Kingdom,O2 (UK),Telefónica Europe,23410,234,10,GBRCN,GB,X,X,X
United Kingdom,O2 (UK),Telefónica Europe,23402,234,02,,GB,X,X,X
United Kingdom,O2 (UK),Telefónica Europe,23411,234,11,,GB,X,X,X
United Kingdom,Orange,EE,23433,234,33,GBROR,GB,X,X,X
United Kingdom,Orange,EE,23434,234,34,,GB,X,X,X
United Kingdom,Private Mobile Networks PMN,Teleware plc,23419,234,19,,GB,X,,
United Kingdom,Pronto GSM,Manx Telecom,23458,234,58,GBRMT,GB,X,X,X
United Kingdom,Railtrack,Network Rail Infrastructure Ltd,23412,234,12,,GB,X,,
United Kingdom,Railtrack,Network Rail Infrastructure Ltd,23413,234,13,,GB,X,,
United Kingdom,Relish,UK Broadband Limited,23451,234,51,,GB,,,X
United Kingdom,Relish,UK Broadband Limited,23503,235,03,,GB,,,
United Kingdom,Sure Mobile,Sure (Guernsey) Limited,23455,234,55,,GB,X,X,X
United Kingdom,Sure Mobile,Sure Isle of Man Ltd.,23436,234,36,,GB,X,,X
United Kingdom,T-Mobile UK,EE,23430,234,30,GBRME,GB,X,X,X
United Kingdom,T-Mobile UK,EE,23431,234,31,,GB,X,X,X
United Kingdom,T-Mobile UK,EE,23432,234,32,,GB,X,X,X
United Kingdom,Talk Talk,TalkTalk Communications Limited,23416,234,16,,GB,,,
United Kingdom,Truphone,Truphone,23425,234,25,,GB,,,
United Kingdom,Vectone Mobile,Mundio Mobile Limited,23401,234,01,,GB,,,
United Kingdom,Virgin Mobile,Virgin Media,23438,234,38,,GB,,,
United Kingdom,Vodafone UK,Vodafone,23415,234,15,GBRVF,GB,X,X,X
United Kingdom,Vodafone UK,Vodafone,23407,234,07,,GB,X,,
United Kingdom,Vodafone UK,Vodafone United Kingdom,23591,235,91,,GB,,,
United Kingdom,Vodafone UK,Vodafone United Kingdom,23592,235,92,,GB,,,
United Kingdom,aql,(aq) Limited,23429,234,29,,GB,,,
United Kingdom,iD Mobile,The Carphone Warehouse Limited,23454,234,54,,GB,,,
United States of America,ASTAC,Arctic Slope Telephone Association Cooperative,310710,310,710,,US,,X,X
United States of America,ASTAC,Arctic Slope Telephone Association Cooperative,312760,312,760,,US,,,
United States of America,ASTCA,American Samoa Telecommunications Authority,311780,311,780,,US,,,X
United States of America,AT&T,AT&T Mobility,310410,310,410,USACG,US,X,X,
United States of America,AT&T,AT&T Mobility,310016,310,016,,US,,,
United States of America,AT&T,AT&T Mobility,310030,310,030,,US,X,,
United States of America,AT&T,AT&T Mobility,310070,310,070,,US,X,,
United States of America,AT&T,AT&T Mobility,310080,310,080,,US,X,,
United States of America,AT&T,AT&T Mobility,310090,310,090,,US,X,,
United States of America,AT&T,AT&T Mobility,310150,310,150,,US,X,X,
United States of America,AT&T,AT&T Mobility,310170,310,170,,US,X,,
United States of America,AT&T,AT&T Mobility,310280,310,280,,US,X,,
United States of America,AT&T,AT&T Mobility,310380,310,380,,US,X,X,
United States of America,AT&T,AT&T Mobility,310560,310,560,,US,X,,
United States of America,AT&T,AT&T Mobility,310670,310,670,,US,,,
United States of America,AT&T,AT&T Mobility,310680,310,680,,US,X,,
United States of America,AT&T,AT&T Mobility,310950,310,950,,US,X,,
United States of America,AT&T,AT&T Mobility,311070,311,070,,US,X,,
United States of America,AT&T,AT&T Mobility,311090,311,090,,US,X,,
United States of America,AT&T,AT&T Mobility,311180,311,180,,US,X,X,
United States of America,AT&T,AT&T Mobility,311190,311,190,,US,,,
United States of America,AT&T,AT&T Mobility,312090,312,090,,US,,,
United States of America,AT&T,AT&T Mobility,312680,312,680,,US,,,
United States of America,AT&T,AT&T Mobility,313210,313,210,,US,,,
United States of America,Aeris,"Aeris Communications, Inc.",310850,310,850,,US,,,
United States of America,Airpeak,Airpeak,310034,310,034,,US,,,
United States of America,Alltel,Public Service Cellular Inc.,310500,310,500,,US,,,
United States of America,Appalachian Wireless,"East Kentucky Network, LLC",310750,310,750,,US,,,
United States of America,Appalachian Wireless,"East Kentucky Network, LLC",312120,312,120,,US,,,X
United States of America,Appalachian Wireless,"East Kentucky Network, LLC",312130,312,130,,US,,,X
United States of America,Appalachian Wireless,"East Kentucky Network, LLC",312910,312,910,,US,,,
United States of America,BBCP,Bristol Bay Telephone Cooperative,312810,312,810,,US,,,X
United States of America,BLAZE,PinPoint Communications Inc.,310790,310,790,,US,X,X,X
United States of America,BLAZE,PinPoint Communications Inc.,311290,311,290,,US,X,X,X
United States of America,BendBroadband,Bend Cable Communications LLC,311570,311,570,,US,,X,X
United States of America,Big River Broadband,"Big River Broadband, LLC",311970,311,970,,US,,,X
United States of America,Big Sky Mobile,"iSmart Mobile, LLC",310300,310,300,,US,X,,
United States of America,Bigfoot Cellular,Cross Valiant Cellular Partnership,310700,310,700,,US,X,,
United States of America,Blue Wireless,"Buffalo-Lake Erie Wireless Systems Co., LLC",312570,312,570,,US,,,X
United States of America,Boost Mobile,Sprint Corporation,311870,311,870,,US,,,
United States of America,Bravado Wireless,Cross Telephone Company,311140,311,140,,US,,,
United States of America,Bravado Wireless,Cross Wireless,312030,312,030,,US,,,X
United States of America,Bravado Wireless,Cross Wireless LLC,313010,313,010,,US,,,
United States of America,Breakaway Wireless,"Manti Tele Communications Company, Inc.",313050,313,050,,US,,,
United States of America,Bug Tussel Wireless,Bug Tussel Wireless LLC,311330,311,330,,US,X,,X
United States of America,C Spire Wireless,Cellular South Inc.,311230,311,230,,US,,,X
United States of America,C Spire Wireless,Cellular South Inc.,311630,311,630,,US,,,
United States of America,CBRS,Citizens Broadband Radio Service,315010,315,010,,US,,,X
United States of America,CTC Wireless,Cambridge Telephone Company Inc.,313020,313,020,,US,,,
United States of America,Carolina West Wireless,Carolina West Wireless,310130,310,130,,US,,,
United States of America,Carolina West Wireless,Carolina West Wireless,312470,312,470,,US,,,X
United States of America,Cellcom,NewCell Inc.,310600,310,600,,US,,,
United States of America,Cellcom,Nsight,310510,310,510,,US,,,
United States of America,Cellcom,Nsight,311840,311,840,,US,,,X
United States of America,Cellcom,Nsight,311850,311,850,,US,,,X
United States of America,Cellcom,Nsighttel Wireless LLC,310620,310,620,,US,,,
United States of America,Cellular One,"Smith Bagley, Inc.",310320,310,320,,US,X,X,
United States of America,Cellular One,"TX-10, LLC and Central Louisiana Cellular, LLC (MTPCS)",310570,310,570,,US,X,,X
United States of America,Cellular One of East Texas,"TX-11 Acquisition, LLC",310390,310,390,,US,X,,X
United States of America,Chariton Valley,Chariton Valley Communications,311010,311,010,,US,,,
United States of America,Chariton Valley,"Chariton Valley Communications Corporation, Inc",312010,312,010,,US,,,
United States of America,Chariton Valley,"Chariton Valley Communications Corporation, Inc.",312220,312,220,,US,,,X
United States of America,Chariton Valley,Missouri RSA 5 Partnership,311020,311,020,,US,X,,
United States of America,Chariton Valley,Missouri RSA 5 Partnership,311920,311,920,,US,,,
United States of America,Chat Mobility,Iowa RSA No. 2 LP,311410,311,410,,US,,,
United States of America,Chat Mobility,Iowa RSA No. 2 LP,312170,312,170,,US,,,X
United States of America,Chat Mobility,RSA 1 LP,311430,311,430,,US,,,
United States of America,Chat Mobility,RSA1 Limited Partnership,312160,312,160,,US,,,X
United States of America,Choice Wireless,Commnet Wireless,311320,311,320,USACD,US,X,X,
United States of America,Choice Wireless,Commnet Wireless,311040,311,040,USACO,US,X,X,
United States of America,Choice Wireless,Commnet Wireless,312370,312,370,,US,,,X
United States of America,Choice Wireless,Commnet Wireless LLC,311550,311,550,,US,X,X,
United States of America,Cincinnati Bell,Cincinnati Bell Wireless,310420,310,420,USACB,US,X,X,
United States of America,ClearTalk,"Flat West Wireless, LLC",312900,312,900,,US,,,X
United States of America,ClearTalk,Flat Wireless LLC,311750,311,750,,US,,,
United States of America,ClearTalk,"Flat Wireless, LLC",312860,312,860,,US,,,X
United States of America,Conecto,NewCore Wireless LLC,310460,310,460,,US,,,
United States of America,DTC Wireless,"Advantage Cellular Systems, Inc.",310880,310,880,,US,,,X
United States of America,Dispatch Direct,D. D. Inc.,310780,310,780,,US,,,
United States of America,Docomo,NTT DoCoMo Pacific,310370,310,370,GUMDP,US,X,X,X
United States of America,ETC,Enhanced Telecommmunications Corp.,311950,311,950,,US,,,X
United States of America,ETEX Wireless,"ETEX Communications, LP",310035,310,035,,US,,,
United States of America,Epic PCS,Elkhart Telephone Co.,310610,310,610,,US,X,,
United States of America,Evolve Broadband,Evolve Cellular Inc.,310990,310,990,,US,,,X
United States of America,FTC Wireless,FTC Communications LLC,312390,312,390,,US,,X,X
United States of America,FirstNet,700 MHz Public Safety Broadband,313100,313,100,,US,,,X
United States of America,FirstNet,700 MHz Public Safety Broadband,313110,313,110,,US,,,X
United States of America,FirstNet,AT&T Mobility,312670,312,670,,US,,,
United States of America,Five Star Wireless,"TX RSA 15B2, LP",310860,310,860,,US,,,
United States of America,GCI,Alaska Communications,310050,310,050,,US,,,
United States of America,GCI,Alaska Communications,310190,310,190,,US,X,,
United States of America,GCI,GCI Communications Corp.,310430,310,430,,US,X,X,
United States of America,GCI Wireless,General Communication Inc.,311370,311,370,USAGC,US,,,X
United States of America,GTA Wireless,"Teleguam Holdings, LLC",310140,310,140,,US,X,X,X
United States of America,IT&E Wireless,PTI Pacifica Inc.,310110,310,110,USAGU,US,X,,X
United States of America,IT&E Wireless,"IT&E Overseas, Inc",310032,310,032,,US,X,,X
United States of America,Indigo Wireless,Americell PA 3 Partnership,311030,311,030,USAIN,US,X,X,
United States of America,Jasper,Jasper Technologies,310650,310,650,,US,,,
United States of America,Limitless Mobile,"Limitless Mobile, LLC",310690,310,690,USACW,US,X,,X
United States of America,Limitless Mobile,"Limitless Mobile, LLC",310340,310,340,,US,X,,
United States of America,Limitless Mobile,"Limitless Mobile, LLC",311600,311,600,,US,,,
United States of America,Locus Telecommunications,"KDDI America, Inc.",312740,312,740,,US,,,
United States of America,Lycamobile,Lycamobile USA Inc.,311960,311,960,,US,,,
United States of America,MTA,"Matanuska Telephone Association, Inc.",310040,310,040,,US,,,
United States of America,MTA,"Matanuska Telephone Association, Inc.",312340,312,340,,US,,,X
United States of America,Metro,Metro by T-Mobile,311660,311,660,,US,,,
United States of America,Mid-Rivers Wireless,Cable & Communications Corporation,310900,310,900,,US,,,
United States of America,Mid-Rivers Wireless,Mid-Rivers Telephone Cooperative,312400,312,400,,US,,,X
United States of America,MobileNation,SI Wireless LLC,311910,311,910,,US,,,X
United States of America,NMU,Northern Michigan University,312590,312,590,,US,,,X
United States of America,NMobile,Leaco Rural Telephone Company Inc.,311310,311,310,,US,,,
United States of America,NNTC Wireless,Nucla-Naturita Telephone Company,313040,313,040,,US,,,
United States of America,Nemont,"Nemont Communications, Inc.",312330,312,330,,US,,,X
United States of America,Nemont,"Sagebrush Cellular, Inc.",311350,311,350,,US,,,
United States of America,Nemont,"Sagebrush Cellular, Inc.",312480,312,480,,US,,,
United States of America,Nemont,"Sagebrush Cellular, Inc.",312600,312,600,,US,,,
United States of America,Nemont,"Sagebrush Cellular, Inc.",312640,312,640,,US,,,
United States of America,NewCore,Central LTE Holdings,312260,312,260,,US,,,X
United States of America,NewCore,NewCore Wireless LLC,311530,311,530,,US,,,X
United States of America,Nextel,Nextel Communications,316010,316,010,,US,,,
United States of America,NorthwestCell,Northwest Missouri Cellular LP,311420,311,420,,US,,,
United States of America,NorthwestCell,Northwest Missouri Cellular LP,312150,312,150,,US,,,X
United States of America,OTZ Cellular,"OTZ Communications, Inc.",311560,311,560,,US,X,,
United States of America,PACE,Kaplan Telephone Company,310870,310,870,,US,X,,
United States of America,PTCI,Panhandle Telecommunication Systems Inc.,311450,311,450,,US,X,,X
United States of America,Peak Internet,"Fundamental Holdings, Corp.",313240,313,240,,US,,,
United States of America,Peoples Telephone,Texas RSA 7B3,310980,310,980,,US,,,X
United States of America,Phoenix,Hilliary Communications,310540,310,540,,US,X,,
United States of America,Pine Belt Wireless,Pine Belt Cellular Inc.,311670,311,670,,US,,,X
United States of America,Pine Cellular,Pine Telephone Company,311080,311,080,,US,X,,X
United States of America,Pioneer Cellular,Cellular Network Partnership,310360,310,360,,US,,,
United States of America,Pioneer Cellular,Cellular Network Partnership,312270,312,270,,US,,,X
United States of America,Pioneer Cellular,Cellular Network Partnership,312280,312,280,,US,,,X
United States of America,Plateau Wireless,New Mexico RSA 4 East LP,310100,310,100,,US,X,X,
United States of America,Premier Broadband,Premier Holdings LLC,312990,312,990,,US,,,
United States of America,ProxTel,North Sight Communications Inc.,310017,310,017,,US,,,
United States of America,Revol Wireless,"Cleveland Unlimited, Inc.",312140,312,140,,US,,,
United States of America,Rock Wireless,Standing Rock Telecommunications,311640,311,640,,US,,,X
United States of America,SRT Communications,North Dakota Network Co.,311610,311,610,,US,,,
United States of America,SRT Communications,North Dakota Network Co.,312230,312,230,,US,,,
United States of America,STRATA,UBET Wireless,310960,310,960,,US,,,
United States of America,STRATA,Uintah Basin Electronic Telecommunications,311860,311,860,,US,,,X
United States of America,STRATA,Uintah Basin Electronic Telecommunications,312290,312,290,,US,,,
United States of America,Snake River PCS,Eagle Telephone System Inc.,313030,313,030,,US,,,
United States of America,Southern LINC,Southern Communications,310015,310,015,,US,,,
United States of America,Southern LINC,Southern Communications Services,312720,312,720,,US,,,X
United States of America,Southern LINC,Southern Communications Services,316011,316,011,,US,,,
United States of America,Sprint,Sprint Corporation,310120,310,120,USASP,US,,,X
United States of America,Sprint,Sprint Corporation,310830,310,830,,US,,,
United States of America,Sprint,Sprint Corporation,311260,311,260,,US,,,
United States of America,Sprint,Sprint Corporation,311490,311,490,,US,,,X
United States of America,Sprint,Sprint Corporation,311880,311,880,,US,,,
United States of America,Sprint,Sprint Corporation,311882,311,882,,US,,,
United States of America,Sprint,Sprint Corporation,311940,311,940,,US,,,
United States of America,Sprint,Sprint Corporation,312190,312,190,,US,,,
United States of America,Sprint,Sprint Corporation,312240,312,240,,US,,,
United States of America,Sprint,Sprint Corporation,312250,312,250,,US,,,
United States of America,Sprint,Sprint Corporation,312530,312,530,,US,,,
United States of America,SyncSouth,South Georgia Regional Information Technology Authority,312080,312,080,,US,,X,
United States of America,T-Mobile,T-Mobile USA,310260,310,260,USAW6,US,X,X,X
United States of America,T-Mobile,,310660,310,660,,US,X,,
United States of America,T-Mobile,T-Mobile US,310160,310,160,,US,X,,
United States of America,TNS,Transaction Network Services,310520,310,520,,US,,,
United States of America,U.S. Cellular,U.S. Cellular,311580,311,580,USAUD,US,,,X
United States of America,U.S. Cellular,U.S. Cellular,310066,310,066,,US,X,,
United States of America,U.S. Cellular,U.S. Cellular,310730,310,730,,US,,,
United States of America,U.S. Cellular,U.S. Cellular,311220,311,220,,US,,,
United States of America,Union Wireless,Union Telephone Company,310020,310,020,USAUN,US,X,X,
United States of America,United Wireless,United Wireless,311650,311,650,,US,,,X
United States of America,Verizon,Verizon Wireless,311480,311,480,USAVZ,US,,,X
United States of America,Verizon,Verizon Wireless,310004,310,004,,US,,,
United States of America,Verizon,Verizon Wireless,310005,310,005,,US,,,
United States of America,Verizon,Verizon Wireless,310006,310,006,,US,,,
United States of America,Verizon,Verizon Wireless,310010,310,010,,US,,,
United States of America,Verizon,Verizon Wireless,310012,310,012,,US,,,X
United States of America,Verizon,Verizon Wireless,310013,310,013,,US,,,
United States of America,Verizon,Verizon Wireless,310350,310,350,,US,,,
United States of America,Verizon,Verizon Wireless,311012,311,012,,US,,,
United States of America,Verizon,Verizon Wireless,311110,311,110,,US,,,
United States of America,Verizon,Verizon Wireless,311270,311,270,,US,,,
United States of America,Verizon,Verizon Wireless,311271,311,271,,US,,,
United States of America,Verizon,Verizon Wireless,311272,311,272,,US,,,
United States of America,Verizon,Verizon Wireless,311273,311,273,,US,,,
United States of America,Verizon,Verizon Wireless,311274,311,274,,US,,,
United States of America,Verizon,Verizon Wireless,311275,311,275,,US,,,
United States of America,Verizon,Verizon Wireless,311276,311,276,,US,,,
United States of America,Verizon,Verizon Wireless,311277,311,277,,US,,,
United States of America,Verizon,Verizon Wireless,311278,311,278,,US,,,
United States of America,Verizon,Verizon Wireless,311279,311,279,,US,,,
United States of America,Verizon,Verizon Wireless,311280,311,280,,US,,,
United States of America,Verizon,Verizon Wireless,311281,311,281,,US,,,
United States of America,Verizon,Verizon Wireless,311282,311,282,,US,,,
United States of America,Verizon,Verizon Wireless,311283,311,283,,US,,,
United States of America,Verizon,Verizon Wireless,311284,311,284,,US,,,
United States of America,Verizon,Verizon Wireless,311285,311,285,,US,,,
United States of America,Verizon,Verizon Wireless,311286,311,286,,US,,,
United States of America,Verizon,Verizon Wireless,311287,311,287,,US,,,
United States of America,Verizon,Verizon Wireless,311288,311,288,,US,,,
United States of America,Verizon,Verizon Wireless,311289,311,289,,US,,,
United States of America,Verizon,Verizon Wireless,311390,311,390,,US,,,
United States of America,Verizon,Verizon Wireless,311481,311,481,,US,,,X
United States of America,Verizon,Verizon Wireless,311482,311,482,,US,,,X
United States of America,Verizon,Verizon Wireless,311483,311,483,,US,,,X
United States of America,Verizon,Verizon Wireless,311484,311,484,,US,,,X
United States of America,Verizon,Verizon Wireless,311485,311,485,,US,,,X
United States of America,Verizon,Verizon Wireless,311486,311,486,,US,,,X
United States of America,Verizon,Verizon Wireless,311487,311,487,,US,,,X
United States of America,Verizon,Verizon Wireless,311488,311,488,,US,,,X
United States of America,Verizon,Verizon Wireless,311489,311,489,,US,,,X
United States of America,Verizon,Verizon Wireless,311590,311,590,,US,,,
United States of America,Verizon,Verizon Wireless,312770,312,770,,US,,,
United States of America,Viaero,Viaero Wireless,310450,310,450,USACI,US,X,X,
United States of America,Viaero,Viaero Wireless,310740,310,740,,US,,,X
United States of America,Virgin Mobile,Sprint,310053,310,053,,US,,,
United States of America,Viya,Vitelcom Cellular Inc.,311470,311,470,,US,X,,X
United States of America,West Central,West Central Wireless,310180,310,180,,US,X,X,
United States of America,West Central Wireless,Mid-Tex Cellular Ltd.,311000,311,000,,US,,,
United States of America,iConnect,Wave Runner LLC,310400,310,400,,US,X,X,X
United States of America,iConnect,Wave Runner LLC,310480,310,480,,US,,,
United States of America,iConnect,Wave Runner LLC,311120,311,120,,US,,,
United States of America,iConnect,Wave Runner LLC,311250,311,250,,US,,,
United States of America,iWireless,Iowa Wireless Services,310770,310,770,,US,X,X,X
United States of America,iWireless,Iowa Wireless Services LLC,310530,310,530,,US,,,
United States of America,miSpot,Agri-Valley Communications,310630,310,630,,US,,,X
United States of America,nTelos,"nTelos Licenses, Inc.",312610,312,610,,US,,,X
United States of America,nTelos,nTelos Wireless,312660,312,660,,US,,,X
United States of America,nep,NEP Cellcorp Inc.,310290,310,290,,US,X,,
United States of America,telna Mobile,"Telecom North America Mobile, Inc.",310840,310,840,,US,,,
United States of America,telna Mobile,"Telecom North America Mobile, Inc.",312300,312,300,,US,,,
Uruguay,Antel,Administración Nacional de Telecomunicaciones,74800,748,00,,UY,,,
Uruguay,Antel,Administración Nacional de Telecomunicaciones,74801,748,01,,UY,X,X,X
Uruguay,Antel,Administración Nacional de Telecomunicaciones,74803,748,03,,UY,,,
Uruguay,Claro,AM Wireless Uruguay S.A.,74810,748,10,URYAM,UY,X,X,X
Uruguay,Movistar,Telefónica Móviles Uruguay,74807,748,07,URYTM,UY,X,X,X
Uzbekistan,Beeline,Unitel LLC,43404,434,04,UZBDU,UZ,X,X,X
Uzbekistan,EVO,OOO «Super iMAX»,43409,434,09,,UZ,,,X
Uzbekistan,Perfectum Mobile,RUBICON WIRELESS COMMUNICATION,43406,434,06,,UZ,,,
Uzbekistan,UMS,Universal Mobile Systems,43407,434,07,,UZ,X,X,X
Uzbekistan,Ucell,Coscom,43405,434,05,UZB05,UZ,X,X,X
Uzbekistan,UzMobile,Uzbektelekom,43403,434,03,,UZ,,,
Uzbekistan,UzMobile,Uzbektelekom,43408,434,08,,UZ,X,X,X
Vanuatu,AIL,ACeS International (AIL),54100,541,00,,VU,X,,
Vanuatu,Digicel,Digicel Vanuatu Ltd,54105,541,05,VUTDP,VU,X,X,X
Vanuatu,SMILE,Telecom Vanuatu Ltd,54101,541,01,,VU,X,,X
Vanuatu,WanTok,WanTok Vanuatu Ltd,54107,541,07,,VU,,,X
Venezuela,Digitel,Corporacion Digitel C.A.,73401,734,01,,VE,X,,
Venezuela,Digitel GSM,Corporacion Digitel C.A.,73402,734,02,,VE,X,X,X
Venezuela,DirecTV,Galaxy Entertainment de Venezuela C.A.,73403,734,03,,VE,,,X
Venezuela,Movilnet,Telecomunicaciones Movilnet,73406,734,06,,VE,X,X,X
Venezuela,movistar,Telefónica Móviles Venezuela,73404,734,04,VENMS,VE,X,X,X
Viet Nam,EVNTelecom,EVN Telecom,45206,452,06,,VN,,,
Viet Nam,Gmobile,GTEL Mobile JSC,45207,452,07,,VN,X,,
Viet Nam,I-Telecom,Indochina Telecom,45208,452,08,,VN,,,
Viet Nam,MobiFone,Vietnam Mobile Telecom Services Company,45201,452,01,VNMMO,VN,X,X,
Viet Nam,S-Fone,S-Telecom,45203,452,03,,VN,,,
Viet Nam,Vietnamobile,Hanoi Telecom,45205,452,05,VNMVM,VN,X,X,
Viet Nam,Viettel Mobile,Viettel Telecom,45204,452,04,VNMVT,VN,X,X,X
Viet Nam,Vinaphone,Vietnam Telecom Services Company,45202,452,02,VNMVI,VN,X,X,X
Wallis and Futuna Islands,Manuia,Service des Postes et Télécommunications des Îles Wallis et Futuna (SPT),54301,543,01,,WF,,X,X
Worldwide,1nce GmbH,Deutsche Telekom AG,90140,901,40,,XX,,,
Worldwide,ACeS,,90110,901,10,,XX,,,
Worldwide,AeroMobile,AeroMobile AS,90114,901,14,NORAM,XX,X,,
Worldwide,BICS,Belgacom ICS SA,90158,901,58,,XX,,,
Worldwide,Cellular @Sea,AT&T Mobility,90118,901,18,BMU01,XX,X,X,
Worldwide,Cisco Jasper,"Cisco Systems, Inc.",90116,901,16,,XX,,,
Worldwide,Com4,Communication for Devices in Sweden AB,90148,901,48,,XX,,,
Worldwide,ETSI,European Telecommunications Standards Institute,90156,901,56,,XX,,,
Worldwide,GSM.AQ,BebbiCell AG,90113,901,13,,XX,X,,
Worldwide,Inmarsat,,90111,901,11,,XX,,,
Worldwide,Iridium,,90103,901,03,,XX,,,
Worldwide,Navitas,JT Group Limited,90117,901,17,,XX,X,,
Worldwide,OnAir,OnAir Switzerland Sarl,90115,901,15,,XX,X,,
Worldwide,OnMarine,Monaco Telecom,90127,901,27,AAMOM,XX,X,,
Worldwide,Orange,Orange S.A.,90131,901,31,,XX,X,,
Worldwide,Sky High,MegaFon,90132,901,32,,XX,X,,
Worldwide,TIM@sea,Telecom Italia Mobile,90126,901,26,ITAGT,XX,X,,
Worldwide,Telenor,Telenor Maritime AS,90112,901,12,NORMC,XX,X,,X
Worldwide,Telenor,,90129,901,29,,XX,,,
Worldwide,Vodafone,GDSP (Vodafone's Global Data Service Platform),90128,901,28,,XX,,,
Worldwide,iNum,Voxbone,90124,901,24,,XX,,,
Yemen,HiTS-UNITEL,Y,42104,421,04,,YE,X,,
Yemen,MTN,Spacetel Yemen,42102,421,02,,YE,X,,
Yemen,SabaFon,,42101,421,01,YEMSA,YE,X,,
Yemen,Yemen Mobile,Yemen Mobile,42103,421,03,,YE,,,
Zambia,Airtel,Bharti Airtel,64501,645,01,ZMBCE,ZM,X,X,X
Zambia,MTN,MTN Group,64502,645,02,,ZM,X,X,X
Zambia,ZAMTEL,Zambia Telecommunications Company Ltd,64503,645,03,ZMBCZ,ZM,X,X,X
Zimbabwe,Econet,Econet Wireless,64804,648,04,ZWEET,ZW,X,X,X
Zimbabwe,Net*One,Net*One Cellular (Pvt) Ltd,64801,648,01,,ZW,X,,X
Zimbabwe,Telecel,Telecel Zimbabwe (PVT) Ltd,64803,648,03,ZWEN3,ZW,X,,
